user_id,name,email,signup_date,is_new_user,user_value_segment,group,converted
1,Allison Hill,donaldgarcia@example.net,2026-07-01,False,high,control,0
2,Javier Johnson,jesseguzman@example.net,2025-02-09,False,medium,treatment,0
3,Kimberly Robinson,lisa02@example.net,2025-07-22,True,low,treatment,0
4,Daniel Gallagher,daviscolin@example.com,2025-12-02,True,high,treatment,0
5,Monica Herrera,smiller@example.net,2025-12-13,False,medium,treatment,1
6,Laura Bush,stanleykendra@example.org,2026-06-04,True,high,control,0
7,Jamie Chavez,francisco53@example.net,2025-03-31,False,low,control,0
8,Maria Lynch,amandasanchez@example.com,2025-06-21,True,low,treatment,0
9,Margaret Hawkins DDS,perezantonio@example.com,2025-07-07,False,medium,control,0
10,Thomas Bradley,jason76@example.net,2025-08-18,False,low,control,1
11,David Hoffman,julie69@example.com,2025-06-08,False,low,control,0
12,Brenda Snyder PhD,hernandezernest@example.net,2025-07-22,True,low,treatment,0
13,James Ferrell,tasha01@example.net,2026-06-25,False,medium,control,0
14,Patricia Peterson,ryan70@example.net,2026-06-19,True,medium,treatment,0
15,Jonathan White,harrellkenneth@example.net,2025-09-23,False,low,control,0
16,James Martin,georgetracy@example.org,2026-07-28,False,low,control,0
17,Sandra Parker,allenashley@example.org,2024-11-18,True,high,control,0
18,Mr. Philip Cannon,donnaarroyo@example.org,2025-03-29,False,medium,treatment,0
19,Jenny Lewis,jenniferross@example.net,2026-01-05,False,low,control,0
20,Joseph Martinez,calebsmith@example.net,2025-03-04,False,low,control,0
21,Benjamin Welch,carlosjohnson@example.com,2024-11-07,True,low,treatment,0
22,Michael Lewis,jenniferkhan@example.net,2025-08-28,True,high,treatment,0
23,Rhonda Lee,hopkinsmichael@example.com,2025-08-24,True,medium,treatment,0
24,Megan Joyce,brownjessica@example.org,2025-03-17,False,medium,control,0
25,Jerry Henderson,steven17@example.net,2024-11-27,False,low,treatment,1
26,Kimberly Smith,housemelinda@example.org,2025-07-11,False,medium,treatment,0
27,Dr. Steven Martin,gallowayjoseph@example.com,2025-04-13,False,high,treatment,0
28,Monica Logan,smoore@example.org,2026-08-26,False,high,control,0
29,Kimberly Adkins,williamsthomas@example.net,2025-01-10,True,low,control,0
30,Angela Lopez,leonardjoe@example.org,2026-08-06,True,low,control,0
31,Lauren Williams,barnesbrandy@example.net,2025-05-06,False,low,control,0
32,Michael Edwards,randy47@example.com,2026-07-28,False,low,control,1
33,Alexandra Howell,jonesjason@example.com,2024-12-22,True,medium,treatment,0
34,Benjamin Sanchez,eric84@example.net,2026-09-06,True,medium,control,0
35,Kendra Contreras,sarah12@example.com,2024-12-10,True,high,control,0
36,Juan Nelson,jenniferharris@example.net,2026-06-02,False,low,treatment,0
37,Danielle Odonnell,davisrodney@example.com,2024-10-19,True,medium,control,0
38,Carlos Whitney,joycearnold@example.com,2025-11-01,False,medium,control,0
39,Tony Vazquez,amydavenport@example.net,2025-10-25,False,low,treatment,1
40,Andrew Diaz,nolanjason@example.org,2026-01-17,False,low,control,0
41,Justin Baxter,sarayoung@example.org,2026-08-31,False,medium,treatment,0
42,Sierra Johnson,kimberly63@example.com,2025-01-11,False,low,control,0
43,Janet Williams,dwalker@example.com,2025-04-28,False,low,treatment,0
44,Crystal Johnson,raymondramirez@example.org,2026-08-24,False,medium,control,0
45,Martin Ross,sheila14@example.org,2025-11-15,False,low,treatment,0
46,Mrs. Linda Reed,samuel81@example.com,2026-07-06,True,medium,treatment,0
47,Andrew Graham,michaeljones@example.net,2026-07-22,False,medium,treatment,0
48,Mary Martinez,william65@example.com,2026-02-08,False,low,treatment,0
49,Cheryl Ortega,lbyrd@example.net,2025-11-07,False,low,treatment,0
50,Roy Torres,russellcarpenter@example.net,2025-05-10,True,low,treatment,0
51,Michael Dixon,donnacampbell@example.net,2025-12-23,True,medium,treatment,0
52,Robert Potter,jeffrey32@example.org,2024-10-20,False,medium,treatment,0
53,Miss Patricia Gibson,jennifercruz@example.com,2025-03-14,False,low,treatment,0
54,Abigail Potter,osbornejeffery@example.net,2025-09-30,False,medium,treatment,0
55,David Charles,danderson@example.net,2025-10-10,True,low,control,0
56,Emily Fischer,usalazar@example.net,2025-07-25,True,low,treatment,0
57,Jill Moore,wcole@example.org,2026-05-23,False,medium,control,0
58,Richard Washington,joshuajones@example.com,2025-03-07,False,high,control,0
59,Steven Miller,jessebenson@example.net,2025-02-20,False,low,treatment,0
60,Gary Owens,clarkrobert@example.net,2026-08-09,False,medium,control,1
61,Spencer Johnston,wsmith@example.com,2026-03-21,False,high,treatment,0
62,Tiffany Barnes,tracynelson@example.com,2024-10-08,False,low,control,1
63,Michael Powell,marycalhoun@example.net,2025-10-12,True,low,control,0
64,Leslie Alvarado,dayderek@example.com,2025-01-27,False,high,treatment,1
65,Garrett Gibson,kathleen64@example.com,2025-03-20,True,medium,treatment,0
66,Alec Ryan,jeffrey10@example.org,2026-08-12,False,low,treatment,0
67,Alex Hernandez,thomaswilson@example.org,2025-08-22,True,low,treatment,0
68,Jacob Obrien,stricklandfrank@example.com,2024-12-05,False,low,control,0
69,Eric Byrd,tsanders@example.org,2024-11-11,False,medium,control,0
70,Lori Garcia,melissa91@example.net,2026-04-12,False,high,treatment,0
71,Jeffrey Wood,alexander67@example.org,2025-07-30,False,low,treatment,0
72,Steven Stevens,ryangross@example.net,2025-04-02,False,low,control,0
73,Kimberly Webb,lpetersen@example.com,2025-05-10,True,low,treatment,0
74,Timothy Ramirez,dsanchez@example.net,2025-12-07,False,medium,control,0
75,Allen Rosales,tonykelly@example.com,2025-05-23,True,low,treatment,1
76,Meredith Hill,blackjames@example.org,2026-02-25,False,low,treatment,0
77,Peter Vaughn DDS,bwest@example.org,2025-04-20,True,low,control,0
78,David Beck,thomas85@example.com,2026-09-15,False,low,control,0
79,Heather Chavez,john13@example.com,2024-12-13,False,medium,treatment,0
80,Pamela Lopez,joannahill@example.net,2026-08-31,True,medium,treatment,0
81,Diane Garcia,kennethward@example.com,2024-09-27,False,medium,treatment,0
82,Denise Mccann,heidi27@example.org,2026-06-16,False,medium,control,0
83,Julie Alexander,tammyking@example.com,2024-12-09,True,medium,treatment,0
84,John Ray,hernandezlisa@example.com,2024-11-18,False,low,treatment,0
85,Justin Butler,kimberlyjames@example.com,2025-04-22,True,medium,treatment,0
86,Jessica Carroll,lynchjody@example.org,2025-12-18,False,low,control,1
87,Brad Allen,moorericky@example.net,2025-11-25,False,low,control,0
88,David Mann,ojones@example.com,2026-04-15,False,low,treatment,0
89,Mary Peck,owilson@example.net,2025-01-03,False,low,control,0
90,Charles Brown,brooke94@example.com,2024-12-16,False,low,treatment,0
91,Melissa Bender,mkim@example.org,2026-06-29,False,low,control,0
92,Lindsey Johnson,suzannehuff@example.net,2025-11-20,False,high,control,0
93,Phillip Underwood,hinesgregory@example.net,2026-01-06,True,medium,control,0
94,Catherine Richards,ecosta@example.com,2025-07-12,False,medium,treatment,0
95,Brian Martin,ssteele@example.net,2026-08-08,False,low,treatment,0
96,Krista Gibson,johnny16@example.net,2026-05-13,True,high,treatment,0
97,Sean Murray,lopezmichael@example.com,2025-12-18,False,medium,treatment,0
98,Christina Dunn,samuel71@example.org,2026-08-29,False,low,control,0
99,Cynthia Moore,tranchristopher@example.org,2025-08-20,False,high,treatment,1
100,Ronnie Jimenez,william46@example.com,2026-09-03,False,medium,treatment,0
101,Juan Reyes,michellehill@example.com,2025-05-23,False,low,control,1
102,Debra Smith,mary97@example.org,2025-08-09,True,high,treatment,0
103,Mr. Phillip Bennett,molly39@example.com,2025-03-06,False,low,control,0
104,Amanda Garner,qhughes@example.net,2026-09-03,True,medium,treatment,0
105,Andrew Shaw MD,sawyerscott@example.net,2026-07-14,True,low,treatment,1
106,Charles Pitts,charlesharrington@example.com,2025-05-22,False,medium,control,0
107,Marie Christian,ofinley@example.net,2026-06-27,False,low,control,0
108,Joshua Williamson II,wendy16@example.org,2026-03-26,False,low,treatment,0
109,Ashlee Jackson,rebecca05@example.org,2025-04-19,False,medium,control,0
110,Charles Schmidt,georgemiller@example.com,2025-12-14,False,medium,treatment,0
111,Thomas Thomas,dlittle@example.com,2026-01-17,False,medium,control,0
112,Julie Roberts,charleslandry@example.net,2025-04-23,True,low,treatment,0
113,Melissa Bryant,james67@example.org,2025-03-09,True,low,treatment,0
114,Laura Haney,andrew64@example.org,2025-11-04,False,low,treatment,0
115,Natasha Williams,swall@example.org,2025-12-04,False,medium,treatment,0
116,Mark Oliver,courtneyberger@example.net,2024-10-15,False,medium,treatment,1
117,Amanda Diaz,christopherphillips@example.net,2025-07-17,False,low,control,0
118,Richard Walter,alyssa42@example.com,2026-07-17,True,medium,control,0
119,Tracy Phillips,linda71@example.org,2026-03-22,True,low,control,0
120,Michael Craig,zcoffey@example.net,2025-06-11,False,low,treatment,0
121,Alexis Herrera,vrichardson@example.net,2025-03-27,False,high,control,0
122,Mark Watson,thomasharvey@example.net,2025-05-14,False,low,control,0
123,Maria Reid,tblankenship@example.net,2025-07-12,True,high,control,1
124,Tracy Torres,pwilson@example.net,2024-12-25,False,high,control,0
125,Michael Paul,umatthews@example.org,2026-06-26,False,high,treatment,0
126,Sandra Gilbert,antonio53@example.com,2025-08-08,True,low,treatment,0
127,Jack Pollard,amy50@example.com,2025-04-06,False,low,treatment,0
128,Tiffany Holloway,batesdarlene@example.net,2026-08-27,True,medium,control,0
129,Gavin Zhang,caseyhubbard@example.org,2025-11-19,False,medium,treatment,0
130,Crystal Schroeder,ramireztracey@example.org,2025-10-16,False,low,treatment,0
131,Ashley Delacruz,alexistyler@example.org,2025-11-21,False,high,control,0
132,Derek Martinez,vfox@example.org,2025-08-31,True,medium,control,0
133,Kayla Rodriguez,soniawilliams@example.net,2025-10-03,False,medium,treatment,0
134,Victor Brown,bboone@example.net,2024-12-04,False,medium,treatment,0
135,Jill Lam,charlene12@example.com,2025-12-17,False,low,control,0
136,Michelle James,shawn96@example.org,2026-04-19,False,medium,control,0
137,Matthew Rich,russellbeasley@example.com,2025-05-22,False,high,treatment,0
138,Jason Davis,qedwards@example.com,2026-08-15,False,medium,control,0
139,Kara Davis,daviscolin@example.net,2025-06-16,False,medium,treatment,0
140,Anthony Frye,elizabeth65@example.net,2026-08-05,False,medium,treatment,0
141,Thomas Williams,caroline51@example.net,2025-09-22,False,low,control,0
142,John Boone,megan51@example.com,2025-11-10,False,low,treatment,0
143,Sarah Villegas,lynchdiane@example.net,2025-03-31,False,low,control,0
144,Michael Parker,michael22@example.net,2026-01-10,False,medium,treatment,0
145,Patrick Bonilla,reesejason@example.com,2025-08-14,True,medium,treatment,0
146,Eric Nguyen,wareeric@example.net,2024-10-23,True,low,control,0
147,Jeremy Coleman,nperry@example.net,2024-12-09,False,low,control,0
148,Douglas Gregory,trose@example.org,2025-02-25,True,medium,treatment,0
149,Mrs. Christine Dougherty,kathrynroberts@example.org,2024-09-22,False,low,treatment,0
150,Casey James,vincentwhitaker@example.com,2024-11-08,False,low,treatment,0
151,Amanda Smith,atkinsbarbara@example.net,2025-07-09,True,medium,treatment,0
152,Donna Sullivan,george97@example.net,2026-07-21,False,medium,treatment,0
153,Ryan Sanchez,zwarren@example.com,2026-03-16,False,high,control,0
154,Richard Jones,schmidtjames@example.com,2025-05-31,False,low,treatment,0
155,Maria Hernandez,thomasjames@example.net,2025-01-06,False,low,control,0
156,Angela Bean,kmarshall@example.net,2025-08-11,False,low,control,0
157,Kristy Reid,michelle52@example.com,2024-11-05,True,high,treatment,0
158,Eric Hill,bellcharles@example.com,2025-08-13,False,medium,treatment,0
159,Ronald Jones,gilbertwilliam@example.com,2025-11-15,False,low,control,0
160,Nancy Williams,marcalvarez@example.org,2026-08-18,True,low,control,0
161,Robert Monroe,wagnergerald@example.org,2026-02-16,False,medium,treatment,0
162,Kelly Bishop MD,paul59@example.org,2026-04-16,False,low,control,0
163,Andrea Davis,umitchell@example.net,2026-08-22,False,medium,treatment,0
164,Brittany Miller,sabrinacollins@example.net,2026-02-09,False,medium,treatment,0
165,Kurt Hurley,angelica52@example.net,2026-02-12,False,low,treatment,0
166,Yolanda Gaines,lucasrodney@example.com,2024-09-30,False,medium,control,0
167,Trevor Peterson,ilee@example.org,2024-11-12,True,low,treatment,0
168,Ashley Wise,stanleynancy@example.net,2024-12-21,True,low,control,0
169,Christopher Guerra,jenniferwilliams@example.com,2026-01-24,False,medium,treatment,1
170,Jeremy Mitchell,pyoung@example.com,2026-08-23,False,low,treatment,0
171,Stephanie Lee,smurray@example.com,2025-09-19,False,low,treatment,0
172,Christopher Gonzalez,moniquewilliams@example.com,2026-06-17,True,low,control,0
173,Ashley Singleton,mitchellkathryn@example.com,2025-08-11,False,medium,treatment,0
174,Sandra Davis,lisawilkerson@example.org,2025-07-17,False,low,treatment,0
175,James Hughes,brooksanthony@example.org,2026-05-23,False,medium,control,0
176,Raven Taylor,samantha72@example.net,2025-08-25,False,high,treatment,0
177,Susan Smith,marydunn@example.net,2025-12-06,False,low,control,0
178,Ricardo Young,williamsrobert@example.net,2025-08-17,True,medium,control,1
179,Taylor Carlson,chenbailey@example.net,2024-12-30,True,medium,control,0
180,Lucas Allen,qlopez@example.org,2025-10-04,False,medium,control,0
181,Troy Stephens,myerstheodore@example.net,2025-06-26,False,medium,control,0
182,Paul Kelly,cooperjessica@example.net,2024-12-01,False,medium,treatment,0
183,Nicole Anderson,amy27@example.net,2025-09-01,False,low,control,0
184,Chad Baldwin,mjohnson@example.org,2026-04-18,False,high,treatment,0
185,Emily Collins,ihays@example.com,2025-03-21,True,low,treatment,1
186,Cheryl Kelly,glennmartin@example.org,2026-04-24,True,low,control,0
187,James Gonzales,lmorgan@example.com,2026-02-04,True,medium,treatment,0
188,Robert Adams,acostachristian@example.net,2026-09-14,True,low,treatment,0
189,Edward Garcia,donna47@example.net,2026-02-23,False,low,control,0
190,Jeremy West,christina64@example.net,2026-09-03,False,low,treatment,0
191,Angela Walsh,william20@example.org,2026-05-30,True,medium,treatment,0
192,Jessica Martinez,kimberlydiaz@example.com,2026-08-12,False,high,control,0
193,Christian Cole,nathan19@example.org,2025-10-09,False,medium,control,0
194,Matthew Wright,johnsonjacob@example.net,2025-06-26,True,low,control,1
195,Deborah Green,nlewis@example.com,2026-02-06,False,medium,treatment,0
196,Mrs. Brandy Jones MD,zosborn@example.net,2026-08-25,False,low,treatment,0
197,Miss Michelle Pierce,patricia22@example.com,2025-09-23,False,medium,treatment,0
198,Curtis Taylor,jjohnson@example.net,2025-06-13,False,high,treatment,0
199,Kristen Salazar,jonesraymond@example.net,2026-02-24,False,low,treatment,0
200,Patricia Morrow,martinezlogan@example.org,2025-08-11,False,medium,treatment,0
201,Haley Humphrey,katrinaanderson@example.net,2026-07-14,True,high,control,0
202,Caleb Hernandez,fernandodonovan@example.org,2025-05-27,False,medium,treatment,0
203,Stephanie Singleton,james84@example.org,2025-12-17,False,high,treatment,0
204,Anna Davidson,georgeweber@example.net,2025-05-21,False,low,treatment,0
205,Amanda Shields,williamsdarlene@example.net,2025-03-29,False,low,treatment,0
206,Kenneth Montgomery,jimenezcourtney@example.com,2025-12-30,False,high,treatment,0
207,David Aguirre,eevans@example.net,2024-10-30,False,medium,treatment,0
208,John Harris,larryhiggins@example.net,2026-09-09,False,low,control,0
209,James Hodges,floressteven@example.com,2025-08-11,True,low,control,0
210,Anthony Dougherty,kwright@example.com,2026-07-31,False,medium,treatment,0
211,Cheryl Moore,tjimenez@example.com,2024-10-03,False,medium,treatment,0
212,Kathy Levy,brandywilliams@example.com,2025-09-13,True,low,treatment,0
213,Martha Ruiz,booneryan@example.com,2026-03-02,True,medium,treatment,0
214,Holly Morales,michaelroberts@example.com,2025-09-20,False,high,control,0
215,Diana Hays,andersoncolin@example.com,2026-04-21,False,low,control,0
216,Todd Fischer,carriemorales@example.org,2024-10-20,True,medium,treatment,0
217,Gary Wells,ghernandez@example.org,2025-05-14,False,low,treatment,0
218,Carla Ewing,brittney88@example.net,2025-09-10,True,medium,control,0
219,Karen Smith,emily69@example.com,2026-04-22,True,medium,treatment,0
220,Melissa Johnson,pbaker@example.net,2025-11-13,False,low,control,0
221,Lauren Jackson,rhernandez@example.org,2024-10-10,True,high,treatment,0
222,Ashley Smith,robert63@example.com,2025-09-18,False,low,treatment,1
223,Kaitlyn Charles,thorntonapril@example.net,2025-05-12,False,high,control,1
224,Kelly Edwards,stevepatel@example.net,2025-06-02,False,medium,control,0
225,Michelle Schneider,chelsea33@example.com,2025-10-29,False,low,treatment,0
226,William Evans,janet75@example.com,2025-05-29,False,medium,control,0
227,Rebecca Hill,berryamy@example.com,2026-05-08,False,high,treatment,1
228,Regina Roberts,stephanie15@example.com,2026-01-09,True,low,treatment,0
229,Cindy Clayton,sarah42@example.org,2025-12-11,True,low,treatment,0
230,Dana Santiago,danawilliams@example.com,2025-05-16,True,low,treatment,0
231,Michael Taylor,richarddonovan@example.com,2025-09-01,True,medium,control,0
232,Victor Morris,velezchristopher@example.net,2025-03-05,False,medium,control,0
233,Sarah Johnson,robertmonroe@example.org,2026-09-15,False,low,control,1
234,Jon Zuniga,nancy04@example.net,2025-12-01,True,high,control,0
235,Frances Gibson,ismall@example.net,2025-08-25,True,high,control,0
236,Brian Martin,twong@example.org,2024-09-27,True,high,control,0
237,Edward Craig,gregorychase@example.com,2026-05-14,True,high,treatment,1
238,Angie Caldwell,tinawoods@example.org,2024-09-21,False,high,control,1
239,Jeremy Adams,kevin90@example.com,2026-01-07,True,medium,control,0
240,Amy Wilson,erik84@example.net,2024-12-11,False,medium,control,0
241,Elizabeth Mendez,susanmendoza@example.com,2026-03-17,False,medium,control,0
242,Jennifer Dunn,ztodd@example.net,2026-05-13,False,medium,control,1
243,Melanie Larson,foxallison@example.com,2024-11-13,False,high,treatment,0
244,Amy Kelley,ashleyhernandez@example.com,2026-06-03,True,low,treatment,0
245,Michael Love,gdavis@example.com,2026-05-01,False,high,treatment,0
246,Jose Bryant,hansenemily@example.com,2026-02-27,False,medium,control,0
247,Robert Reese,williamsmelvin@example.org,2025-10-17,True,low,treatment,0
248,Steven Andersen,ajohnson@example.org,2026-04-02,False,low,treatment,0
249,Veronica Brewer,ybrooks@example.com,2026-06-14,False,low,treatment,0
250,Jaime Vega,desireebailey@example.org,2026-09-12,False,high,treatment,0
251,Cameron Irwin,avilatiffany@example.com,2026-01-22,False,medium,control,0
252,Kim Morrow,stevenmoore@example.org,2026-08-03,False,medium,control,1
253,Ashley Pacheco,bmendez@example.org,2025-02-14,False,low,treatment,0
254,Andrew Harper,sanchezbradley@example.com,2025-03-07,False,medium,control,0
255,Scott Brown,jim95@example.net,2025-11-28,False,medium,control,1
256,Erica Turner,valerieboyd@example.com,2025-04-24,False,low,treatment,0
257,Travis Hobbs,conniesimmons@example.com,2024-10-21,False,high,control,0
258,Mason James,heather62@example.com,2025-06-19,True,low,treatment,0
259,Kara Atkinson,meredith27@example.org,2025-11-02,False,medium,control,0
260,Kristin Anderson,jonathanrivera@example.org,2026-07-23,False,low,control,0
261,Anna Hardy,brettbennett@example.net,2025-12-01,False,low,control,0
262,Chelsea Gill,timothybooth@example.com,2025-04-26,False,medium,treatment,0
263,Christy Lee,burgesskaren@example.org,2026-02-07,False,low,treatment,0
264,Jennifer Allen,kimberly67@example.net,2026-01-04,False,low,treatment,0
265,Ian Andrade,ugarcia@example.com,2026-03-27,True,high,treatment,0
266,Dale Edwards,hartjeffrey@example.org,2024-09-28,False,high,treatment,0
267,Lauren Cortez,elijah53@example.com,2025-11-07,False,medium,treatment,1
268,Juan Harding,jonathan77@example.com,2025-01-17,False,high,control,0
269,Caroline Cortez,iwhite@example.net,2026-08-17,False,low,control,0
270,Sara Jones,duranrobert@example.net,2025-03-05,False,low,treatment,0
271,Alexa Wagner,bruce97@example.net,2025-09-08,False,medium,control,0
272,Juan Smith,amanda40@example.net,2026-05-04,True,medium,treatment,0
273,Renee Browning,hullalice@example.org,2025-02-04,False,low,treatment,0
274,Robin Adams,zmiller@example.com,2025-11-04,True,medium,control,1
275,Courtney Sutton DVM,davisnicholas@example.net,2025-08-30,False,medium,treatment,0
276,Michele Miller,vnewman@example.net,2026-09-01,False,high,control,0
277,Stephanie Ellison,jasonparrish@example.net,2025-08-30,False,medium,treatment,0
278,Benjamin Frost,whitemelissa@example.org,2026-08-20,False,low,treatment,0
279,Nicole Marquez,thickman@example.org,2025-11-03,True,low,control,0
280,Sarah Rhodes,patrick21@example.net,2026-03-15,False,medium,treatment,0
281,Brent Hall,petersonkayla@example.net,2025-07-03,False,low,control,0
282,Alyssa Nelson,whenry@example.net,2026-08-05,True,low,treatment,0
283,Michael Guerrero,bartonkenneth@example.org,2026-02-20,False,medium,treatment,1
284,Christian Dawson,jodistewart@example.org,2024-11-22,False,low,treatment,0
285,Jill Juarez,andersonjacob@example.com,2025-10-29,False,low,treatment,0
286,Ashley Davis,carlsonkristen@example.com,2024-09-26,False,medium,treatment,0
287,Richard Hardy,ashleyjackson@example.com,2025-01-18,False,medium,treatment,1
288,Derrick Thomas,ryanfisher@example.com,2026-04-12,False,high,treatment,1
289,Tony Le,mwheeler@example.com,2024-12-04,True,high,control,1
290,Travis Cook,vbrock@example.com,2025-05-19,False,low,control,0
291,Shannon Mccann,kevinmorrison@example.net,2025-02-10,False,high,treatment,0
292,Vincent Novak,jessica79@example.org,2025-05-13,False,low,control,0
293,Richard Diaz,brittanygardner@example.net,2026-04-01,False,low,control,0
294,Nicholas Hahn,samuelcarter@example.net,2024-11-06,True,low,control,0
295,Rebecca Chambers,cynthiaallen@example.net,2025-01-07,True,low,control,1
296,James Cole,iaguilar@example.net,2026-07-24,True,medium,treatment,0
297,Jennifer Johnson,jacqueline89@example.net,2026-07-17,True,low,treatment,0
298,David Ortega,deborahwilliams@example.net,2026-01-25,False,low,control,1
299,Paul Sheppard,grodriguez@example.com,2025-02-26,False,low,treatment,0
300,Kristin Watts,seanmyers@example.net,2025-11-21,True,low,treatment,0
301,Haley Johnson,phillipssamantha@example.org,2024-12-10,True,low,treatment,0
302,Brenda Collins,hmueller@example.com,2025-05-29,True,low,control,0
303,Nathan Chavez,evanslisa@example.org,2024-10-03,True,low,control,0
304,Brian Marsh,zacharyarnold@example.com,2025-10-31,True,low,treatment,0
305,Crystal Sullivan,jacobsandoval@example.com,2024-10-08,False,medium,treatment,0
306,Christina Vargas,nsmith@example.org,2025-04-08,True,medium,control,0
307,Rebecca Ray,michaelgonzalez@example.org,2025-03-27,False,low,treatment,0
308,Kelsey Fowler,lcarr@example.org,2025-05-29,False,high,control,0
309,Lisa Cervantes,samantha91@example.net,2024-12-23,True,low,treatment,0
310,Eric White,williambarnes@example.org,2025-11-11,False,medium,control,0
311,John Medina,angelaburns@example.org,2025-01-31,True,low,treatment,0
312,Lisa Glenn,washingtonjames@example.com,2026-08-22,False,low,control,0
313,Kathleen Cohen,cmckinney@example.com,2025-01-17,False,low,treatment,0
314,Rebecca Walker,hillamanda@example.org,2026-04-10,False,medium,treatment,0
315,Patricia Simpson,armstrongjoseph@example.net,2026-05-11,True,low,control,0
316,Rodney Williams,bpayne@example.org,2026-03-09,False,high,treatment,0
317,Danielle Golden,colemichael@example.org,2025-08-03,False,medium,control,0
318,Patricia Young PhD,michelle96@example.org,2025-12-11,True,low,control,0
319,Robin Trujillo,amanda98@example.org,2025-05-11,False,low,control,0
320,Donna Adams,taylorkaren@example.com,2026-07-20,True,low,control,0
321,Sharon Martinez DVM,dustinmorris@example.org,2026-03-27,True,low,control,0
322,Katherine Ray,courtney67@example.org,2025-12-24,True,low,treatment,0
323,Anna Robertson,heather57@example.com,2025-05-14,True,high,treatment,0
324,Raymond Oconnor,sreid@example.com,2026-05-31,False,medium,control,0
325,Jennifer Donaldson,troymorris@example.com,2025-05-21,False,low,control,0
326,Kylie Washington,patricia00@example.org,2025-12-18,True,medium,control,0
327,Alexis Noble,scottsmith@example.com,2025-02-11,False,medium,treatment,0
328,Bonnie Santos,nancymcdowell@example.org,2026-01-08,False,low,control,0
329,Jacob Mckee,brettgarrett@example.net,2026-02-10,True,low,control,0
330,Matthew Padilla,lewischristian@example.net,2025-03-01,False,medium,treatment,0
331,Alexandra Dominguez,mcneilrobert@example.org,2025-09-01,False,high,control,0
332,Brandon Shaffer,edwardsnicole@example.org,2025-06-23,False,low,treatment,0
333,Shelly May,caseyelliott@example.net,2026-01-05,True,low,treatment,0
334,Nathan Fuller,samanthajensen@example.com,2026-06-07,True,low,control,0
335,Brian Goodwin,bbell@example.com,2026-04-18,True,low,control,0
336,Matthew Wright,kimberly04@example.org,2025-09-30,True,high,control,0
337,Nicole Phillips,bowerslaura@example.org,2025-09-13,True,medium,control,0
338,Jonathan Wheeler,hatfieldsarah@example.org,2025-06-26,False,high,control,1
339,Jennifer Payne,kathrynbest@example.org,2024-09-29,True,low,control,1
340,Dennis Williams,fryraymond@example.com,2025-12-20,False,high,control,0
341,Jennifer Miles,davidsonamanda@example.org,2025-04-07,False,low,treatment,0
342,Jorge Harris,amandamyers@example.net,2026-03-28,True,medium,control,0
343,Maria Collins,pblair@example.org,2025-03-14,False,medium,control,0
344,Audrey Salazar,parkerjudith@example.net,2025-01-23,False,low,treatment,0
345,Chad Smith,hbenton@example.net,2026-04-12,False,low,treatment,0
346,Carol Martinez,jessica10@example.com,2026-04-29,False,low,treatment,0
347,Austin Joseph,crawfordwilliam@example.org,2025-09-17,False,low,treatment,0
348,Holly Scott,shannonemily@example.org,2025-03-02,True,medium,treatment,0
349,Amanda Roy,brandoncox@example.org,2025-01-25,True,medium,treatment,1
350,Amanda Pratt,pwalker@example.com,2026-07-18,True,low,treatment,0
351,Roger Duncan,shawrachel@example.org,2025-02-27,False,low,treatment,0
352,Amber Morales,xcline@example.com,2025-05-14,False,low,treatment,0
353,Aimee Gonzalez,jodi37@example.com,2025-11-23,True,high,control,0
354,Raymond Gonzalez DVM,edwardrandolph@example.org,2025-03-06,False,medium,treatment,0
355,Ryan Wiley,aaron64@example.org,2025-02-13,True,medium,treatment,1
356,Mrs. Tonya Kaufman,jenniferdavis@example.org,2026-07-04,False,medium,control,0
357,Mercedes Watson,carpenterwilliam@example.net,2026-05-09,False,low,treatment,0
358,Keith Graham,joelgreen@example.com,2026-07-25,False,high,treatment,0
359,Ronnie Nguyen,enelson@example.org,2024-12-25,False,high,control,0
360,Ashley Garcia,aowens@example.org,2025-10-13,True,medium,control,0
361,Christine Parker,melissa12@example.net,2025-04-27,False,low,treatment,1
362,Lindsey Lewis,eddie35@example.com,2025-09-27,True,medium,treatment,1
363,Debbie Ewing,cranemelissa@example.net,2026-03-17,False,medium,treatment,0
364,Joel Lara,davidbrown@example.org,2024-12-21,True,medium,treatment,0
365,Jacqueline Mccoy,aguilarjonathan@example.org,2024-10-02,True,low,control,0
366,Steven Ramos,christopherboone@example.com,2024-12-15,True,medium,treatment,1
367,Amber Glass,zunderwood@example.com,2024-10-08,False,medium,treatment,0
368,Carrie Lewis,joshuagriffin@example.org,2024-10-12,False,high,control,1
369,Danielle Phillips,eandrade@example.org,2024-11-20,False,medium,control,1
370,Jason Day,crystalpham@example.org,2026-09-10,False,low,control,0
371,Heather Stephens,kcooper@example.net,2025-05-10,False,low,treatment,0
372,Alexander Harper,huangkimberly@example.org,2026-05-01,False,medium,treatment,0
373,Hunter Silva,terrigarcia@example.net,2025-03-12,True,high,treatment,0
374,Raven Mclaughlin,barbaramcgrath@example.com,2025-06-03,False,medium,control,0
375,Sarah Thompson,linda59@example.org,2026-02-13,False,medium,treatment,0
376,Keith Thomas,marycochran@example.com,2025-10-18,True,high,treatment,1
377,Andrew Brown,andrewwoods@example.com,2026-07-19,False,low,control,0
378,Carlos Love,brian29@example.net,2026-07-19,True,medium,treatment,0
379,Sarah Valencia,brookssheri@example.com,2025-11-19,False,medium,control,0
380,Frank Daugherty,fconner@example.net,2025-05-06,False,medium,control,0
381,Kristina Preston,jeffrey92@example.com,2025-04-29,True,low,control,0
382,Bethany Daniel,xrosales@example.net,2024-10-10,True,medium,treatment,0
383,Tammy Ponce,daniellegarcia@example.com,2024-12-28,True,medium,control,0
384,Cynthia Haas,daisymccarty@example.net,2026-01-19,False,high,control,0
385,Gabriela Smith,johnjones@example.com,2026-04-15,False,medium,treatment,0
386,Amber Kim,acosta@example.com,2026-06-23,True,medium,treatment,0
387,James Poole,franciscojones@example.org,2025-04-20,True,low,treatment,0
388,Trevor Jones,pamelamartin@example.org,2025-10-21,False,low,treatment,0
389,Anna Wheeler,bbush@example.net,2025-01-15,True,medium,control,0
390,Brooke Garcia,terriortiz@example.net,2026-02-26,False,medium,control,0
391,Deborah Campbell,codylong@example.net,2026-05-23,False,medium,treatment,0
392,Isaac Patterson,madison97@example.org,2024-11-26,True,low,treatment,0
393,Mark Rowland,tanthony@example.com,2025-08-27,True,high,treatment,0
394,Deborah May,ylopez@example.com,2025-01-31,False,low,control,0
395,Jeremiah Baker,anne21@example.org,2026-01-18,False,high,treatment,0
396,Jennifer Avila,angelarandall@example.net,2025-07-20,True,medium,treatment,0
397,Sharon Wells,thomasmiller@example.net,2024-10-12,False,medium,control,0
398,Kellie Duncan,davidtodd@example.org,2026-08-11,True,high,control,0
399,Daniel Lee,hendersonvanessa@example.com,2025-02-11,False,medium,control,0
400,Brittany Larson,renee11@example.com,2025-10-28,False,high,control,0
401,Shannon Stone,buchanancindy@example.net,2026-04-11,False,low,treatment,0
402,Chase Knight,buckleyanna@example.org,2026-04-14,False,medium,treatment,0
403,Sheryl Humphrey,patrick79@example.net,2025-08-28,False,medium,treatment,0
404,Jamie Montgomery,vwilliams@example.net,2025-03-09,False,high,control,0
405,Tammie Prince,morganlaura@example.com,2025-04-09,False,low,control,0
406,Michael Garcia PhD,kevinmanning@example.com,2025-04-01,False,medium,control,0
407,Matthew Lopez,robinrussell@example.com,2026-03-26,True,high,control,0
408,Samantha Robertson,cameronmckinney@example.com,2024-12-25,False,medium,control,0
409,Sherry Johnson,nancygonzalez@example.org,2025-03-18,False,low,control,0
410,Thomas Bush,micheal78@example.com,2025-12-25,True,low,control,0
411,Andre Watson,ethompson@example.net,2025-10-25,False,low,control,0
412,Ryan Green,mitchellpaul@example.org,2026-06-03,False,low,control,1
413,Cindy Walker,ericaadams@example.com,2025-09-27,False,high,treatment,0
414,Tracy Fleming,pbuck@example.org,2025-11-30,False,low,control,0
415,David Trujillo,jennifer46@example.com,2026-06-01,False,low,control,0
416,Daniel Turner,asilva@example.net,2026-09-17,True,low,treatment,0
417,Sara Hoffman,kenneth17@example.org,2025-05-20,True,low,control,0
418,Frederick Hill,jacob83@example.org,2026-04-28,False,low,treatment,0
419,Lindsay Guerrero,jenniferrios@example.com,2025-03-25,False,low,treatment,0
420,James Johnson,matthewreeves@example.net,2025-10-12,False,medium,control,0
421,Susan Powers,megan82@example.com,2024-11-27,True,medium,treatment,0
422,David Stokes,staceylam@example.net,2024-11-21,True,high,control,0
423,Patrick Parker,nathan94@example.com,2026-06-01,True,low,treatment,0
424,Sean Silva,kennedyjames@example.org,2026-06-13,True,high,control,0
425,Edwin Brown,derrickgonzalez@example.com,2026-09-08,False,medium,treatment,0
426,Victoria Thomas,kimberlyfreeman@example.net,2026-09-08,True,medium,treatment,1
427,Anthony Hayes,kathleenjackson@example.org,2025-09-09,True,high,treatment,0
428,Anita Mendez,epowell@example.com,2024-09-20,True,low,treatment,0
429,Monica Dodson,katherine83@example.org,2026-01-24,True,low,control,0
430,Danielle Steele,larry16@example.net,2025-11-21,False,low,treatment,0
431,Rodney Evans,stephen89@example.net,2025-05-21,False,low,treatment,0
432,Whitney Cooper,mhoward@example.org,2026-08-11,False,low,treatment,0
433,Jennifer Perez,jasonjohnson@example.net,2025-01-18,False,medium,control,0
434,Matthew Johnson,kelsey90@example.net,2026-09-14,True,low,treatment,0
435,Martha Smith,butleromar@example.net,2025-03-20,False,high,control,0
436,Christine Jennings,turnerdorothy@example.net,2025-10-02,False,low,control,0
437,Mercedes Barnes,huntchristine@example.com,2024-12-09,False,low,treatment,1
438,Craig Gonzalez,marie35@example.net,2025-07-13,True,low,treatment,1
439,Joshua Lozano,arivera@example.org,2026-01-20,False,medium,control,0
440,Sara Caldwell,stacychan@example.org,2026-02-27,True,low,control,0
441,David Hall,joseph01@example.org,2026-06-17,True,medium,control,0
442,Heather Rhodes,grodgers@example.org,2024-09-24,True,low,control,0
443,Matthew Murphy,rfriedman@example.net,2024-11-23,False,low,control,0
444,Catherine Morales,ynelson@example.net,2026-05-31,False,low,control,0
445,Mariah Robles,andersonjessica@example.org,2024-12-01,True,low,control,0
446,Karen Carroll,ywhite@example.com,2025-12-07,False,high,control,0
447,Sheryl Acosta,timothyfreeman@example.com,2025-08-05,False,low,control,0
448,Matthew Smith,tiffanysantiago@example.com,2025-10-01,False,low,control,0
449,Lisa Reynolds,timothyalvarado@example.net,2025-06-25,True,high,treatment,0
450,Kristin Huerta,smithsarah@example.net,2026-05-30,True,low,control,0
451,Sheila Jones,vflores@example.com,2024-10-23,True,low,control,1
452,Mason Powell,christianwallace@example.net,2025-08-10,True,medium,treatment,0
453,Jillian Wilson,bmcgee@example.org,2025-07-08,False,high,treatment,0
454,Joshua Petersen,pamela83@example.net,2026-01-20,False,low,control,0
455,Heidi Brown,meganrivera@example.net,2025-11-29,True,low,treatment,0
456,Heidi Chavez,malonejeffrey@example.com,2025-06-03,False,low,control,0
457,Rebecca Kelley,jacqueline02@example.com,2024-12-28,False,low,control,0
458,Mikayla Rodriguez,jacobconrad@example.com,2025-02-21,False,low,control,0
459,Cheryl Morgan,owilliams@example.net,2025-11-21,True,high,control,0
460,Joanna Barrett,tamarasmith@example.net,2024-10-22,False,low,treatment,0
461,Sara Webb,heatherthompson@example.org,2024-12-01,False,low,control,0
462,Lisa Morris,mbarnes@example.net,2026-03-28,False,medium,control,0
463,Victor Waller,iballard@example.com,2025-12-01,False,low,treatment,0
464,Kayla Cameron,jennifer83@example.org,2025-02-17,True,medium,control,1
465,Melissa Morse,tinasantos@example.org,2025-09-20,False,low,treatment,0
466,Erica Wilson,anna99@example.net,2026-02-18,True,medium,treatment,0
467,Stephanie Ferguson,hstokes@example.org,2024-10-05,False,medium,control,0
468,Michael Gonzalez,tonyavega@example.org,2026-05-23,True,low,treatment,0
469,Elizabeth Molina,howardshaun@example.net,2026-06-13,True,high,control,0
470,Sharon Newton,yyoung@example.net,2025-04-15,True,medium,control,0
471,Tammy Hughes,tammy00@example.net,2025-03-19,True,medium,control,0
472,Priscilla Berg,rhondabush@example.net,2025-06-12,False,medium,treatment,0
473,Nancy Gonzalez,kellythompson@example.net,2024-11-10,True,low,treatment,0
474,Nancy Wilson,pattersonangela@example.org,2025-01-12,True,high,treatment,0
475,Abigail Owens,billmcfarland@example.net,2024-10-24,False,medium,treatment,0
476,Lisa Stanley,jtyler@example.com,2024-11-09,False,medium,control,0
477,Kelly Krueger,hartmanerik@example.net,2025-10-14,True,high,treatment,0
478,Daniel Lewis,mark43@example.net,2025-10-09,False,low,control,0
479,Samantha Zavala MD,sean99@example.org,2026-08-18,False,low,treatment,0
480,Erica Moon,cruzamber@example.com,2024-10-05,True,medium,control,0
481,Patricia Robertson,stucker@example.net,2025-02-04,True,medium,treatment,0
482,Tiffany Jackson,simsjason@example.net,2026-04-05,True,low,control,0
483,Jessica Garcia,elucas@example.net,2026-01-31,True,low,control,0
484,Mitchell Johnson,brownlaura@example.net,2024-11-07,False,low,treatment,0
485,Susan Russell,bmccoy@example.com,2024-09-29,False,low,control,0
486,Kimberly May,avilabrenda@example.net,2026-05-30,False,high,treatment,0
487,Jonathan Roberts,catherine47@example.com,2025-07-02,False,low,control,0
488,Kara Ferguson,julierobles@example.net,2025-04-20,True,low,control,0
489,Elizabeth Eaton,susan08@example.net,2024-12-29,False,low,control,0
490,Kenneth Long,torreskaitlin@example.net,2025-05-26,False,medium,control,1
491,Matthew Hunt,jackjensen@example.com,2025-02-06,False,medium,treatment,0
492,Robert Phelps,enewman@example.com,2026-01-21,True,low,control,0
493,Craig Carpenter,michael31@example.com,2025-12-13,False,low,treatment,0
494,Emily Hayes,heather29@example.net,2025-06-10,False,low,control,0
495,Jeffrey Smith,kristenjoseph@example.net,2025-08-01,True,medium,control,0
496,Brandy Quinn,wford@example.com,2025-09-07,False,medium,control,0
497,Matthew Miller,michele28@example.org,2025-03-28,True,medium,treatment,0
498,Angela Jones,atkinsoncrystal@example.net,2025-11-14,False,low,treatment,0
499,Christy Johnson,amy87@example.net,2026-04-06,False,low,control,0
500,Daniel Barton,dennis88@example.org,2025-07-04,False,low,treatment,1
501,Mary Charles,katherinetaylor@example.org,2025-01-25,True,medium,control,1
502,Mary Faulkner,ccrosby@example.org,2026-03-27,False,medium,treatment,0
503,Dennis Young,aprilmoody@example.com,2025-08-26,False,medium,control,0
504,Anthony Hooper,dakota84@example.net,2025-03-28,False,medium,control,0
505,Carrie Valdez,briana18@example.com,2025-06-19,True,low,treatment,0
506,Kelli Gomez,tommy79@example.org,2025-09-18,True,high,control,1
507,Christopher Jones,jason22@example.com,2025-12-01,False,low,treatment,0
508,Mary Perry,jennifer77@example.com,2025-02-18,False,high,treatment,0
509,Roy Johnson,andersonbrittany@example.org,2025-12-21,True,medium,treatment,0
510,Kenneth Brown,sandra86@example.net,2026-08-26,False,low,control,1
511,Sherry Luna,stacey37@example.net,2026-09-12,False,low,treatment,1
512,Carolyn Greer,laurahoover@example.org,2025-12-16,False,high,control,0
513,Carol Jennings,ecarlson@example.org,2025-06-20,False,low,treatment,0
514,Alan Mills,mserrano@example.org,2025-01-24,False,medium,control,0
515,Linda Rich,davisdonna@example.net,2025-10-16,False,medium,treatment,1
516,Todd Gregory,xboyd@example.org,2026-02-08,True,medium,control,0
517,Todd Olson,zbell@example.net,2026-07-12,True,low,control,0
518,Laura Coleman,thomas31@example.com,2025-11-28,True,medium,control,0
519,Deanna Smith,lanedavid@example.org,2025-06-18,False,medium,control,1
520,Robert Ortiz,mooredenise@example.com,2025-03-27,True,low,treatment,0
521,Krystal Carr,afischer@example.net,2026-04-12,False,medium,treatment,0
522,Mr. Justin King,becky62@example.net,2024-12-13,False,medium,treatment,0
523,Richard Avery,lewisrichard@example.com,2026-04-25,False,medium,treatment,0
524,Melinda Williams,aoconnell@example.org,2026-05-11,True,low,treatment,0
525,Kyle Davis,jeffrey19@example.org,2026-02-28,False,low,control,1
526,Jennifer Douglas,jennifer90@example.org,2025-12-29,False,medium,treatment,0
527,Dakota Sandoval,james98@example.net,2026-02-09,False,medium,treatment,0
528,Megan Ward,cantrellchristopher@example.com,2026-04-09,False,low,control,0
529,James Willis,mclaughlincasey@example.org,2025-10-23,False,low,treatment,0
530,Kristin Aguilar,sylvia43@example.net,2026-08-21,False,medium,treatment,1
531,Jared Smith,richardrodriguez@example.org,2025-09-19,False,high,control,0
532,Bruce Palmer,nancy94@example.net,2025-08-06,False,low,control,0
533,John Sanchez,susan77@example.net,2026-06-09,False,medium,treatment,0
534,Mr. James Kramer,ericahall@example.com,2025-07-15,True,low,treatment,0
535,Joseph Haynes,john16@example.net,2026-03-18,False,low,control,0
536,Justin White,michael94@example.org,2026-08-10,True,low,treatment,0
537,Susan Porter,jimmyallen@example.com,2025-02-15,True,low,control,0
538,David Montgomery,kimberlywilson@example.org,2026-01-24,False,low,control,0
539,Lisa Duran,charlesnathan@example.com,2025-09-11,False,medium,control,0
540,Dr. Sheila Henry,raymond92@example.org,2025-10-06,True,high,treatment,1
541,Todd Johnson,phillip27@example.org,2026-02-09,False,low,treatment,0
542,Michael Smith,nicolasgarcia@example.com,2025-12-08,False,high,treatment,0
543,Joshua Young,vmullen@example.com,2025-01-29,False,low,control,0
544,Jason Goodwin,melissa47@example.org,2025-11-08,False,low,control,0
545,Melissa Olsen,linda86@example.com,2025-02-07,False,low,control,0
546,Nancy Kennedy,thompsonvictor@example.net,2025-09-29,False,medium,control,0
547,Rachel Evans,rosshannah@example.org,2025-02-21,False,medium,control,0
548,Ryan Davis,jordan58@example.net,2026-07-30,True,low,treatment,0
549,Alejandro Martinez,barbarasantos@example.net,2025-01-22,True,low,control,0
550,Heather Nunez,champton@example.org,2025-06-22,False,low,control,0
551,Mark Thomas,daniellemcfarland@example.com,2025-12-22,True,high,control,1
552,Sarah Jones,matthewedwards@example.net,2025-04-17,False,high,treatment,0
553,Matthew Nelson,xnorman@example.net,2025-11-20,False,low,treatment,0
554,Jennifer White,martinezjimmy@example.com,2026-08-05,False,medium,treatment,0
555,Angela Jackson,davissharon@example.com,2025-10-22,False,low,control,0
556,James Hubbard,garciachristine@example.org,2026-01-08,False,low,control,0
557,Ellen Wright,scott22@example.net,2026-05-22,True,medium,treatment,0
558,Matthew Dalton,michelle78@example.com,2025-10-22,False,medium,treatment,0
559,Travis Ryan,owelch@example.net,2025-07-31,True,high,treatment,0
560,Kimberly Stout,zfernandez@example.org,2025-08-05,True,low,control,1
561,David Torres,millskatherine@example.org,2025-05-26,False,high,control,1
562,Adam Weeks,xevans@example.com,2026-04-23,False,medium,treatment,0
563,Rebecca Kelley,robertcastro@example.com,2025-03-18,False,medium,treatment,0
564,Maria Clayton,josehenderson@example.org,2025-09-29,True,low,control,0
565,Lisa Benson,justin84@example.com,2025-02-01,False,low,control,0
566,Chad Rodriguez,rwilliamson@example.net,2025-12-16,False,low,control,0
567,Alec Williams,lopezcurtis@example.com,2024-12-17,True,low,control,0
568,Adam Davis,snydermatthew@example.com,2026-04-14,False,low,control,0
569,Mr. Michael Johnson Jr.,brianrowe@example.org,2025-10-19,False,low,control,0
570,Steven Wright,hclayton@example.net,2025-03-17,False,medium,control,0
571,Jessica Rojas,gonzalezjill@example.org,2025-10-02,False,low,control,0
572,Mrs. Melanie Collins,eric08@example.net,2024-12-15,False,medium,control,0
573,Mr. Isaac Williams,teresayoung@example.com,2025-05-12,True,high,control,0
574,Donald Wilson,albertwilliams@example.net,2025-08-30,False,medium,control,0
575,Jacqueline Davis,vincentparks@example.com,2026-07-29,False,high,treatment,0
576,Lori Brown DDS,martinezjesse@example.net,2026-04-16,False,medium,treatment,1
577,Renee Gonzales,andrewgray@example.net,2024-12-24,False,medium,treatment,0
578,Karina Kim,amy73@example.net,2025-01-31,False,medium,treatment,0
579,Nicholas Hill,caseymoore@example.com,2026-05-08,True,high,treatment,0
580,Jordan Parsons,bgross@example.net,2026-06-05,False,low,control,0
581,Cynthia Le,rlee@example.com,2026-03-30,False,low,control,1
582,Douglas Ortiz,daniel81@example.org,2026-05-20,False,medium,treatment,0
583,Shane Harris,clee@example.net,2025-12-30,True,medium,treatment,0
584,John Hanson,brandon39@example.net,2024-11-07,False,medium,control,0
585,Christine Henry,mcdonalddanielle@example.com,2025-10-29,True,low,control,0
586,Jennifer Wood,colonjoseph@example.org,2026-03-07,False,high,control,0
587,Angela Lewis,garciajerry@example.com,2025-02-02,False,low,control,0
588,Danielle Garrett,angelagrant@example.net,2024-12-03,False,medium,control,0
589,Heather Ellis,kandrade@example.org,2025-10-24,False,low,control,0
590,Mary Ferguson,umahoney@example.net,2026-09-11,False,medium,control,0
591,Jacob Duran,umckenzie@example.net,2025-03-11,False,low,treatment,0
592,Jaime Pierce,michael77@example.com,2024-09-17,False,high,control,0
593,Duane Smith,victoriaturner@example.com,2026-09-06,True,high,treatment,0
594,Ethan Ingram,samantha88@example.net,2026-07-25,False,low,treatment,0
595,Andrew Kelly,josephpreston@example.org,2025-03-06,False,medium,treatment,0
596,Anna Ross,jessicacummings@example.com,2025-01-21,True,medium,treatment,0
597,Melissa Johnston,larsonkevin@example.net,2026-04-30,False,medium,control,0
598,Richard Weeks,michael66@example.org,2026-06-14,True,high,treatment,0
599,Matthew Guzman,walterscrystal@example.org,2025-04-27,False,high,treatment,0
600,Joshua Hernandez,ericnunez@example.com,2026-08-27,False,low,treatment,1
601,Laura Davis,zroberts@example.org,2024-12-22,False,low,treatment,0
602,Kenneth Williams,zbaker@example.net,2025-07-31,True,low,control,0
603,Pamela Castillo,tonypearson@example.org,2025-11-01,False,medium,control,0
604,Kelly Allen MD,kmorris@example.org,2024-12-08,False,low,treatment,0
605,Jacob Lee,brittney04@example.org,2026-09-08,True,high,control,0
606,Wanda Ramos,scottglass@example.org,2025-02-09,False,low,treatment,0
607,Peter Farrell,singhjohn@example.net,2026-07-26,True,medium,treatment,0
608,Samantha Smith,torresthomas@example.com,2025-02-16,False,low,control,0
609,Christina Mills,ana92@example.net,2026-02-09,True,medium,treatment,0
610,Kevin Alvarado,scottbrian@example.org,2026-04-16,False,low,treatment,0
611,Amy Pena,jonesdonna@example.net,2026-06-01,False,low,treatment,1
612,Sharon Smith,yhall@example.net,2026-08-31,False,high,treatment,0
613,Ethan Delacruz,lopezvincent@example.com,2025-10-31,False,medium,treatment,0
614,Amanda Nielsen,matthew62@example.org,2025-05-28,False,low,treatment,0
615,Mario Young,lisa46@example.org,2026-08-08,False,low,treatment,0
616,Courtney Peterson,fsandoval@example.net,2025-06-23,False,low,treatment,0
617,Lisa Garrett,robertberry@example.com,2026-08-27,True,low,treatment,0
618,Erin Daniels,denisecarpenter@example.net,2026-04-24,False,low,control,0
619,Ellen Thornton,russellstout@example.org,2026-01-09,False,low,treatment,0
620,Brooke Jones,whitemary@example.org,2026-03-02,False,low,treatment,0
621,Sheryl Gutierrez,vturner@example.net,2026-07-31,False,medium,control,0
622,Richard Rodriguez,anthonyodom@example.net,2025-03-31,False,medium,control,0
623,Crystal Hall,howardhailey@example.com,2024-12-24,False,medium,control,0
624,Julie Banks,melissahenry@example.org,2025-01-14,True,low,treatment,0
625,Jason Novak,stephanie33@example.org,2024-11-04,False,medium,control,0
626,Victoria Camacho,dwatts@example.org,2025-07-26,False,low,control,1
627,Lisa Holloway,phillip99@example.net,2025-10-05,True,low,treatment,0
628,Rachel Meyer,cbryant@example.org,2025-10-01,False,low,control,0
629,Nicholas Grant,leescott@example.com,2026-04-05,True,low,treatment,0
630,Christopher Phillips,vaughnrebecca@example.com,2026-05-16,True,medium,control,0
631,Nathan Wilson,phillipmorris@example.org,2025-01-25,True,medium,control,0
632,Michelle Harris,udavis@example.net,2026-01-04,False,low,control,0
633,Carly Quinn,wilsonshannon@example.com,2024-11-18,True,low,treatment,0
634,Monica Hester,nicholasjames@example.org,2026-07-15,False,low,treatment,0
635,Mary Hernandez,haroldjoseph@example.com,2025-04-30,False,low,treatment,0
636,Tonya Roberts,davidanderson@example.org,2024-09-19,False,high,control,0
637,Alexandria Jimenez,astephens@example.net,2026-06-24,False,low,control,0
638,Kevin Alvarez,mramos@example.net,2024-09-21,False,low,control,1
639,Diana Fuller,brandonhernandez@example.net,2025-05-30,True,high,treatment,0
640,Andrew Lane,mark10@example.org,2025-07-18,True,low,control,0
641,Michael Carr,tammycurry@example.com,2026-07-29,False,medium,treatment,0
642,Edwin Richardson,wwilkins@example.com,2026-05-26,False,low,treatment,0
643,John Martinez,mark68@example.org,2026-02-07,False,medium,treatment,0
644,Ashley Blair,webbhaley@example.net,2025-04-14,True,low,treatment,1
645,Emily Fox,sara99@example.com,2025-10-01,True,low,treatment,0
646,Katherine White,jeanettekrause@example.org,2024-12-12,False,low,treatment,0
647,Robert Mclaughlin,laurenduarte@example.com,2024-10-20,False,medium,treatment,0
648,Robert Lewis,hannahking@example.org,2025-04-29,False,low,control,0
649,Erica Smith,matthew99@example.org,2026-05-18,True,low,control,0
650,Roy Nielsen,zhendricks@example.org,2026-01-01,False,medium,control,0
651,Mr. Steven Herrera,steven60@example.net,2025-04-23,True,high,control,0
652,Emily Herrera,barbararivera@example.com,2024-11-04,True,medium,control,0
653,Ryan Morgan,ksims@example.net,2025-12-03,False,high,control,0
654,Bruce Patton,janet50@example.com,2025-07-16,False,medium,treatment,0
655,David Hayes DVM,aliciathompson@example.com,2026-04-13,False,medium,treatment,0
656,Susan Wallace,lloydrebecca@example.org,2025-02-03,True,high,treatment,1
657,Morgan Mills,douglas18@example.net,2026-09-12,False,medium,treatment,0
658,Andrew Hughes,smithsarah@example.net,2026-05-29,False,medium,treatment,0
659,Felicia Small,meyerdonna@example.com,2024-10-03,False,medium,control,0
660,Margaret Clark,jameshill@example.com,2026-04-04,True,low,control,0
661,Denise Moore,smithcindy@example.net,2024-11-30,True,low,treatment,0
662,Kirsten Nelson,audrey21@example.com,2025-12-09,False,low,control,0
663,Jeremy Anderson,dberger@example.org,2025-06-24,False,low,treatment,0
664,James Bush,tjensen@example.com,2026-05-07,True,medium,treatment,0
665,Megan Ferguson,fbradley@example.net,2025-08-25,False,low,control,0
666,Michael Mckinney,oruiz@example.org,2026-06-08,False,medium,control,0
667,Susan Myers,kristina57@example.com,2024-10-09,True,high,control,0
668,Gregory Murray,justinbailey@example.net,2024-12-19,False,medium,control,0
669,Robert Robles,angela14@example.net,2025-08-19,True,medium,control,0
670,Cynthia Sanchez,terrireyes@example.com,2025-02-16,True,low,treatment,0
671,Jessica Baird,amy32@example.net,2026-01-19,True,low,control,0
672,Michelle Copeland,vargassteven@example.net,2024-11-27,False,medium,control,0
673,Eric Sullivan,jenningscandace@example.com,2025-05-14,False,low,treatment,0
674,Amy Robinson,paigeberger@example.net,2026-05-01,False,low,treatment,0
675,Mary Chavez,peter97@example.org,2025-02-14,False,low,treatment,0
676,Elizabeth Bauer,samantha65@example.org,2025-11-16,False,medium,control,1
677,Kayla Abbott,bryan80@example.org,2026-02-13,False,medium,control,0
678,Heather Callahan,youngjacqueline@example.com,2025-12-18,False,high,treatment,0
679,Jennifer Graham,elainewells@example.org,2025-10-28,False,low,control,0
680,Heather Butler,whitney22@example.org,2024-11-08,True,medium,control,0
681,Nathan Tucker,iproctor@example.org,2024-12-26,False,low,treatment,0
682,Shannon English,dhanson@example.net,2025-07-24,False,medium,control,0
683,Janice Perez,kjacobs@example.com,2026-05-29,False,low,treatment,0
684,Jonathan Jenkins,arthur09@example.com,2026-02-14,False,high,treatment,0
685,John Vaughn,jessicafox@example.com,2025-08-22,True,low,treatment,0
686,Steve Davis,qmccoy@example.net,2024-11-13,False,low,treatment,1
687,Rebecca Edwards,bergeramanda@example.org,2025-08-25,False,low,treatment,0
688,Julie Gross,zgomez@example.com,2025-04-16,True,high,control,0
689,Thomas Curry,bryan79@example.org,2025-11-09,False,medium,control,0
690,Dorothy Mclaughlin,mitchellchristopher@example.net,2024-11-12,False,medium,control,0
691,Darlene Gilbert,michaela01@example.net,2025-01-22,True,low,treatment,1
692,Brittany Griffin,josehaynes@example.com,2025-01-27,False,low,control,0
693,Amanda Riggs,caitlinunderwood@example.com,2026-03-21,False,low,treatment,0
694,James Guerrero,jasonnavarro@example.com,2024-10-26,False,low,treatment,0
695,Robert Williams,tross@example.com,2026-03-16,False,low,control,0
696,Kim James,jwells@example.net,2026-06-15,True,low,treatment,0
697,Timothy Cole,suzanne01@example.net,2025-12-26,True,medium,control,0
698,Jessica Hull,matthew41@example.com,2026-01-08,False,medium,treatment,0
699,Raymond Curry,aprilbyrd@example.org,2025-05-04,False,low,treatment,0
700,Adam Jones,gdavis@example.net,2025-08-08,False,medium,control,0
701,Douglas Lee,harveybrian@example.net,2026-01-09,True,low,control,0
702,Tiffany Little,millercassandra@example.com,2026-01-09,True,medium,treatment,0
703,Kylie Coffey,dominguezjon@example.com,2026-01-12,False,low,treatment,1
704,Jesse Carney,qschwartz@example.com,2025-03-24,False,medium,control,0
705,Destiny Brown,dcook@example.com,2026-08-16,False,high,treatment,1
706,Jeremiah Vasquez,chelseywhite@example.com,2024-12-05,True,low,treatment,0
707,Jessica Mendez,gainesjennifer@example.org,2024-10-12,True,low,control,0
708,Nicholas Waters,mosleyeduardo@example.net,2024-09-17,False,high,treatment,0
709,James Hernandez,rebecca90@example.net,2026-02-16,True,low,treatment,0
710,Karen Powell,fernandezaaron@example.net,2026-05-07,False,high,treatment,1
711,Mr. Timothy Howard,richard15@example.net,2026-06-02,False,medium,control,0
712,Ryan Hodges,deborah28@example.org,2026-08-25,True,low,treatment,0
713,Elizabeth Price,mccoymichael@example.org,2026-06-26,False,high,treatment,0
714,Collin Johnson,cortezbrittany@example.com,2025-06-28,True,high,treatment,0
715,Maria Porter,blevy@example.org,2025-05-23,False,high,control,0
716,Nathan Sullivan,lindsaycontreras@example.com,2026-08-05,False,medium,control,0
717,Kimberly Figueroa,sandyjohnson@example.org,2025-09-09,False,medium,treatment,0
718,Terry Montgomery,jacquelineanderson@example.org,2025-12-23,True,low,treatment,0
719,Samantha Davis,marybrown@example.org,2024-12-09,False,medium,control,0
720,Lisa Brown,ronaldcain@example.net,2026-01-25,True,medium,control,0
721,William Johnston,marcoconnell@example.org,2026-03-29,False,low,control,0
722,Gabriela Martinez,katherinejackson@example.com,2025-10-26,False,low,treatment,0
723,Timothy Williams,moodycrystal@example.com,2026-04-08,False,low,control,0
724,John Smith,saramann@example.net,2026-06-27,False,medium,control,0
725,Robert Barton,jamiebowman@example.net,2025-08-12,False,medium,control,0
726,Christopher Holt,jennifersalazar@example.org,2025-12-19,False,medium,treatment,0
727,Hannah Smith,jamesdowns@example.org,2025-12-13,False,medium,treatment,0
728,Victoria Romero,qtownsend@example.org,2025-04-07,True,high,treatment,0
729,Robert Jennings,kjimenez@example.net,2026-07-23,False,medium,control,0
730,Jackson Clark,matthew70@example.org,2026-03-12,True,medium,control,0
731,Casey Floyd,erobertson@example.org,2026-02-26,False,medium,control,0
732,Erika Gonzalez,jerry15@example.org,2024-11-27,True,medium,control,1
733,Sheila Bennett,charlesrichards@example.org,2026-06-29,False,low,control,0
734,Timothy Gibson,dbrooks@example.net,2025-02-05,False,low,treatment,0
735,Derrick Rogers,schwartzbrian@example.org,2024-12-07,False,medium,control,0
736,Jason Wolf,oliviamunoz@example.net,2026-08-14,False,medium,treatment,1
737,Laura Tran,christophervincent@example.com,2026-06-09,False,low,treatment,0
738,John Ford,blairjill@example.org,2025-03-17,False,medium,control,0
739,Daniel Pennington,robinvillanueva@example.com,2026-09-03,False,medium,control,0
740,John Mack,simmonsphillip@example.net,2026-05-10,False,low,treatment,0
741,David Hansen,steelerichard@example.org,2024-12-23,False,low,treatment,0
742,Matthew Davis,kcaldwell@example.net,2025-08-18,False,low,treatment,0
743,Lauren Bray,tingram@example.com,2025-01-30,False,low,control,0
744,Lori Padilla,daltonchad@example.net,2025-05-18,False,medium,treatment,0
745,Jeffery Nelson,kristinmiller@example.com,2026-03-08,False,low,control,0
746,Tony Leonard,rodriguezmichael@example.net,2024-10-16,True,low,control,0
747,Matthew Bush,devonrogers@example.net,2024-12-09,True,low,treatment,1
748,Todd Carpenter,karenhodges@example.com,2025-06-01,False,medium,treatment,0
749,Michael Ramirez,watsonshaun@example.net,2025-10-07,False,low,treatment,0
750,Michael Gregory,shannon51@example.org,2026-06-30,False,high,control,0
751,Bobby Hurst,susan11@example.org,2025-04-06,False,low,control,0
752,Kathleen Golden,cartertara@example.net,2026-07-30,True,low,control,0
753,Jason Rojas,carterbryan@example.org,2026-05-20,False,low,treatment,0
754,Gabriella Lane,todd88@example.com,2025-08-17,False,medium,treatment,0
755,Stephanie Parker,jeremy54@example.org,2025-01-03,False,medium,treatment,0
756,Tyler Montgomery,jennifermitchell@example.org,2026-05-23,False,medium,control,0
757,Mary Hernandez,darylchaney@example.net,2024-12-18,False,low,treatment,0
758,Cody Hart,wadetiffany@example.org,2025-06-16,True,low,treatment,0
759,Carla Turner,sullivanvictor@example.org,2026-08-10,False,high,control,0
760,Brittney Cordova,deborah47@example.com,2026-08-26,True,high,control,0
761,Wendy Estrada,hmorgan@example.net,2025-09-02,True,high,control,0
762,Michael Wilson,moralesmary@example.com,2025-06-05,False,low,treatment,0
763,Lee Lee,kimberlywang@example.org,2024-10-03,False,low,control,1
764,Jill Powers,daughertypreston@example.com,2025-05-07,True,low,treatment,0
765,Terri Kerr,raymond65@example.com,2025-06-16,False,medium,control,0
766,Gregory Madden,lewispamela@example.net,2026-09-12,False,medium,control,0
767,Donna Shaffer,achandler@example.org,2026-05-20,False,low,treatment,1
768,Briana Turner,carl96@example.org,2024-09-21,False,low,treatment,0
769,Denise Thompson,wpage@example.org,2025-02-09,True,medium,treatment,0
770,Donna Henry,mary47@example.net,2026-03-11,True,medium,treatment,0
771,Rick Moore,stephanie71@example.net,2026-01-16,False,low,treatment,0
772,Christopher Knox,anthonyhubbard@example.com,2026-09-13,False,low,control,1
773,Patrick Perkins,ooneill@example.net,2025-08-30,False,low,control,0
774,Barbara Hunt,brucefrancisco@example.org,2025-01-01,False,medium,treatment,0
775,Michael Howard,nelsonrobert@example.com,2024-10-22,True,medium,control,0
776,Mark Jones,katiewhite@example.org,2025-11-28,False,medium,treatment,0
777,Frank Stewart,joseph51@example.net,2025-11-15,False,high,control,0
778,Alexandria Holmes,kimberly65@example.org,2024-11-30,True,low,control,0
779,Daniel Lopez,butlersabrina@example.org,2026-05-08,False,low,control,0
780,Karen Collins,don79@example.net,2026-03-29,False,high,treatment,1
781,Michael Johnson,walkermelissa@example.org,2026-02-01,False,low,treatment,0
782,Daniel Zavala,yvazquez@example.org,2024-11-12,False,low,control,1
783,Nicole Williams,johnsondonna@example.net,2024-10-30,False,low,treatment,0
784,David Jones,websterkimberly@example.net,2025-02-14,False,low,treatment,0
785,Cathy Bell,thomasjulie@example.com,2026-08-11,False,low,control,0
786,Christopher Mason,williamjones@example.net,2026-03-28,False,low,treatment,0
787,Michelle Brandt,rachelmedina@example.net,2024-11-28,False,high,control,0
788,Jonathan Zimmerman,helen27@example.net,2026-08-18,True,low,treatment,0
789,Henry Gray,willierussell@example.com,2024-12-16,True,medium,treatment,0
790,Chad Farmer,angela01@example.com,2025-09-12,False,medium,treatment,0
791,Jesus Fitzgerald,aperez@example.com,2026-09-07,True,low,control,0
792,Scott Jacobson,xcrosby@example.org,2024-09-26,False,low,control,1
793,Megan Sanders,wilsonralph@example.net,2025-11-22,False,low,treatment,0
794,Timothy Levine,coxjames@example.org,2025-11-25,False,low,treatment,0
795,Barbara Massey DDS,kathy99@example.com,2026-03-23,False,medium,treatment,0
796,Terri Kelly,garcher@example.com,2025-01-02,False,high,control,0
797,Bryan Burns,courtneytaylor@example.org,2026-03-10,True,low,control,0
798,Kathleen Johnson,patrickshelton@example.org,2025-04-26,False,medium,control,0
799,Paige Guerrero,msparks@example.com,2026-01-13,True,low,treatment,0
800,Dennis Cooper PhD,cisnerosanthony@example.com,2026-06-22,True,high,treatment,0
801,Jerry Farrell,cstevens@example.org,2025-10-28,True,low,treatment,0
802,Elizabeth Mccarthy,tjordan@example.net,2025-06-28,True,low,control,0
803,Laura Henry,kalvarez@example.net,2024-10-27,True,medium,control,0
804,Kevin Gray,katie45@example.org,2024-10-07,True,medium,control,0
805,Russell Bailey,hubbardcolleen@example.com,2024-11-27,True,medium,control,0
806,Hunter Bell,johnwong@example.net,2024-11-18,False,medium,control,0
807,Sheila Wilson,andrewnguyen@example.com,2026-01-10,False,low,control,0
808,Jose Fisher,dominguezbrianna@example.com,2025-06-20,False,medium,control,0
809,Kenneth Stokes,vazquezjamie@example.com,2025-09-19,False,medium,control,0
810,Gina Mendez,tara37@example.net,2026-05-29,False,medium,control,0
811,Sara Herrera,joseph49@example.com,2026-04-28,False,low,control,0
812,Tina Robbins,vargasjoshua@example.net,2026-04-25,False,high,treatment,0
813,Daniel Flynn,william46@example.net,2025-10-16,True,medium,control,0
814,James Weber,jpowers@example.org,2026-06-22,True,medium,treatment,1
815,Kelli Lopez,vlewis@example.com,2025-03-31,True,low,treatment,0
816,Rhonda Farrell,umichael@example.net,2024-10-30,False,low,control,0
817,Joel Allen,megan65@example.org,2025-12-24,False,medium,control,0
818,Debra Mitchell,jonathanburke@example.com,2025-03-10,False,low,control,0
819,Alexis Robles,steven86@example.com,2026-01-02,False,low,control,0
820,Christopher Taylor,kristine48@example.org,2025-12-31,False,high,treatment,0
821,Nathan Casey,heathchristopher@example.net,2025-04-22,False,medium,treatment,0
822,Troy Mosley,sandersmary@example.org,2025-03-08,False,medium,control,0
823,Kathryn Martinez,tyler13@example.net,2024-12-15,True,medium,treatment,0
824,Erin Silva,vshaffer@example.org,2026-08-01,True,medium,treatment,0
825,Brian Lewis,scott49@example.org,2025-09-10,False,medium,treatment,0
826,Travis Stewart,pwells@example.com,2026-06-21,True,low,treatment,1
827,Heidi Baldwin,andrew90@example.net,2026-01-14,True,low,treatment,0
828,Melissa Mccormick,johnnycruz@example.net,2026-08-18,True,high,control,1
829,Robert Martinez,miaprice@example.com,2026-07-27,False,low,control,0
830,Elizabeth Mayer,kennethvillarreal@example.org,2026-07-18,False,low,control,0
831,Sherry Wang,rmccormick@example.org,2026-05-11,False,medium,control,1
832,Kaitlin Gutierrez,jennifer12@example.net,2025-03-26,False,low,treatment,0
833,Jason Daniel,shawn00@example.net,2025-12-30,False,high,control,1
834,Rachel Taylor,tgonzalez@example.com,2025-11-11,True,high,treatment,0
835,David Reeves,melaniejennings@example.com,2025-08-13,True,medium,control,0
836,Brandi Thompson,lauren31@example.com,2025-06-12,False,high,treatment,0
837,James Davenport,andrewjohnson@example.net,2026-01-03,False,medium,treatment,0
838,Susan Mccann,josechristian@example.org,2025-07-07,False,low,treatment,0
839,David Davis,george91@example.org,2026-02-24,True,low,control,1
840,Thomas Chavez,twilson@example.org,2025-02-03,True,medium,treatment,0
841,Rachael Roberts,breyes@example.org,2025-11-29,False,high,control,0
842,Diane Byrd MD,bsparks@example.com,2026-08-31,False,medium,treatment,0
843,Jerry Wright,emiller@example.org,2026-06-16,True,high,treatment,0
844,Jennifer Lewis,verickson@example.net,2025-03-23,False,low,control,0
845,Anthony Cook,thomasgomez@example.net,2026-08-04,False,medium,control,0
846,Linda Goodman,smithwilliam@example.com,2025-04-26,True,medium,treatment,0
847,Jacob Donaldson,carpenterjorge@example.net,2025-09-12,False,low,control,0
848,John Davis,hthomas@example.com,2024-10-19,False,low,control,0
849,Seth Davenport,sara44@example.net,2026-05-16,True,low,treatment,0
850,Kelly Graham,leslievang@example.org,2025-10-28,False,medium,control,0
851,Mallory Gonzales,edgarhall@example.org,2025-08-26,False,low,treatment,0
852,John Wilson,wwilliams@example.net,2025-10-31,False,medium,treatment,0
853,Brian Cortez,daviddavis@example.com,2025-01-27,False,low,treatment,0
854,Jordan Nelson,brandybonilla@example.net,2026-03-31,False,low,treatment,0
855,Thomas Sanchez,vrhodes@example.org,2025-04-12,False,medium,treatment,0
856,Mrs. Jacqueline Hickman,hooderic@example.org,2025-08-19,True,low,control,0
857,Karen Fuller,brooke05@example.org,2026-01-09,False,low,control,0
858,Erika Dennis,jasonwilliams@example.net,2025-04-11,True,high,control,0
859,Natasha Payne,qdavis@example.org,2025-03-11,True,medium,treatment,1
860,Jennifer Smith,frankchan@example.com,2026-01-03,False,low,treatment,0
861,Brittany Evans,tfitzgerald@example.net,2025-12-02,True,low,control,0
862,Brendan Richardson,tracymcclure@example.com,2025-04-01,False,low,control,0
863,Ann Henderson,christina66@example.org,2024-10-16,False,low,control,0
864,John Walker,sarahrose@example.net,2025-10-05,False,high,control,0
865,Jeffrey Solomon,ievans@example.net,2026-07-09,False,medium,treatment,0
866,Kelly Phillips,arnoldsamantha@example.net,2024-12-04,False,medium,treatment,0
867,Brandon Guerrero,michael91@example.net,2024-09-28,False,low,control,0
868,Julie Hartman,awilliams@example.net,2025-04-22,True,high,treatment,1
869,Jordan Santiago,matthew23@example.org,2024-11-13,False,low,treatment,0
870,Mrs. Megan Hamilton,smithdarryl@example.org,2026-01-09,False,low,treatment,0
871,Jared Sandoval,nturner@example.com,2026-02-03,False,medium,control,0
872,Megan Ballard,martinezalexander@example.org,2026-05-06,False,low,control,0
873,Chelsea Johnson,pwong@example.org,2025-08-01,False,low,treatment,1
874,Rachel Lee,kayla27@example.com,2024-10-02,True,low,control,0
875,Christian Park,cruiz@example.net,2025-03-13,False,low,treatment,1
876,Ronald Myers,alan66@example.com,2026-03-09,False,low,treatment,0
877,Kristen Roberts,gross@example.net,2026-02-28,True,low,treatment,0
878,Susan Dillon,jenniferrice@example.com,2025-11-12,False,medium,treatment,0
879,Debra Wong,nwilson@example.net,2025-05-28,False,low,treatment,0
880,Alisha Roberts,taylorkim@example.net,2025-02-24,True,medium,control,0
881,Gina Guzman,sanderson@example.net,2026-02-19,False,medium,treatment,0
882,Sandra Nunez,laura29@example.org,2025-04-11,True,low,treatment,0
883,Mary Anderson,ericvasquez@example.com,2026-08-07,True,low,treatment,1
884,David Hawkins DVM,nicole52@example.org,2026-05-15,False,low,control,0
885,Amanda Brown,owilson@example.org,2025-11-01,False,low,control,0
886,Dr. Richard Hammond,paula89@example.net,2024-12-02,False,medium,control,0
887,Tracy Lloyd,villegaskimberly@example.net,2026-04-11,False,high,control,0
888,Samantha Williams,jacksondavid@example.org,2026-07-14,False,low,control,0
889,Edgar Alexander,goconnor@example.org,2026-01-03,False,low,treatment,0
890,Chad Allison,xmontes@example.org,2025-03-15,True,medium,treatment,1
891,Gloria Wagner,adamsjennifer@example.com,2025-06-07,True,high,treatment,1
892,Brittany Molina,icobb@example.com,2025-07-16,False,medium,control,0
893,Jimmy Phelps,sherry72@example.org,2026-02-23,False,high,treatment,0
894,Andrea Morgan,kholden@example.com,2024-10-31,False,medium,control,0
895,Mary May,levinetina@example.net,2026-06-19,True,medium,treatment,0
896,Jennifer Blackwell,jennifer55@example.org,2026-05-14,True,medium,treatment,1
897,Lisa Thomas,ngriffin@example.net,2025-12-17,False,medium,control,0
898,Jessica Reed,trowe@example.org,2024-10-14,True,low,treatment,0
899,Neil Singh,abigailfernandez@example.org,2024-11-23,False,low,control,0
900,Kelly Sherman,andrewzamora@example.net,2025-11-24,True,low,treatment,0
901,Raymond Barber,dennismckenzie@example.com,2025-12-19,False,medium,control,1
902,Anthony Curtis,westashley@example.org,2025-08-14,False,low,control,0
903,Dr. Virginia Cunningham,michaelmitchell@example.net,2025-11-09,False,medium,control,1
904,James Mclaughlin,murphybrandi@example.com,2025-08-15,False,low,treatment,0
905,Jeffery Jenkins,brownpamela@example.com,2025-02-21,True,low,treatment,0
906,Michael Powell,lwiggins@example.com,2025-12-26,False,medium,control,0
907,Melissa Gould PhD,jcolon@example.net,2024-12-18,True,low,treatment,0
908,Beverly Bush,bensonstanley@example.org,2026-03-16,True,high,control,0
909,Jaclyn Crane,xrodriguez@example.net,2025-04-16,True,medium,control,0
910,Autumn Torres,kevin70@example.org,2024-12-29,False,low,control,0
911,Amber Shannon,jason70@example.org,2025-10-22,True,low,control,0
912,Andrew Olson,ariel56@example.com,2026-05-19,False,medium,control,0
913,Brandi Taylor,qgill@example.com,2025-01-03,False,medium,treatment,0
914,Ann Weber,zhughes@example.com,2025-10-17,True,high,treatment,0
915,Stacy Fitzgerald,clinejasmine@example.net,2025-12-21,False,low,control,1
916,Ellen Brewer,leechristine@example.net,2026-03-24,False,medium,treatment,0
917,Kelly Christensen,martinezsharon@example.org,2026-08-21,False,medium,treatment,0
918,Daniel Gallegos,imiller@example.net,2025-05-09,False,medium,control,0
919,Katherine Peck,samuel60@example.net,2025-05-07,True,low,control,0
920,Brian Garcia,justinwhite@example.org,2025-01-07,False,low,control,0
921,Meghan Brown,howard04@example.com,2024-11-28,False,low,treatment,0
922,Steven Scott,williamsjohn@example.net,2025-11-19,False,medium,control,0
923,Paul Cruz Jr.,floresangela@example.org,2025-09-05,False,low,control,0
924,David Mercado,angela91@example.org,2026-03-28,True,low,control,0
925,Beth Carroll,omiller@example.net,2025-02-12,False,medium,control,0
926,Jacqueline Galloway,amandahenderson@example.net,2025-08-13,True,medium,treatment,0
927,John Calderon,denise20@example.org,2026-07-31,False,medium,control,0
928,Mr. Ryan James,megan39@example.net,2025-04-10,False,low,treatment,0
929,Joseph Jones,fosterdavid@example.org,2026-03-01,False,low,control,1
930,Dr. Christine Wagner PhD,cynthia74@example.org,2026-01-14,False,medium,control,0
931,Daniel Haley,allen20@example.net,2025-08-31,False,medium,treatment,0
932,Megan Gutierrez,ifarmer@example.org,2026-04-15,True,medium,control,0
933,Angela Johnson,wchambers@example.com,2026-05-14,False,high,control,0
934,Christopher Tate,martinezmitchell@example.org,2025-08-07,True,low,control,0
935,Alejandro Campbell,james94@example.net,2025-02-25,True,medium,control,0
936,Tracy Johnson,tconway@example.net,2025-02-16,False,low,control,0
937,Roberto Foster,ashley72@example.net,2025-02-05,False,medium,control,0
938,Megan Morrison,cameronanderson@example.org,2024-12-19,False,medium,control,0
939,Savannah Ibarra,james08@example.net,2025-03-20,False,medium,control,0
940,Jordan Pace,nashmarcus@example.com,2025-04-05,True,medium,treatment,0
941,Julie Ward,stephensonjeffrey@example.com,2026-07-20,False,high,treatment,0
942,Emily Myers,christopher90@example.net,2025-02-28,False,medium,treatment,0
943,Tina Stark,frankcollins@example.net,2025-12-18,True,low,control,0
944,Jeffrey Johnson,mary31@example.com,2025-03-10,True,low,control,0
945,Anthony Cook,sherryparsons@example.net,2025-08-03,False,high,control,0
946,Jeremy Martinez,rangelnicholas@example.net,2024-11-03,True,low,control,0
947,Thomas Ramos,cheryl61@example.org,2026-01-25,False,low,control,0
948,Elizabeth James,williamsonrobert@example.net,2026-04-15,False,medium,treatment,0
949,Jody Marshall,nhobbs@example.org,2025-05-23,False,low,control,0
950,Rachel Gibson,briana11@example.org,2025-11-26,False,medium,treatment,0
951,Richard Lee,danascott@example.com,2025-09-03,False,low,control,0
952,Charlene Taylor,brownlarry@example.com,2025-09-27,False,low,treatment,0
953,Heather Silva,dylanparker@example.com,2025-04-17,False,low,treatment,0
954,Kelly Sandoval,brianhunter@example.net,2026-06-06,False,low,treatment,0
955,Craig Gonzalez,kristenpeterson@example.net,2025-08-30,False,low,control,0
956,Julie Schwartz,christina65@example.org,2024-12-02,False,high,control,0
957,Susan Crawford,fowlerheather@example.com,2025-12-17,False,low,control,0
958,Nicholas Cisneros,lindsay63@example.com,2025-01-29,False,medium,treatment,0
959,Heidi Jones MD,thomasscott@example.net,2025-11-19,False,medium,treatment,0
960,Amanda Johnson,justinrobinson@example.com,2026-02-24,False,low,control,0
961,Julian White,thompsonjose@example.org,2024-10-02,False,low,control,0
962,Jamie Cobb,morganjason@example.com,2025-03-11,False,low,control,0
963,Mary Pugh,ejohns@example.org,2024-12-31,False,low,control,1
964,Rebecca Lee,ubenson@example.net,2025-07-27,False,low,control,0
965,Tammy Hines,melissaphillips@example.org,2025-05-14,False,low,treatment,0
966,Robert Salas,fclark@example.com,2026-04-18,False,medium,treatment,0
967,Carol Hughes,victor72@example.com,2026-02-19,False,medium,treatment,0
968,Karen Sosa,zadams@example.net,2026-07-22,False,medium,treatment,0
969,Amanda Robinson,shannonyoung@example.org,2025-04-28,True,medium,control,0
970,Laura Walls,jonathan12@example.org,2025-04-20,False,low,control,1
971,Crystal Williams,ronald76@example.com,2025-06-12,True,low,treatment,0
972,Mr. Alexander Alexander III,howardchristopher@example.net,2025-09-26,False,medium,control,0
973,Rachel House,wilsonmichael@example.net,2025-02-10,False,medium,control,0
974,Gary Turner,james92@example.net,2026-03-11,False,low,treatment,0
975,Alexa Evans,krista66@example.net,2026-03-24,False,low,treatment,0
976,Matthew Hays,michelleperez@example.net,2026-03-18,True,low,control,0
977,Jose Hartman,dsharp@example.com,2026-04-18,False,medium,control,0
978,Cole Carrillo,cclark@example.net,2024-10-09,False,high,treatment,0
979,Shane Torres,porterdonna@example.com,2025-05-23,False,low,control,0
980,Michael Powell,mark09@example.org,2026-07-23,False,medium,control,0
981,Troy Rivera,nbaird@example.com,2024-11-02,True,low,treatment,0
982,John Murphy,tfowler@example.org,2025-01-20,False,low,treatment,0
983,Cassandra Serrano,mjohnson@example.org,2026-07-15,False,medium,control,0
984,Daniel Carter,gibsonmiguel@example.org,2025-01-20,True,low,control,0
985,Jennifer Moore,andersonrobert@example.net,2024-11-06,False,low,control,0
986,Sharon Anderson,kylemeyers@example.net,2025-08-30,True,medium,treatment,0
987,Teresa Matthews,ahill@example.org,2025-08-08,True,medium,treatment,0
988,Lisa Wright,renee77@example.com,2025-11-12,True,high,control,0
989,Donna Ibarra,treed@example.com,2025-06-29,True,low,treatment,0
990,Sarah Perry,rachelquinn@example.com,2025-06-25,False,medium,control,0
991,Melissa Davis,allenmonica@example.com,2026-06-24,True,medium,treatment,0
992,Mary Jones,reginajenkins@example.net,2024-12-14,False,low,control,0
993,Pedro Gordon,robert24@example.org,2025-09-21,True,low,treatment,0
994,Benjamin Neal,vjames@example.com,2026-06-04,False,low,control,0
995,Adam Wilson,markgoodman@example.com,2025-08-20,False,medium,control,0
996,Matthew Reeves,rtaylor@example.org,2025-01-19,False,low,control,0
997,Brian Phillips,qjackson@example.org,2026-01-25,False,low,treatment,0
998,Hunter Robinson,staffordamanda@example.com,2026-02-08,False,medium,control,0
999,Robin Davidson,myerskyle@example.org,2025-11-28,False,low,control,0
1000,James Harris,nicholasallen@example.org,2024-09-28,True,low,control,0
1001,Adrian Hoover,walkernicole@example.net,2025-01-17,True,low,treatment,0
1002,Jason Rodriguez,marcus39@example.org,2026-07-31,False,low,treatment,1
1003,Jeffrey Hall,kellyglenn@example.com,2026-01-08,True,medium,control,0
1004,Daniel Robinson,debra50@example.org,2026-06-26,False,medium,control,1
1005,Randall Porter,marquezkylie@example.net,2025-01-20,True,low,treatment,0
1006,Lindsay Jarvis,xgregory@example.net,2024-12-23,True,low,treatment,0
1007,Philip Watts,bjones@example.net,2026-07-15,False,low,treatment,0
1008,Jorge Harmon,hallchristina@example.org,2025-04-30,False,low,treatment,0
1009,Nicole Harvey,taylorvictor@example.org,2025-01-05,False,high,treatment,0
1010,Andrew Mclean,vstevenson@example.org,2025-04-08,True,medium,control,0
1011,Paige Meyer,swong@example.org,2025-03-03,False,medium,treatment,0
1012,Grace Harris,knoxelizabeth@example.org,2026-04-25,False,low,control,0
1013,Courtney Salas,isaiah01@example.com,2024-11-07,False,low,treatment,0
1014,Mark Thomas,davidthompson@example.net,2026-05-17,False,high,control,0
1015,Cynthia Miller,ucollins@example.org,2025-03-15,True,medium,control,0
1016,David Mitchell,mfaulkner@example.com,2026-06-09,True,medium,treatment,0
1017,Dr. Ian Gray,galexander@example.net,2026-03-08,False,high,treatment,0
1018,Sally Leon,gillronald@example.org,2026-03-25,False,low,treatment,0
1019,Linda Hernandez,jonathanford@example.com,2025-04-12,True,low,control,0
1020,Karen Cook,mgonzalez@example.org,2024-09-26,True,low,treatment,0
1021,Molly Henry,vbentley@example.com,2025-06-24,False,medium,control,0
1022,William Jones,riddledavid@example.net,2025-01-13,False,low,treatment,1
1023,Tina Wise,william75@example.net,2024-10-29,False,medium,control,0
1024,Jeff Wright,xjohnson@example.net,2026-02-15,True,medium,treatment,0
1025,Max Hernandez,jblackburn@example.com,2025-03-16,False,low,treatment,0
1026,Mary Martin,wisedawn@example.com,2025-07-04,False,low,control,0
1027,Stephanie Stone,nancymartin@example.com,2025-03-20,True,high,control,0
1028,Walter Barrett,uwillis@example.com,2026-03-21,False,medium,treatment,0
1029,Sheila Rodriguez,lisa43@example.net,2025-07-04,False,low,control,0
1030,William Velasquez,daviskim@example.com,2025-10-05,False,medium,treatment,0
1031,Morgan Jackson,jacob23@example.com,2025-01-28,True,medium,treatment,0
1032,Joanne Olsen,jamesbrady@example.org,2025-03-25,False,low,control,0
1033,Jennifer Sims,oneillgabriel@example.com,2024-11-18,True,medium,control,0
1034,Austin Johnson,timothychambers@example.org,2024-09-23,True,low,control,0
1035,Tyler Ortega,davisalexa@example.org,2025-06-18,True,low,control,0
1036,Tonya Adams,vkennedy@example.net,2025-07-27,False,medium,control,1
1037,Steve Key,shelleyortega@example.com,2025-12-07,True,high,control,0
1038,Shelley Drake,bryantholly@example.net,2026-05-20,False,high,treatment,0
1039,Allison Martinez,stephanie35@example.com,2025-12-13,True,low,treatment,1
1040,Karen Gutierrez,aaronlittle@example.com,2024-09-29,False,medium,treatment,0
1041,Angel Aguirre,erica39@example.com,2025-07-06,True,low,treatment,0
1042,Angela Patterson,shatfield@example.org,2026-03-07,False,high,control,0
1043,Cory Thomas,andersonlaura@example.com,2026-05-18,False,low,control,0
1044,Victoria Owens DVM,olsonamber@example.org,2025-02-18,True,medium,control,0
1045,Mary Davis,bholder@example.org,2026-07-28,False,low,control,0
1046,James Ramirez,elizabeth12@example.net,2025-12-24,False,high,treatment,0
1047,Robert Cook II,schneidernicholas@example.net,2026-03-14,True,medium,control,0
1048,Martha Glover,ostokes@example.com,2024-12-10,True,medium,control,0
1049,Brandon Yang,juliewilson@example.com,2024-12-19,False,medium,control,0
1050,James Mclaughlin,bryan83@example.com,2026-09-03,False,low,control,0
1051,Jacob Shelton,aprilguzman@example.org,2024-12-03,False,medium,treatment,0
1052,Samuel Stewart,mary77@example.org,2025-11-30,True,medium,treatment,1
1053,Maurice Solis,georgekyle@example.net,2024-12-16,False,low,control,0
1054,Michelle Mendoza DVM,ycarter@example.org,2026-09-04,False,high,control,0
1055,Ronald Clark,isabellawilliams@example.org,2026-06-05,True,high,control,0
1056,Elizabeth Briggs,vickiekelley@example.com,2025-07-22,True,low,treatment,0
1057,Gregory Myers,rosejustin@example.net,2026-07-23,True,high,control,0
1058,Kimberly Davis,karen90@example.net,2025-04-27,False,low,treatment,0
1059,Laura Ramos,jcarter@example.org,2025-02-23,False,medium,treatment,0
1060,Nancy Smith,gregoryvanessa@example.org,2025-06-19,True,high,treatment,0
1061,Miss Carol Brown,terri20@example.org,2026-09-03,False,medium,treatment,0
1062,Leslie Booker,hsanchez@example.org,2025-07-03,False,low,treatment,0
1063,Kyle Thompson,yparsons@example.net,2026-01-11,False,medium,treatment,1
1064,Sharon Santos,cynthia75@example.org,2024-12-13,False,low,control,0
1065,John Barnett,andrewberry@example.net,2025-09-02,False,low,control,0
1066,Anna Watkins,pwashington@example.net,2025-07-31,True,low,control,0
1067,Ariana Brown,richardhaynes@example.com,2025-10-28,False,medium,treatment,0
1068,Robin Freeman,molinajared@example.net,2026-07-05,False,high,treatment,1
1069,Kyle White,hmcbride@example.org,2024-12-20,True,medium,treatment,0
1070,Christopher Hart,millerdavid@example.com,2025-06-09,True,high,control,0
1071,Jenny Landry,wrightbrandon@example.net,2026-07-10,False,medium,control,0
1072,Joseph Taylor,hneal@example.com,2025-12-04,False,low,control,0
1073,Melissa Bates,youngjacob@example.com,2026-06-04,False,medium,control,0
1074,Chad Arnold,joshua96@example.org,2025-10-23,False,low,control,0
1075,Matthew Martin,qmiller@example.net,2025-07-24,False,medium,control,1
1076,Kimberly Jones,wanda35@example.net,2026-01-10,False,low,control,0
1077,Lisa Barnes,lesliefrench@example.com,2024-10-05,False,medium,control,0
1078,Angela Martinez,suttonrichard@example.com,2025-12-28,True,low,treatment,0
1079,Gavin Nelson,joshuagarcia@example.org,2025-06-20,True,low,control,0
1080,Timothy Thompson,brianna71@example.net,2025-05-30,False,medium,treatment,0
1081,Diane Nelson,mosleygeorge@example.com,2025-01-27,False,medium,treatment,0
1082,Megan Kramer,iwoods@example.com,2024-09-23,False,medium,treatment,1
1083,Brittney Martinez,rbradley@example.org,2026-07-20,False,high,treatment,0
1084,Jacqueline Waters,lmann@example.com,2026-09-07,False,low,treatment,0
1085,Kathryn Hill,tmeyer@example.org,2025-04-28,False,low,treatment,0
1086,Theresa Russell,megan11@example.net,2025-03-11,False,low,control,1
1087,Kenneth Miller,angela70@example.com,2026-01-24,True,high,treatment,0
1088,Breanna Jimenez,sullivanchristina@example.net,2024-09-22,True,medium,treatment,0
1089,Joseph Reed,lawsontami@example.net,2026-07-28,True,medium,treatment,1
1090,Stephanie Thompson,mary85@example.org,2025-07-23,False,medium,control,0
1091,James Wilson,marierosales@example.org,2025-04-17,False,low,control,0
1092,Mr. Aaron Welch,trobinson@example.net,2025-09-28,True,low,control,0
1093,Taylor Stafford,abrown@example.net,2025-08-19,False,high,control,0
1094,Brian Bailey,richardsmith@example.com,2025-09-11,False,medium,control,0
1095,Jose Hernandez,gentryadam@example.net,2025-03-18,False,medium,control,0
1096,James Diaz,amandaadams@example.com,2026-01-09,True,high,treatment,1
1097,Charles Burgess,howardmonica@example.org,2024-12-06,False,medium,control,0
1098,Casey Fisher,rachel23@example.com,2026-08-19,True,low,treatment,0
1099,Mrs. Katherine Simpson,markduran@example.com,2025-09-18,False,high,control,1
1100,Sarah Price,rosariolaura@example.org,2025-01-08,False,low,treatment,0
1101,Pamela Young,russell90@example.com,2025-09-03,False,low,treatment,0
1102,Bradley Patterson,jessicalopez@example.com,2026-03-31,False,low,treatment,0
1103,Wendy Wright,tgonzalez@example.org,2026-02-11,False,high,control,0
1104,Catherine Riddle,jeromeanderson@example.org,2025-04-05,True,high,control,0
1105,Charles Smith,christopherwilliams@example.com,2025-10-05,True,high,treatment,0
1106,Veronica Walker,gmendoza@example.com,2025-12-31,False,medium,control,0
1107,Derrick Ramirez,jennifer35@example.org,2025-01-27,True,high,control,0
1108,Matthew Morris,thomas91@example.com,2025-01-30,False,low,treatment,0
1109,Heidi Torres,caldwellfelicia@example.org,2025-05-17,False,low,control,1
1110,Heather Maxwell,john43@example.net,2025-06-24,False,low,control,0
1111,Bianca Newton,williamstanya@example.net,2026-05-07,False,medium,control,0
1112,Jeremy Garcia,kevin73@example.net,2026-02-25,True,low,treatment,0
1113,Corey Pierce,patricia85@example.com,2025-08-10,True,low,control,0
1114,Susan Jones,gmills@example.org,2025-01-17,False,medium,control,0
1115,Walter Roberts,bauerheather@example.net,2026-05-05,True,low,control,1
1116,Joseph Palmer Jr.,ychristensen@example.net,2026-04-09,False,low,control,0
1117,Devon White,ashleyvargas@example.org,2026-06-21,False,high,control,0
1118,Joy Zimmerman,kevin34@example.net,2025-04-01,False,medium,control,0
1119,Danny Ferguson,benjamin24@example.org,2025-04-02,False,low,treatment,0
1120,Maria Wright,amandasmith@example.com,2025-12-23,True,low,treatment,1
1121,Erika Potts,jennifer69@example.com,2025-05-12,False,low,control,0
1122,Robert Holloway,jessicaramirez@example.com,2026-08-28,False,high,control,0
1123,Veronica Osborne,sharphailey@example.net,2025-03-24,False,medium,control,0
1124,Lindsey Harris,rwalker@example.org,2025-11-16,True,medium,treatment,0
1125,Nicole Moore,jessicahamilton@example.org,2026-07-08,False,low,control,0
1126,Christopher Lopez,jacobhenry@example.net,2025-01-26,True,high,treatment,0
1127,Eric Mcclure,mmcdaniel@example.org,2024-12-30,False,medium,treatment,0
1128,Jesse Brewer,hgarcia@example.org,2026-03-02,False,medium,control,0
1129,Lindsey Gray,rodriguezalexander@example.net,2026-08-01,False,low,treatment,0
1130,Randy Adams,sparksalbert@example.org,2025-10-18,False,low,treatment,0
1131,Sarah Miller,timothyhart@example.com,2026-05-06,False,medium,control,0
1132,John Sanchez,courtney10@example.org,2024-12-01,False,low,treatment,0
1133,Jorge Copeland,aaronwalker@example.org,2025-07-26,False,medium,treatment,0
1134,Matthew Perez,tmcdaniel@example.org,2025-09-11,False,medium,treatment,0
1135,Courtney Huber MD,gilbertdavid@example.org,2026-07-03,True,medium,control,0
1136,Cassandra Moreno,erinhernandez@example.net,2026-02-01,True,low,control,0
1137,Donna Hutchinson,sabrina54@example.net,2026-04-23,False,medium,treatment,0
1138,Shannon Spence,lukemyers@example.net,2026-04-22,False,medium,control,0
1139,Robin Wilson,rmoyer@example.org,2024-11-22,False,medium,treatment,0
1140,Catherine Cruz MD,aolson@example.net,2026-04-20,False,low,treatment,0
1141,Robert Valdez,patrickdunn@example.net,2025-10-12,True,low,control,0
1142,Samantha Cruz,xrose@example.net,2026-05-03,False,low,treatment,0
1143,Brandon Ward,victoriasmith@example.net,2025-08-29,True,low,control,0
1144,Brian Pruitt,melinda24@example.com,2024-12-31,False,low,control,0
1145,Valerie Durham,jasonwalker@example.net,2024-12-26,False,low,treatment,0
1146,Michele Bennett,hortonroger@example.org,2026-02-11,False,low,treatment,0
1147,Angela Monroe,anthonydiaz@example.org,2025-03-15,True,medium,treatment,0
1148,Ronald Butler,terrytaylor@example.net,2026-02-09,True,low,control,0
1149,Jason Rogers,mitchelleric@example.net,2024-10-10,True,low,control,0
1150,Kathy Smith,dfrazier@example.net,2026-02-19,True,low,control,0
1151,Kenneth Torres,rodneymoore@example.org,2025-10-03,False,medium,control,0
1152,Beth Lewis,robinsonisaiah@example.net,2026-08-31,False,low,treatment,0
1153,Angela Schwartz,pedwards@example.com,2026-05-14,False,low,treatment,0
1154,Robert Lucas,josephgarcia@example.com,2025-12-01,True,medium,treatment,0
1155,Alyssa Campbell,jonescarla@example.com,2025-02-01,True,low,control,0
1156,Timothy Allen,davilaannette@example.net,2026-09-08,False,high,control,0
1157,Mr. Brandon Parker,karen68@example.org,2025-05-04,False,medium,control,0
1158,Henry Anderson,riverapeggy@example.net,2024-11-29,False,low,treatment,0
1159,Brittany Matthews,cwoods@example.com,2025-01-12,True,low,treatment,0
1160,Angela Garrett,nicoleaguirre@example.net,2024-12-28,False,low,treatment,0
1161,Wendy Mason,seth25@example.com,2025-06-07,False,medium,control,0
1162,Jessica Macdonald,nallen@example.net,2024-11-10,False,low,control,1
1163,Mark Jimenez,thomasmonica@example.net,2026-06-13,False,high,control,0
1164,Stephanie Porter,sedwards@example.org,2024-11-05,False,low,treatment,0
1165,Heather Jones,escott@example.com,2026-03-28,False,low,treatment,0
1166,Thomas Case,swilliams@example.com,2025-07-13,True,low,treatment,1
1167,Melanie Alexander,nathaniel68@example.com,2025-03-28,False,medium,treatment,0
1168,Melanie Oliver,figueroajohn@example.net,2024-09-22,True,low,control,0
1169,Donna Moore,onash@example.com,2026-06-18,False,low,control,1
1170,Hannah Mcdonald,lrodriguez@example.net,2024-12-05,True,low,control,0
1171,Jennifer Hamilton,umurphy@example.com,2026-09-15,False,low,treatment,1
1172,Dr. John Ramirez,gardnerstacy@example.org,2025-12-28,True,low,treatment,0
1173,Andre Burke,zbrown@example.com,2026-04-17,False,medium,control,0
1174,Cindy Lewis,cisnerosgabriela@example.com,2025-03-20,False,low,control,0
1175,Charles Hill,evansjennifer@example.com,2025-10-05,False,low,treatment,0
1176,Debbie Rivas,jacobsonroy@example.com,2025-01-15,False,high,control,0
1177,Jason Alvarez,tammykim@example.net,2025-11-07,False,high,control,0
1178,Kristina English,christiancontreras@example.net,2024-12-31,False,low,control,0
1179,Samantha Navarro,alexis72@example.com,2026-06-10,False,low,treatment,0
1180,Wayne Russell,mcneilsherry@example.org,2025-12-24,False,low,treatment,0
1181,Laura Johnson,robertpayne@example.org,2025-11-30,True,low,treatment,0
1182,Daniel Lee,woodmichael@example.com,2026-07-04,True,low,treatment,1
1183,Sharon Lyons,wgutierrez@example.com,2026-05-15,False,low,treatment,0
1184,William Rogers,stephenbrooks@example.net,2025-11-25,True,medium,control,0
1185,Jane Bruce,swalters@example.net,2026-08-03,False,medium,treatment,0
1186,Annette Miller,davisallen@example.com,2024-12-01,False,medium,treatment,1
1187,Loretta Gardner,zgordon@example.org,2026-01-18,False,low,treatment,0
1188,Christy Frank,ewilson@example.org,2025-05-31,False,low,control,0
1189,Julie Odonnell,xsmith@example.org,2025-09-23,False,medium,control,0
1190,Matthew Parker,anunez@example.com,2024-10-10,False,medium,treatment,0
1191,Richard Randall,matthew96@example.org,2025-10-28,False,high,control,0
1192,Luis Long,solisbecky@example.org,2026-08-04,False,low,control,0
1193,Nicholas Powell,zachary63@example.org,2026-02-18,False,medium,treatment,0
1194,Bryan Ray,ocameron@example.com,2026-05-22,False,medium,control,0
1195,Frank Davis,kimcristina@example.net,2025-01-06,False,medium,control,0
1196,Kimberly Compton,ujohnson@example.org,2026-09-05,False,low,control,0
1197,Paula Lopez,kennethnichols@example.org,2026-03-01,False,low,treatment,0
1198,Jamie Green,hillsavannah@example.net,2024-10-03,False,low,control,0
1199,Dr. Ashley Ho,rodriguezjustin@example.org,2024-11-23,True,low,treatment,0
1200,Isaiah Massey MD,apope@example.org,2025-09-07,False,medium,control,0
1201,Christine Barnes,cynthia72@example.org,2025-04-23,False,low,treatment,0
1202,Mary Welch,wilsonmatthew@example.com,2025-09-05,False,low,treatment,0
1203,Kimberly Moore,sara39@example.org,2025-10-13,False,medium,treatment,0
1204,Paige Robinson,danny30@example.com,2024-12-27,False,low,treatment,0
1205,Michael Martinez,timothy15@example.net,2025-10-25,False,low,control,0
1206,Patrick Simpson,qnielsen@example.org,2025-02-08,False,low,treatment,0
1207,Michelle Hayden,silvakatie@example.com,2025-01-16,False,low,treatment,0
1208,Nathan Hamilton,vhenderson@example.com,2026-05-06,False,high,treatment,0
1209,Lisa Patterson,nathaniel17@example.org,2026-06-29,False,low,treatment,0
1210,Dawn Ortiz,raymond12@example.com,2025-07-27,True,low,control,0
1211,David Lewis,nathan51@example.org,2025-05-07,True,low,control,0
1212,Gary Marshall,rachel81@example.com,2025-04-12,False,low,control,0
1213,Daniel Hoffman,berrydebbie@example.net,2026-03-23,True,high,control,0
1214,Francisco Gonzalez,rjimenez@example.com,2024-12-13,True,high,treatment,0
1215,Kyle Garza,barbaramitchell@example.net,2026-04-12,False,high,treatment,0
1216,Abigail Murray,meaganpowell@example.net,2026-07-20,False,medium,treatment,1
1217,Matthew Jones,gallegosrobert@example.com,2025-04-05,False,low,treatment,0
1218,Jennifer Hawkins,troy06@example.com,2026-02-08,False,low,treatment,0
1219,Samuel Coffey,cameronsharon@example.org,2024-10-08,False,low,control,0
1220,Adam Garcia,michelle63@example.org,2024-11-20,False,low,treatment,0
1221,Robin Cabrera,villamiranda@example.com,2026-06-24,False,medium,treatment,0
1222,Anthony Torres,mark96@example.com,2026-02-09,False,medium,treatment,0
1223,Lauren Wilson,michelle96@example.net,2025-08-09,False,low,control,0
1224,Joseph Lane,ubray@example.net,2025-09-04,True,low,treatment,1
1225,Ralph Dawson,angelica33@example.net,2024-11-13,True,low,treatment,0
1226,Amy Smith,taylorcruz@example.com,2024-12-02,True,high,treatment,0
1227,Kevin Rose,kathleen47@example.net,2025-01-07,False,low,treatment,0
1228,Suzanne Robinson,paul79@example.net,2025-02-12,False,low,control,0
1229,Barry Henderson,stephanie91@example.org,2025-08-19,False,medium,treatment,0
1230,Brian Smith,blopez@example.com,2026-01-13,False,low,treatment,1
1231,Derek Mcintosh,gomezjason@example.com,2025-09-19,False,high,control,0
1232,Amy Nelson,williamspatrick@example.com,2025-02-05,False,medium,control,0
1233,Christopher Hill,gstone@example.net,2024-10-23,False,low,control,0
1234,Brian Wilson,johnstonjohn@example.net,2024-11-29,False,low,treatment,1
1235,Manuel Baldwin,olong@example.net,2026-05-12,False,medium,control,0
1236,Kathleen Jackson,michaelroberts@example.net,2025-04-15,True,high,treatment,0
1237,Cody Velez,sstevenson@example.org,2025-01-19,False,medium,control,0
1238,Carol Cook,athomas@example.net,2025-08-29,False,high,treatment,0
1239,Christopher Baker,jacksonkathleen@example.org,2025-11-25,True,medium,treatment,0
1240,Lauren Freeman,thomaswilliams@example.org,2025-11-05,True,medium,treatment,0
1241,Sara Fox MD,kimberlygarcia@example.net,2025-05-20,True,high,control,1
1242,Gregory Gardner DDS,michael05@example.com,2026-02-18,False,low,treatment,1
1243,Patricia Vincent,rrodriguez@example.net,2026-03-03,False,high,control,0
1244,William Chase,michaeljohnson@example.net,2026-03-12,False,high,control,0
1245,Heather Garner,samanthagray@example.org,2026-08-23,False,low,control,0
1246,Meghan Nolan,harcher@example.org,2025-03-29,True,low,control,0
1247,Stacy Myers,rlandry@example.com,2025-02-03,False,low,control,0
1248,Mia Flowers,hamiltonspencer@example.com,2025-04-15,False,low,control,0
1249,Kathryn Jennings,hbecker@example.com,2025-12-16,False,high,control,0
1250,Elizabeth Roberts,alexis03@example.com,2026-05-13,False,low,control,0
1251,John Smith,donna00@example.com,2024-12-26,False,medium,treatment,0
1252,Rachel Shaw,stephaniereeves@example.org,2026-09-15,False,high,treatment,0
1253,Kevin Miller,antoniofitzpatrick@example.org,2026-05-03,True,low,control,0
1254,Jenny Rasmussen,orozcosamantha@example.net,2025-05-02,False,low,treatment,0
1255,Meghan Morris,feliciagonzalez@example.org,2025-07-18,False,high,control,0
1256,Eric Evans,ygardner@example.com,2024-11-26,True,high,treatment,0
1257,Melissa Gordon,taylor67@example.com,2026-08-20,False,medium,treatment,0
1258,Thomas Johnson,idavis@example.net,2026-07-11,False,high,control,0
1259,Lauren Watson,brian62@example.com,2026-01-19,True,low,treatment,0
1260,Phillip Holmes,millerjoseph@example.net,2024-12-04,False,medium,treatment,0
1261,Samantha Cunningham,michelle19@example.net,2025-09-25,False,low,treatment,0
1262,Meredith Black,rtaylor@example.net,2026-06-01,True,low,treatment,0
1263,Eric Hays,shaffercindy@example.org,2024-12-09,False,low,control,0
1264,Larry Martinez,wrightdale@example.org,2026-05-18,True,high,control,0
1265,Anthony Martinez,lwebb@example.org,2026-05-25,True,high,treatment,0
1266,Samantha Maldonado,reynoldsdaisy@example.org,2024-12-29,False,medium,control,1
1267,Cynthia Hunt,thomasroberts@example.net,2024-11-29,True,low,control,0
1268,Holly Hill,gwolfe@example.com,2025-07-18,False,medium,treatment,0
1269,Alfred Bryant,tsmith@example.org,2026-01-01,False,low,control,0
1270,Lisa Williams,sydney77@example.com,2024-09-23,False,medium,control,0
1271,Jonathan Callahan,michaelmccarthy@example.com,2025-09-27,False,medium,treatment,0
1272,Christian Rios,stephen24@example.net,2025-04-26,False,medium,control,0
1273,Thomas Brewer,mestes@example.net,2025-01-26,True,low,treatment,0
1274,Katie Hopkins,david59@example.net,2025-05-29,True,low,treatment,0
1275,Jennifer Williams,jesseortega@example.com,2026-07-31,False,low,control,0
1276,Peter Zavala,danielgilmore@example.net,2026-07-01,False,low,treatment,0
1277,Jennifer Brown,danny17@example.com,2025-12-04,False,high,control,0
1278,Tammy Morris,ogray@example.net,2025-10-28,True,high,treatment,0
1279,John Shelton,jamesmartin@example.net,2026-05-01,False,low,control,0
1280,Kevin Soto,harrislisa@example.org,2025-06-06,True,medium,treatment,0
1281,Joshua Jones,faithrosario@example.net,2025-12-30,False,medium,treatment,0
1282,Ronnie Hudson MD,michael82@example.org,2025-08-03,True,low,treatment,0
1283,Shelly Carroll,kimberlyevans@example.org,2025-09-16,False,low,treatment,0
1284,Joshua Johnson,sandra46@example.net,2025-06-05,True,low,control,0
1285,Brooke Roberts,melissafrederick@example.net,2025-05-03,False,high,control,0
1286,Kimberly Snow,qgiles@example.net,2024-10-08,False,high,treatment,0
1287,Dean Cook,tayloramy@example.net,2025-05-15,False,low,treatment,0
1288,Susan Brown,kjones@example.net,2026-02-12,True,medium,control,0
1289,Amanda Zavala,ngeorge@example.org,2026-06-27,False,medium,control,0
1290,Carl Cummings,johnsonwilliam@example.net,2025-05-31,False,medium,treatment,0
1291,Richard Walter,andrewbrown@example.org,2025-10-12,True,high,control,0
1292,Melanie Rojas,xwilliams@example.com,2026-02-07,False,low,treatment,0
1293,Jeffery Taylor,nwilson@example.com,2025-06-01,False,medium,control,0
1294,Thomas Allen,chapmanjeremy@example.net,2026-03-21,True,medium,treatment,1
1295,Kimberly Williams,marksjohn@example.org,2024-11-12,True,medium,control,1
1296,Christopher Williams,carrie34@example.org,2025-12-04,False,medium,treatment,0
1297,Bryan Jones,shawna37@example.net,2026-03-08,False,medium,treatment,1
1298,Thomas Robinson,shelly84@example.net,2025-03-14,True,medium,treatment,0
1299,Emma Weaver,brownrachel@example.net,2026-08-12,True,low,control,0
1300,Mr. Thomas Skinner,kevintran@example.org,2025-06-16,True,low,control,1
1301,Brenda Spence,dsantos@example.org,2024-10-02,False,low,treatment,0
1302,Debra Chapman,margaret10@example.com,2026-06-03,False,low,control,0
1303,Albert Reyes,nwilliams@example.com,2025-01-29,True,medium,control,0
1304,Anthony Torres,sharon95@example.com,2026-05-02,True,low,treatment,0
1305,Nicole Peterson,yglenn@example.net,2026-07-27,False,low,control,0
1306,Renee Tran,michele87@example.com,2025-11-09,False,low,control,0
1307,Kelly Martin,pmcdonald@example.org,2026-07-12,True,medium,treatment,0
1308,Michael Hill,kelseyphillips@example.net,2025-07-02,False,low,treatment,0
1309,Heidi Hopkins,martinezashley@example.com,2026-05-21,False,low,treatment,0
1310,Jill Smith,owenstammy@example.com,2025-12-27,False,low,control,0
1311,Jennifer Riley,hillcheryl@example.com,2026-08-14,False,high,treatment,0
1312,David Buchanan,misty23@example.net,2025-01-22,False,high,treatment,0
1313,Mary Hall,lopezwilliam@example.com,2025-11-14,False,high,treatment,0
1314,Mitchell Brown,theresa05@example.net,2026-02-24,True,medium,treatment,0
1315,Hannah Jones,ewilson@example.org,2025-02-13,False,low,control,0
1316,Sandra Becker,maynancy@example.org,2024-10-05,False,medium,treatment,1
1317,Heather Hester,thomas49@example.org,2025-01-12,True,low,control,0
1318,Timothy Buck,rodriguezjason@example.com,2025-09-25,False,medium,treatment,0
1319,Katie Perkins,shelby69@example.org,2026-01-10,False,medium,control,0
1320,Phillip Banks,benjaminvictoria@example.net,2025-09-20,False,medium,control,0
1321,Kimberly Barnes,abbottallison@example.org,2025-12-04,True,low,treatment,0
1322,Kelly Stewart,marycarter@example.org,2025-05-15,False,medium,control,0
1323,Vanessa Hall,kaitlin13@example.com,2026-03-06,True,low,treatment,1
1324,Heidi Bell,melendezdenise@example.net,2025-03-04,False,medium,treatment,1
1325,Crystal Carey,sarasanchez@example.com,2026-01-22,False,low,control,0
1326,Lisa Flynn,lee16@example.com,2025-09-21,True,low,treatment,0
1327,Johnny Keith,rachelwalter@example.org,2025-01-16,False,low,treatment,0
1328,Ralph Dawson,inewton@example.org,2026-05-19,False,low,treatment,0
1329,Christopher Jones,wstrong@example.org,2025-07-08,False,high,control,0
1330,Michelle Wilson,brittany91@example.net,2024-10-20,True,medium,treatment,0
1331,Heather Cole,vmccoy@example.com,2025-04-16,False,high,treatment,0
1332,Chad White,hernandezalan@example.net,2025-06-14,True,medium,control,0
1333,Jamie Gonzales,shirley13@example.com,2025-09-12,False,low,treatment,0
1334,Joseph Fox,ymitchell@example.com,2026-03-24,True,medium,control,0
1335,Amanda Landry,russellramirez@example.net,2025-05-04,False,low,control,0
1336,Christopher Roberts,kgonzales@example.com,2026-08-04,False,low,control,0
1337,Larry Rodriguez,elizabeththomas@example.org,2025-10-25,False,low,treatment,1
1338,Caroline George,moyeramber@example.org,2024-09-21,False,low,control,0
1339,Allison Harris,hdennis@example.org,2026-05-17,False,low,treatment,0
1340,Brian Mccarthy,wallaceryan@example.com,2024-11-19,True,medium,control,0
1341,Donald Barnett,linda31@example.com,2025-01-09,True,medium,treatment,0
1342,Jesse Moss,mannleroy@example.org,2025-07-30,True,low,control,0
1343,Rebecca Stewart,averycourtney@example.org,2024-12-26,False,low,control,0
1344,Tony Nunez,theodore72@example.net,2025-09-15,True,low,control,0
1345,Mark Davis,aaronjones@example.net,2025-12-07,False,low,control,0
1346,Amanda Watts,pwelch@example.net,2025-05-29,False,medium,control,0
1347,Tiffany Humphrey,nancycontreras@example.com,2026-04-22,True,low,treatment,0
1348,Howard Castillo,robinsonsydney@example.com,2025-07-20,False,medium,treatment,0
1349,David Coleman,stevenflores@example.org,2025-05-29,False,low,control,0
1350,Carl Khan,rburke@example.org,2024-10-08,False,medium,treatment,0
1351,Daniel Rosales,xbrown@example.com,2025-03-27,False,high,treatment,1
1352,James Ramos,dgreen@example.com,2025-09-06,True,low,treatment,0
1353,Mark Williams,kortiz@example.org,2025-10-13,False,medium,treatment,0
1354,Ashley Donaldson,david80@example.net,2024-10-02,True,low,treatment,0
1355,Richard Cook,katie81@example.net,2024-10-22,True,low,treatment,0
1356,Joseph Galloway,oheath@example.com,2026-04-25,False,medium,control,0
1357,Erin Lewis,shelbyjohnson@example.org,2026-03-22,False,low,control,0
1358,Kathryn Moody,moorekevin@example.org,2025-12-22,True,low,control,0
1359,Amanda Brady,irios@example.net,2026-06-19,False,high,control,1
1360,Angela Wagner,vsmith@example.net,2025-12-03,False,low,treatment,0
1361,Noah Sparks,marievillarreal@example.com,2025-07-24,False,medium,control,0
1362,Elizabeth Stevens,bakerdiana@example.com,2025-06-19,False,low,treatment,0
1363,Daniel Russell,timothy88@example.org,2025-06-23,False,low,control,0
1364,Monica Bean PhD,chavezbecky@example.org,2025-07-04,True,low,treatment,0
1365,Jacob Hart,martin11@example.net,2025-01-18,True,low,control,0
1366,Katherine Wright,richardmassey@example.net,2026-02-27,False,low,treatment,0
1367,Crystal Saunders,robert52@example.org,2025-05-09,True,high,treatment,0
1368,Jennifer Smith,karinorton@example.net,2025-09-17,False,medium,control,0
1369,Cynthia Murray,vrobertson@example.net,2024-11-15,False,medium,treatment,0
1370,Michael Bennett,martinkaitlin@example.org,2025-02-08,False,low,control,0
1371,Ashley Mcclure,zjackson@example.net,2025-09-08,False,low,control,0
1372,Kimberly Ross,david44@example.net,2025-05-10,True,low,control,0
1373,Kristy Martin,alexandra39@example.net,2025-06-15,False,medium,treatment,0
1374,Kaitlyn Clark,sara22@example.net,2026-02-21,False,low,treatment,1
1375,Evan White,ajones@example.com,2026-02-11,False,medium,treatment,0
1376,Brandon Ellis,browntaylor@example.org,2024-11-04,False,medium,treatment,0
1377,Sophia Cooper,reillyjoshua@example.com,2025-11-18,True,low,control,0
1378,Marcus Powell,ann31@example.net,2025-01-06,False,low,control,0
1379,Diana Baker,martinezalexa@example.net,2026-03-30,False,high,treatment,0
1380,Raymond Vargas,tammy97@example.org,2025-01-17,False,low,treatment,1
1381,Virginia Davis,douglasalvarez@example.org,2025-05-11,True,low,treatment,0
1382,Amy Hunt,ecoleman@example.com,2025-04-26,False,low,treatment,0
1383,Cynthia Long,wmccarthy@example.com,2026-05-23,True,high,control,0
1384,Blake Jacobs,stephaniedougherty@example.com,2026-02-18,False,low,treatment,0
1385,Kristina Henry,gina86@example.net,2025-05-29,False,medium,treatment,0
1386,Jacob Owens,jessica39@example.net,2026-06-19,True,low,control,0
1387,Cheryl Brooks,gonzalezmichael@example.org,2024-09-21,False,low,treatment,0
1388,Brandon Wood,wesley09@example.com,2024-10-11,False,low,control,0
1389,John Williams,joshua09@example.org,2026-06-09,True,low,control,0
1390,Yolanda Chen,vthompson@example.net,2026-03-19,False,low,control,0
1391,Amanda Johnson,janicethompson@example.org,2024-11-16,True,medium,control,0
1392,Barbara Ramos,edwardsmichaela@example.com,2026-09-05,False,medium,treatment,0
1393,Lucas Smith,rachael29@example.net,2026-08-08,False,low,treatment,0
1394,Teresa Powell,brownmandy@example.net,2025-01-02,False,low,treatment,0
1395,Christopher Williams,haleyortiz@example.net,2026-03-16,False,high,treatment,0
1396,April Hill,david79@example.net,2024-11-18,False,high,control,1
1397,Anita Hardin,jessicalopez@example.net,2025-12-19,False,low,treatment,0
1398,Christopher Smith,steven34@example.net,2025-12-30,False,medium,control,0
1399,Cheryl Campos,lancegray@example.com,2025-01-25,True,medium,control,1
1400,Ethan Perez,joshuagonzalez@example.com,2025-03-25,False,low,treatment,0
1401,Brandon Kelly,michael87@example.net,2026-02-01,False,high,control,0
1402,Travis Richards,amandaclark@example.net,2025-07-31,False,high,treatment,1
1403,Melanie Roberts,holly88@example.net,2026-04-20,False,high,control,0
1404,Raymond Scott,hgreen@example.net,2026-01-11,False,low,control,0
1405,Charles Willis,anne90@example.com,2026-02-11,False,medium,control,0
1406,Sheila Smith,valvarez@example.net,2026-07-09,True,medium,control,0
1407,Hunter Martin,karengonzales@example.net,2025-08-16,False,low,control,1
1408,Jessica Ross,johnnybrooks@example.com,2025-09-04,False,medium,treatment,0
1409,Andrew Hickman,kathrynsantana@example.net,2024-12-04,False,low,treatment,0
1410,Derrick Ray,martingarrett@example.com,2026-06-27,True,low,treatment,0
1411,Terri Gonzalez,davidcook@example.org,2026-08-27,False,low,treatment,0
1412,Ralph Solis,dfoster@example.org,2026-01-11,False,low,treatment,1
1413,Christopher Parker,joelharris@example.org,2026-02-28,False,medium,treatment,0
1414,Justin Rowe,woodsmelvin@example.com,2025-10-23,False,low,control,1
1415,Daniel Kennedy,tguerra@example.org,2026-03-28,False,low,treatment,0
1416,Carl Hines,ricardomurphy@example.com,2026-05-09,False,medium,treatment,0
1417,Jessica Long,reedelizabeth@example.net,2024-10-06,True,low,control,0
1418,Cassandra Young,matthew09@example.net,2026-03-20,False,high,treatment,1
1419,Maria Taylor,bradleyturner@example.org,2025-05-23,False,low,control,0
1420,Jessica Mitchell,eleonard@example.org,2025-03-26,False,low,treatment,0
1421,Cassie Sanders,marshallchristopher@example.net,2026-03-06,False,medium,treatment,1
1422,Jennifer Roman,luisandrews@example.com,2026-01-31,False,high,control,0
1423,Matthew Santiago,twise@example.com,2025-03-25,False,low,control,0
1424,Lindsey Lang,xshaw@example.com,2026-02-19,False,low,treatment,0
1425,Valerie Rodriguez,tinaschmidt@example.com,2026-06-15,False,low,control,0
1426,Adam Vaughan,james97@example.com,2024-10-22,False,low,treatment,0
1427,Bryan Burns,brendan95@example.com,2025-07-25,True,high,control,0
1428,Pamela Johnson,guy56@example.org,2025-08-09,True,medium,treatment,0
1429,Andrew Rodriguez,schmidtrandy@example.org,2024-11-17,True,low,treatment,0
1430,Nicholas Schultz,worozco@example.com,2026-02-02,True,low,treatment,0
1431,Roger Conley,uwilliams@example.com,2024-10-14,False,low,treatment,0
1432,Misty Burnett,reyestina@example.org,2025-05-21,False,medium,treatment,0
1433,Elizabeth Morales,stephaniescott@example.net,2026-03-13,False,medium,control,0
1434,Thomas Sanford,ashleycooley@example.net,2025-09-27,False,medium,treatment,0
1435,Dana Lindsey,ashley36@example.com,2026-03-16,True,low,treatment,0
1436,Destiny Powers,rbrowning@example.com,2025-04-04,False,high,control,0
1437,Albert Perry,joshuaford@example.net,2025-05-07,False,low,treatment,0
1438,Albert Nguyen,carrjessica@example.net,2026-05-14,False,low,treatment,0
1439,Madison Murphy,jalvarez@example.org,2025-05-25,False,low,control,0
1440,Rodney Hernandez,sclark@example.org,2026-01-21,False,low,treatment,0
1441,Andrew Phelps,welchanna@example.com,2024-11-16,False,high,control,1
1442,Kendra Torres,shannon70@example.org,2025-12-17,True,low,control,0
1443,Guy Reynolds,potterjustin@example.net,2025-09-10,True,high,treatment,0
1444,Thomas Anderson,davisjeffery@example.org,2025-11-08,False,low,treatment,0
1445,Christopher Waters,wpierce@example.org,2025-07-19,False,medium,control,0
1446,Emma Cox,beckgloria@example.net,2026-03-27,False,medium,treatment,0
1447,Joseph Myers,dsimpson@example.com,2026-05-13,False,medium,treatment,0
1448,Thomas Thompson,aaron57@example.net,2025-01-20,True,high,treatment,0
1449,Janet Delgado,ojenkins@example.org,2025-12-13,False,low,treatment,0
1450,Manuel Duarte,udougherty@example.net,2025-03-18,False,low,treatment,1
1451,Kaitlyn Davis,andrew96@example.net,2025-09-25,True,medium,control,0
1452,Thomas Ellis,gregorygiles@example.org,2025-05-10,True,low,control,0
1453,Steven Clark,rstevens@example.net,2025-08-07,False,low,treatment,0
1454,Christopher Murray,laramary@example.org,2025-03-14,False,low,treatment,0
1455,Andrea Goodman,ecamacho@example.com,2024-11-07,False,low,treatment,0
1456,David Baldwin,baldwincatherine@example.net,2026-02-21,True,low,control,0
1457,Ronald Brown,uclayton@example.org,2025-06-09,False,high,treatment,0
1458,Kayla Banks,gcobb@example.org,2026-05-29,True,medium,control,0
1459,Lauren Moody,michaeldouglas@example.org,2026-07-16,False,medium,treatment,1
1460,Christine Davis,ellisjenna@example.org,2026-03-24,False,low,treatment,0
1461,Michael Rivera,klyons@example.com,2025-11-25,False,medium,treatment,0
1462,Brittany Roberts,nicoleelliott@example.net,2025-04-17,False,low,control,0
1463,Brooke Walters,rmarquez@example.com,2025-01-07,False,high,treatment,0
1464,Betty Lawson,oscott@example.org,2026-06-01,False,high,treatment,1
1465,Brittany Smith,jennifer86@example.com,2025-12-13,False,low,control,0
1466,Gregory Moore,alexandra67@example.net,2025-01-18,False,medium,treatment,0
1467,Casey Prince,barnettcalvin@example.org,2025-05-01,True,medium,control,0
1468,Donald Strickland,santosmichael@example.com,2025-11-07,False,low,treatment,0
1469,Alexandria Francis,judithcox@example.org,2025-07-05,False,medium,treatment,0
1470,Gary Jones,wallerbrian@example.net,2025-10-04,False,low,control,0
1471,Robert White,jeremylove@example.org,2024-10-16,True,medium,treatment,0
1472,Kristen Davis,jessicalowery@example.org,2025-10-03,True,medium,treatment,1
1473,Darren Willis,imarshall@example.org,2025-05-08,False,low,treatment,0
1474,Christina Wilson,alvarezcory@example.net,2025-02-21,False,medium,control,0
1475,Mr. Kevin Callahan,cortezscott@example.net,2025-02-06,False,high,control,0
1476,Lisa Bryant,kingrichard@example.com,2025-09-12,False,medium,control,0
1477,Jordan Palmer,joseph83@example.com,2025-04-06,False,low,treatment,0
1478,Ellen Alexander,tonyflores@example.net,2025-08-26,False,medium,control,0
1479,Austin Reynolds,cody75@example.net,2026-02-01,False,high,treatment,0
1480,Cheryl Rodriguez,jasonshaw@example.com,2026-03-31,True,medium,treatment,0
1481,Michael Pennington,ashleymoore@example.org,2025-02-04,True,low,control,0
1482,Christopher Moore,markblack@example.com,2026-01-07,False,high,control,0
1483,Penny Adams,thomas45@example.org,2025-04-28,False,medium,control,0
1484,Sandra Stewart,ronald66@example.org,2026-03-28,False,medium,treatment,0
1485,Wayne Gomez,theresawang@example.org,2026-05-08,False,low,control,0
1486,Matthew Scott,andrew66@example.com,2025-10-29,False,low,control,0
1487,Rebecca Williamson,ggates@example.org,2025-03-13,False,medium,treatment,0
1488,John Griffith,ccrane@example.net,2025-06-29,False,low,control,0
1489,Michelle Wright,dbrown@example.net,2025-05-25,False,low,control,0
1490,Jessica Mitchell,vtaylor@example.org,2025-05-12,False,high,control,0
1491,Jennifer Hernandez,brittanyandrews@example.net,2024-11-20,False,low,treatment,0
1492,Kenneth Farmer,angela40@example.org,2026-04-04,False,medium,treatment,0
1493,Richard Dawson,susan57@example.net,2026-06-25,False,high,control,0
1494,John Murray,james44@example.net,2026-03-17,True,medium,control,0
1495,Bryan Jenkins,zshaffer@example.org,2026-05-17,False,high,control,0
1496,William Brooks,gforbes@example.com,2026-04-17,True,medium,control,0
1497,Kenneth Walters DDS,mccannkimberly@example.net,2025-01-10,False,low,control,0
1498,Sarah Berry,mbishop@example.org,2026-03-31,True,high,control,0
1499,Donald Hayes,debrajones@example.net,2025-11-11,True,low,control,1
1500,Richard Stevenson,zpreston@example.net,2025-04-19,True,high,control,0
1501,Jean Smith,ronald43@example.net,2026-01-23,False,medium,control,0
1502,Jimmy Ortega,patricia92@example.org,2026-04-05,True,medium,control,0
1503,Christopher Johnson,chanamber@example.org,2025-05-14,False,medium,control,1
1504,David Clark,frank43@example.org,2026-04-04,False,low,control,0
1505,Shawn Blackburn,flowersnicholas@example.com,2026-06-13,False,low,treatment,0
1506,Christine Williams,nross@example.com,2025-11-22,False,low,control,0
1507,Wayne Hunter,martinjason@example.com,2026-03-12,False,low,treatment,0
1508,Zachary Perry,traciemarsh@example.com,2025-09-01,False,low,treatment,0
1509,Theresa Smith,zlara@example.org,2025-06-03,False,low,control,0
1510,Sara Hamilton,jerome16@example.com,2024-09-28,True,medium,control,0
1511,Monica Merritt,taylorjohn@example.net,2024-09-23,True,low,treatment,1
1512,Brenda Harrison,brownleah@example.net,2026-01-13,False,low,treatment,1
1513,Jason Moore,gregstone@example.org,2026-03-13,True,low,control,0
1514,Catherine Koch,buchanananthony@example.org,2025-04-28,False,medium,control,0
1515,Susan Baker,anthony05@example.org,2026-06-28,False,medium,control,0
1516,Shane Mcintyre,ryankathryn@example.net,2025-10-05,True,low,treatment,0
1517,Adrian Prince,barnescarl@example.com,2025-08-22,False,low,treatment,0
1518,Steven Alexander,collinsterrance@example.com,2024-12-19,True,low,control,0
1519,Holly Austin,woodskaitlyn@example.net,2025-02-07,False,high,treatment,0
1520,Carlos Dunlap,donnapaul@example.net,2025-07-09,True,medium,treatment,1
1521,Ashley Perez,jessicaturner@example.net,2026-08-29,True,high,treatment,0
1522,Kelly Ray,kathleen25@example.com,2025-06-17,True,low,treatment,0
1523,Noah Rosales,ywelch@example.org,2026-09-03,False,medium,control,0
1524,Mark Conley,fernandomorris@example.net,2025-09-03,False,low,treatment,0
1525,Chelsea Kane,nhayes@example.com,2025-12-15,False,low,treatment,0
1526,Autumn Ramirez,matthew24@example.com,2026-04-29,True,low,control,0
1527,Mr. Matthew Barnett,kathryn41@example.com,2025-07-25,True,low,treatment,0
1528,Joshua Davis,hgreer@example.net,2026-02-19,False,high,treatment,0
1529,Gregory Chavez,burchteresa@example.org,2025-07-04,False,low,control,0
1530,Yvette Lee,kimberlygonzalez@example.net,2025-06-02,True,high,treatment,1
1531,Brittany Heath,mcbridemichael@example.org,2026-02-06,True,low,treatment,1
1532,Carol Moore DDS,meganpotter@example.org,2025-10-17,False,medium,control,0
1533,Jessica Harris,haleystacy@example.com,2025-06-28,False,low,treatment,0
1534,Jennifer Woods,derek40@example.org,2025-03-19,True,high,treatment,0
1535,Emily Leblanc,brownrobert@example.org,2025-09-03,True,medium,treatment,0
1536,William Bray,petermoore@example.com,2025-06-29,False,medium,control,0
1537,Ruben Jones,donald61@example.net,2026-03-11,False,low,control,0
1538,Brittany Ramos,kathleen01@example.net,2025-05-02,False,high,treatment,0
1539,Mark Ruiz,hevans@example.net,2026-03-14,False,low,treatment,0
1540,Benjamin Werner,nancy06@example.com,2024-12-08,True,high,control,0
1541,Kevin Walter,oblake@example.net,2024-12-01,False,high,control,0
1542,Miss Linda Cox DVM,bcopeland@example.com,2024-10-28,True,medium,control,0
1543,Randy Kirby,rebecca85@example.com,2026-01-17,False,medium,treatment,0
1544,Howard Smith,fsanchez@example.org,2025-11-23,False,low,treatment,0
1545,Ashley Norman,kcastro@example.com,2025-12-04,False,low,treatment,0
1546,Mary Williams,garzalaura@example.org,2025-11-11,False,high,control,0
1547,Phillip Ward,tochoa@example.net,2024-10-16,False,medium,control,1
1548,Jessica Murray,bentleylisa@example.net,2026-03-15,True,medium,treatment,0
1549,Terry Robinson,andrewbautista@example.org,2025-04-18,False,low,treatment,0
1550,Allen Bryant,michael55@example.org,2025-04-07,True,low,treatment,1
1551,Erika Lyons,kayla23@example.net,2026-04-03,True,medium,treatment,0
1552,Erica Morales,kimberly27@example.org,2025-05-18,False,low,treatment,0
1553,Natalie Huff,leslietorres@example.net,2024-11-22,True,low,control,0
1554,Marc Fowler,tharris@example.com,2025-05-31,False,low,control,0
1555,Stephanie Fischer,marcusrodriguez@example.net,2025-05-01,False,medium,treatment,1
1556,Maria Phillips,raymonddominguez@example.org,2024-11-24,False,low,treatment,0
1557,Suzanne Alvarado,dustin58@example.com,2025-07-04,False,low,control,0
1558,Ashley Blanchard,christina15@example.org,2025-08-06,True,high,treatment,0
1559,Joshua Contreras,anthony33@example.org,2026-06-18,False,low,treatment,0
1560,Robert Thomas,john09@example.com,2026-05-22,True,low,treatment,0
1561,Juan Carroll,hlopez@example.net,2025-07-06,True,low,control,0
1562,Stephanie Hughes,jasmine54@example.com,2025-06-14,True,low,treatment,0
1563,Taylor Flores,chase25@example.net,2025-03-16,False,medium,control,0
1564,Betty Pollard,gnichols@example.net,2025-03-02,False,low,treatment,0
1565,Michael Bray,stevenandrews@example.org,2025-08-19,False,medium,control,0
1566,Kevin Brown,andrewwest@example.net,2024-10-29,False,medium,control,0
1567,Sean Hernandez,cameron49@example.com,2026-08-10,False,medium,treatment,0
1568,Michelle Henry,valerielewis@example.com,2025-05-01,True,medium,control,0
1569,Elizabeth Hall,ithomas@example.net,2025-11-20,False,medium,control,0
1570,Tricia Brown,briana19@example.org,2025-10-09,False,low,treatment,0
1571,Morgan Wright,maryjohnson@example.com,2026-03-03,False,high,treatment,0
1572,Brandon Powell,yballard@example.net,2025-08-29,False,medium,treatment,0
1573,Catherine Collins,jasminekoch@example.com,2024-11-22,True,low,control,0
1574,Curtis Bell,morgankaren@example.net,2025-03-24,False,medium,control,0
1575,Amy Hawkins,cody08@example.org,2024-09-20,False,low,treatment,0
1576,Alexander Stein,michele23@example.net,2025-12-14,False,low,control,0
1577,Daniel Reed,carolberry@example.com,2026-02-15,False,low,control,0
1578,Cassandra Hernandez,cjohnson@example.net,2026-06-28,False,medium,treatment,0
1579,Barbara Villa,daniel29@example.net,2025-01-17,False,low,treatment,0
1580,Corey Moore,sharon86@example.com,2026-08-08,False,low,control,0
1581,Ana Sanchez,johnroth@example.org,2026-04-20,False,low,control,0
1582,Anthony Haas,qcochran@example.net,2026-03-22,False,medium,treatment,0
1583,Sarah Davis,rhonda99@example.net,2025-10-10,True,low,control,0
1584,Joshua Harris,derek34@example.net,2025-07-25,False,low,treatment,1
1585,Bradley Johnson,morristimothy@example.com,2025-04-28,False,low,control,0
1586,Patricia Townsend DDS,lopezchristopher@example.net,2026-03-17,False,low,treatment,0
1587,Carrie Edwards,fergusonbrandon@example.com,2025-06-25,True,low,treatment,0
1588,Joshua Colon,hrodgers@example.org,2025-09-23,True,low,treatment,0
1589,Amanda Lewis,ododson@example.net,2025-05-09,False,high,treatment,0
1590,Kathleen Duncan,williamspatrick@example.net,2024-12-11,False,medium,control,0
1591,Tanner Keller,tracey63@example.com,2026-07-19,True,low,treatment,0
1592,Christopher George,nicole69@example.net,2026-06-10,False,low,treatment,0
1593,Christine Johns,robert06@example.com,2025-06-19,False,medium,control,0
1594,Chelsey Maxwell,carol60@example.net,2026-03-31,False,low,control,0
1595,Michael Jones,wilsonrachel@example.com,2024-11-04,False,medium,control,0
1596,Carol Singh,smitchell@example.com,2026-06-04,False,high,control,1
1597,Philip Foster,stephaniepeters@example.com,2025-02-10,False,low,control,0
1598,Amanda Mendoza,perezmarissa@example.org,2024-11-17,False,medium,control,0
1599,Andrea Graham,samuel27@example.net,2026-04-02,False,high,treatment,0
1600,Kathy Villegas,jennywilliams@example.org,2026-08-11,True,low,control,0
1601,Trevor Weeks,steven06@example.com,2025-01-06,False,medium,treatment,0
1602,Arthur White,matthewgriffith@example.org,2026-06-15,True,high,treatment,0
1603,David Rice,douglasbrandt@example.org,2024-12-07,False,medium,treatment,0
1604,Joseph Smith,jennifermorris@example.org,2024-12-30,False,medium,control,0
1605,David James,cervanteskayla@example.org,2026-06-05,False,medium,treatment,0
1606,Amanda Gardner,banksrenee@example.net,2026-01-01,True,medium,control,0
1607,Luis Cole,feliciasalazar@example.com,2026-09-03,True,medium,control,0
1608,Karen Roach,xherrera@example.org,2024-12-31,True,low,control,0
1609,Carrie Coffey,nicole50@example.com,2026-04-28,True,low,treatment,0
1610,Joe Page,vanessamartinez@example.net,2025-06-02,False,medium,treatment,0
1611,Jennifer Butler,ywallace@example.com,2025-06-09,False,low,control,0
1612,James Cummings,johnmarquez@example.net,2025-02-06,True,low,control,0
1613,Mary Montgomery,wkelley@example.com,2025-06-17,True,high,control,0
1614,James Harrison,xevans@example.net,2025-07-15,True,low,control,0
1615,George Wu,bgiles@example.org,2026-08-07,True,low,control,0
1616,Daniel Bradley,joshuareese@example.net,2026-04-02,False,medium,treatment,0
1617,Laura Owen,robertmcdonald@example.net,2024-12-21,True,low,control,0
1618,Emily Fitzpatrick,lowekristin@example.org,2024-10-02,False,low,control,0
1619,Sheila Rivera,edwardsrachel@example.org,2026-03-14,True,high,control,0
1620,Elizabeth Jones,brandy77@example.com,2026-02-13,False,medium,treatment,0
1621,Brian Hoffman,frankwilson@example.net,2025-07-13,False,low,treatment,0
1622,Lori Graves,hannah31@example.net,2026-08-09,False,medium,treatment,0
1623,Anne Williams,ekennedy@example.org,2026-03-31,False,low,treatment,0
1624,Victoria Cox,lrichards@example.com,2026-07-02,False,low,treatment,0
1625,Theresa Knight,vanessa51@example.org,2024-12-24,False,medium,control,0
1626,James Hernandez,suzanneflores@example.net,2026-04-19,False,low,control,0
1627,Heather Terrell,lsmith@example.com,2026-09-11,False,low,control,0
1628,David Palmer,burnsrebecca@example.org,2026-01-04,False,low,treatment,0
1629,Deborah Ferrell,billy71@example.com,2025-10-24,False,low,treatment,1
1630,William Weber,turnerjames@example.com,2025-06-21,False,high,treatment,0
1631,Michael Terry,michael86@example.com,2026-02-16,True,medium,treatment,0
1632,Gregory Green,tracyadams@example.com,2026-07-20,False,low,treatment,0
1633,Melvin Flores,johnsondavid@example.org,2025-03-13,False,low,control,0
1634,Austin Armstrong,kimberlyshields@example.org,2026-02-27,False,medium,treatment,0
1635,Glenda Stout,mooreconnie@example.com,2025-12-22,False,medium,treatment,0
1636,Maurice Salazar,padillajames@example.net,2026-07-26,True,low,control,1
1637,Nathan Davis,omoody@example.org,2024-10-23,False,medium,treatment,0
1638,Frank Moreno,troth@example.com,2025-12-03,False,medium,treatment,0
1639,Dwayne Lowe,ramoswilliam@example.org,2025-01-23,False,low,control,0
1640,Charles Weaver,hollywarner@example.org,2025-02-01,False,medium,control,0
1641,Nicole Perez,lreid@example.com,2025-11-30,False,low,control,0
1642,Donna Simmons,jill80@example.net,2026-06-29,False,high,control,1
1643,Diana Martin,brownmax@example.net,2024-10-31,False,low,treatment,0
1644,Jessica Craig,vsmith@example.net,2024-11-20,False,medium,treatment,0
1645,Sydney Ward,carrolljessica@example.com,2025-08-12,False,low,treatment,0
1646,Karen Porter,vedwards@example.org,2025-03-02,True,high,control,0
1647,Michael Ortiz,ynguyen@example.com,2025-08-21,False,medium,control,0
1648,Jodi Thomas,bbarnes@example.org,2026-04-16,False,low,control,0
1649,Seth Hernandez,alexis22@example.net,2026-08-09,False,low,control,0
1650,Alan Kennedy,matthew07@example.com,2025-01-10,False,medium,treatment,0
1651,Sarah Ramirez,tommycummings@example.com,2025-08-01,False,high,control,0
1652,Katherine Wade,suzanne15@example.net,2025-08-31,False,low,treatment,0
1653,David Harding,robertsmith@example.com,2025-12-22,True,low,treatment,0
1654,Eric Montgomery,georgealyssa@example.com,2026-02-28,False,low,control,0
1655,Sharon Wood,cbrown@example.com,2025-07-18,False,low,treatment,0
1656,Gabriel Hall,cynthia74@example.net,2025-05-24,False,medium,treatment,0
1657,Melissa Winters,kimberly93@example.net,2025-11-24,False,low,treatment,0
1658,Robert Burns,uzamora@example.net,2026-06-22,True,medium,control,1
1659,Charles Morris,uford@example.com,2024-11-04,False,low,control,0
1660,Corey Carrillo,michaelstrickland@example.com,2025-03-16,False,medium,control,0
1661,Erin Summers,yhoffman@example.com,2026-08-17,False,low,treatment,0
1662,Mr. Stephen Gonzalez,susanharper@example.org,2025-04-21,False,medium,treatment,0
1663,Stephen Mills,john66@example.net,2026-05-08,False,medium,control,0
1664,Dean Thomas,johnsondawn@example.com,2024-11-13,False,medium,treatment,0
1665,Theodore Hernandez,mpeters@example.com,2026-03-25,True,medium,treatment,0
1666,Donald Hill,lmitchell@example.org,2025-05-10,False,medium,control,0
1667,Anthony Nguyen,uwood@example.net,2025-06-18,True,low,treatment,0
1668,Jeffrey Nguyen,markhuff@example.org,2025-12-31,False,medium,control,0
1669,Peter Williams,sharpjennifer@example.com,2024-11-02,False,medium,control,0
1670,Christian Mills,christopherward@example.com,2025-05-22,False,medium,treatment,0
1671,Paul Vasquez,warrendarlene@example.com,2026-02-06,False,medium,treatment,0
1672,Ann Clark,dariuspruitt@example.com,2025-03-02,False,low,treatment,0
1673,Michael Johnson,timothywilliams@example.org,2026-08-12,False,medium,control,0
1674,Brenda Flores,qavila@example.com,2024-10-01,True,low,control,0
1675,Katherine Caldwell,cpierce@example.org,2025-11-22,False,low,control,0
1676,Kevin Smith,perkinsmicheal@example.org,2025-07-04,True,low,control,0
1677,Adam Burton,joseph58@example.com,2025-01-11,False,medium,treatment,0
1678,Lawrence Cook,rachael61@example.net,2025-04-13,True,low,treatment,0
1679,Larry Curtis,hharris@example.org,2025-06-27,False,low,control,0
1680,Timothy Harris,marissa39@example.com,2025-06-07,False,medium,treatment,0
1681,Mark Knight,jay04@example.org,2025-02-22,False,low,control,0
1682,Geoffrey Porter,dcortez@example.com,2025-11-30,False,low,control,0
1683,John Hoffman,laura31@example.net,2024-12-04,False,medium,control,1
1684,Andre Williams,arroyosarah@example.com,2025-08-08,False,low,control,0
1685,Tonya Davis,jason36@example.net,2026-06-19,True,medium,control,0
1686,Jason Johnson,roachkevin@example.com,2025-08-17,True,medium,control,0
1687,Victoria Rocha,calhounjulie@example.net,2026-04-19,True,medium,control,0
1688,Tara Thompson,millerjimmy@example.net,2026-02-06,False,medium,treatment,0
1689,Alexander Hart,simoneric@example.org,2025-07-04,False,low,control,0
1690,Andrew Reynolds,agutierrez@example.net,2026-07-05,True,medium,treatment,0
1691,Tina Walter,jennifer34@example.org,2026-01-20,False,low,treatment,0
1692,Chelsea Norris,forbesbradley@example.net,2026-05-20,True,low,control,0
1693,Tristan Freeman,jennifernewton@example.com,2025-06-10,True,high,treatment,0
1694,Joy Kennedy,nathanielwinters@example.net,2025-10-24,True,medium,treatment,0
1695,Nicholas Reed,bettywatson@example.com,2026-03-31,True,medium,control,1
1696,Michael Preston,bward@example.org,2025-12-01,False,high,control,0
1697,Faith Howard,ihayes@example.net,2025-01-15,False,low,treatment,0
1698,Jonathan Heath,carolfernandez@example.net,2025-01-11,False,high,treatment,0
1699,Brenda Velasquez,makaylasanders@example.com,2026-06-22,False,medium,treatment,0
1700,Kimberly Stone DDS,sarah23@example.net,2026-02-17,True,medium,control,1
1701,Bruce Dennis,amy68@example.net,2026-05-08,True,low,treatment,0
1702,Gregory Russell,perezdawn@example.org,2026-05-19,False,low,treatment,0
1703,Chelsea Smith,simpsonruth@example.net,2026-08-12,False,medium,treatment,0
1704,Jared Bryan,lynnjames@example.org,2024-10-09,False,high,control,1
1705,Cody Parsons,jonesshaun@example.org,2025-07-22,True,low,treatment,1
1706,Jamie Wolfe,matthew53@example.com,2025-07-27,False,low,treatment,0
1707,Karen Mendez,sheltontiffany@example.com,2025-05-08,True,low,treatment,0
1708,Michael Callahan,xmullins@example.org,2025-07-22,False,medium,control,0
1709,Shirley Avery,yvang@example.org,2026-08-21,False,medium,control,0
1710,Angie King,millerjennifer@example.net,2025-12-22,True,low,control,0
1711,James Rogers,tjohnson@example.net,2026-04-08,False,medium,control,0
1712,Claire Jenkins,suttonbrittney@example.net,2026-04-10,False,low,control,0
1713,Jill Shaw,khill@example.com,2026-04-25,False,medium,treatment,0
1714,Misty King,wolfetravis@example.com,2025-04-19,False,medium,control,0
1715,Dylan Rivera,mcdanieltanya@example.org,2025-02-09,False,medium,treatment,1
1716,Mr. Reginald Roman,kelseywilliams@example.org,2025-02-27,False,high,treatment,0
1717,Lauren Snyder,hstokes@example.org,2025-01-15,False,low,treatment,0
1718,William Jacobs,kimmichael@example.net,2025-07-28,False,low,treatment,0
1719,Stephanie Richardson,barnesarthur@example.com,2025-10-29,True,medium,treatment,0
1720,Austin Baker,thomas83@example.org,2024-12-14,False,high,control,1
1721,Kelly Ortega,ikeller@example.com,2025-10-29,False,medium,treatment,0
1722,Wesley Douglas,cwilson@example.org,2025-02-11,True,high,treatment,0
1723,Paul Myers,brian01@example.net,2026-01-16,False,medium,treatment,0
1724,Alexa Beard,luissanchez@example.com,2026-04-25,False,medium,treatment,0
1725,John Mendoza,thompsonangela@example.net,2025-10-17,False,low,treatment,0
1726,Brianna Martinez,michellejones@example.net,2026-09-10,False,medium,treatment,1
1727,Christopher Sims,xfranco@example.org,2026-05-15,False,low,treatment,0
1728,Paul Williams,kimberly03@example.net,2026-03-02,False,low,treatment,0
1729,Jerry Huff,kaitlynanderson@example.net,2026-08-12,False,medium,control,1
1730,Jennifer Wiggins,johnboyd@example.com,2026-04-05,False,medium,control,0
1731,Andre Jones,bushkimberly@example.net,2024-10-16,True,low,control,0
1732,Douglas Santos,kevin89@example.com,2026-07-21,False,medium,treatment,0
1733,Julie Freeman,taylordavis@example.com,2026-08-30,True,medium,control,0
1734,Lisa Brown,sarah49@example.net,2025-03-02,False,medium,treatment,0
1735,Erika Allen,michaeltorres@example.com,2025-09-30,False,low,treatment,0
1736,Dennis Coleman,kaylazamora@example.org,2026-04-26,True,medium,control,0
1737,Cheryl Parks,james79@example.net,2025-01-21,False,medium,control,0
1738,Sherri Little,carlyschultz@example.com,2025-01-28,False,medium,treatment,0
1739,Kathleen Sanchez,klove@example.com,2025-10-14,False,medium,treatment,0
1740,Larry King,zli@example.org,2024-11-04,False,low,treatment,1
1741,Dawn Simpson,william63@example.com,2024-10-24,True,medium,treatment,0
1742,William Larson,ukim@example.org,2024-12-28,True,high,control,0
1743,Philip Gamble,boonejoshua@example.net,2025-10-13,False,medium,treatment,0
1744,Brendan Paul,qharris@example.net,2024-10-30,False,low,treatment,0
1745,William Ball,russell33@example.net,2025-12-02,True,low,treatment,1
1746,Tanya Gomez,edwardspencer@example.com,2026-03-28,True,medium,treatment,0
1747,Vincent Reyes,bestchristopher@example.net,2025-12-09,False,high,control,1
1748,Rhonda Martinez,meganwalker@example.com,2025-12-06,False,low,treatment,0
1749,Tabitha Ramirez,allenkyle@example.net,2026-06-08,False,high,control,0
1750,Jill Hall,ortizsean@example.org,2026-03-11,True,medium,treatment,0
1751,Lucas James,jamie76@example.net,2025-05-25,True,medium,treatment,1
1752,Jordan Hughes,xobrien@example.org,2026-02-13,False,low,control,0
1753,Melissa Gray,uclark@example.com,2025-07-10,False,medium,control,0
1754,Earl Hall,ryu@example.net,2025-03-14,False,low,treatment,0
1755,Jodi Mcbride,xarmstrong@example.com,2024-10-01,False,low,control,0
1756,Jeremy Coleman,oscott@example.com,2025-06-11,False,low,treatment,0
1757,Karen Jackson DVM,meghanwerner@example.com,2024-10-22,False,medium,control,0
1758,Michael Moore,wrightalicia@example.com,2025-08-14,False,high,treatment,0
1759,Scott Ramirez,jeremycollins@example.net,2024-11-04,True,low,treatment,0
1760,Lisa Armstrong,keithharrison@example.com,2026-07-03,True,low,control,0
1761,Robert Gonzalez,jonescraig@example.org,2025-10-12,True,low,control,0
1762,Kristen Wood,ericfrederick@example.org,2026-04-15,True,low,control,0
1763,Christopher Nelson,masonpatricia@example.com,2024-12-24,True,low,treatment,0
1764,Christopher Anderson,audrey47@example.org,2025-08-15,False,medium,control,0
1765,Michelle Martin,jonesnicholas@example.org,2025-04-14,False,low,control,0
1766,Katherine Webster,doneal@example.net,2026-08-07,True,medium,treatment,0
1767,Larry Higgins,hwalton@example.com,2025-01-17,False,low,treatment,1
1768,Beth Johnson,greenemichael@example.com,2024-12-10,True,low,treatment,0
1769,Janet Evans,edwardsjames@example.org,2025-02-21,True,low,treatment,0
1770,Nicole Cole,deborahturner@example.org,2024-12-30,False,low,control,0
1771,Stephanie King,dowens@example.com,2026-06-24,True,medium,control,0
1772,Jason Williams,pennylivingston@example.com,2025-06-17,True,low,control,0
1773,Theodore Eaton,smiller@example.com,2026-05-10,False,low,control,0
1774,Amanda Jarvis,vjones@example.org,2025-05-01,True,low,treatment,0
1775,Alexandra Garcia,brian83@example.net,2025-10-02,False,medium,treatment,0
1776,Jamie Lindsey,ureed@example.com,2025-06-12,False,low,treatment,1
1777,Laurie Stephenson,ghamilton@example.org,2026-01-17,False,medium,control,0
1778,Nicole Hunter,sarahgray@example.net,2026-02-21,True,medium,control,0
1779,Madison Thomas,christopherreyes@example.com,2025-02-24,True,low,treatment,0
1780,Adam Anderson,ahudson@example.org,2025-07-26,True,low,treatment,0
1781,Wanda Clark,martinbenjamin@example.net,2025-09-04,False,medium,control,0
1782,John Zavala,qwilson@example.com,2026-05-03,True,low,treatment,0
1783,Nicholas Watson,qsosa@example.net,2025-10-30,False,medium,treatment,0
1784,Robin Rivera,alison98@example.net,2025-04-08,False,medium,treatment,0
1785,Stephanie Perez,hamiltonjoseph@example.net,2025-04-24,False,high,control,0
1786,Wendy Williams,laurie41@example.org,2025-10-27,False,medium,control,0
1787,Colleen Blanchard,gstein@example.net,2025-10-18,False,high,control,0
1788,Patrick Barnes,kerry32@example.net,2025-09-03,False,low,control,0
1789,Andrea Edwards,grahamlisa@example.org,2025-07-16,True,low,treatment,0
1790,Felicia Wood,joe76@example.net,2025-02-20,False,low,treatment,1
1791,David Sanchez,matthewharper@example.net,2025-06-19,False,medium,control,0
1792,Bradley Hogan,hernandezroy@example.org,2026-08-01,False,high,control,1
1793,Melissa Hernandez,smithgregory@example.org,2025-04-18,False,low,control,0
1794,Meghan Hull,elizabeth10@example.org,2026-07-01,False,medium,control,0
1795,Andrew Aguilar,mendezlori@example.org,2026-04-17,True,low,treatment,1
1796,Samantha Henry,brittney98@example.org,2026-05-18,False,low,treatment,0
1797,Austin Obrien,eric81@example.com,2025-12-04,False,medium,control,0
1798,Amanda Phelps,heatherpatrick@example.com,2026-08-13,False,medium,control,0
1799,Matthew Briggs,proman@example.com,2026-01-17,True,medium,control,1
1800,Joel Warner,millerbriana@example.org,2025-01-02,False,medium,treatment,0
1801,Mrs. Miranda Campbell MD,beth76@example.com,2024-12-15,True,medium,treatment,0
1802,Terri Arnold,sharon37@example.net,2024-10-11,True,low,control,0
1803,Corey Jones,randalllinda@example.com,2025-01-31,True,low,treatment,0
1804,Mr. James Fletcher MD,lisamcgee@example.net,2025-07-22,False,low,control,0
1805,Thomas Knight,adrianlogan@example.com,2025-07-17,False,high,control,1
1806,Dr. Charles Henson,williamsimpson@example.com,2026-07-12,False,low,control,1
1807,Jennifer Townsend,jennifer95@example.com,2024-09-19,False,medium,treatment,0
1808,Dr. Jonathan Clark,erin84@example.net,2025-06-29,False,low,control,0
1809,Leslie House,ryandodson@example.org,2025-08-15,False,medium,control,0
1810,Kimberly Ryan,vwilliams@example.org,2025-07-11,False,low,treatment,0
1811,Rebecca Wells,mhickman@example.net,2025-03-04,False,low,control,0
1812,Kevin Cole,patricia03@example.net,2026-07-10,True,high,treatment,1
1813,Derek Schmidt,walkerlorraine@example.org,2025-07-04,True,low,control,1
1814,Tyler Lang,amanda86@example.org,2025-09-18,True,high,control,0
1815,Rebecca Bowman,kayla07@example.net,2025-02-20,False,medium,treatment,0
1816,Donna Wilson,saraprice@example.net,2025-05-15,False,low,treatment,0
1817,Christina Cohen,murphyjohn@example.com,2024-10-02,False,low,control,0
1818,Paul Scott,emily62@example.com,2025-02-13,True,low,treatment,0
1819,Brent Huynh,whitney81@example.org,2026-09-05,False,low,treatment,0
1820,Sarah Smith,camerontownsend@example.com,2026-08-23,True,low,treatment,0
1821,Jerry Martinez,edixon@example.net,2025-12-10,True,high,treatment,0
1822,Heather Davis,paullopez@example.com,2026-03-01,False,low,treatment,0
1823,Lisa Montes,gayfrancis@example.com,2025-01-12,False,low,treatment,0
1824,Kimberly Mendoza,anthony66@example.org,2026-04-30,False,low,control,1
1825,Jennifer Jackson,vayala@example.net,2024-11-04,False,high,control,0
1826,Cristina Sandoval DVM,dgrant@example.com,2025-05-10,False,low,control,0
1827,Steven Johnson,adamkelly@example.net,2026-07-31,False,low,treatment,0
1828,Jennifer Monroe,michelle12@example.org,2025-11-25,True,low,treatment,0
1829,Audrey Taylor,jspencer@example.net,2026-03-27,False,medium,treatment,1
1830,Robert Hartman,john86@example.com,2024-10-15,False,high,control,0
1831,Todd Ortega,heathercabrera@example.org,2025-04-10,False,medium,control,0
1832,Vicki Hester,charles44@example.com,2024-10-03,True,low,control,0
1833,Mrs. Michelle Kane,coxcody@example.com,2026-04-01,False,low,treatment,0
1834,Caleb Ray,halljoshua@example.net,2026-03-22,False,low,control,0
1835,Angela Marquez,rebecca41@example.com,2026-03-20,True,low,control,0
1836,Thomas Fisher,joseph02@example.org,2024-11-24,True,low,control,0
1837,April Vance,harrisonmichael@example.net,2024-12-04,False,low,treatment,0
1838,Todd Jacobson,christopherjackson@example.net,2026-07-20,False,low,control,0
1839,Ashley Burnett,trobinson@example.org,2025-01-18,True,low,treatment,0
1840,Sharon Hicks,hsmith@example.com,2025-11-12,False,low,control,0
1841,Sarah Vasquez,brianclark@example.net,2025-06-27,False,low,treatment,0
1842,Eileen Taylor,sbartlett@example.com,2025-03-18,False,low,treatment,0
1843,Belinda Fisher,hsmith@example.com,2025-11-22,False,medium,control,0
1844,Melissa Ray,coffeyjohn@example.net,2024-10-16,False,low,control,0
1845,Dr. Monique Sutton MD,joshuarodriguez@example.org,2026-01-06,True,low,treatment,0
1846,Sandra Smith,petersonsergio@example.org,2026-02-28,False,medium,control,0
1847,Sheila Nguyen,hgray@example.net,2025-04-06,False,low,treatment,0
1848,Shannon Thomas,qgomez@example.net,2025-03-13,False,low,treatment,0
1849,Donald Williams Jr.,ymoore@example.org,2026-03-18,False,medium,control,0
1850,Christina Rodriguez,donald42@example.com,2026-04-02,False,low,treatment,0
1851,Phillip Brown,pbailey@example.org,2025-08-11,False,medium,control,0
1852,Desiree Woods,enelson@example.org,2025-08-03,False,medium,control,0
1853,Richard Brewer,jrobinson@example.net,2025-12-30,False,high,control,0
1854,Derek Wood,hannah48@example.com,2026-03-16,False,low,treatment,0
1855,Keith Dyer,rachelking@example.org,2026-03-24,True,high,treatment,0
1856,Kristi Austin,courtneymadden@example.org,2025-01-03,True,medium,control,0
1857,Randy Carrillo,abradley@example.com,2025-02-05,False,medium,treatment,0
1858,Eric Duran,heather49@example.org,2025-12-20,False,low,treatment,0
1859,Toni Cunningham,cody79@example.org,2026-06-29,False,low,control,0
1860,Scott Kelly,amandasnyder@example.com,2026-08-17,False,low,control,0
1861,Billy Cunningham,jessedelacruz@example.org,2025-08-24,False,medium,control,0
1862,Nancy Garcia,ohiggins@example.net,2025-02-20,False,low,control,0
1863,Andrew Smith,rmartinez@example.net,2025-11-21,False,high,treatment,0
1864,Daniel Peterson,cheryldavis@example.com,2026-04-18,True,low,treatment,1
1865,Lori Hodges,alvarezjoshua@example.org,2026-01-10,True,medium,treatment,0
1866,Abigail Wilkinson,lauraclay@example.org,2024-11-20,True,high,treatment,0
1867,Tammy Ramirez,whorton@example.com,2025-10-28,False,medium,treatment,0
1868,Patrick Hooper,contrerasjames@example.org,2025-03-07,True,low,treatment,1
1869,Christopher Wilcox,davidmurray@example.net,2025-08-11,False,medium,control,0
1870,Amanda Swanson,michaelsherman@example.com,2026-05-20,False,medium,treatment,0
1871,Michael Bass,thomassmith@example.com,2024-10-12,False,medium,treatment,0
1872,Ryan Fisher,duranjason@example.org,2025-07-17,False,low,treatment,0
1873,Michael Martin,olivia29@example.net,2026-01-12,True,low,control,0
1874,Jerry Jackson,qramirez@example.net,2025-02-20,False,low,control,0
1875,Patricia Smith,xphillips@example.net,2025-08-22,False,high,treatment,0
1876,Kevin Hogan,rachelhall@example.net,2025-10-12,False,high,control,0
1877,Kristin Foster,brianwhite@example.org,2026-04-24,False,medium,treatment,0
1878,Anthony Garrison,allenandrea@example.com,2025-10-05,True,low,treatment,0
1879,Dean Dunn,bradleyhenry@example.org,2024-12-28,True,low,control,0
1880,Melissa Davis,colleenjones@example.net,2025-12-24,False,medium,control,1
1881,Philip Murray,victoria50@example.org,2026-03-30,True,medium,control,0
1882,Patricia Vazquez,millerfrederick@example.net,2026-04-30,False,low,treatment,0
1883,Angela Lee,gonzalespatricia@example.net,2025-06-15,False,low,treatment,0
1884,Nicole Jacobs,vanessaedwards@example.net,2024-12-10,False,low,control,0
1885,Maria Goodwin,erik82@example.net,2026-01-18,True,low,treatment,0
1886,Donna Boyd,hernandezmadison@example.com,2025-09-18,False,high,control,0
1887,Emily Harrison,cmcdonald@example.net,2024-10-22,False,medium,treatment,0
1888,Stacey Gray,christopher84@example.net,2025-01-04,False,high,treatment,0
1889,Bryce Gutierrez,william55@example.net,2024-10-22,False,medium,control,0
1890,Christopher Ray,tranbenjamin@example.com,2024-10-25,False,high,treatment,0
1891,Jason Chase,ymontgomery@example.org,2026-04-04,False,low,treatment,0
1892,Tiffany Chase,davidbrown@example.org,2026-07-27,True,medium,control,0
1893,Dawn Rice,greenjessica@example.net,2025-01-24,False,low,control,0
1894,Kathleen Galvan,nicholasgallagher@example.net,2026-01-03,False,low,control,1
1895,David Nunez,heathermontgomery@example.com,2026-03-01,True,high,treatment,0
1896,Maria Estrada,rickey20@example.org,2026-06-21,True,low,control,0
1897,Bianca Bowen,tlewis@example.com,2024-11-16,False,medium,control,0
1898,Samantha Carter,wmoore@example.com,2026-03-24,True,medium,treatment,0
1899,Amanda Powell,jenniferwood@example.net,2026-01-29,False,low,control,0
1900,Tyler Pruitt,barnettterry@example.com,2025-07-14,True,medium,control,0
1901,Dylan Johnston,ingramjessica@example.com,2025-03-12,True,high,treatment,0
1902,Kelly Greer,martin27@example.net,2026-05-18,False,high,control,0
1903,Michael Johnson,kaiserkelly@example.org,2026-07-18,True,high,treatment,0
1904,Phillip Kelly,brenda16@example.net,2025-02-26,False,low,treatment,0
1905,Brian Davis,ufox@example.org,2025-10-19,True,low,treatment,0
1906,Christina Watkins,travistaylor@example.net,2025-05-11,False,low,control,0
1907,Stephen Bond,hubersamantha@example.net,2026-03-27,True,medium,control,1
1908,Vernon Esparza Jr.,umaxwell@example.net,2026-06-30,True,medium,control,0
1909,Cody Hoover,willismatthew@example.com,2024-12-07,False,medium,treatment,0
1910,Kyle Glass,haleycook@example.net,2026-02-12,False,low,control,0
1911,Drew Werner,hornerebecca@example.org,2026-06-23,False,low,treatment,1
1912,Jenna Lynch,dennis01@example.com,2025-12-02,False,low,control,0
1913,Shelby Fowler,daniel43@example.org,2025-07-04,True,low,control,0
1914,Ryan Willis,ulee@example.org,2026-08-06,False,low,treatment,0
1915,Katie Jones,vhill@example.com,2024-11-12,False,low,control,0
1916,Andrew Reese,david86@example.net,2024-10-18,False,medium,treatment,0
1917,Alex Conner,travisfoster@example.com,2026-08-24,False,low,treatment,0
1918,Kelly Davis,ronaldbradford@example.org,2026-08-07,False,low,treatment,0
1919,Amy Dyer,peter91@example.org,2025-06-26,False,low,treatment,0
1920,Angel Bentley,corythompson@example.org,2025-03-21,False,medium,treatment,0
1921,Anthony Jordan,ryanrodriguez@example.net,2026-05-29,False,low,treatment,1
1922,Justin Barrera,traceyguerra@example.com,2026-03-19,False,low,control,0
1923,David Kemp,leontracie@example.org,2025-05-25,True,medium,control,0
1924,Scott Durham,ricklewis@example.net,2025-06-17,False,medium,treatment,0
1925,Amy Estrada,bvazquez@example.net,2026-05-11,False,low,treatment,0
1926,Wendy Carpenter,prattjustin@example.org,2026-08-01,False,low,treatment,0
1927,Jody Scott,richardharper@example.net,2025-12-16,False,high,control,0
1928,Pamela Armstrong,qkane@example.com,2026-05-16,False,low,treatment,1
1929,Olivia Reese,hdavis@example.com,2025-01-01,False,medium,treatment,0
1930,Lauren Walsh,dylancunningham@example.com,2024-10-02,False,medium,treatment,1
1931,Emily Montgomery,stephaniezamora@example.org,2025-01-30,False,medium,treatment,0
1932,Sabrina Phillips,kimberlyjordan@example.net,2025-10-31,False,low,treatment,1
1933,Jennifer Lyons,omoore@example.org,2025-08-17,True,low,treatment,0
1934,Steven May,karacollins@example.net,2025-03-02,False,medium,treatment,0
1935,Erika Bates,debra82@example.net,2026-07-04,False,low,control,1
1936,Sara Pollard,merrittsusan@example.net,2024-12-12,False,low,treatment,0
1937,Michael Bishop,anthony26@example.net,2026-03-28,True,medium,control,0
1938,Bridget Guerrero,bowerspatrick@example.com,2025-05-26,True,low,treatment,0
1939,Tammy Robinson,gstokes@example.net,2026-05-17,True,high,control,0
1940,Pamela Aguirre,ashley14@example.org,2026-04-08,False,low,control,0
1941,Chase Matthews,melissa40@example.org,2026-05-18,False,medium,treatment,1
1942,Paul Smith,yburke@example.org,2026-09-16,False,low,control,0
1943,William Hughes,charlesbarnett@example.net,2025-05-19,False,high,treatment,1
1944,Sarah Williams,brooksbrian@example.net,2025-04-09,False,medium,treatment,0
1945,Lawrence Hodge,brian62@example.net,2025-10-03,False,low,treatment,0
1946,Tiffany May,brentrichardson@example.net,2025-04-09,False,medium,control,0
1947,Jon Ramos,peter07@example.org,2026-03-01,False,low,control,0
1948,Jennifer Anderson,melvinpeters@example.org,2026-03-16,False,medium,treatment,0
1949,Mario Wells MD,hendrixariana@example.net,2024-11-04,True,medium,control,0
1950,Alison Zuniga,carlos33@example.org,2025-08-14,False,medium,control,0
1951,Casey Velazquez,jennifer23@example.com,2026-07-18,False,low,control,0
1952,John Ho,ksmith@example.net,2024-11-30,False,low,treatment,0
1953,April Rodriguez,gyoung@example.net,2025-05-07,False,low,treatment,0
1954,Joshua Bray,nmartinez@example.com,2024-11-10,False,low,control,0
1955,Elizabeth Baker,barbergary@example.net,2025-05-11,False,low,treatment,0
1956,James Dixon,reynoldsjustin@example.org,2025-03-08,True,low,treatment,0
1957,David Garcia,jferguson@example.com,2026-03-12,True,high,control,0
1958,Mr. Thomas Jones PhD,humphreypatricia@example.net,2025-10-13,False,low,control,0
1959,Mark Green,ijackson@example.com,2026-03-07,False,low,treatment,1
1960,Nicholas Obrien II,odelacruz@example.net,2025-03-13,False,medium,control,0
1961,Jose Stephens,ricky53@example.net,2026-03-19,False,low,control,0
1962,Allison Floyd,hpowell@example.com,2025-09-01,False,low,control,0
1963,Scott Crawford,zholmes@example.org,2026-06-07,False,low,control,0
1964,Phillip Bennett,christopherpittman@example.org,2025-02-27,False,medium,control,0
1965,Michael Miller,qshelton@example.com,2024-09-27,False,low,control,0
1966,William Giles,richard21@example.net,2026-01-06,False,low,treatment,0
1967,Angel Duncan,ashley79@example.org,2025-10-29,False,low,control,0
1968,Melanie Young,krista02@example.org,2026-07-01,False,medium,control,0
1969,Gary Johnson,eileendaniels@example.net,2025-11-28,False,low,treatment,0
1970,Katie Carter,kennethjacobs@example.net,2025-12-06,True,low,control,0
1971,Andrea Miller,shannon88@example.com,2026-08-21,False,high,control,0
1972,Amanda Pena,kellyharold@example.net,2025-07-07,True,low,control,0
1973,Craig Hammond,anthonygilbert@example.com,2025-06-22,True,low,control,0
1974,Lucas Ball,isimpson@example.com,2025-06-25,False,medium,treatment,1
1975,Marcus Herman,jhiggins@example.org,2025-05-09,True,low,treatment,0
1976,Kathleen Brady,erin06@example.net,2025-01-31,True,medium,control,1
1977,Cynthia Williams,nicole56@example.com,2026-03-02,False,low,control,0
1978,Jesus Johnson,jacksonrachel@example.org,2026-04-08,True,high,treatment,0
1979,James King,zmurray@example.org,2024-12-28,False,low,treatment,0
1980,Lisa Lopez,cynthiaanderson@example.net,2026-03-11,True,low,treatment,0
1981,Rachel Greer,michellelee@example.net,2026-08-01,False,low,control,0
1982,Christopher Miller,jacob57@example.org,2026-07-17,True,medium,control,0
1983,Christopher Johnston,oshah@example.net,2025-02-26,True,medium,treatment,1
1984,Rachael Wood,michelleayers@example.org,2025-10-31,False,low,treatment,0
1985,Jacob Lynn,ystone@example.net,2025-05-12,False,low,treatment,0
1986,Nicole Mejia,mallory30@example.org,2025-04-29,False,medium,treatment,1
1987,Sherry English,housedaniel@example.com,2025-11-28,True,medium,control,1
1988,Curtis Whitaker,brandi40@example.org,2026-05-22,True,high,treatment,0
1989,Eric Nguyen,urodriguez@example.org,2024-12-04,False,medium,control,0
1990,Holly Mercado,halvarez@example.org,2025-03-10,True,low,treatment,0
1991,Samuel Williams,stephanie21@example.com,2026-08-12,False,medium,control,0
1992,Amanda Gomez,hreyes@example.org,2026-02-07,True,low,treatment,0
1993,Kristina Jacobs,katherinesmith@example.com,2024-12-20,False,high,treatment,0
1994,Kelsey Gates,richard25@example.net,2026-05-01,True,low,control,0
1995,Jessica Brown,michelle98@example.com,2026-04-19,False,high,treatment,0
1996,Jeremy Evans,devonmccarthy@example.net,2025-05-21,True,low,treatment,0
1997,Maureen Weaver,jessica65@example.com,2026-04-15,False,low,control,0
1998,Donna Shaw,susan11@example.net,2025-07-26,False,low,control,1
1999,Chad Rosales,williamslaurie@example.com,2025-12-28,False,low,treatment,0
2000,Sherry Jones,davidwiley@example.org,2026-04-24,False,low,treatment,0
2001,Andrea Smith,timothy83@example.net,2025-12-23,False,medium,treatment,0
2002,Catherine Garcia,justin88@example.net,2025-06-24,False,low,control,0
2003,Whitney Henry,smccarty@example.org,2025-07-23,True,low,control,0
2004,Rachel Ball,dawn20@example.org,2025-06-11,False,low,treatment,0
2005,Nancy Jackson,keith18@example.org,2026-04-28,False,low,treatment,0
2006,Joshua Velasquez,jamesbrown@example.org,2025-12-04,True,low,control,1
2007,Maria Sims,brownjoanna@example.org,2025-10-01,False,low,control,0
2008,John Harris,icooper@example.org,2026-03-31,False,low,treatment,0
2009,Michael Ortega,kristinyoder@example.com,2025-08-22,False,high,treatment,0
2010,William Hart,timothy62@example.net,2026-08-06,True,low,treatment,1
2011,Luke Dixon,qreyes@example.net,2025-03-12,False,low,control,0
2012,Anthony Melton,phorne@example.com,2025-01-23,False,medium,treatment,0
2013,Daniel Ramos,sararios@example.org,2026-08-17,False,medium,treatment,0
2014,Erika Thompson,joycekeith@example.org,2026-03-06,False,low,treatment,0
2015,Mary Richards,joel82@example.org,2026-07-04,False,low,treatment,0
2016,Jack Brandt,lukecase@example.com,2025-07-19,False,low,treatment,0
2017,Matthew Mclaughlin PhD,evanlong@example.org,2026-08-06,True,high,control,0
2018,Debbie King,ucarr@example.org,2025-01-26,True,high,treatment,0
2019,Roger Valencia,ksmith@example.org,2025-08-04,False,medium,treatment,0
2020,Gary Estrada,fwolf@example.net,2024-12-08,False,medium,treatment,0
2021,Steven Murphy MD,davidjohnson@example.net,2026-03-21,False,low,control,1
2022,Ricky Sanders,kelleyglen@example.org,2025-03-29,False,medium,treatment,0
2023,Lisa Case,gstone@example.net,2025-08-03,False,low,control,1
2024,Melissa Bowen,elizabeth52@example.org,2025-12-26,False,medium,treatment,0
2025,Antonio Monroe,harrisjoshua@example.com,2025-03-08,False,low,treatment,0
2026,Bradley Armstrong,daniel15@example.org,2026-08-15,False,medium,control,0
2027,Laura Mcfarland,johnsonedward@example.net,2025-01-17,False,medium,treatment,0
2028,Teresa Curry,davisjames@example.com,2026-01-07,False,low,control,0
2029,Cheryl Salazar,rhondaray@example.com,2024-11-16,False,low,control,0
2030,Kathryn Franklin,thomasbrandon@example.org,2026-03-05,False,high,control,1
2031,Christopher Delacruz,wortiz@example.net,2024-12-28,True,low,control,0
2032,Raymond Nunez,rodriguezrichard@example.org,2026-07-16,False,low,control,0
2033,Luis Johnson,jenniferstanley@example.net,2026-03-26,False,low,treatment,0
2034,Christina Dean,benjaminarmstrong@example.com,2025-06-21,True,high,control,1
2035,Adam White,kimberly12@example.com,2025-01-23,False,medium,treatment,1
2036,Alexander Hansen,igarrett@example.com,2026-06-07,False,medium,treatment,0
2037,Erin Taylor,nicholas09@example.org,2026-02-11,False,medium,treatment,0
2038,Walter Griffith,cochranjill@example.org,2026-04-28,False,medium,control,0
2039,Michael Carlson,kimberlysilva@example.org,2026-04-07,False,low,treatment,0
2040,Jesse Thomas,rodneyhoward@example.com,2025-10-16,False,low,treatment,0
2041,Phillip Anderson,greencharles@example.net,2026-04-09,False,low,treatment,0
2042,William Conrad,nmartinez@example.org,2025-09-02,False,medium,treatment,0
2043,Diana Jackson,ramosjennifer@example.org,2025-07-29,True,low,treatment,0
2044,Alison Perez,michelleschmidt@example.org,2025-05-25,True,medium,treatment,0
2045,Sean Carey,walkerjennifer@example.com,2024-10-10,False,low,treatment,0
2046,Alan Cox,kfrye@example.net,2025-08-13,False,low,control,0
2047,Richard Dean,scott55@example.com,2025-07-24,False,high,control,0
2048,David Mendoza,taylorlisa@example.com,2025-07-31,False,low,control,0
2049,Justin Hammond,williamsanthony@example.net,2026-04-19,True,low,control,0
2050,Ashlee Ross,burnsrodney@example.org,2025-10-19,True,low,treatment,0
2051,Robin Santiago,lrodriguez@example.org,2026-06-13,False,low,control,0
2052,Grant Brown,gonzalezbrad@example.com,2024-11-30,False,low,treatment,0
2053,Micheal Cook,hesskeith@example.net,2026-08-15,True,medium,treatment,0
2054,Curtis Morales Jr.,angelcunningham@example.org,2025-05-30,False,low,control,0
2055,Megan Griffin,fcarlson@example.org,2025-02-13,False,medium,control,0
2056,Felicia Cooke,catherinemoore@example.com,2026-07-22,False,medium,control,0
2057,Stacy Kim,christianrichards@example.net,2025-03-11,True,low,control,0
2058,Scott Smith,whitneyrichard@example.com,2024-11-29,False,low,treatment,0
2059,Lori Johnson,popebrent@example.net,2025-09-07,False,low,control,0
2060,Thomas Johnson,brenda88@example.org,2026-05-09,True,medium,control,0
2061,Melissa Zimmerman,audrey53@example.net,2026-09-16,True,medium,treatment,0
2062,Richard Williams,mortonkenneth@example.net,2026-05-10,False,high,control,0
2063,Jennifer Obrien,pfowler@example.org,2025-02-09,False,medium,control,0
2064,Melinda Cervantes,vmorrison@example.com,2024-11-30,False,high,treatment,0
2065,Tina Hernandez,dmitchell@example.com,2025-09-02,True,low,control,0
2066,David Thompson,samuel38@example.net,2025-11-23,True,low,treatment,0
2067,Keith Wilson,eroman@example.net,2026-05-11,False,medium,treatment,1
2068,Stephen Charles,anthonymcdonald@example.net,2025-08-19,False,low,control,0
2069,Sarah Garcia,kbrown@example.net,2026-01-16,False,low,control,0
2070,Robert Burton,atkinsonrachel@example.net,2026-08-07,False,medium,control,0
2071,Cynthia Cohen,hlester@example.org,2026-08-31,False,low,control,0
2072,Monica Medina,sarah80@example.org,2026-08-27,True,medium,treatment,0
2073,Stephanie Torres,eugenemartinez@example.com,2025-10-03,False,medium,control,0
2074,Crystal Mcgrath,samuel08@example.org,2024-11-01,True,low,control,0
2075,Joshua Barnes,thomas12@example.org,2025-06-21,False,medium,treatment,0
2076,Kyle Davis,villawilliam@example.com,2026-01-22,True,low,treatment,0
2077,Rebecca Greene,gcastro@example.org,2025-08-21,False,low,control,0
2078,Lauren Duarte,dbeck@example.com,2024-10-18,True,low,control,0
2079,Micheal Green,tylerrodney@example.com,2025-07-26,False,high,treatment,0
2080,Juan Wright MD,mathewbennett@example.org,2026-04-09,False,medium,control,1
2081,Robert Ballard,owhite@example.org,2026-06-25,False,low,control,0
2082,Michaela Campbell,preyes@example.net,2025-03-29,False,low,treatment,1
2083,Allison Chavez,edward70@example.org,2025-10-31,False,low,treatment,0
2084,Charles Zavala,bethany36@example.com,2025-10-18,True,low,treatment,0
2085,Jonathan Berry,josephross@example.net,2025-09-18,False,low,control,0
2086,Shirley Taylor,randall28@example.com,2025-12-01,True,high,control,0
2087,Alex Whitaker,evansjason@example.org,2025-11-19,False,medium,control,0
2088,Misty Howard,yolandamarks@example.net,2025-07-11,False,high,treatment,0
2089,John Russell,petersontina@example.org,2026-07-20,False,medium,treatment,0
2090,Jorge Morales,kentmichael@example.com,2026-03-19,False,low,treatment,0
2091,Dennis Jensen MD,marksheidi@example.com,2024-10-07,False,medium,treatment,0
2092,Jennifer Brown,vmosley@example.org,2026-04-04,False,low,treatment,0
2093,David Medina,paynestephanie@example.net,2024-09-19,True,medium,treatment,0
2094,Roy Thomas,christopher46@example.net,2026-05-29,True,medium,treatment,0
2095,Darrell Nguyen,samanthasims@example.com,2025-10-21,False,medium,treatment,0
2096,Kimberly Ballard,hollyperkins@example.net,2025-12-13,False,high,treatment,0
2097,Timothy James,haley15@example.com,2025-11-21,False,medium,treatment,0
2098,Regina Williams,austinjennifer@example.net,2025-01-27,False,low,control,0
2099,Priscilla Vang,heidijames@example.net,2024-10-19,True,low,control,0
2100,John Henderson,perezcaitlin@example.net,2026-04-30,False,medium,treatment,0
2101,Ernest Jenkins,craigriley@example.com,2025-06-16,False,low,treatment,0
2102,John Williams,lindsay48@example.net,2025-03-18,True,high,treatment,0
2103,Thomas Lutz,kristen89@example.com,2025-07-29,True,low,treatment,0
2104,Gabriel Graham,alexisgibbs@example.com,2025-05-05,False,medium,treatment,0
2105,Katherine Ramos,duncankimberly@example.com,2026-04-01,True,low,control,0
2106,Cheryl Hunter,colemanjohn@example.com,2025-03-24,True,medium,control,0
2107,James Anderson,kayleerogers@example.com,2024-10-26,False,low,treatment,0
2108,Geoffrey Franklin,sarasmith@example.net,2025-07-25,False,medium,control,0
2109,Bailey Hernandez,sylviayates@example.com,2026-08-22,True,low,treatment,1
2110,Matthew Collins,kathrynaustin@example.com,2024-10-07,False,low,treatment,0
2111,Douglas Lucero,watsonteresa@example.net,2026-05-05,False,medium,treatment,0
2112,Robert Fowler,smithrebecca@example.net,2024-09-27,False,medium,control,1
2113,Jose Foster,ifrey@example.org,2026-06-18,False,medium,treatment,0
2114,Kyle David,agalvan@example.com,2025-08-09,False,medium,control,0
2115,Jennifer Baker MD,ujones@example.org,2026-07-21,False,low,control,0
2116,Joseph Perez,bpeterson@example.com,2026-02-08,False,medium,control,0
2117,Sharon Patel,ospencer@example.org,2025-06-13,False,high,control,0
2118,Jose Collins,powersheather@example.org,2025-09-20,True,low,control,0
2119,Heidi Goodwin,brandon64@example.com,2026-01-07,True,medium,treatment,0
2120,John Singh,meganjones@example.org,2026-08-08,False,low,treatment,0
2121,Micheal West,nfleming@example.net,2026-05-06,False,low,treatment,0
2122,Jeffrey Ayala,johncarter@example.net,2026-01-25,False,low,control,0
2123,Christopher Lee,ecohen@example.com,2025-06-02,False,high,treatment,1
2124,Joshua Solis,lawsonpaul@example.org,2026-05-14,True,low,control,0
2125,Miguel Lee,ylynch@example.org,2025-05-12,False,high,treatment,1
2126,Sandra Adams,markperez@example.com,2024-09-25,False,low,treatment,0
2127,Sharon French,robertsonjennifer@example.com,2025-08-05,False,medium,control,0
2128,Kayla Jones,lreed@example.com,2025-03-21,True,medium,control,0
2129,Tina Green,ibrown@example.org,2026-05-09,False,low,control,0
2130,Melissa Alvarez,shannonmueller@example.org,2024-09-28,False,low,treatment,1
2131,Nicole Mcbride,john91@example.org,2025-10-14,True,high,control,0
2132,Kayla Scott,klara@example.net,2025-07-25,False,low,control,0
2133,Kayla Moore,torrestricia@example.com,2025-11-14,False,low,treatment,0
2134,John Hill,qbecker@example.com,2025-03-05,False,low,control,0
2135,Shannon Downs,lpage@example.com,2024-12-22,False,high,control,0
2136,Justin Perez,pmartin@example.org,2025-11-06,False,high,treatment,0
2137,William Galloway,kjohnson@example.net,2025-02-17,True,low,control,0
2138,Sean Glass,garymartinez@example.org,2024-09-27,False,medium,treatment,1
2139,Stephen Smith,ymurray@example.org,2024-10-20,False,low,treatment,0
2140,Ryan Carlson,hespinoza@example.org,2025-10-22,True,low,control,0
2141,Chelsey Reyes,robertssamantha@example.org,2026-07-05,True,medium,control,0
2142,Francisco Sanchez,lawrencekari@example.com,2025-04-07,True,low,control,0
2143,Pamela Pierce,jamesparker@example.net,2025-05-06,False,medium,treatment,0
2144,Anne Smith,bryantkaren@example.org,2024-09-19,False,medium,control,1
2145,Diana Rivera,ekim@example.com,2024-10-01,False,medium,treatment,0
2146,Jessica Compton,fhenderson@example.org,2024-09-26,False,low,control,1
2147,Sydney Evans,fletcherjanet@example.org,2026-09-08,False,high,treatment,0
2148,Jeremy Nguyen,lmendez@example.com,2026-04-04,False,low,control,0
2149,Joseph Smith,russellkelley@example.com,2025-10-26,True,low,control,0
2150,Nicholas Cunningham,mmoore@example.com,2026-04-13,False,medium,treatment,0
2151,Kimberly Grant,kennedywanda@example.net,2025-12-29,True,high,treatment,1
2152,Angel Johnson,dwhite@example.org,2025-11-07,False,medium,control,0
2153,Allison Wheeler,andrewmiller@example.com,2026-06-23,False,low,treatment,0
2154,Heather Sweeney,omarturner@example.org,2025-10-26,False,medium,treatment,1
2155,Tony Merritt,sarah17@example.com,2025-05-20,False,medium,control,0
2156,Tyler Murray,fcarter@example.net,2026-03-17,True,high,treatment,0
2157,James Lopez Jr.,juanfranklin@example.net,2025-07-08,True,high,control,0
2158,Derek Martin,lcook@example.org,2025-08-11,False,low,control,0
2159,Sierra Gentry,jennifer54@example.org,2024-12-02,False,low,treatment,0
2160,Melanie Watson,floreskimberly@example.org,2024-09-19,False,medium,control,0
2161,Beth Kane,trivas@example.net,2024-09-30,False,high,treatment,0
2162,Amy Ross,robert07@example.org,2025-02-18,False,low,control,0
2163,Ryan Harrison,wesleycalhoun@example.net,2025-05-14,False,high,treatment,0
2164,Rachel Smith,washingtondenise@example.net,2025-01-28,True,high,control,0
2165,Michelle Allen,victoriajones@example.net,2026-07-24,True,medium,control,0
2166,Jacqueline Olson,hartmansherry@example.net,2026-02-09,True,low,treatment,0
2167,Anna Andrews,bishopmegan@example.org,2026-09-04,False,medium,control,0
2168,Emily Simmons,manningjeremy@example.com,2024-10-25,False,low,treatment,0
2169,Christina Johnson,pachecobrittney@example.net,2024-09-27,False,high,treatment,1
2170,Dawn Haynes,wileyaudrey@example.com,2025-11-01,False,low,control,0
2171,Edward Cochran,laurenboyd@example.com,2025-11-24,False,low,treatment,0
2172,Sharon Jenkins,brookeramirez@example.com,2026-03-30,False,medium,control,0
2173,Nicholas Chung,tiffanyharris@example.com,2026-05-02,False,low,treatment,0
2174,Steven Swanson,johnsonmartin@example.org,2025-06-01,False,medium,treatment,0
2175,Lisa Walker,caseystafford@example.org,2026-08-27,False,medium,treatment,0
2176,Monica Kim,matthewhull@example.com,2025-10-09,False,medium,control,0
2177,Don Gardner,mcgeeseth@example.net,2025-10-22,False,high,treatment,0
2178,Whitney Macdonald DVM,amyponce@example.com,2026-04-24,False,medium,control,0
2179,William Velez,richard28@example.org,2025-05-16,True,medium,control,0
2180,Robert Mcintosh,longshane@example.com,2025-06-01,False,low,control,0
2181,James Harris,jessicasmith@example.org,2025-10-17,True,medium,control,1
2182,Ralph Rodriguez,tfuller@example.net,2024-10-07,False,medium,control,0
2183,Ashley Hall DVM,fordwilliam@example.com,2024-11-25,True,medium,treatment,0
2184,Mrs. Erin Phillips,dfleming@example.net,2026-02-12,True,low,control,0
2185,Alexander Love,samantha54@example.net,2026-08-05,True,low,control,0
2186,Yvette Orozco,iansantana@example.net,2025-06-05,True,low,control,0
2187,Alexandra Heath,millerdaniel@example.org,2026-06-09,True,low,treatment,0
2188,Susan Reed,scott95@example.org,2025-08-03,False,low,control,0
2189,Ruben Garcia,ipadilla@example.com,2025-11-25,False,medium,treatment,0
2190,Hector Paul,dawn31@example.org,2024-09-24,True,medium,control,1
2191,Tyler Howell,kendra03@example.net,2026-07-04,True,low,treatment,0
2192,Donald Martinez,johnsross@example.net,2025-12-08,False,medium,treatment,0
2193,Diane Jones,courtney13@example.net,2025-05-21,False,medium,treatment,0
2194,Stephanie Moyer,michael35@example.net,2025-11-05,False,low,treatment,0
2195,Isaiah Jones,russelltommy@example.net,2024-09-26,True,low,treatment,0
2196,Kenneth Hahn,jonespaul@example.com,2025-09-01,True,medium,control,1
2197,Michael Allen,smason@example.net,2024-12-17,False,low,treatment,0
2198,Claudia Lee,kristopher53@example.org,2024-09-19,False,medium,control,0
2199,James Charles Jr.,alan25@example.org,2024-11-09,True,low,control,0
2200,James Scott,gwhite@example.com,2025-10-14,True,low,control,0
2201,Antonio Lopez,jefferywalker@example.com,2026-06-04,True,medium,control,0
2202,Omar Johnson,daypatricia@example.net,2024-10-20,True,low,control,0
2203,Mark Haley,pdixon@example.org,2025-01-05,False,medium,treatment,0
2204,Anita Long,laurajensen@example.org,2025-04-10,False,low,treatment,0
2205,Tina Mclean,kcook@example.net,2026-04-17,False,medium,treatment,0
2206,Erica Cunningham,christopherwatkins@example.net,2026-04-03,True,low,control,0
2207,James Hall,robertbrock@example.org,2026-04-22,False,medium,control,0
2208,Brenda Wood,chrismurray@example.com,2026-06-29,False,low,treatment,0
2209,Beth Solomon,davismax@example.org,2025-02-28,False,low,control,0
2210,Abigail Lopez,coreypope@example.net,2026-01-12,False,low,treatment,0
2211,Terry Warren,boydrenee@example.net,2024-09-20,True,high,treatment,0
2212,Brandon Rodriguez,gordonjason@example.com,2025-05-17,False,medium,treatment,0
2213,Monica Gilmore,evaughn@example.org,2026-02-13,False,low,treatment,0
2214,Justin Williams,christensenkendra@example.org,2025-09-01,True,low,treatment,1
2215,Melissa Hodge,kelleynicholas@example.org,2025-09-23,True,medium,control,0
2216,Stephanie Lara,martin40@example.net,2024-11-26,False,medium,control,0
2217,Carol Webster,aaronthompson@example.org,2025-12-10,False,high,control,1
2218,Lori Roberson,derekdougherty@example.org,2025-03-20,True,low,treatment,1
2219,John Ramirez,jessicamiddleton@example.net,2026-03-17,False,medium,control,0
2220,William Frye,jacquelinenunez@example.net,2025-12-19,False,low,control,0
2221,Andrew Clark,hilljennifer@example.org,2025-02-24,False,medium,treatment,0
2222,Mitchell Jimenez,heathergarcia@example.com,2026-02-23,True,low,control,0
2223,Ricardo Anderson,butlerolivia@example.com,2025-03-21,False,high,treatment,0
2224,Michael Summers,jennifer93@example.com,2025-08-17,True,medium,control,1
2225,Steven Davis,davidjones@example.org,2026-01-06,False,medium,control,0
2226,Ann Fleming PhD,harrisonnicholas@example.net,2024-10-16,False,medium,control,0
2227,Lauren Sosa,davidglover@example.com,2025-03-17,False,medium,control,0
2228,Kimberly Hill,jmyers@example.net,2024-11-15,False,low,treatment,0
2229,Teresa Barnes,masonmichael@example.net,2026-06-25,False,low,control,0
2230,Jennifer Booker,wstevens@example.org,2025-06-24,False,medium,control,0
2231,Tara Miller,dcox@example.com,2025-11-15,False,medium,treatment,0
2232,Rachel Turner,alexanderryan@example.org,2026-01-30,False,low,control,0
2233,Chelsea Walker,tcooper@example.net,2025-12-02,False,low,control,0
2234,Colton Bradford,htaylor@example.org,2025-04-21,True,low,treatment,0
2235,Daniel Jenkins,samantharodgers@example.net,2025-10-27,False,high,treatment,1
2236,Michael Garcia,fergusontrevor@example.net,2026-08-12,False,high,treatment,0
2237,Natalie Conrad,danielleramsey@example.net,2024-11-17,True,low,control,0
2238,Melanie Baker,anitaballard@example.org,2026-02-25,False,low,control,0
2239,Diane Murray,pamelaestrada@example.com,2025-10-10,False,low,control,0
2240,Dean Harris,lambjohn@example.org,2026-02-15,False,medium,treatment,0
2241,Michael Porter,brooksjennifer@example.com,2026-06-10,True,low,control,0
2242,Jeanette Norris,victor76@example.net,2026-02-19,False,medium,control,0
2243,Wanda Griffith,stacey53@example.com,2025-06-14,True,medium,control,0
2244,Scott Long,erivers@example.com,2025-02-16,True,low,treatment,0
2245,Bob Cooper,andrew09@example.com,2026-07-25,False,medium,treatment,0
2246,Sylvia Torres,briggsjacob@example.com,2025-11-26,True,medium,treatment,1
2247,Todd Johnston,cturner@example.org,2024-12-08,False,medium,control,0
2248,Alexis Berg,derrick59@example.org,2025-03-30,False,medium,control,0
2249,Timothy Mitchell,debra93@example.org,2026-04-19,False,low,control,0
2250,Jason Wilson,olivia30@example.com,2025-11-05,True,low,control,1
2251,Randy Perez,johnsondebbie@example.net,2024-12-15,False,medium,treatment,0
2252,Samantha Gillespie,sarahmiller@example.net,2025-10-23,True,low,treatment,0
2253,Timothy Campbell,jasonochoa@example.net,2025-04-09,False,low,treatment,0
2254,Jessica Bullock,rgreen@example.net,2026-06-29,False,low,control,0
2255,Mr. Cory Hanna PhD,holtrobert@example.com,2026-06-18,False,high,control,0
2256,Courtney Wallace,banderson@example.com,2026-01-28,True,low,treatment,0
2257,Cory Smith,rhonda05@example.org,2026-05-04,True,medium,treatment,1
2258,Amy Pennington,mark80@example.org,2024-10-05,False,low,treatment,0
2259,Scott Thompson,cameronlopez@example.com,2026-01-14,False,high,control,0
2260,Barbara Johnson,jeremy91@example.org,2026-03-28,True,low,control,0
2261,Lori Miller,rebekahgonzalez@example.org,2025-06-20,False,medium,treatment,0
2262,Michael Holmes,uthompson@example.org,2025-11-30,False,medium,treatment,0
2263,Nicholas Chase,mauriceball@example.net,2025-06-01,False,low,control,0
2264,Mary Lewis,eddiehernandez@example.net,2026-04-03,False,high,treatment,1
2265,Michael Lee,aaroncox@example.com,2026-02-04,False,low,treatment,0
2266,Rachael Walker,jeremiah36@example.com,2024-11-19,True,low,treatment,0
2267,Andrew Sanders,arnoldstephen@example.net,2025-02-01,True,low,treatment,0
2268,Rachel Martinez,mariagonzalez@example.org,2024-11-28,False,medium,control,0
2269,Christopher Garcia DDS,patriciagrant@example.net,2025-12-23,False,medium,control,0
2270,Brandon Trevino,wleblanc@example.com,2025-10-12,True,low,treatment,0
2271,James Gonzalez,imolina@example.org,2025-02-17,True,medium,control,0
2272,Claire Vazquez,donaldmartin@example.net,2025-09-23,True,low,treatment,0
2273,Nicole Carter,michaelmooney@example.net,2025-11-04,False,medium,control,0
2274,Mary Jennings,gregorymullen@example.com,2024-10-28,True,medium,control,0
2275,Stephen Haney,jason06@example.org,2026-05-19,False,medium,control,0
2276,Miranda Lin,carlholland@example.net,2024-10-27,False,low,control,0
2277,Ricky Hill,adamcaldwell@example.org,2026-06-05,True,high,control,0
2278,Patricia Delgado,eddie13@example.com,2025-01-22,False,medium,treatment,0
2279,Katie Mitchell,uperez@example.com,2026-01-10,False,medium,treatment,0
2280,Erik Hill,uwilliams@example.com,2025-11-06,False,high,treatment,0
2281,Taylor Keller,christopher41@example.org,2025-11-04,False,low,treatment,0
2282,Gloria Patterson,hudsonellen@example.net,2026-02-25,False,low,control,1
2283,Christine Morris,lhoward@example.org,2025-08-31,True,high,treatment,0
2284,Chad King,qbray@example.org,2024-11-07,True,low,treatment,0
2285,Kathleen Taylor,hernandezcharles@example.org,2025-11-08,True,high,control,0
2286,Jessica Potts,kford@example.net,2025-08-14,False,medium,control,0
2287,Troy Wells,martintracy@example.com,2025-03-05,True,medium,control,0
2288,Victoria Lopez,rpearson@example.org,2025-08-19,False,low,control,0
2289,Kenneth Moreno,awong@example.com,2025-03-09,False,low,treatment,0
2290,Christine Mccoy,james91@example.net,2026-04-02,False,medium,control,0
2291,Colin Mckay,hunter12@example.org,2025-01-10,False,low,control,0
2292,Heather Johnson,tom64@example.com,2025-11-02,False,medium,treatment,0
2293,Thomas Castillo,smithrobert@example.net,2025-08-22,False,high,control,0
2294,Joshua Farmer,kmorales@example.com,2025-11-24,False,low,control,0
2295,Stacey Davis,paulbailey@example.net,2026-09-11,False,medium,treatment,0
2296,Gary Johnson,michaelhale@example.com,2025-02-09,False,low,control,0
2297,Jasmin Nelson,djensen@example.com,2024-11-13,False,low,treatment,0
2298,Krystal Howard,nwalker@example.org,2026-02-06,False,medium,treatment,0
2299,Michelle White,daniel82@example.com,2025-07-16,False,low,control,0
2300,Elijah Archer,christina89@example.net,2026-05-24,False,low,treatment,0
2301,Lisa Bailey,robert63@example.com,2026-08-28,True,medium,treatment,0
2302,Shelly Mcmahon,julie44@example.org,2026-04-18,False,low,control,0
2303,Bryan Hudson,karensanchez@example.net,2026-08-08,False,high,treatment,0
2304,Kenneth Mitchell,natalie40@example.net,2026-03-25,False,low,control,0
2305,Melissa Jackson,brandonmurphy@example.com,2024-12-19,False,low,control,0
2306,Misty Robinson,cory21@example.org,2026-09-16,False,low,control,0
2307,Jill Brown,dariusmendoza@example.org,2025-09-02,False,low,treatment,0
2308,Samuel Bailey,crystal65@example.com,2025-08-28,True,low,treatment,0
2309,Shannon Martinez,alejandroturner@example.net,2025-07-30,False,high,control,0
2310,Timothy Hernandez,ashleymorrow@example.org,2026-07-04,False,high,control,0
2311,Ashley Maxwell,jessicamurray@example.com,2026-06-10,False,medium,control,0
2312,Linda Lee,courtney70@example.net,2026-08-05,True,medium,treatment,0
2313,Angela Berry,sherylgreen@example.com,2025-10-25,False,medium,control,0
2314,Michael Sanders,christopherwalker@example.net,2025-10-24,False,medium,treatment,0
2315,Daniel Zamora,mariamoore@example.net,2026-03-12,False,medium,treatment,0
2316,David Collins,isaac63@example.net,2024-12-04,True,low,control,0
2317,Matthew Klein,sgordon@example.net,2026-04-25,False,high,treatment,0
2318,Roberto Guerra,arnoldrachel@example.net,2025-05-04,True,high,treatment,0
2319,Brenda Dalton,dmullins@example.org,2026-06-26,False,medium,treatment,0
2320,Maria Compton,esmall@example.com,2025-03-28,False,medium,control,0
2321,Elizabeth Skinner MD,amandamoody@example.com,2026-08-10,False,low,treatment,0
2322,Robert Lynch,robert52@example.com,2026-03-20,False,low,control,0
2323,Nicole Blake,jamesmeyer@example.org,2025-12-16,False,medium,treatment,0
2324,Chad Taylor,gberry@example.org,2025-02-13,False,low,treatment,0
2325,Alex Gonzalez,emcdonald@example.net,2026-02-05,False,low,control,0
2326,Jessica Bryant,kimronald@example.com,2025-12-06,True,medium,treatment,0
2327,Robert Wright,thompsondarlene@example.org,2024-10-27,False,medium,control,0
2328,Carrie Hall,lisa23@example.org,2025-02-22,False,low,treatment,0
2329,Tiffany Anderson,amberellis@example.net,2026-05-01,False,medium,control,0
2330,Sylvia Smith,krobbins@example.net,2026-04-22,True,medium,treatment,0
2331,Stanley Brown,qhendricks@example.net,2026-06-24,False,medium,control,1
2332,Ricardo Garcia,smay@example.com,2025-05-09,False,medium,treatment,0
2333,Brian Buchanan,sarawilliams@example.com,2025-12-28,False,medium,control,0
2334,Shane Alexander,vfuller@example.net,2026-06-16,True,medium,control,0
2335,Christopher George,paul84@example.net,2025-03-22,False,medium,treatment,0
2336,Nancy Valentine,mwright@example.com,2025-11-10,False,high,control,0
2337,Rebecca Garcia,millerbrandon@example.net,2025-08-17,False,low,control,0
2338,Cynthia Reed,vaguirre@example.net,2024-10-23,False,high,control,0
2339,Vanessa Jones,roytodd@example.net,2024-10-13,True,high,treatment,0
2340,Courtney Hernandez,matthewschristine@example.com,2026-02-06,False,medium,control,0
2341,Fernando Blackwell,snydergerald@example.org,2026-07-10,True,low,treatment,0
2342,Nicole Wright,bwhite@example.com,2026-06-05,False,low,treatment,0
2343,Brian Thompson,gina49@example.net,2025-06-23,False,low,control,0
2344,Susan Singh,schwartzlisa@example.org,2026-08-31,True,low,control,0
2345,Jeremy Stein,torresmary@example.com,2025-09-23,False,high,treatment,0
2346,Erin Nelson,brockalex@example.com,2025-12-09,False,low,control,0
2347,Jordan Bailey,jake77@example.com,2025-12-17,False,medium,treatment,0
2348,Jennifer Walters,ernestrich@example.net,2025-05-06,False,high,control,0
2349,Cody Morse,kflores@example.org,2026-07-15,False,medium,treatment,0
2350,Alicia Miller,fbailey@example.org,2026-05-01,True,high,control,0
2351,Matthew Armstrong,edwardmitchell@example.org,2025-05-10,True,low,control,1
2352,Tanya Jenkins,hernandezlouis@example.net,2026-02-11,False,medium,treatment,0
2353,Jeffrey Ford,debbiejackson@example.net,2026-02-27,False,low,control,0
2354,Tiffany Williams,qjones@example.com,2025-12-16,False,low,treatment,0
2355,Michael Morgan,jamierodriguez@example.net,2025-10-15,False,medium,treatment,1
2356,Amanda Berry,janetmoore@example.net,2024-11-17,False,low,treatment,0
2357,Anna Poole,watsonkenneth@example.net,2026-07-15,True,medium,control,0
2358,Jaime Hernandez,istephens@example.com,2026-09-11,False,low,control,0
2359,Adam Gallagher,schmidtjose@example.net,2024-10-29,False,high,treatment,0
2360,Eric Anderson,williamspaul@example.net,2026-07-27,False,high,treatment,0
2361,Kathleen Little,usanchez@example.net,2025-05-14,False,low,treatment,0
2362,Jasmine Morales,xcurry@example.net,2024-12-12,True,low,control,0
2363,Carl Phillips,danielthomas@example.com,2026-05-01,True,low,control,0
2364,Corey Smith,williamsfrank@example.com,2025-10-10,False,medium,treatment,0
2365,Ashley Oconnor,davismichelle@example.com,2025-01-07,False,low,control,0
2366,Leah Wheeler,barbara81@example.net,2025-01-12,True,low,treatment,0
2367,Ashley Dunn,robinsonryan@example.com,2024-10-02,False,high,treatment,0
2368,Carol Smith,baileyjames@example.org,2025-10-16,False,low,control,0
2369,James Salas,morrisbrandon@example.org,2025-04-02,False,low,treatment,0
2370,Stephanie Pierce,mcconnellangela@example.org,2026-07-25,False,medium,control,1
2371,Lisa Keller,brownraymond@example.net,2025-07-29,False,low,treatment,0
2372,Nicole Mahoney,gregorypeters@example.org,2026-06-23,True,high,treatment,1
2373,Stephanie Nunez,jasonwebb@example.net,2024-11-16,True,low,control,0
2374,Brian Welch,dthompson@example.org,2025-03-17,True,low,treatment,0
2375,Traci Rodriguez,leeelizabeth@example.org,2025-02-11,False,medium,control,0
2376,Lee Garcia,michaellopez@example.net,2025-11-29,False,low,control,0
2377,Kelsey Nguyen,sullivanpaula@example.com,2025-06-25,False,medium,treatment,0
2378,Jenny Soto,margaret20@example.net,2026-07-06,False,high,treatment,0
2379,Ashlee Pena,john19@example.org,2025-08-24,True,medium,treatment,1
2380,Jason Murray,gomezbrittney@example.net,2026-06-02,False,high,treatment,0
2381,Kimberly Evans,rthompson@example.org,2026-09-11,False,high,control,0
2382,Brittany Myers,heather68@example.com,2026-03-29,False,low,treatment,0
2383,Heather Gallegos,marioharris@example.net,2025-09-22,False,high,treatment,0
2384,Tiffany Cooper,carrielambert@example.net,2025-12-26,False,low,control,0
2385,Nancy Tanner,wallacecourtney@example.org,2026-03-30,False,low,control,0
2386,Kevin Shea,duranaudrey@example.com,2025-09-06,True,low,treatment,1
2387,Kristen Larson,gina74@example.net,2025-06-01,True,medium,treatment,0
2388,Laura Sullivan,mckayjames@example.net,2026-04-26,False,medium,treatment,0
2389,Ashley Murray,mary85@example.org,2025-07-05,True,low,treatment,0
2390,Rhonda Rodriguez,lcarter@example.net,2024-10-07,True,low,treatment,0
2391,Adam Jacobs,uliu@example.org,2024-12-12,True,low,control,0
2392,Amanda Ross,zwilliams@example.com,2025-10-26,False,low,treatment,1
2393,Alicia Stephens,amanda45@example.net,2024-12-02,False,low,control,0
2394,Justin Ryan,nancyballard@example.com,2025-09-04,False,high,control,0
2395,Kimberly Young,vgreen@example.org,2025-10-26,False,low,treatment,0
2396,Sean Smith,akramer@example.org,2024-09-17,True,high,control,1
2397,Gregory Myers,xgarcia@example.net,2025-06-04,True,low,control,0
2398,Thomas Clements,jcarter@example.com,2026-03-31,True,low,control,0
2399,Jeffrey Weaver,ryan90@example.net,2026-03-27,True,medium,control,0
2400,Susan Valdez,pmartin@example.org,2024-10-09,True,medium,treatment,0
2401,Christina Watson,williamsjoseph@example.com,2025-04-26,True,low,control,0
2402,Bonnie Larson,longjoshua@example.com,2026-08-15,False,low,treatment,0
2403,Tanya Cardenas,fred06@example.org,2026-04-15,False,medium,control,0
2404,Franklin Cooper,ibrennan@example.com,2026-07-30,True,high,treatment,0
2405,Cathy Wyatt,lynchmartin@example.org,2026-07-30,True,high,treatment,0
2406,Elizabeth Mcguire,victor76@example.com,2025-10-17,True,high,treatment,0
2407,Erika Harper,gnguyen@example.org,2025-10-12,True,medium,control,0
2408,John Miller,karlchandler@example.org,2024-11-30,False,high,treatment,0
2409,Shannon Carlson,figueroapreston@example.net,2025-01-30,False,medium,treatment,0
2410,Sean Noble,xyoung@example.net,2024-12-30,False,low,treatment,0
2411,Kathleen Coleman,amanda83@example.net,2025-05-28,True,low,treatment,0
2412,Michael Spencer,henrybarnett@example.org,2026-01-28,False,low,control,0
2413,Micheal Edwards,gwilson@example.com,2025-09-09,False,low,control,0
2414,Joan Brown,ricedana@example.com,2025-04-30,False,low,control,0
2415,Jerome Parker,xhall@example.net,2025-02-21,False,medium,treatment,0
2416,Elizabeth Russo,daniel71@example.com,2025-11-15,False,medium,treatment,0
2417,Veronica Stevens,keith93@example.org,2025-05-18,False,low,control,0
2418,Joseph Walker Jr.,robertrusso@example.org,2026-02-02,False,low,treatment,1
2419,Matthew Sellers,ronaldjohnson@example.com,2025-09-21,False,low,treatment,1
2420,Robin Hawkins,laura78@example.com,2025-02-07,True,low,control,0
2421,Justin White,edwardsdavid@example.net,2025-04-28,False,high,treatment,0
2422,Matthew House,timothyshaffer@example.net,2024-10-23,False,low,treatment,1
2423,Sharon Kelly,rlopez@example.com,2025-09-14,True,low,control,0
2424,Jessica Gray,brittanysanders@example.org,2026-09-08,False,low,treatment,0
2425,Robert Taylor,pamela64@example.com,2024-10-25,False,low,treatment,0
2426,Laurie Johnson,rodriguezamanda@example.net,2025-05-23,False,low,treatment,0
2427,Alan Bullock,frank18@example.net,2025-07-13,False,low,control,0
2428,Summer Jackson,peter88@example.com,2025-12-13,False,low,treatment,0
2429,Sara Gilbert,caguilar@example.org,2025-11-01,True,high,control,0
2430,Samantha Wu,cynthia95@example.net,2024-12-18,False,high,control,0
2431,Ashley Vargas,douglasalexander@example.net,2025-08-21,False,medium,control,0
2432,Mary Bates,wilkinskevin@example.net,2025-02-01,True,low,treatment,0
2433,Shannon Roach,vsmith@example.net,2025-10-08,False,medium,treatment,0
2434,Deborah Murphy,tylerlaura@example.org,2025-07-25,False,low,control,0
2435,Caitlin Cooley,millerjessica@example.net,2024-10-08,False,medium,treatment,0
2436,Gloria Hamilton,rowebelinda@example.net,2026-09-07,False,low,treatment,0
2437,Joshua Hill DVM,clayandrew@example.net,2026-01-10,True,low,treatment,0
2438,Sarah Berry,marthagriffin@example.net,2024-10-21,True,medium,treatment,1
2439,Justin Coleman,orichards@example.com,2024-11-21,False,medium,control,0
2440,Emily Wagner,webstersteven@example.net,2024-09-25,False,medium,control,0
2441,Emily Martinez,vsmith@example.org,2024-12-15,True,low,control,0
2442,Kevin Smith,melissarollins@example.com,2024-12-24,False,low,control,0
2443,Hannah Sanchez,dwilliams@example.net,2025-10-10,True,high,treatment,0
2444,Rebecca Foley,williamsmark@example.org,2025-04-23,False,medium,control,0
2445,Christine Jones,sarah87@example.org,2025-06-21,True,medium,treatment,0
2446,Thomas Miller,william96@example.net,2025-03-15,False,low,control,1
2447,Robert Brown,simsamy@example.com,2024-11-22,False,low,treatment,0
2448,Dorothy Wade,curtismichelle@example.com,2025-03-11,False,low,treatment,0
2449,Mr. Gregory Wiley,jamesjohn@example.net,2025-12-09,True,low,treatment,0
2450,Sara Bartlett,dtucker@example.org,2026-06-04,True,high,control,0
2451,Jennifer Cannon,vortiz@example.org,2025-04-20,True,low,control,0
2452,Jamie Scott,montoyafelicia@example.org,2024-10-12,True,low,control,0
2453,Zachary Murray,cynthia35@example.net,2026-06-16,False,low,treatment,0
2454,Elizabeth Clayton,hestertabitha@example.org,2025-02-02,False,low,control,0
2455,April Henry,alanthomas@example.com,2025-02-16,False,medium,control,0
2456,Scott Brennan,cynthia47@example.org,2025-10-08,False,medium,control,0
2457,Leslie Bauer,johnstonbarbara@example.org,2025-07-19,False,low,treatment,1
2458,Michael Valencia,hudsonglen@example.net,2026-03-29,True,high,control,0
2459,Louis Gibson,monica51@example.net,2025-03-09,False,low,control,0
2460,Erin Goodman,ftaylor@example.org,2025-08-14,False,low,treatment,0
2461,Alison Faulkner,mccormickkatherine@example.com,2026-04-07,False,medium,control,0
2462,Amanda Torres,brittanywolf@example.org,2025-09-22,False,high,control,0
2463,John Pearson,suzanne33@example.org,2025-07-09,True,low,control,0
2464,Joanna Calderon,hallalan@example.org,2025-12-16,False,low,control,0
2465,Trevor Lee,lcosta@example.net,2024-12-19,False,high,control,1
2466,Dennis Jackson,bradshawcarlos@example.org,2026-06-09,False,low,treatment,0
2467,Bradley Johnson,shannon20@example.com,2026-03-25,False,low,treatment,0
2468,Anthony Vaughn,cory32@example.com,2025-06-15,False,low,control,0
2469,Sara Day,howelljennifer@example.com,2024-11-28,False,medium,treatment,0
2470,Brianna Christensen,ujohnson@example.net,2025-10-29,False,medium,treatment,0
2471,James Scott,lharris@example.com,2024-11-13,False,low,treatment,0
2472,Edwin Thomas IV,marisa32@example.com,2024-11-28,False,low,control,0
2473,Lisa Johnson,patrick61@example.net,2025-06-22,False,high,treatment,0
2474,Adam Payne,kbenson@example.org,2026-07-31,False,medium,control,0
2475,Andrew Wheeler,peterlang@example.net,2024-12-25,False,medium,control,0
2476,Christina Mullen,smithsteven@example.net,2025-05-03,False,low,treatment,0
2477,Johnny Taylor,johnsonsteven@example.net,2025-08-20,False,medium,control,0
2478,Richard Pena,ethanrodriguez@example.net,2026-05-04,False,medium,control,0
2479,Natalie Kennedy,riostyler@example.org,2024-12-13,False,medium,treatment,0
2480,Dawn Berg,julia17@example.org,2025-11-07,True,medium,control,0
2481,Wendy Jones,gibsonkirk@example.com,2024-10-26,False,low,treatment,0
2482,Samantha Malone,melissa22@example.com,2024-12-31,True,medium,control,0
2483,Alexis Peterson,rhondanelson@example.org,2024-12-29,False,low,treatment,0
2484,Taylor Cross,kevin77@example.org,2025-06-18,False,medium,control,0
2485,Michael Fisher,leslie32@example.com,2025-07-12,False,low,control,0
2486,Lindsey Evans,wallererica@example.com,2026-08-11,False,high,treatment,0
2487,Heather Fernandez,reyesdavid@example.org,2025-11-11,False,medium,treatment,0
2488,Troy Herrera,jacksonrussell@example.com,2026-09-13,True,low,control,0
2489,Morgan Lang,jscott@example.com,2026-04-18,True,low,treatment,0
2490,Kayla Fisher,stevenkidd@example.org,2025-09-17,True,low,treatment,0
2491,Jesus Johnson,samuelsandoval@example.org,2026-08-31,False,low,treatment,0
2492,Andrew Carter,christopherturner@example.org,2025-07-09,False,medium,control,0
2493,Pamela Mahoney,philliphayden@example.net,2024-12-19,False,low,control,0
2494,Gabriel Hall,william47@example.org,2025-09-20,False,medium,treatment,0
2495,Kenneth Rose,joshua22@example.net,2026-06-04,False,medium,treatment,0
2496,Zachary Gonzalez,vparks@example.org,2026-06-12,False,medium,control,0
2497,Gary Johns,aaronsmith@example.net,2025-10-01,False,medium,control,0
2498,Eddie Klein,lchavez@example.org,2025-12-08,True,high,control,0
2499,Joseph Tate,martinezdavid@example.org,2024-10-03,True,low,treatment,0
2500,Sarah Cruz,loritaylor@example.com,2025-02-11,False,medium,treatment,0
2501,Ronald Nunez,nsingh@example.org,2025-06-27,False,low,control,0
2502,Morgan Evans,bendermichelle@example.net,2025-07-24,False,low,treatment,0
2503,Mrs. Amanda Johnson DDS,gabrielle36@example.org,2026-06-29,False,low,treatment,0
2504,Dana Griffin,millschristopher@example.org,2026-01-14,False,medium,treatment,1
2505,Jaclyn Green,katherinemccarty@example.com,2025-01-04,True,low,control,0
2506,Mark Ballard,jonesjames@example.org,2025-04-08,True,medium,control,0
2507,Jeremy Brooks,justin46@example.com,2025-08-05,False,medium,control,0
2508,Anna Pierce,nicole02@example.net,2026-04-02,True,low,control,0
2509,Melissa Hernandez,denisepalmer@example.net,2026-07-23,True,low,treatment,1
2510,Aaron Woodward,htaylor@example.com,2025-09-18,False,high,control,0
2511,Dennis Nguyen,taylorclarke@example.com,2025-12-26,False,low,control,0
2512,Eric Tapia,maxwellgibson@example.org,2025-04-20,False,medium,control,0
2513,Brandon Ingram,andrearivera@example.net,2024-12-10,False,medium,treatment,0
2514,Benjamin Thompson,michael04@example.net,2026-06-12,True,low,treatment,0
2515,Stephen Brown,jefferybaker@example.com,2024-10-04,False,low,treatment,0
2516,Justin Boyd,fmiller@example.net,2026-06-21,False,medium,control,0
2517,Christina Strong,fjones@example.org,2024-10-08,False,medium,control,0
2518,Theresa Espinoza,jimenezruben@example.com,2025-02-28,True,low,control,0
2519,Stephanie Mcintyre,larry04@example.net,2025-01-24,False,high,control,0
2520,Jeremiah Huerta,patrick01@example.net,2024-11-20,False,high,control,0
2521,Jacob Ball,tamaraparker@example.org,2025-03-25,False,medium,control,0
2522,Tyrone Miller,knichols@example.com,2026-03-24,True,medium,control,0
2523,Beth Ellis,philliphatfield@example.net,2025-06-30,False,medium,control,0
2524,Robert Donovan,icisneros@example.com,2026-09-05,False,medium,control,0
2525,Lisa Ramos,cphelps@example.net,2026-06-04,False,medium,treatment,1
2526,Marcus Kennedy,batesbelinda@example.net,2025-02-15,True,medium,treatment,0
2527,Jason Cantu,vincent74@example.org,2024-12-17,True,low,control,0
2528,Dillon Clark,parkerrobert@example.net,2026-03-22,False,medium,control,0
2529,Theresa Hernandez,krystal64@example.net,2026-03-10,False,low,treatment,0
2530,Howard Andrews,andreross@example.net,2025-04-07,False,low,control,1
2531,Robert Miranda,lambertcheyenne@example.org,2025-10-21,False,high,treatment,0
2532,Charles Wright,ohall@example.com,2026-01-25,False,low,treatment,0
2533,Kathryn Shields,jenniferrice@example.com,2025-11-19,False,low,control,0
2534,Alexander Sullivan,michelle05@example.org,2026-05-06,False,low,control,0
2535,Catherine Martin DVM,james41@example.net,2025-01-31,False,low,treatment,0
2536,Bailey Morales,cheryl86@example.org,2026-05-12,False,medium,treatment,0
2537,Charles Reeves,dbrown@example.org,2025-01-14,False,low,control,0
2538,Mrs. Linda Pierce DDS,millerlindsey@example.org,2026-08-03,False,medium,treatment,0
2539,Thomas Wells,allenkaren@example.com,2026-03-17,False,low,control,0
2540,Julie Pearson,vwilliams@example.org,2026-06-25,False,low,treatment,0
2541,Stacey Moore,gabriela90@example.net,2025-09-22,True,low,treatment,0
2542,Matthew Bruce,vunderwood@example.com,2026-07-22,False,low,control,0
2543,Angela Mullen,jeffrey82@example.net,2024-12-13,True,medium,treatment,0
2544,Christopher Rice,amills@example.com,2024-12-26,False,low,treatment,0
2545,Philip Espinoza,arodriguez@example.org,2025-07-25,False,low,treatment,0
2546,Kayla Maxwell,jdaugherty@example.org,2026-07-02,True,low,treatment,0
2547,Sherry Chapman,fking@example.org,2025-10-13,False,low,control,0
2548,Dr. Andrew Johns,yoderadam@example.com,2025-10-21,True,low,treatment,0
2549,Michelle Diaz,steven80@example.org,2025-01-19,False,low,control,0
2550,Sean Lee,jasonfoster@example.org,2025-01-13,False,low,control,0
2551,Jeanette Johnson,wmorrison@example.com,2025-10-25,False,medium,treatment,0
2552,Debbie Estrada,pricescott@example.net,2025-06-04,False,low,treatment,0
2553,Michael Sanchez,heidi21@example.com,2024-10-27,False,low,control,0
2554,Jason Evans,paulsmith@example.org,2025-02-23,False,low,control,0
2555,William Friedman,patricia24@example.org,2026-02-12,False,high,treatment,0
2556,Lisa Glenn,keithwyatt@example.net,2024-11-04,False,high,treatment,0
2557,Eric Rodriguez,zburke@example.org,2026-05-05,False,medium,treatment,0
2558,Darryl Hernandez,rhonda67@example.net,2025-06-10,True,medium,treatment,0
2559,Krista Price,richard33@example.net,2026-06-13,False,low,treatment,0
2560,Erin Collins,davismark@example.org,2026-06-22,False,low,treatment,0
2561,Jonathan Green,tracywilkins@example.net,2026-04-15,False,high,treatment,0
2562,Barbara Kennedy,manuel12@example.net,2026-04-03,True,low,control,0
2563,Susan Rivera,andersonbrittany@example.net,2025-09-15,False,medium,control,0
2564,Jack Moore,farmerlisa@example.com,2025-01-12,False,low,treatment,0
2565,Alicia Phillips,ryan54@example.com,2026-04-05,False,high,treatment,0
2566,Andrew Brown,johnsonjames@example.net,2025-08-22,False,medium,control,0
2567,Robert Fischer,pschmidt@example.org,2025-09-03,True,low,control,0
2568,Cindy Tucker,tiffany80@example.org,2026-06-28,False,low,treatment,1
2569,Benjamin Turner,janice26@example.org,2025-01-13,False,low,treatment,0
2570,David Walton,czavala@example.org,2025-10-27,False,high,treatment,0
2571,Yolanda West,aking@example.com,2026-01-07,False,low,treatment,0
2572,Daniel Mendoza,heathjasmine@example.com,2025-02-16,False,medium,treatment,1
2573,Tammie Alvarez,michaelmartinez@example.net,2025-07-29,False,high,treatment,0
2574,Karen Williams,salinaszachary@example.net,2026-09-13,False,high,treatment,0
2575,Cynthia Brown,kimberly34@example.org,2025-05-28,False,low,treatment,0
2576,Joseph Flowers,thomaslane@example.net,2024-11-17,False,low,treatment,0
2577,Linda Cole,kimberly53@example.net,2026-01-09,False,medium,treatment,0
2578,Jerry Doyle,vporter@example.com,2025-03-22,False,low,treatment,0
2579,Billy Bush,allenkimberly@example.com,2025-01-02,True,medium,control,0
2580,Daniel Powell,stanleyclark@example.org,2026-02-15,False,low,control,0
2581,Mason Olson,juarezmary@example.com,2026-01-06,False,low,treatment,0
2582,Lawrence Novak Jr.,brianphillips@example.net,2026-06-24,False,low,treatment,1
2583,Dylan Hood,oray@example.org,2025-06-17,True,high,treatment,0
2584,Sara Moses,clarkmelissa@example.org,2025-01-31,True,low,treatment,1
2585,Nicole Cooley,davistiffany@example.com,2025-01-29,True,medium,treatment,0
2586,Jon Jones,epayne@example.com,2025-08-22,False,medium,control,0
2587,Alicia Robinson,rossjames@example.org,2026-06-28,True,low,treatment,0
2588,Teresa Carter,jasongutierrez@example.com,2025-01-29,False,medium,treatment,0
2589,Jamie Walker,royscott@example.net,2025-04-08,False,low,control,0
2590,William Moon,fernandezsusan@example.org,2026-03-12,False,high,treatment,0
2591,Erika Brown,christina98@example.com,2024-12-05,False,medium,control,0
2592,Nancy Walker,whaynes@example.com,2025-01-26,True,high,treatment,0
2593,Caitlin Armstrong,pwalker@example.org,2025-04-23,False,high,treatment,0
2594,Ruth Brown,chiggins@example.com,2026-01-02,False,low,control,0
2595,Jody Martin,michael39@example.com,2025-03-29,False,low,control,0
2596,Laurie Johnson,wagneramy@example.com,2026-05-06,False,medium,control,0
2597,Jon Cox,bmathis@example.org,2024-10-19,False,high,control,0
2598,Miguel Garcia,brookemartin@example.org,2026-07-09,True,medium,treatment,0
2599,Terry Macias,christineramirez@example.net,2025-11-09,False,low,control,0
2600,Danny Roach,susan33@example.org,2024-09-21,False,low,treatment,1
2601,Hunter Williams,rebecca55@example.org,2024-12-08,False,high,treatment,0
2602,Courtney Morgan,laura03@example.com,2025-11-15,False,medium,treatment,0
2603,Rhonda Mitchell,cindyfischer@example.org,2025-02-04,False,low,treatment,0
2604,Samuel Long,brittanyanderson@example.net,2024-10-06,False,low,control,1
2605,Natalie Cooke,daviddecker@example.com,2026-03-21,False,low,treatment,0
2606,Shawn Brown,karen65@example.net,2025-11-30,False,low,control,0
2607,Anthony Thomas,emorales@example.com,2025-08-19,False,medium,treatment,0
2608,Diana Jones,cruzcaitlin@example.com,2025-12-29,False,medium,control,0
2609,Stephanie Peterson,willishenry@example.com,2024-11-11,False,medium,control,0
2610,John Hall,banderson@example.com,2025-08-29,True,low,treatment,0
2611,Samuel Soto,gking@example.org,2026-02-11,True,low,control,0
2612,Jessica West,anthonyduncan@example.org,2026-01-12,True,low,treatment,0
2613,Stephanie Stewart,josephlee@example.net,2024-12-03,False,low,treatment,0
2614,David Rivera,stewartjoseph@example.net,2026-04-04,False,high,control,0
2615,Mark Evans,holmesscott@example.net,2025-08-19,True,medium,control,0
2616,John Dickson,heather42@example.org,2026-08-27,False,low,control,0
2617,Cynthia Cardenas,isabella81@example.net,2025-01-26,False,low,control,0
2618,Adrienne Ingram,bvasquez@example.com,2025-12-24,False,low,control,0
2619,Christina Clark,katherinechapman@example.net,2025-07-28,False,medium,treatment,1
2620,Shane Bender,matthewmoran@example.net,2025-04-16,True,low,treatment,0
2621,Anthony Meyer,jill83@example.net,2025-10-17,False,low,treatment,0
2622,Erica Kim,ytaylor@example.org,2024-09-30,False,high,treatment,0
2623,Jennifer Martinez,michaelbradshaw@example.net,2026-06-18,False,medium,treatment,0
2624,Angela Richards,angelathompson@example.com,2024-09-23,False,high,control,0
2625,Clifford Daniel,tjackson@example.com,2025-01-20,False,low,control,0
2626,Kevin King,debbiedavis@example.org,2026-04-19,False,high,control,0
2627,Donald Roberts,brookefrench@example.net,2026-02-12,False,low,control,0
2628,Christopher Steele,taylorraymond@example.com,2026-07-20,False,low,control,0
2629,Samantha Williams,russell21@example.com,2026-05-21,True,medium,treatment,0
2630,Alicia Hall,williamskathleen@example.net,2025-02-24,False,high,treatment,0
2631,Curtis Harvey,ethanhuff@example.org,2024-11-19,True,medium,treatment,0
2632,Janet Smith,barnesandrew@example.net,2024-12-30,False,low,treatment,0
2633,Mr. James Ross,dguerra@example.com,2026-08-31,False,medium,control,0
2634,Jeanne Robinson,alex95@example.org,2025-08-21,True,low,control,1
2635,Jeff Wallace,ohopkins@example.net,2024-12-07,False,low,control,0
2636,Dr. Rachel Wilson,justin16@example.com,2024-12-26,True,low,treatment,0
2637,Brett Bailey,darren37@example.org,2025-08-22,True,medium,control,0
2638,Jasmine Cox,wshannon@example.org,2025-07-22,False,low,control,0
2639,Rachel Munoz,cindywilliams@example.com,2026-06-22,True,low,treatment,0
2640,Kara Garrison,huntscott@example.org,2026-05-21,False,low,treatment,0
2641,Luis Lopez V,blakejackson@example.net,2025-02-24,False,low,control,0
2642,Raymond Miller,rjackson@example.com,2025-07-27,True,high,control,0
2643,Craig Holloway,shane02@example.com,2026-06-18,False,medium,control,0
2644,Jacqueline Perez,robertbradley@example.com,2026-02-02,False,low,control,0
2645,Jose Gross,bryan00@example.net,2025-05-22,True,medium,control,0
2646,Gabrielle Blackwell,rharmon@example.org,2024-11-22,True,low,control,0
2647,Cynthia Deleon,conleyantonio@example.org,2025-08-31,True,low,control,0
2648,Michael Williams,omathis@example.com,2026-03-09,False,low,treatment,0
2649,Jesus Blanchard,joshua70@example.com,2026-03-02,False,medium,control,0
2650,Paul Bridges,natalie46@example.com,2024-12-22,False,low,control,0
2651,Nicole Powell,richardsonkenneth@example.net,2024-11-19,False,low,control,0
2652,Joseph Lynch,maysedward@example.com,2026-07-24,False,high,control,1
2653,Ryan Smith,matthew78@example.com,2024-10-01,False,medium,treatment,0
2654,Heidi Mullins,cjohnson@example.org,2026-02-15,False,low,treatment,0
2655,Thomas Vargas,jasonsanders@example.net,2025-08-04,False,high,treatment,0
2656,Robert Ruiz,kelleyderek@example.net,2025-01-29,False,medium,treatment,0
2657,Scott Pruitt,kimberly90@example.net,2025-08-13,False,high,treatment,0
2658,Jessica Robinson,erica06@example.com,2026-03-20,False,low,treatment,0
2659,Christine Frazier,heathersteele@example.net,2026-03-23,True,high,treatment,0
2660,Mrs. Sarah Lindsey,melanie49@example.org,2024-12-27,True,medium,treatment,0
2661,Jesus Baker,whubbard@example.org,2025-10-20,True,low,treatment,0
2662,Nathaniel Johnson,dharris@example.org,2025-07-08,False,high,control,0
2663,Timothy Lowe,wellssherry@example.net,2025-11-15,True,medium,control,1
2664,Katrina Gilbert,tracyhoffman@example.com,2026-02-12,True,low,control,0
2665,Patricia Barton,stevenellis@example.org,2025-10-12,False,medium,control,0
2666,Elizabeth Baker,kmatthews@example.org,2025-02-14,True,low,treatment,1
2667,Kimberly Mckay,teresamiller@example.org,2026-08-18,True,low,control,0
2668,William Guzman,rodriguezmichael@example.net,2025-12-07,False,high,control,0
2669,Alexander James,bryanmorgan@example.net,2025-08-04,False,medium,control,0
2670,David Lawson,susannelson@example.net,2026-07-16,False,low,control,0
2671,Diana Hartman,terrykirsten@example.net,2026-01-25,False,high,treatment,0
2672,Julie Ryan,aruiz@example.com,2025-12-24,True,low,treatment,0
2673,Denise Walker,cooperdeanna@example.net,2026-06-10,False,medium,control,0
2674,Tammy Garcia,nicole92@example.net,2025-09-25,True,low,treatment,0
2675,Curtis Cole,wilsonbrian@example.net,2026-09-01,False,medium,treatment,0
2676,Edwin Griffin,harriswilliam@example.net,2024-10-09,False,high,treatment,0
2677,Sharon Trevino,jmoore@example.net,2025-01-16,True,medium,control,0
2678,Krista Curtis,marissa85@example.org,2026-01-12,False,low,treatment,0
2679,Charles Romero,stephanie27@example.net,2025-04-06,True,high,treatment,0
2680,Joshua Henderson,ballnicole@example.com,2026-06-06,False,low,treatment,0
2681,John Myers,grantalyssa@example.org,2025-03-11,False,low,treatment,1
2682,Anthony Todd,virginiafisher@example.net,2026-07-07,False,medium,treatment,0
2683,Derrick Nguyen,lmccoy@example.net,2025-03-21,False,high,control,0
2684,Miss Sheri Yoder MD,fitzgeraldkenneth@example.net,2026-07-29,False,low,control,0
2685,Christopher Mcdowell,rickysmith@example.org,2026-08-04,False,low,treatment,0
2686,Daniel Diaz,whiteregina@example.net,2025-08-12,False,low,treatment,0
2687,Tammy Brown,cbanks@example.org,2024-12-22,False,medium,treatment,0
2688,Dana Flores,bobby53@example.net,2026-03-29,False,medium,treatment,0
2689,Paul Graves,xclarke@example.com,2026-01-26,False,low,treatment,0
2690,Shelly Wilcox,mary88@example.org,2024-12-12,False,low,treatment,0
2691,Laura Bolton,aprilhill@example.net,2025-07-06,True,medium,control,0
2692,Craig Martinez,zjohnson@example.com,2025-12-02,True,low,control,0
2693,Kendra Campbell,andersonbonnie@example.net,2026-05-06,False,medium,treatment,0
2694,Savannah Estrada,denniswilliams@example.com,2025-01-30,False,high,control,0
2695,Cathy Ali,alexbutler@example.org,2026-08-24,False,high,control,1
2696,Laura Russell,patriciabennett@example.net,2026-07-13,True,medium,control,0
2697,Mary Moore,jasonwalton@example.net,2025-09-01,False,medium,control,0
2698,Kristi Marshall,lhayes@example.com,2026-07-18,False,low,control,0
2699,Eric Wright,brandonmeza@example.com,2026-07-03,True,low,control,0
2700,Anna Gonzalez,theresagreene@example.org,2026-09-11,False,high,control,0
2701,Allen Prince,kenneth76@example.org,2026-05-24,True,high,control,0
2702,Terri Frye,joyce30@example.com,2026-03-05,False,low,control,0
2703,Claudia Wilson,zacharyandrews@example.com,2025-01-06,False,high,control,0
2704,Kimberly Anderson,qnewman@example.com,2025-04-22,False,low,control,0
2705,Mary Terry,regina59@example.net,2026-01-04,False,medium,treatment,0
2706,Clayton Rogers,anthonyrandolph@example.com,2025-07-26,False,low,control,0
2707,Ashley Harding,kmartinez@example.net,2026-07-22,False,low,treatment,0
2708,Amanda Huerta,richard20@example.org,2025-08-29,True,low,control,0
2709,Mark Smith,hortiz@example.com,2025-11-09,False,low,control,0
2710,Brittany Duran,melissa04@example.org,2026-04-21,False,low,control,0
2711,David Page,jeremiah13@example.com,2026-01-12,True,low,control,0
2712,Jared Smith,mhenry@example.net,2025-01-18,False,low,control,0
2713,Wesley Brown MD,tammythomas@example.com,2026-05-19,False,medium,treatment,0
2714,Lauren Bowen,zacharylee@example.com,2024-10-16,False,low,treatment,0
2715,Clinton Carter,joshua74@example.net,2025-12-06,False,medium,control,0
2716,Katherine Johnson,xcline@example.org,2025-05-05,False,low,control,0
2717,Wayne Smith,egutierrez@example.net,2024-11-08,False,low,control,0
2718,Andrew Ellison,christopher32@example.net,2025-11-24,False,medium,control,0
2719,Guy Lee,benjamin18@example.com,2025-09-23,True,medium,treatment,0
2720,Joshua Miller,morrismary@example.com,2025-04-03,True,medium,control,0
2721,Jenna Diaz,weeksbrandon@example.com,2026-05-10,False,low,control,0
2722,Dustin Matthews,loveluis@example.com,2024-12-11,True,high,control,0
2723,Albert Juarez,gregorybrock@example.org,2026-01-27,True,low,treatment,0
2724,Jennifer Martin,allennathan@example.net,2025-10-27,False,medium,control,0
2725,Diana Stanton,kelleramanda@example.org,2025-01-05,False,low,control,0
2726,Lawrence Morgan,bcampbell@example.net,2025-11-29,True,low,treatment,0
2727,Miranda Cooper,danderson@example.org,2025-12-03,True,low,treatment,0
2728,Dennis Smith,gillmary@example.com,2024-10-18,False,low,treatment,0
2729,Lisa Webb,carlsonblake@example.net,2026-02-22,False,low,treatment,0
2730,Lisa Fernandez,michelle11@example.org,2026-01-27,False,high,control,0
2731,Rita Gray,rogersjoshua@example.com,2025-11-01,False,low,control,0
2732,Robert Allen,rodriguezdiana@example.org,2025-04-20,True,low,treatment,0
2733,Michael Huerta,andrewperez@example.com,2026-01-25,True,medium,control,0
2734,Trevor Cox,kenneth08@example.net,2026-06-30,False,high,treatment,0
2735,Tamara Woodard,wallacebryan@example.com,2026-03-16,False,low,control,0
2736,Laura Daniel,robert76@example.com,2024-12-22,False,low,treatment,0
2737,David Warner,xlivingston@example.org,2026-08-31,True,medium,control,0
2738,James Singh,allen57@example.net,2026-07-12,True,low,treatment,1
2739,Terry Black,riveralisa@example.com,2025-03-08,False,medium,treatment,0
2740,David Calderon,bradley81@example.net,2025-12-23,False,low,treatment,0
2741,Adam Gardner,smithjavier@example.org,2025-11-24,False,low,control,0
2742,Amy Yang DDS,michaeljohnson@example.com,2025-05-22,False,medium,treatment,0
2743,Pamela Stevens,ashley95@example.org,2026-06-05,False,high,treatment,0
2744,Samantha Costa,williamsjennifer@example.com,2024-10-18,True,medium,treatment,0
2745,Julie Stark,qmichael@example.com,2025-03-24,False,high,control,0
2746,Mark Crane,floresjulie@example.net,2025-04-10,True,medium,control,0
2747,Gary Palmer,grantcrystal@example.org,2026-02-24,False,low,control,0
2748,Hannah Bell,justincombs@example.com,2026-03-28,False,low,treatment,0
2749,Jared Camacho,edward79@example.com,2024-10-25,False,high,control,0
2750,Jamie Young,agarcia@example.org,2025-05-01,False,medium,treatment,0
2751,Jermaine Phillips,katherinewinters@example.com,2024-09-28,False,low,control,0
2752,Robert Brown,anthony53@example.net,2024-09-20,True,low,treatment,0
2753,Michael Walters,hendersonlisa@example.com,2025-07-23,False,low,treatment,0
2754,Jeremiah Brown,haroldturner@example.org,2025-03-15,False,low,control,0
2755,Jeremy Baker,uschmitt@example.net,2025-06-11,True,low,treatment,1
2756,Robert Benson,usilva@example.net,2025-08-19,True,high,control,0
2757,Nancy Blake,vgraham@example.com,2026-05-29,False,medium,treatment,0
2758,Daniel Rivera,spencerjames@example.com,2026-02-20,True,medium,treatment,0
2759,Mark Hansen MD,brookstaylor@example.org,2026-08-27,False,medium,control,0
2760,Melissa Abbott PhD,weaverjohn@example.org,2026-04-28,True,medium,control,0
2761,Cody Johnson,ryan33@example.org,2026-05-31,False,medium,control,0
2762,Michael Hale,kristianderson@example.net,2026-09-16,False,low,control,0
2763,David Lopez,marcohines@example.com,2026-08-01,False,low,treatment,0
2764,Julia Williamson,jonathangonzales@example.org,2025-12-15,False,low,control,0
2765,Courtney Nichols,denise02@example.org,2026-01-31,False,low,control,0
2766,Brandon Barker,brownchristina@example.org,2026-03-27,False,low,control,0
2767,Douglas Taylor,troy19@example.net,2025-10-05,False,medium,control,0
2768,Alexa Chambers,lori15@example.com,2026-02-03,True,low,control,0
2769,James Melendez,kmorris@example.net,2025-12-06,True,high,treatment,0
2770,Juan Walker,smithmarisa@example.com,2026-09-06,False,low,control,0
2771,Christopher Ayala,uhaney@example.org,2026-07-16,True,medium,control,0
2772,John Robinson DVM,gtanner@example.net,2026-08-19,False,medium,control,0
2773,Jennifer Evans,zjohnson@example.com,2024-09-19,False,low,control,0
2774,Amy Gray,rogerslawrence@example.net,2025-09-20,True,low,control,0
2775,Mark Miller,bowmankylie@example.com,2026-03-03,True,low,treatment,0
2776,Jon Smith,wkennedy@example.com,2025-09-22,True,low,treatment,1
2777,Jason Watson,wilkinsonrussell@example.org,2024-09-27,False,medium,control,0
2778,Michael Lee,cynthia64@example.com,2026-03-03,False,medium,control,0
2779,Jerome Edwards,nbrewer@example.org,2025-10-04,True,medium,control,0
2780,Kevin Carrillo,igoodman@example.net,2025-04-08,True,medium,control,0
2781,Rachel Scott DVM,vjohnson@example.net,2026-06-28,False,high,treatment,0
2782,Alexis Campbell,douglasbutler@example.com,2025-04-21,True,low,treatment,1
2783,Patrick Hester,patricia12@example.org,2025-01-09,False,low,treatment,0
2784,Michele Gilmore,guerrerorenee@example.com,2025-12-11,False,medium,treatment,0
2785,Gina King,lyonsian@example.com,2025-08-02,False,high,treatment,0
2786,Tamara Martin,lisastanton@example.net,2026-07-18,False,low,control,0
2787,Elizabeth Serrano,matthewespinoza@example.net,2025-09-20,False,medium,treatment,0
2788,Ryan Schroeder MD,jamiefox@example.net,2026-01-04,False,low,treatment,0
2789,Matthew Kaufman,carlos80@example.com,2026-02-08,False,high,treatment,1
2790,Mrs. Miranda Johnston,richard79@example.net,2025-10-14,False,low,control,0
2791,Denise Johnson,zachary79@example.com,2025-11-05,True,low,treatment,0
2792,Cheryl Gregory,tashachase@example.com,2025-01-07,False,medium,control,0
2793,Bryan Franco,berrydonald@example.org,2025-06-24,False,low,control,0
2794,Brett Morris,jessica86@example.com,2025-05-16,False,low,treatment,0
2795,Kelly Ross,karen57@example.com,2024-11-29,False,medium,control,0
2796,Dawn Jordan,smithpaul@example.com,2025-05-21,False,medium,control,1
2797,Jennifer Schmidt,kellybrown@example.org,2025-07-17,True,high,control,1
2798,Frederick Moore,michelle41@example.net,2025-11-21,False,low,treatment,0
2799,Edward Thomas,jamesrussell@example.net,2026-09-16,False,medium,control,0
2800,Reginald Copeland,ucamacho@example.org,2025-08-13,False,medium,treatment,0
2801,Jennifer Williams,lisa42@example.org,2025-09-26,True,low,treatment,0
2802,Christopher Salinas,jessica89@example.net,2025-10-12,True,medium,treatment,0
2803,Lee Salas,lewiselizabeth@example.org,2025-11-17,True,medium,treatment,0
2804,Austin Lawson,kparrish@example.com,2024-12-24,False,high,treatment,0
2805,William Peters,clarkpaul@example.com,2025-10-06,False,low,control,0
2806,Thomas Marshall,karen67@example.com,2026-09-09,True,medium,control,0
2807,Alexis Morris,ashleyrhodes@example.com,2025-11-18,False,low,treatment,0
2808,Kimberly Taylor,tsmith@example.net,2025-03-19,False,medium,treatment,0
2809,Shane Gates,taragomez@example.net,2025-11-29,False,low,treatment,0
2810,Evelyn Ramirez,mcdonaldmegan@example.org,2024-10-16,False,low,treatment,0
2811,Patrick Ortega,bmitchell@example.com,2025-06-09,True,high,control,0
2812,Travis Douglas,palmerronald@example.com,2026-09-13,False,medium,control,0
2813,Mikayla Harris,maryflores@example.net,2025-10-02,True,medium,treatment,0
2814,Jose Pace,duncanerik@example.net,2026-03-31,False,low,control,0
2815,Steven Johnson,jennifer69@example.com,2025-01-16,False,low,treatment,0
2816,John Reilly,coreyhendrix@example.org,2026-02-10,False,medium,control,0
2817,Christopher Garza,watsontina@example.net,2026-07-23,True,low,control,0
2818,Ann Fernandez,kenneththomas@example.com,2026-05-11,True,low,treatment,0
2819,Kristine Perry,mahoneysarah@example.org,2024-12-23,False,medium,control,0
2820,Connie Wells,lweber@example.org,2026-09-03,True,low,control,0
2821,Crystal Shelton,johnsonlisa@example.com,2025-05-06,False,medium,control,0
2822,Robert Weaver,jbrown@example.com,2026-05-02,False,low,control,0
2823,Ms. Michele Jones,ufisher@example.com,2025-02-12,False,low,treatment,0
2824,Virginia Johns,cameronkaitlyn@example.com,2025-09-27,True,medium,treatment,0
2825,Austin Snyder,grantkevin@example.net,2026-09-08,False,medium,control,0
2826,Lori Jackson,williampierce@example.com,2025-07-14,False,medium,treatment,0
2827,Shannon Chung,jross@example.org,2025-11-24,True,low,control,0
2828,Catherine Walls,chenmatthew@example.org,2025-10-21,True,low,control,0
2829,Ariel Hebert,yboone@example.org,2025-09-25,False,high,control,0
2830,Robert Banks,zsmith@example.com,2026-02-21,False,medium,treatment,0
2831,Linda Marks,gibsondavid@example.com,2026-04-09,True,low,treatment,0
2832,Brianna Tran,jeffreywhitehead@example.net,2026-01-14,False,medium,treatment,0
2833,Mary Lawson,pmorse@example.net,2025-05-06,False,medium,treatment,0
2834,Garrett Dixon,yatkins@example.net,2026-06-11,False,medium,control,0
2835,Cheryl Gomez MD,vramos@example.org,2026-03-30,True,medium,control,0
2836,Mary Hobbs,morrismatthew@example.org,2026-01-28,False,low,treatment,0
2837,Jessica Stein,david18@example.com,2025-12-12,False,low,control,0
2838,Nancy Black,jose45@example.net,2025-10-14,False,low,control,0
2839,Billy Brown,ptapia@example.net,2024-11-30,False,low,control,0
2840,Darrell Wong,melissa36@example.net,2026-09-11,False,low,treatment,0
2841,Mark Long,manningbrandi@example.com,2026-06-21,True,low,control,1
2842,Jeremy Brown,jessebeltran@example.net,2025-03-31,False,low,control,0
2843,Edgar Jenkins,sandrews@example.org,2026-07-17,True,medium,treatment,1
2844,Sabrina Henderson DVM,lisa16@example.org,2026-08-03,False,high,treatment,0
2845,Karen Chang,mistykelly@example.com,2025-06-11,True,medium,control,0
2846,Caitlin Kent,elainehall@example.net,2025-07-01,True,low,treatment,0
2847,Natalie Page,annettedavis@example.net,2025-06-13,False,medium,treatment,0
2848,Elizabeth Martin,jeremyevans@example.com,2026-06-03,False,low,control,0
2849,Andrea Reed,amanda96@example.com,2024-10-04,False,low,treatment,0
2850,Daniel Carter,tbradford@example.com,2025-06-28,False,low,treatment,0
2851,Haley Chen,amy17@example.com,2026-03-12,True,low,treatment,0
2852,Lisa Coleman,asmith@example.org,2026-07-05,False,low,treatment,0
2853,Matthew Sullivan,brewersherri@example.org,2025-03-02,False,low,control,0
2854,Sara Contreras,dhale@example.net,2025-11-22,False,low,control,0
2855,Christina Tucker,vroberts@example.org,2025-11-23,False,high,treatment,0
2856,Beth Sullivan,tashatownsend@example.org,2026-05-03,True,high,treatment,0
2857,Samuel Bailey,andrewsdebbie@example.com,2026-02-15,False,high,treatment,0
2858,Justin Lopez,hchavez@example.net,2026-03-16,False,low,treatment,0
2859,Jennifer Cisneros MD,julie34@example.org,2026-05-03,True,low,treatment,0
2860,Brandy Sweeney,dennishale@example.org,2025-04-01,True,low,treatment,0
2861,Amanda Yoder,jessicastanton@example.net,2025-02-25,True,low,treatment,0
2862,Hunter Yang,wellsshaun@example.org,2025-05-14,False,low,control,0
2863,Desiree Powell,kelly92@example.org,2025-03-15,True,medium,treatment,0
2864,Amy Torres,bvelez@example.com,2024-12-28,True,low,treatment,1
2865,Robin Rodriguez,wsanchez@example.org,2025-06-21,True,high,control,0
2866,Kevin Christensen,oenglish@example.com,2025-06-04,False,low,treatment,1
2867,Margaret Tucker,qbennett@example.org,2025-04-23,False,medium,treatment,0
2868,Daniel Garrison,aaron25@example.com,2024-11-02,False,medium,treatment,0
2869,Christine Zuniga,kimberly48@example.com,2025-09-03,False,low,control,0
2870,Thomas Perez,turnerkari@example.org,2024-11-04,True,low,treatment,0
2871,Desiree Simon,brookstimothy@example.net,2026-05-16,False,medium,treatment,0
2872,Brandon Green,dfox@example.net,2026-05-12,False,high,control,0
2873,Cesar Watts,alexis54@example.org,2025-08-05,True,medium,control,0
2874,Jessica Palmer,halelinda@example.net,2024-10-24,False,high,treatment,0
2875,Michael Castillo,christopherharris@example.org,2025-05-12,False,medium,treatment,0
2876,Danielle Hamilton,gjackson@example.org,2025-09-07,True,medium,treatment,0
2877,Kimberly Davis,umccoy@example.com,2025-04-25,True,medium,control,0
2878,Jesse Brown,thomasronald@example.net,2026-01-09,False,low,control,1
2879,Robert Jones,harold30@example.com,2024-10-11,False,low,treatment,0
2880,Anthony Haley,psawyer@example.net,2026-08-06,False,low,control,0
2881,Alicia Nguyen,garyyang@example.org,2025-04-16,False,high,control,0
2882,Jamie Castillo,edwardsjonathan@example.net,2025-11-21,False,low,treatment,0
2883,Brandon Heath,norozco@example.net,2025-10-01,False,medium,control,0
2884,Samuel Ramirez,esparzajesse@example.net,2024-12-21,True,low,treatment,0
2885,Amber Gray,daviselizabeth@example.net,2026-03-24,True,high,treatment,0
2886,Ashley Clark,jason91@example.org,2025-03-02,False,medium,treatment,0
2887,Christopher Gray,hoganeric@example.net,2025-11-27,True,medium,treatment,1
2888,Scott Shelton,david42@example.net,2025-07-06,True,low,control,0
2889,Elizabeth Ramos,thompsonbrandy@example.com,2025-07-27,False,low,control,0
2890,Patrick Blair,john77@example.net,2026-07-10,False,low,treatment,0
2891,Destiny Berry,gregory73@example.com,2025-07-09,False,low,treatment,1
2892,Felicia Thompson,zholden@example.com,2026-05-05,False,low,control,0
2893,Andrea Freeman,xhorne@example.org,2026-06-16,True,high,treatment,0
2894,Lisa Butler,daniel75@example.org,2025-03-18,True,medium,control,1
2895,Melissa Moore,rwaters@example.com,2025-07-31,False,low,control,0
2896,David Clark,omartinez@example.net,2025-10-25,True,medium,control,0
2897,David Roberts,lsnyder@example.org,2025-04-22,False,high,control,0
2898,Brad Davidson,vtapia@example.net,2025-10-21,False,medium,control,0
2899,Devon Bentley,robert58@example.net,2025-07-27,True,high,treatment,0
2900,Allison Glover,jcross@example.com,2025-11-04,False,low,treatment,0
2901,Cynthia Franklin,perrymichael@example.org,2026-01-22,True,low,treatment,0
2902,Ashley Prince,heatherdavis@example.org,2024-10-03,True,medium,treatment,0
2903,Kara Gray,xvazquez@example.org,2026-08-07,False,low,treatment,0
2904,Louis Olsen,petersdonald@example.net,2025-04-06,False,high,treatment,0
2905,Carlos Martinez,raymond39@example.com,2026-04-12,False,low,control,0
2906,Clinton Day,kaitlynfrey@example.net,2025-01-15,True,high,treatment,0
2907,Elizabeth Christensen,sallylee@example.org,2025-08-19,False,low,control,0
2908,Lauren Drake,alexander69@example.com,2025-09-21,True,low,control,0
2909,Wendy Rodriguez,ypark@example.net,2025-04-18,True,medium,control,0
2910,Marc Hayes,jenkinspamela@example.org,2025-02-23,False,low,control,0
2911,Brian Garcia,wrodriguez@example.net,2024-10-07,False,low,control,0
2912,Nathan Bradley,jessica01@example.org,2025-03-01,False,medium,treatment,0
2913,Dillon Alvarez,qwhitaker@example.org,2026-08-17,True,low,treatment,0
2914,Robert Campbell,christopher01@example.com,2025-09-12,False,low,treatment,0
2915,Benjamin King,garciaalex@example.com,2025-11-13,False,medium,treatment,0
2916,Mary Miller,williamslarry@example.org,2026-07-02,False,low,treatment,0
2917,Joseph Rivas,hcastaneda@example.com,2026-07-18,False,low,control,0
2918,Dr. Andrea Oliver MD,drew34@example.net,2026-07-03,False,medium,treatment,0
2919,Elizabeth Green,wendyclark@example.org,2024-11-10,False,low,control,0
2920,John Joyce,tuckersheila@example.net,2024-11-28,False,medium,treatment,0
2921,Janet Miller,sgarcia@example.org,2026-04-18,False,low,control,0
2922,Shawn Patton,aguilarkyle@example.org,2026-09-15,True,low,treatment,0
2923,John Dillon,tarameyer@example.net,2024-11-20,False,low,control,1
2924,Casey Ferguson,logan71@example.net,2025-02-19,True,medium,control,1
2925,Samuel Richardson,bphillips@example.org,2025-12-03,False,medium,treatment,0
2926,Richard Miller,hturner@example.net,2026-09-07,True,high,control,0
2927,Kenneth Mitchell,darlenewilson@example.com,2026-06-20,False,high,treatment,0
2928,David Mora,martinjenkins@example.net,2025-07-30,False,medium,treatment,0
2929,Jasmine Russell,lisa52@example.com,2025-01-23,True,low,control,0
2930,Nancy Barry,taylormichael@example.com,2026-02-25,True,medium,treatment,0
2931,Michael Silva,abigail56@example.com,2025-12-02,False,medium,treatment,0
2932,Vicki Harper,johnsondaniel@example.net,2026-02-11,True,low,treatment,0
2933,Jerry Crosby,xclark@example.net,2025-04-21,False,low,control,0
2934,William West,bryantpeter@example.org,2026-03-26,False,low,control,0
2935,Jacob Green,alvarezelizabeth@example.org,2025-04-19,False,medium,control,0
2936,Dr. Ashley Walker DVM,ahicks@example.org,2025-03-26,True,low,control,0
2937,Kayla Strickland,mcdowelladam@example.net,2026-09-03,False,medium,treatment,0
2938,Joshua Brown,vanessa17@example.org,2025-10-14,False,low,treatment,0
2939,Jason Lee,martinezmolly@example.net,2025-01-12,False,medium,control,0
2940,Juan White,justinherrera@example.com,2025-05-13,False,low,treatment,0
2941,Corey Cooke,anthony41@example.org,2026-03-01,True,medium,treatment,0
2942,Jodi Lang,nathancasey@example.net,2024-12-10,False,high,control,0
2943,Michael Mckenzie,james72@example.org,2026-03-31,False,low,control,0
2944,Bonnie Petersen,oroberts@example.net,2026-08-02,False,high,treatment,0
2945,John Hooper,bwarren@example.org,2026-07-26,False,low,control,0
2946,Benjamin Jacobson,howellrenee@example.net,2026-08-07,False,medium,control,0
2947,Billy Cook,kristindixon@example.org,2026-07-28,False,low,treatment,0
2948,John Ortiz,oroberts@example.org,2025-10-24,False,low,control,0
2949,Martin Craig,andrewwalker@example.com,2025-09-15,False,low,control,0
2950,Maria Donaldson,stevenrichards@example.org,2026-01-18,False,medium,treatment,0
2951,Rodney Oliver,pking@example.net,2025-07-08,False,medium,treatment,1
2952,Emma Rivera,susan75@example.net,2025-11-09,True,low,treatment,0
2953,Alisha Malone,barbaradoyle@example.com,2025-12-01,True,medium,control,0
2954,Mark Norris,patricia89@example.net,2025-07-27,False,medium,control,0
2955,Nicholas Price,ostevens@example.com,2026-03-23,True,low,treatment,1
2956,Steven Miller,douglas61@example.org,2025-07-19,False,high,control,0
2957,Elizabeth Nolan,taylorjeffrey@example.org,2025-09-26,False,low,control,0
2958,Nathan Gilbert,daniellesweeney@example.com,2025-04-01,False,low,control,0
2959,Ryan Heath,marcuswalter@example.org,2025-10-10,False,medium,control,0
2960,Cynthia Taylor,grant48@example.org,2026-03-31,True,medium,control,0
2961,Jesse Martinez,cortezmatthew@example.com,2025-11-29,True,high,treatment,0
2962,George Ellis,cruzmary@example.net,2026-05-01,True,medium,control,0
2963,Donald Wood,allenkathryn@example.org,2026-01-10,True,medium,treatment,1
2964,Gail Greene,howard31@example.com,2025-12-28,False,medium,control,0
2965,Brenda Hughes,ramirezrhonda@example.org,2025-12-03,False,high,treatment,0
2966,Taylor Vaughn,ramoscory@example.com,2026-08-13,True,low,control,0
2967,Sandra Johnson,russellamber@example.org,2026-07-10,True,high,treatment,0
2968,David Thompson,nreyes@example.com,2026-06-06,False,medium,treatment,0
2969,Jennifer Andersen,karen31@example.org,2025-11-19,False,low,control,0
2970,Elizabeth Deleon,adrian20@example.com,2024-11-25,True,low,treatment,0
2971,Ashley Allen,jasonmontgomery@example.com,2025-12-02,False,low,treatment,0
2972,Antonio Brown,whitebonnie@example.com,2025-07-28,True,high,control,0
2973,Clinton Peterson,holly18@example.net,2025-06-13,False,low,treatment,1
2974,Ellen Acosta,jeremymitchell@example.com,2026-03-02,False,low,control,0
2975,Breanna Young,dcurtis@example.com,2026-07-18,False,medium,treatment,0
2976,Angela Rivera,scott43@example.com,2024-09-26,True,low,control,0
2977,Lisa Landry,james91@example.org,2026-01-19,False,medium,treatment,0
2978,Jessica Fisher,wmorgan@example.org,2026-01-11,True,medium,control,0
2979,Olivia Jones,bowersethan@example.org,2026-05-10,False,low,treatment,1
2980,Karen Brown,roblescolleen@example.org,2024-12-22,False,medium,control,0
2981,Brian Mendoza,ojohnson@example.com,2025-12-23,False,high,treatment,1
2982,David Hernandez,wmartinez@example.net,2025-01-08,False,medium,treatment,0
2983,Jamie Reid,deborah56@example.org,2026-07-15,False,high,control,0
2984,Dustin Hernandez,james00@example.net,2025-03-14,False,low,control,0
2985,Patricia Sanchez,morganwarner@example.org,2025-02-15,False,medium,control,0
2986,Gregory Hopkins,njames@example.org,2026-08-27,False,low,control,0
2987,Kimberly Scott,mhopkins@example.net,2025-09-15,False,high,treatment,0
2988,Benjamin Duke,samanthataylor@example.org,2024-11-27,True,high,control,0
2989,Seth Olsen,frank66@example.com,2025-01-29,True,low,treatment,0
2990,Ricky Robinson,bryce27@example.org,2026-09-13,False,medium,control,0
2991,Gregory Rivers,tracydavenport@example.net,2025-06-30,False,low,control,0
2992,Jasmin Harrison,cgreen@example.net,2025-04-19,False,low,treatment,0
2993,Christopher Olsen,jean10@example.com,2025-07-11,True,low,treatment,0
2994,Aaron Gutierrez,tarabarnes@example.com,2025-10-12,False,high,treatment,0
2995,Brian Cardenas,clinekatie@example.com,2026-06-19,False,medium,treatment,0
2996,Cassie Duffy,jacqueline97@example.net,2026-04-08,True,medium,treatment,1
2997,Shawn Delacruz,andersondaniel@example.com,2026-06-14,False,low,treatment,0
2998,Stephanie Lopez,kellysnyder@example.net,2026-09-06,True,medium,treatment,0
2999,Sarah Barnett,mitchellmichael@example.com,2026-02-27,False,medium,treatment,0
3000,Shawn Brooks,helen07@example.org,2025-02-12,False,low,control,0
3001,Kendra Davis,jpeters@example.org,2025-02-05,False,low,control,0
3002,Shirley Steele,levi67@example.com,2026-03-30,False,medium,control,0
3003,James Russell,emilyallison@example.net,2025-07-25,True,high,control,0
3004,Austin Taylor,anthonyavery@example.org,2026-06-30,False,low,treatment,0
3005,Kelly Gordon,david48@example.org,2025-02-13,False,low,control,0
3006,Jenny Hayes,yjohnson@example.net,2025-01-16,False,medium,control,0
3007,Kimberly Sullivan,terrypatrick@example.com,2025-12-28,False,medium,control,0
3008,Thomas Macdonald,andrewgalloway@example.com,2025-04-09,False,medium,treatment,0
3009,Amber Camacho,josewood@example.org,2026-07-12,True,medium,control,0
3010,Jacqueline Summers,jonesrachel@example.com,2025-06-30,False,low,control,0
3011,Richard Schmidt,fernandezbrandon@example.net,2026-03-07,False,high,treatment,0
3012,Nicole Moss,jonathan10@example.com,2024-10-31,False,low,control,0
3013,Gregory Cruz,charles35@example.org,2025-10-03,True,low,treatment,0
3014,Denise Brewer,ucollins@example.com,2025-09-21,False,low,treatment,0
3015,Marcus Smith,ublack@example.com,2025-04-11,False,low,treatment,0
3016,Ryan Hayes,barry90@example.org,2026-06-28,False,low,control,0
3017,Mary Sullivan,timothygarcia@example.org,2024-12-03,False,low,control,0
3018,Jean Pollard,krodriguez@example.net,2025-08-26,False,low,control,0
3019,Jessica Riley,elizabethmoore@example.org,2025-08-31,False,high,treatment,0
3020,Frank Johnson,nicholasscott@example.net,2025-10-16,True,high,treatment,0
3021,Jennifer Gonzales,amywright@example.org,2026-09-08,False,low,control,0
3022,Leslie Juarez,justinhughes@example.net,2024-12-29,False,low,control,0
3023,Ricardo Olson,jonesmark@example.com,2026-07-28,False,medium,treatment,0
3024,John Melton,briggskimberly@example.org,2025-01-05,True,medium,control,0
3025,Christine Santana,wwhite@example.com,2025-07-28,False,high,control,0
3026,Maria Scott,littlelisa@example.net,2024-10-31,False,high,control,0
3027,Shaun Wood,ronald30@example.net,2025-08-24,False,low,treatment,0
3028,Thomas Nichols,umartinez@example.org,2025-12-28,False,low,treatment,0
3029,Courtney Grimes,stephanieleon@example.com,2025-08-16,False,low,control,0
3030,Nicole Martinez,donald27@example.net,2025-09-20,False,medium,control,0
3031,Aaron Morrison,ramoschristopher@example.org,2024-10-22,False,low,treatment,1
3032,Scott Taylor,emily73@example.net,2026-08-22,False,medium,control,0
3033,Matthew Allison,gduke@example.net,2026-05-19,True,medium,control,0
3034,Stephanie Michael,xrodriguez@example.net,2025-12-06,False,low,treatment,0
3035,James Carrillo,mphillips@example.net,2026-02-27,True,low,control,0
3036,Scott Lee,allen95@example.org,2025-01-13,False,low,treatment,0
3037,Diane Taylor,xfleming@example.org,2026-04-10,True,low,control,0
3038,Tina White,rileykathleen@example.org,2026-09-06,False,low,control,0
3039,Judy Cox,timothy36@example.org,2026-03-28,False,medium,control,0
3040,Richard Willis,velezmark@example.net,2026-02-12,False,low,control,0
3041,James Poole,robertjohnson@example.org,2024-12-24,False,high,control,0
3042,Kenneth Clark,megan59@example.com,2026-06-10,False,low,control,0
3043,Christina Flores,michaelkline@example.net,2025-01-31,True,low,treatment,0
3044,Jamie Hudson,patrick86@example.net,2025-06-27,False,low,control,0
3045,Ronald Burnett,mcdowellchristopher@example.com,2026-02-05,False,low,control,0
3046,Jennifer Diaz,lanceryan@example.com,2026-06-06,False,medium,treatment,0
3047,Carol Le,kellywilliams@example.org,2026-02-02,False,medium,treatment,0
3048,Mary Smith,fbeck@example.com,2026-01-17,True,medium,treatment,0
3049,Alan Miller,hansenmatthew@example.org,2026-05-12,True,high,control,0
3050,Brian Best II,kochheather@example.org,2026-09-09,True,high,treatment,1
3051,Jason Rios,patrickmarquez@example.org,2026-05-03,False,medium,control,0
3052,Anthony Bowen,foxbrooke@example.org,2024-11-04,False,high,control,0
3053,Brian Smith,melissa80@example.org,2025-10-07,True,low,control,0
3054,Mrs. Melissa Ramirez,amy92@example.net,2026-01-29,False,low,control,1
3055,Crystal Mclean,cynthiabutler@example.org,2025-03-13,True,high,control,0
3056,Christopher Hendricks,huntlisa@example.org,2026-09-07,False,low,control,0
3057,Jessica Jones,kimberly47@example.org,2026-06-16,False,medium,treatment,0
3058,Connie Holder,johnsonmichael@example.net,2026-08-10,True,medium,control,0
3059,Natalie Smith,mcrawford@example.net,2025-08-10,False,high,control,0
3060,Veronica Davis,burgessdonald@example.com,2025-12-04,True,medium,control,0
3061,Jason Boyer,todddale@example.com,2025-07-26,True,low,treatment,1
3062,Annette Simpson,ikane@example.net,2025-10-09,True,high,treatment,0
3063,Claire Mcintosh,qgardner@example.net,2025-06-05,False,medium,treatment,1
3064,Matthew Koch,stevemorales@example.net,2025-01-11,False,low,control,0
3065,Jeffrey Robertson,hudsongwendolyn@example.com,2025-12-31,True,low,control,0
3066,James Montoya,jacobrangel@example.net,2026-01-24,False,medium,treatment,0
3067,Tracy Smith,beverly35@example.net,2025-10-13,False,low,treatment,0
3068,Glenn Woods,uhernandez@example.net,2026-05-21,True,low,control,1
3069,Alexander Roberson,susan80@example.com,2024-10-08,False,high,treatment,0
3070,Michael Mcconnell,mejiadaniel@example.com,2025-05-15,False,medium,treatment,0
3071,Chelsea Jones,brittanyrush@example.com,2026-06-13,False,low,treatment,0
3072,Brandon Patel,wongmckenzie@example.com,2025-10-06,True,high,treatment,0
3073,Shane Ward,smithcarrie@example.com,2025-04-02,False,low,treatment,0
3074,Catherine Gould,dbailey@example.org,2025-12-18,False,low,control,0
3075,Patricia Lawrence,martinezjessica@example.org,2025-05-23,False,high,treatment,1
3076,Mathew Myers,snydergeorge@example.org,2025-07-07,False,medium,treatment,0
3077,Haley Cowan,jeremylopez@example.net,2025-02-18,True,low,control,0
3078,Justin Cruz,smithstephanie@example.net,2025-02-06,True,low,control,0
3079,Robin Floyd,bcurtis@example.org,2025-03-25,False,medium,control,0
3080,Joanne Allen,virginia57@example.net,2024-11-23,True,medium,treatment,0
3081,Destiny Myers,rachel74@example.org,2026-02-25,True,low,treatment,0
3082,Katherine Clark,jon53@example.com,2025-05-16,True,low,treatment,0
3083,James Patterson,ggomez@example.org,2026-01-17,True,low,treatment,0
3084,Katie Buchanan,donnamcintosh@example.net,2025-10-21,False,high,control,0
3085,Christopher Butler,zlewis@example.com,2025-09-30,True,low,treatment,0
3086,Allen Alvarado,hkennedy@example.com,2024-09-20,True,medium,control,0
3087,Lisa Sanchez,nwise@example.net,2025-02-23,True,medium,control,0
3088,Darlene Sanchez,sshea@example.com,2026-06-12,False,medium,treatment,0
3089,Alexander Ramsey,luis05@example.net,2024-10-10,False,low,control,0
3090,Derrick Ford,williamsjames@example.org,2026-07-19,True,low,control,1
3091,Olivia Bradley,vgriffin@example.com,2026-07-12,False,low,treatment,0
3092,Leslie Nelson,elizabeth03@example.net,2026-07-25,True,high,control,0
3093,Chad Hansen,daniel02@example.net,2026-02-08,True,medium,treatment,0
3094,Willie Johnson,susandavis@example.org,2025-05-26,False,low,control,0
3095,Brenda Marshall,kelsey33@example.com,2025-12-14,True,low,control,0
3096,Erin Miller,rodriguezjohn@example.com,2025-11-12,False,medium,treatment,0
3097,Sean Morales,nicolemontoya@example.org,2025-10-25,False,high,treatment,0
3098,Jamie White,daniel08@example.com,2025-09-14,False,low,control,0
3099,Kristen Rhodes,kelly14@example.net,2026-03-24,True,medium,control,1
3100,Rebecca Colon,richardsmario@example.org,2025-08-31,True,low,treatment,0
3101,Elizabeth Poole,katelyn37@example.net,2024-10-09,False,low,treatment,0
3102,Brandy Lopez,perryjames@example.com,2025-03-18,False,medium,treatment,0
3103,Ryan Singleton,maria56@example.net,2026-02-26,True,high,treatment,0
3104,Carol Coleman,thompsonroger@example.net,2025-03-24,True,low,control,0
3105,William Pena,lmoore@example.net,2026-07-30,False,low,control,0
3106,David Munoz,yallen@example.org,2026-07-23,False,low,control,0
3107,Tiffany Graham,teverett@example.com,2024-10-10,False,low,control,0
3108,Luis Lawrence,samanthamartinez@example.net,2026-02-13,False,medium,treatment,0
3109,Darren Lara,stephanielewis@example.org,2026-05-15,True,low,control,0
3110,Kristi Bernard,wayne14@example.net,2025-01-06,False,low,control,0
3111,Lawrence Allen,michael28@example.org,2026-04-14,False,medium,treatment,0
3112,David Anderson,katie76@example.com,2025-01-30,True,low,treatment,0
3113,Ashley Rivera,goodmancourtney@example.org,2026-07-03,True,medium,treatment,0
3114,Michelle Lucas,ryangilbert@example.org,2026-07-18,True,high,treatment,0
3115,Andrew Delgado,elizabethrichards@example.com,2024-12-12,False,low,treatment,0
3116,Erica Russell,frysharon@example.net,2024-12-18,False,high,treatment,0
3117,Toni Lamb,klewis@example.net,2024-12-07,False,low,treatment,0
3118,Michael Miller,simontracy@example.net,2025-01-08,False,medium,treatment,0
3119,Joshua Sanders,buchananscott@example.net,2025-08-19,False,medium,treatment,0
3120,Ashley Johnson,annettefleming@example.com,2024-09-17,False,high,control,0
3121,Hannah Larson,brooksjames@example.com,2025-04-05,False,low,treatment,0
3122,Robert Thompson,kimberlybennett@example.net,2025-03-14,False,medium,treatment,0
3123,Louis Eaton DDS,dana02@example.net,2025-05-06,False,medium,control,0
3124,Philip Williams,nelsoncassandra@example.net,2026-04-16,True,medium,treatment,1
3125,Michael Stevens,kenneth18@example.net,2026-02-27,False,low,control,0
3126,Jeff Wagner,jonesjohn@example.net,2026-01-16,False,low,treatment,0
3127,Benjamin Savage,craig34@example.com,2024-10-30,False,low,control,0
3128,Caitlin Smith,amandapayne@example.com,2026-04-21,False,medium,treatment,1
3129,Ray Singh,keithemily@example.net,2024-12-14,False,medium,control,0
3130,Jennifer Perry,youngannette@example.net,2026-01-27,False,low,control,0
3131,Meredith Mooney,dburke@example.net,2025-09-25,True,high,control,0
3132,Maria Patterson,brandonjohnson@example.org,2024-11-15,True,high,treatment,0
3133,Ariel Williams,dgentry@example.org,2025-07-31,False,medium,treatment,0
3134,Jacob Bauer,dalton37@example.org,2025-10-08,False,low,treatment,0
3135,Brian Norman,deanlauren@example.com,2025-06-08,False,medium,control,0
3136,Jennifer Kennedy,ycooper@example.org,2025-11-29,False,high,control,0
3137,Jonathan Young,znavarro@example.org,2026-02-02,True,medium,control,0
3138,Kathryn Brady,wallen@example.com,2024-12-03,False,medium,control,0
3139,Pamela James,bstephens@example.com,2025-06-09,True,low,treatment,0
3140,Brett Stephens,cburgess@example.org,2026-03-04,False,low,control,1
3141,Matthew Love,elizabeth14@example.com,2026-04-15,False,medium,control,0
3142,Casey Coleman,aaronbean@example.org,2024-11-08,False,medium,control,0
3143,Richard Sutton,conniegarcia@example.org,2025-04-21,True,medium,control,0
3144,Kyle Mooney,aclark@example.com,2025-09-02,False,low,treatment,0
3145,Jasmine Bennett,ewatkins@example.org,2025-02-22,False,low,control,0
3146,Peggy Hall,ramirezjeffrey@example.net,2025-12-02,True,low,control,0
3147,Jennifer Perez,cannonbarbara@example.org,2026-03-16,False,low,treatment,0
3148,Troy Travis,stanleygary@example.org,2025-06-24,False,high,control,0
3149,Diana Williams,brendan29@example.org,2024-11-15,False,low,control,0
3150,Carl Moore,mmartinez@example.org,2024-11-19,False,low,control,1
3151,Michael Barton,epearson@example.com,2026-01-24,False,low,control,0
3152,Monica Copeland,marissa74@example.net,2025-12-10,False,medium,control,0
3153,Amy Martin,danielmartinez@example.com,2025-10-21,False,low,treatment,0
3154,George Butler,tranamanda@example.org,2026-09-14,False,low,treatment,1
3155,Alexandra Jones,crystalcohen@example.net,2025-05-04,False,medium,treatment,0
3156,Anna Russell,jacksonsteven@example.com,2026-05-18,False,medium,treatment,0
3157,Christopher Delacruz,mgarcia@example.com,2025-12-06,False,low,control,0
3158,Thomas Hunter,berrypatricia@example.net,2026-06-02,True,high,control,1
3159,Mariah Eaton,myerstiffany@example.org,2026-02-09,False,medium,treatment,0
3160,Daniel Morrow,fjones@example.com,2025-02-01,False,low,control,0
3161,Carolyn Price,robertmartinez@example.org,2024-11-12,False,medium,treatment,0
3162,Kelsey Adams,websterbrandon@example.net,2025-12-01,False,low,treatment,0
3163,John Martin,kara58@example.com,2025-09-20,True,low,treatment,1
3164,Jason Ponce,erinstark@example.net,2026-03-25,False,low,control,0
3165,John Ramirez,cassandramoore@example.com,2026-04-08,False,low,control,0
3166,Ashley Stokes,bassjackie@example.org,2025-05-10,True,medium,treatment,0
3167,Andrea Stevenson,marilyn62@example.org,2026-05-08,False,medium,treatment,0
3168,Michelle Sullivan MD,mhall@example.com,2025-06-05,True,medium,control,0
3169,Daniel Barton,lucas15@example.com,2025-02-23,True,low,control,0
3170,David Jacobson,hharper@example.net,2026-03-09,False,low,treatment,1
3171,Lisa Curtis,tdominguez@example.com,2026-06-23,True,medium,control,0
3172,Julie Soto,hartkara@example.net,2026-06-12,False,medium,control,0
3173,Julia Fields,markbautista@example.org,2025-07-19,False,low,treatment,0
3174,Andrea Harris,blee@example.com,2024-10-08,True,high,treatment,0
3175,Barbara Sandoval,theresa24@example.org,2026-01-05,False,medium,control,0
3176,Nancy Landry,barkeralicia@example.net,2025-03-03,True,medium,control,0
3177,Jennifer Gaines,jessicahamilton@example.com,2026-07-08,True,medium,control,0
3178,Joshua Banks,kelly24@example.net,2026-06-16,False,high,treatment,1
3179,Michael Barnett,heathersanchez@example.com,2024-09-22,False,low,treatment,0
3180,Jessica Bell,wilsonjill@example.com,2026-01-10,False,medium,control,1
3181,Jennifer Hill,dakota75@example.org,2025-12-14,True,low,control,0
3182,Ana Lee,floresmariah@example.org,2025-04-24,True,low,control,1
3183,Brandon Schultz,romeromakayla@example.com,2026-06-07,False,medium,control,0
3184,Samantha Jones,lucasflores@example.com,2025-01-27,False,low,treatment,0
3185,Wanda Johnson,johnreyes@example.com,2025-07-30,False,medium,control,1
3186,Yvonne Greene,ashleyhall@example.net,2025-06-24,False,low,control,0
3187,Anna Jones,chelseasmith@example.net,2026-04-19,False,high,control,0
3188,Elizabeth Ramirez,kellygray@example.net,2025-01-24,True,low,control,1
3189,Debra Lee,emily89@example.org,2026-08-14,False,medium,control,0
3190,John Garcia,ngraham@example.com,2026-03-05,False,high,treatment,0
3191,Patty Cox,gregory38@example.org,2025-06-24,False,medium,treatment,0
3192,Brandi Rivera,colejames@example.org,2025-11-13,True,low,control,0
3193,William Phelps,chelsea70@example.org,2025-11-07,False,medium,treatment,0
3194,Lisa Choi,mark59@example.org,2026-05-23,False,medium,control,0
3195,Garrett Green,langalexandra@example.org,2024-10-14,True,medium,treatment,0
3196,Leah Hill,rlewis@example.com,2026-03-11,True,low,control,0
3197,Jennifer Bennett,ljordan@example.net,2025-12-07,False,medium,treatment,0
3198,Alan Haynes,pgraves@example.org,2026-06-16,False,low,treatment,1
3199,Jessica Williams,christine11@example.org,2026-08-22,False,low,control,0
3200,Joseph Flynn,zgarcia@example.com,2026-05-16,False,high,treatment,0
3201,Nicholas Smith,chase86@example.org,2026-01-31,False,high,control,0
3202,Matthew Green,jamesbenson@example.com,2025-12-07,True,high,treatment,0
3203,Jessica Holmes,andradevictoria@example.com,2025-05-11,True,high,treatment,0
3204,Maria Harrington,kvincent@example.org,2025-09-06,False,low,treatment,0
3205,Chad Joseph,rachel86@example.org,2025-08-27,False,high,control,1
3206,Leah Lam,cmartinez@example.org,2025-05-16,True,low,control,0
3207,Miss Cynthia Morris,lpatterson@example.com,2026-06-18,False,low,treatment,1
3208,Willie Jones,phodges@example.net,2026-01-02,True,low,treatment,0
3209,Olivia Russell,lambertjames@example.net,2025-05-31,False,high,treatment,0
3210,Ryan Johnson,horndonald@example.net,2025-11-13,False,medium,control,0
3211,Angela Drake,aaroncarter@example.net,2026-06-07,False,low,treatment,0
3212,Sean Erickson,ybell@example.com,2024-10-22,True,low,treatment,1
3213,Garrett Thomas,julielewis@example.com,2026-01-27,False,low,control,0
3214,Kurt Powell,tburgess@example.org,2025-03-06,False,medium,control,0
3215,Megan Hernandez,nathanfrazier@example.org,2025-08-31,True,medium,treatment,0
3216,Stephanie West,maryblackwell@example.com,2025-04-09,False,high,treatment,0
3217,Joel Patterson,yzamora@example.org,2026-08-07,False,medium,treatment,0
3218,Erik Williams,qcervantes@example.com,2026-08-24,False,medium,control,0
3219,Lisa Sutton,shelleycombs@example.net,2025-05-19,False,low,treatment,0
3220,Sarah Griffin,bcobb@example.org,2025-08-31,True,medium,control,1
3221,Justin Campbell,monica07@example.com,2025-08-24,True,low,control,0
3222,Kyle Bell,christopher57@example.org,2026-01-06,False,low,treatment,0
3223,Marco Brown,schneiderbrandon@example.com,2026-03-10,False,medium,treatment,0
3224,Jacqueline Kelly,johnroberts@example.com,2025-05-26,False,low,treatment,0
3225,Tina Cook,vdiaz@example.org,2026-07-16,True,medium,treatment,0
3226,Beverly Jenkins,welchrose@example.net,2026-03-28,False,high,treatment,1
3227,Amanda Owens,jonesjill@example.com,2025-11-18,False,low,control,0
3228,Heidi Fisher,greenekathy@example.net,2025-11-05,False,low,treatment,0
3229,Sandra Chaney,kelleyfelicia@example.com,2025-09-19,False,low,treatment,0
3230,Jo Hickman,tsimmons@example.net,2025-04-28,True,low,treatment,0
3231,Thomas Dixon,qdixon@example.org,2025-04-10,True,medium,treatment,0
3232,Kevin Ross,jkelley@example.net,2025-12-09,False,low,treatment,0
3233,Michelle Wood,tiffany95@example.org,2025-10-07,False,low,control,0
3234,Desiree Martin,heathersmith@example.org,2025-11-10,False,low,control,0
3235,Jay Mitchell,stewartmary@example.net,2025-03-12,False,medium,treatment,0
3236,Carrie Moore,brian13@example.org,2025-10-10,False,medium,treatment,0
3237,Eric Parker,jasongarza@example.org,2025-03-21,False,high,treatment,0
3238,Kathryn Jackson,tevans@example.org,2024-09-18,False,high,treatment,1
3239,Dennis Garcia,sabrinaperez@example.net,2025-09-03,False,low,treatment,0
3240,Hunter Miller,fgutierrez@example.com,2025-04-26,False,low,control,0
3241,Wayne Sellers,wagnerjacob@example.org,2025-06-03,False,low,treatment,0
3242,Derek Duffy,ibarton@example.org,2025-05-30,False,low,treatment,0
3243,Taylor Parsons,dana17@example.net,2025-12-01,True,low,treatment,0
3244,Marcus Harvey,janice12@example.net,2026-09-02,False,low,control,0
3245,Robert Franco,bennettmichael@example.net,2025-01-24,False,medium,treatment,0
3246,Terri Davis,larrygill@example.net,2024-11-23,False,low,treatment,0
3247,Pamela Oconnor,susanbrown@example.com,2026-06-12,False,low,control,0
3248,Cameron Lawson,larrymoore@example.net,2025-12-05,False,low,control,0
3249,Joel Randall,pittmanjill@example.org,2025-01-21,False,low,control,0
3250,Brittney Conway,christopher14@example.net,2025-07-07,True,medium,treatment,0
3251,Bradley Andrade,michael01@example.com,2025-02-27,True,low,treatment,0
3252,Robert Phillips,falexander@example.net,2026-02-19,False,low,treatment,0
3253,Lisa Barron,jward@example.com,2026-01-15,True,medium,treatment,0
3254,Jesus Figueroa,zyoung@example.com,2025-05-12,False,high,treatment,0
3255,Barbara Grant,carlagarcia@example.com,2026-08-04,False,medium,treatment,0
3256,Linda Peterson,butlergabrielle@example.net,2026-07-19,True,medium,treatment,0
3257,Allison Bonilla,yhendrix@example.net,2025-12-11,False,medium,control,0
3258,Steven Beasley,ernestwright@example.net,2024-12-16,False,low,control,0
3259,Jennifer Gordon,edwinmiller@example.com,2025-06-04,False,medium,control,0
3260,Carolyn Casey,bblevins@example.net,2025-02-05,False,low,control,0
3261,Kenneth Randolph,reesealex@example.net,2025-03-04,True,low,control,0
3262,Madison Nielsen,travis28@example.net,2025-08-16,False,low,treatment,0
3263,Brooke Johnson,rdurham@example.net,2025-05-23,True,high,treatment,0
3264,Carl Trujillo MD,thomasmichael@example.com,2025-05-19,True,medium,control,1
3265,Roberta Rivera,mccarthydylan@example.net,2026-08-10,False,medium,control,0
3266,Robert Williams,thompsonsavannah@example.org,2025-03-27,False,high,control,0
3267,Ian Evans,zbaker@example.com,2026-02-05,False,low,control,0
3268,Glenda Robbins,scottchristopher@example.net,2026-08-28,True,low,treatment,0
3269,Erin Myers,james16@example.com,2025-12-19,False,high,control,0
3270,Robert Walker,gschmidt@example.com,2026-03-03,False,medium,treatment,0
3271,Jeffery Haas,charlesprice@example.org,2025-07-18,True,medium,treatment,0
3272,Timothy Bridges,dyervictoria@example.net,2026-06-13,False,low,control,0
3273,Alexa Ramirez,elizabeth71@example.net,2025-12-10,False,low,treatment,0
3274,Alan Murphy,melody89@example.com,2026-03-04,False,medium,control,0
3275,Tiffany Hudson,charles14@example.com,2026-05-01,True,low,control,0
3276,Tina Hall,panderson@example.net,2025-06-05,False,medium,treatment,0
3277,Nicolas Wells,wilkinsmark@example.org,2024-12-18,False,low,control,0
3278,Katherine Morton,michelle86@example.net,2025-10-08,False,medium,treatment,0
3279,Sandra Rivera,brittanyjackson@example.net,2026-08-04,False,low,control,0
3280,Charlene Blackwell,jennifersantana@example.org,2025-10-07,False,high,control,0
3281,James Williams,ronald46@example.com,2026-07-11,True,low,treatment,1
3282,Kathryn Bishop,zramirez@example.net,2025-02-23,True,medium,treatment,1
3283,Morgan Andrews,fcook@example.org,2025-06-05,True,low,control,0
3284,Timothy Morris,gabriela59@example.net,2025-01-10,False,medium,control,0
3285,Lisa Hill,fsanford@example.net,2024-11-03,False,low,control,0
3286,Tracy Cruz,roymorris@example.org,2026-05-23,False,low,treatment,0
3287,Rachel Montgomery,oscott@example.com,2025-12-09,True,high,control,0
3288,Evan Saunders,hcollins@example.net,2025-07-08,True,medium,treatment,0
3289,Jessica Mcconnell,mcintyrebrendan@example.org,2025-05-31,False,low,control,0
3290,Catherine Conley,cmueller@example.org,2026-03-25,False,medium,control,0
3291,John Fowler,sandrathomas@example.net,2025-04-10,False,high,treatment,0
3292,Natasha Torres,timothyortiz@example.org,2025-11-06,False,low,treatment,0
3293,Dawn Pena,friedmanlinda@example.net,2026-08-27,False,low,treatment,0
3294,Riley Gonzalez,angela15@example.org,2025-08-03,False,low,treatment,0
3295,Robert Rose,fhatfield@example.org,2026-07-27,True,medium,treatment,0
3296,Dominic Gilmore,john26@example.org,2025-12-10,False,low,treatment,0
3297,Scott Velazquez,ischultz@example.com,2024-12-25,False,high,control,0
3298,Nicole Foster,claire11@example.net,2026-02-04,False,low,control,0
3299,Samantha Bailey,rrodgers@example.org,2026-04-27,True,low,treatment,1
3300,Andrew Zavala,tara38@example.org,2026-06-08,False,medium,treatment,0
3301,Jordan Baxter,christophermoore@example.org,2025-07-18,False,medium,treatment,0
3302,Lawrence Sanders,keith60@example.com,2025-11-01,False,medium,treatment,1
3303,Alison Castillo,christopher99@example.org,2025-12-04,False,low,treatment,0
3304,John Wood,ashleywatts@example.com,2024-11-26,True,medium,control,0
3305,Richard Morgan,jordanjoshua@example.net,2025-01-25,False,low,treatment,0
3306,Olivia Holmes,elizabeth74@example.com,2025-08-08,False,medium,treatment,0
3307,Richard Aguilar,olsonmichael@example.com,2026-03-01,True,low,treatment,0
3308,Riley Clark,jeffrey68@example.com,2026-01-10,True,medium,treatment,1
3309,Scott Owen,stephanieswanson@example.net,2025-03-30,True,low,treatment,0
3310,Stephanie Tucker,kennethrodriguez@example.org,2025-06-07,False,medium,control,0
3311,Calvin Williams,rodriguezstephanie@example.net,2025-03-20,True,low,treatment,0
3312,Darryl Roberts,john14@example.net,2025-10-14,False,medium,control,0
3313,Harold Diaz,richard13@example.com,2025-04-02,False,low,treatment,0
3314,Madison Parker,pferguson@example.com,2025-08-24,False,medium,control,0
3315,Emily Young,amandalevy@example.com,2025-10-26,False,medium,treatment,0
3316,Megan Perkins,todd94@example.com,2025-06-08,False,low,treatment,0
3317,Martha Powell,kristinkent@example.com,2025-12-20,False,medium,control,0
3318,Corey Jackson,judithrios@example.net,2025-04-25,False,low,treatment,1
3319,Albert Garcia,croman@example.net,2026-02-22,False,medium,control,0
3320,William Caldwell,zle@example.net,2025-03-15,True,low,control,0
3321,Justin Reeves,virginia83@example.com,2026-08-04,False,medium,control,0
3322,Randall Johnson,mjohnson@example.com,2024-11-29,False,high,control,0
3323,Gregory Byrd,changsamuel@example.org,2026-08-05,True,low,treatment,0
3324,Richard Nelson,burnsryan@example.net,2025-01-25,False,high,treatment,0
3325,Emily Garcia,danielyates@example.net,2026-05-02,False,high,treatment,0
3326,Joshua Moody,rwallace@example.org,2025-06-01,True,high,control,0
3327,Jeffrey Cooke,natasha58@example.net,2025-07-11,False,low,control,0
3328,Jesse Anderson MD,kimberly33@example.com,2026-05-09,True,low,treatment,0
3329,Lisa Jones,brandonmcdonald@example.com,2025-01-15,True,low,control,0
3330,Vanessa Perez,orosales@example.com,2025-09-02,True,low,treatment,0
3331,Laura Alexander,sampsonjoseph@example.org,2025-02-07,False,low,control,1
3332,Valerie Contreras,sloanemily@example.org,2026-04-28,False,medium,control,1
3333,Jessica Diaz,peterjohnson@example.org,2026-08-30,False,medium,treatment,0
3334,Travis Caldwell,pennyruiz@example.net,2026-08-09,False,medium,control,0
3335,Rebecca Thomas,lpatterson@example.org,2024-11-20,True,low,control,0
3336,Carl Gonzalez,charlessims@example.org,2025-05-10,False,medium,control,0
3337,James Leblanc,iclarke@example.net,2026-04-29,True,low,treatment,0
3338,Gary Montgomery,phillip57@example.com,2025-12-20,True,high,control,0
3339,Thomas Graves,nicholasfuentes@example.com,2025-04-14,False,low,control,0
3340,Joseph Salinas,christopher67@example.org,2025-09-25,False,medium,control,0
3341,George Brown,vaughnjavier@example.net,2025-07-27,False,low,treatment,0
3342,Brett Osborne,michelle14@example.com,2026-01-20,False,low,control,0
3343,Tracy Green,jamesmorris@example.org,2026-07-06,False,low,treatment,1
3344,Jeremy Weaver,asmith@example.net,2025-09-04,False,low,control,0
3345,Tami Harrison,kwilliams@example.org,2026-09-11,False,low,control,0
3346,Karen Rodriguez,kimberlybennett@example.net,2025-12-02,False,low,treatment,0
3347,Jason Webb,fieldsjacob@example.org,2025-09-16,False,medium,control,0
3348,Joshua Singleton,qhoffman@example.com,2024-12-01,False,medium,control,0
3349,Kenneth Williams,paulevans@example.com,2026-04-21,False,low,treatment,0
3350,Jeffrey Evans,moralesmarcus@example.net,2026-03-21,False,low,treatment,0
3351,Alicia Mueller,laura90@example.net,2026-02-24,False,medium,control,0
3352,Maria Perez,matthewstanley@example.org,2026-02-14,False,low,treatment,0
3353,Melanie Martinez,mclaughlinnathaniel@example.net,2024-11-28,False,medium,control,0
3354,Joshua Riley,dbest@example.com,2025-01-23,False,medium,control,0
3355,Tammy Jones,danasanders@example.org,2026-04-10,False,high,treatment,0
3356,Christopher Flynn,granthenderson@example.net,2026-07-28,True,low,control,0
3357,Michael Gibson,wyatt29@example.org,2025-02-09,False,medium,control,0
3358,Kimberly Avila DVM,faithhowell@example.org,2024-09-20,False,low,treatment,0
3359,David Lara,castillomatthew@example.com,2025-06-19,True,low,control,1
3360,Michael Reed,liujessica@example.com,2024-10-21,True,low,control,0
3361,Ann Bartlett,jaimeduncan@example.com,2025-09-27,False,low,treatment,0
3362,Michelle Knight,huynhmatthew@example.net,2025-08-14,False,low,control,0
3363,Johnny Vincent DDS,antoniojenkins@example.com,2026-07-12,False,low,control,0
3364,Elizabeth Anderson,fsmith@example.com,2025-03-21,False,low,treatment,0
3365,Paige Welch,jason76@example.net,2025-03-25,False,medium,treatment,0
3366,Jody Wall,qmarshall@example.com,2026-06-05,False,low,treatment,0
3367,Douglas Collins,qrhodes@example.org,2026-05-26,False,low,control,0
3368,Kaitlyn Young,jeremiahbaker@example.com,2026-03-18,True,medium,treatment,1
3369,Joanne Gaines,qkemp@example.com,2024-12-11,False,low,control,0
3370,Joshua Prince,willisjaclyn@example.com,2026-03-01,True,high,control,0
3371,Bruce Davis,paul54@example.org,2025-09-05,True,low,treatment,0
3372,Richard Silva,lisa47@example.com,2026-05-18,False,high,control,0
3373,Anthony Ashley,cmyers@example.com,2025-04-16,False,high,control,1
3374,Jennifer Murray,yhernandez@example.net,2025-11-12,False,low,treatment,0
3375,George Harding,changbethany@example.net,2025-09-22,False,low,control,0
3376,Jamie Garrison,bsmith@example.com,2026-02-27,True,medium,control,0
3377,Catherine Glenn,hjones@example.org,2026-07-29,False,low,control,0
3378,Karen Weber,dware@example.com,2025-11-26,True,low,control,1
3379,Peter Harris,othomas@example.com,2025-08-25,False,medium,treatment,0
3380,Patrick Blake,yjones@example.org,2024-10-27,False,low,treatment,0
3381,David Howard,angelabarnes@example.org,2026-01-12,True,low,control,0
3382,Joshua Santana,karlmartin@example.org,2026-01-30,True,low,control,1
3383,Amber Thomas,johnnygray@example.com,2026-05-05,False,high,control,0
3384,Sandra Crane,qknight@example.net,2025-03-01,False,low,control,0
3385,Jennifer Cooper,jameskim@example.com,2025-05-11,False,low,control,1
3386,Eric Taylor,john00@example.com,2026-06-08,True,high,control,0
3387,Joseph Clayton,justin75@example.org,2024-12-03,False,low,control,1
3388,Lynn Duran,scottmichael@example.com,2026-07-10,False,low,control,0
3389,Abigail Wright,tortiz@example.org,2025-06-10,False,low,treatment,0
3390,Karen Heath,opierce@example.com,2025-10-19,False,low,control,0
3391,Christopher Perez,garywright@example.org,2026-07-19,False,low,treatment,0
3392,Steven Howell,ann63@example.net,2026-04-07,False,low,treatment,0
3393,Kimberly Kennedy,hmoore@example.com,2025-02-12,False,high,treatment,0
3394,Angela Solis,ashley62@example.net,2026-05-07,False,medium,control,0
3395,Melvin Long,danny03@example.org,2026-03-26,False,medium,control,0
3396,Katie Ruiz,nguyenjacqueline@example.org,2025-10-07,False,low,treatment,0
3397,Michael Hernandez,thomaserik@example.net,2026-01-09,False,low,treatment,0
3398,Nathaniel Burns,michael41@example.com,2025-04-06,False,low,treatment,0
3399,Mr. Sean Jones PhD,richard27@example.com,2026-01-05,False,low,control,0
3400,Brent Jackson,kking@example.org,2025-03-03,True,medium,treatment,0
3401,Amy Nichols,kelly83@example.org,2024-09-26,True,low,treatment,0
3402,Katie Snyder,haleyrobinson@example.net,2026-02-15,True,low,treatment,0
3403,Anthony Miller,matthew92@example.org,2024-12-24,False,medium,treatment,0
3404,Mr. Matthew Peterson,oliversteven@example.org,2025-06-10,False,low,control,0
3405,Krystal Crawford,bcaldwell@example.net,2024-12-20,False,low,treatment,0
3406,Carlos Wilson,andreale@example.org,2025-03-10,False,low,treatment,0
3407,Tracy Cole,guerrabarbara@example.org,2026-03-22,True,medium,control,0
3408,Kathy Watkins,coopertami@example.net,2026-07-13,False,low,control,0
3409,Rita Jones,lauriebrewer@example.org,2025-04-11,True,high,treatment,0
3410,Alec Cobb,maria74@example.net,2026-06-07,False,medium,treatment,0
3411,Tracey Melendez MD,lserrano@example.com,2025-01-10,False,medium,treatment,0
3412,Kyle Holmes,heatherthompson@example.net,2025-11-11,False,high,control,0
3413,Rebecca Harrison,pyoung@example.com,2026-02-16,True,medium,treatment,0
3414,Christopher Walton,james43@example.net,2026-06-24,True,low,treatment,0
3415,Lisa Ford,ymartin@example.com,2025-08-31,False,low,treatment,0
3416,Jared Dawson,jeffrey80@example.org,2025-12-09,False,low,treatment,0
3417,Pamela Perez,davidsondavid@example.com,2025-11-15,False,high,treatment,0
3418,Anthony Johnson,bradleyalbert@example.org,2025-07-20,False,low,treatment,0
3419,Darren Perry,natasha66@example.net,2026-04-09,False,medium,treatment,0
3420,Brenda Diaz,sandrawalker@example.net,2025-03-04,True,high,treatment,0
3421,Angela Bernard,gaineserika@example.org,2025-08-24,False,low,treatment,0
3422,Michael Goodwin,lorifoster@example.org,2025-03-25,True,low,control,0
3423,Erin Duncan,kochcynthia@example.net,2025-03-30,False,low,treatment,0
3424,Rebecca Robinson,cheryl47@example.com,2025-01-14,False,low,control,1
3425,Marcia Flowers,christina67@example.com,2026-04-22,False,low,treatment,0
3426,Harry Roy,clarkegabriel@example.org,2026-03-13,True,high,treatment,0
3427,Richard Powell,williamsjames@example.net,2025-11-02,False,medium,control,0
3428,Michele Fields,dturner@example.com,2024-11-05,True,low,treatment,1
3429,Emily Thomas,vwright@example.net,2025-05-12,False,low,treatment,0
3430,Todd Klein,gregory31@example.com,2025-12-13,False,medium,control,0
3431,Misty Brady,xramos@example.com,2026-08-09,True,high,control,0
3432,Craig Blanchard,rmatthews@example.com,2026-06-03,False,low,treatment,0
3433,Megan Grimes,greg78@example.net,2025-02-26,False,low,treatment,0
3434,David Yates,mcclainjohn@example.com,2025-03-05,False,low,treatment,1
3435,Mark Massey,brentodom@example.com,2025-05-01,False,high,treatment,0
3436,Brittany Chang,andrew98@example.com,2025-02-03,False,low,treatment,0
3437,Brooke Allen,bradley16@example.org,2024-12-17,False,low,control,0
3438,Erin Fuentes,xerickson@example.com,2025-05-12,False,low,control,0
3439,Amy Matthews,cynthia04@example.org,2025-01-06,True,low,control,0
3440,Melissa Evans,phillip11@example.net,2025-12-14,False,low,treatment,1
3441,Jaime Miller,jesse07@example.net,2024-11-11,False,low,treatment,0
3442,David Rowland,rebecca53@example.net,2026-02-02,False,low,treatment,0
3443,Dawn Gill,jensennancy@example.org,2025-05-18,False,high,treatment,0
3444,Peter Howard DVM,oreynolds@example.org,2026-08-18,True,low,treatment,0
3445,Bonnie Ramirez,andrebowers@example.org,2026-03-15,True,medium,control,0
3446,Samuel Powers,patricia63@example.com,2024-12-22,False,high,control,0
3447,April Graham,edwardskeith@example.org,2025-05-04,False,low,treatment,0
3448,Janice Stokes,dlarson@example.org,2025-04-28,False,high,control,0
3449,Melissa Henderson,mcgeebrittany@example.org,2024-10-19,False,low,treatment,0
3450,Pamela Butler,atkinsonjessica@example.net,2025-01-03,False,low,treatment,0
3451,Kelly Grant,benjaminlloyd@example.com,2026-01-09,True,low,treatment,0
3452,David Mills,erasmussen@example.net,2025-10-13,True,medium,treatment,0
3453,Joseph Cohen,cgalvan@example.com,2025-12-19,True,low,treatment,0
3454,Janet Holder,omarthompson@example.org,2024-09-25,True,medium,control,0
3455,Michelle Moore,ramseytonya@example.org,2026-01-22,False,low,control,0
3456,Donna Moore,stephenbell@example.com,2024-09-29,False,high,treatment,0
3457,Monica Joseph,chungjeffrey@example.com,2025-12-02,True,low,treatment,0
3458,Kelly George,dakota45@example.com,2025-12-05,True,low,control,0
3459,Joel Miller,kcastillo@example.org,2026-08-07,False,high,control,0
3460,Jose Butler,carlos85@example.com,2026-07-01,False,low,control,0
3461,Eric Jordan,elizabeth56@example.org,2026-09-15,False,low,treatment,0
3462,Paul Gordon,jclark@example.org,2026-02-25,True,medium,control,0
3463,Joseph Ali,yrivera@example.org,2025-03-11,False,low,control,0
3464,John Norton,rhodescory@example.com,2026-02-01,False,medium,control,0
3465,Mr. Christopher Perry,justin72@example.org,2026-06-01,False,medium,control,0
3466,Maurice Taylor,stephanie45@example.com,2024-10-04,False,low,treatment,0
3467,Glenn Lawrence,hunterjulie@example.org,2026-01-16,False,low,treatment,0
3468,Krista Clark,dmorales@example.org,2025-10-02,False,low,control,0
3469,Eric Davis,alexanderyates@example.com,2025-03-17,False,medium,treatment,0
3470,Michael Johnson,carterlawrence@example.net,2025-04-29,False,low,control,0
3471,Victoria Vasquez,daniel99@example.net,2025-07-15,False,high,control,0
3472,Jennifer Hughes DDS,wsteele@example.org,2025-10-03,False,low,control,0
3473,Brooke Rogers,ostrickland@example.com,2024-10-27,False,medium,treatment,0
3474,David Anderson,benjamin67@example.com,2026-06-02,True,low,treatment,0
3475,Ashley Ward,april04@example.org,2026-07-23,False,low,control,0
3476,Carol Atkins,rogersrobert@example.com,2024-10-18,False,low,treatment,0
3477,Ashley White,tonytran@example.com,2025-09-07,False,low,treatment,0
3478,Lauren James,robertnguyen@example.com,2025-06-29,False,low,control,0
3479,Juan Burnett,kevin20@example.org,2025-01-12,False,medium,treatment,0
3480,Melissa Hernandez,elee@example.org,2026-06-13,False,high,control,0
3481,Billy Richardson,sherrymonroe@example.org,2026-07-16,False,low,treatment,0
3482,Christian Shelton,morakristin@example.net,2026-03-28,False,medium,control,0
3483,Jennifer Reyes,bakersarah@example.org,2026-06-17,True,low,treatment,0
3484,Natasha Rivas,jessicaboone@example.com,2026-08-17,False,low,treatment,0
3485,Brenda Torres,jortiz@example.net,2026-04-08,False,low,treatment,0
3486,Wayne Robinson,campbelljames@example.org,2025-09-28,True,medium,control,0
3487,Scott Bond,collinsstacy@example.com,2026-07-22,True,low,treatment,0
3488,Crystal Edwards,wallacebrenda@example.org,2025-05-01,False,low,treatment,0
3489,Jonathan Gutierrez,laura67@example.org,2025-04-21,False,medium,control,0
3490,Judy Lewis,gonzalezjose@example.com,2026-03-28,False,low,treatment,0
3491,Ernest Martinez,stephenstanley@example.com,2025-11-29,True,medium,control,0
3492,Jordan Adams,jasonkaiser@example.com,2025-03-30,False,medium,control,0
3493,Lauren Morse,osmith@example.org,2025-12-05,False,low,control,0
3494,Jennifer Booker,christopher64@example.org,2024-09-20,False,low,control,0
3495,Danny Simmons,ebell@example.net,2026-01-02,True,low,control,0
3496,John Gould,christophercopeland@example.org,2024-10-06,False,low,treatment,0
3497,Jennifer Cook,kbuchanan@example.com,2025-03-01,True,low,treatment,0
3498,Timothy Smith,scott86@example.com,2025-11-29,False,medium,control,1
3499,Jamie Reid,william81@example.com,2024-09-25,False,high,treatment,0
3500,Jennifer Rodriguez,morsestephen@example.com,2024-09-19,False,medium,control,0
3501,John Sosa,desireeedwards@example.com,2025-11-26,True,low,control,0
3502,Rose Villa,hrose@example.org,2025-08-06,False,medium,treatment,1
3503,Olivia Collier,ramirezandrew@example.org,2025-03-31,False,low,treatment,0
3504,Tony Patrick,melinda67@example.com,2025-03-02,False,low,control,0
3505,Matthew Turner,vmercer@example.com,2026-08-05,True,low,treatment,1
3506,William Castillo,cardenasjessica@example.com,2025-03-14,True,medium,treatment,0
3507,Timothy Brown,paulpowell@example.com,2025-02-20,True,low,control,0
3508,Brian Singh,dholland@example.org,2024-12-01,False,high,treatment,0
3509,Tyrone Booth,jbenson@example.com,2025-09-22,True,low,treatment,0
3510,Brittany Hull,megan65@example.net,2025-03-14,False,medium,control,0
3511,Sharon Hopkins,qtran@example.org,2025-03-26,False,medium,control,0
3512,Timothy Allen,kyliekline@example.com,2026-07-19,False,medium,treatment,0
3513,Timothy Jordan,michael17@example.org,2026-05-12,False,low,treatment,0
3514,Calvin Gilmore,pricematthew@example.com,2026-02-08,True,high,treatment,0
3515,Lisa Michael,karen64@example.com,2025-02-16,False,low,control,0
3516,Melissa West,mcmillanelaine@example.net,2026-01-02,False,low,control,0
3517,Aaron Sawyer,johnanderson@example.net,2026-05-23,False,medium,treatment,0
3518,Joshua Foster,michaelmartinez@example.net,2024-10-27,False,medium,treatment,0
3519,Thomas Price,smithelizabeth@example.org,2026-01-17,True,low,treatment,1
3520,Angela Murphy,perrymeghan@example.com,2025-02-04,False,medium,treatment,0
3521,David Wise,taylorchristopher@example.org,2024-09-17,False,low,treatment,0
3522,Kristi Taylor,alyssaturner@example.com,2026-05-18,False,low,control,0
3523,Pamela Parks,mwoods@example.net,2026-07-30,False,low,treatment,0
3524,Dennis Baker,snyderpamela@example.com,2026-08-11,False,low,control,0
3525,William Chase,tara61@example.net,2024-12-27,True,low,control,0
3526,Patricia Moreno MD,andrewlewis@example.org,2025-10-06,False,medium,control,0
3527,Dr. Barbara Cruz,mariamoore@example.com,2025-03-27,False,low,control,0
3528,Mark Lawson,uhunter@example.net,2025-12-06,False,low,treatment,0
3529,Ryan Hamilton,copelanddylan@example.net,2026-01-17,False,low,treatment,0
3530,Morgan Barrett,donald82@example.net,2026-04-28,False,high,treatment,0
3531,Susan Thompson,stevengreen@example.net,2025-11-05,False,medium,control,0
3532,Carol Lopez,rebeccaperry@example.com,2025-03-24,False,medium,control,0
3533,Diana Ali,uwang@example.net,2025-07-31,True,medium,control,0
3534,William Wilson,krista33@example.org,2025-07-25,True,low,treatment,0
3535,Michael Johnson,vmendoza@example.com,2026-02-12,True,low,treatment,0
3536,Mary Benson,khale@example.com,2025-10-09,False,low,control,0
3537,Amy Nielsen,wattsalfred@example.net,2025-03-30,False,low,treatment,0
3538,David Jackson,uwhite@example.com,2025-07-02,False,low,treatment,0
3539,Charles Nguyen,charles02@example.net,2025-05-08,False,medium,control,0
3540,Leah Bean,uhammond@example.com,2026-08-27,False,medium,treatment,0
3541,Christina Rivas,ufarrell@example.com,2024-11-05,False,medium,control,0
3542,Rose Scott,fadams@example.org,2024-11-03,False,low,treatment,0
3543,Victoria Richmond,tsmith@example.net,2025-07-25,False,low,control,0
3544,Jenna Delgado,kgarcia@example.com,2026-08-11,False,medium,control,0
3545,Samuel Harris,hoganamy@example.com,2025-07-04,False,low,control,0
3546,Patrick Romero,belindamartin@example.com,2026-09-13,True,high,treatment,0
3547,Kayla Walker,laurenwilliams@example.com,2026-01-29,False,low,control,0
3548,Christina Jackson,bperez@example.com,2026-03-28,False,medium,treatment,0
3549,Gregory White,eanderson@example.net,2025-08-11,False,low,control,0
3550,Edward Gardner,maria16@example.net,2026-02-22,True,high,control,0
3551,Michael Gill II,knguyen@example.net,2026-03-05,True,low,control,0
3552,Gary Cohen,smithmichael@example.org,2024-10-10,False,medium,treatment,0
3553,Eric Medina,jennifer26@example.org,2025-02-16,True,low,control,0
3554,Daniel Smith,ptaylor@example.com,2024-10-14,True,low,control,0
3555,Kendra Smith,elizabethvega@example.net,2025-04-05,False,low,treatment,0
3556,Erin Harris MD,jsaunders@example.net,2024-10-09,False,high,treatment,0
3557,Shelby Fletcher,davidlarsen@example.com,2025-12-08,False,low,control,0
3558,Kaitlin Lowe,wrightmichele@example.com,2025-06-17,False,high,control,0
3559,Amy Smith,grahamjoseph@example.com,2024-09-20,False,low,control,0
3560,Donna Mccormick,andrea15@example.net,2026-01-09,False,medium,treatment,1
3561,Edwin Carpenter MD,zacharywillis@example.com,2024-11-26,False,low,control,0
3562,Evan Smith,tgilbert@example.com,2024-11-28,False,high,treatment,0
3563,Christie Rivera,jeanettewatson@example.net,2025-03-14,False,low,treatment,0
3564,Matthew Petty,nguyenmary@example.org,2026-09-06,True,low,control,0
3565,Makayla Young,jody47@example.com,2025-01-22,False,high,treatment,0
3566,Seth Gonzalez,brandon11@example.org,2026-07-17,True,low,control,0
3567,Ruth Flores,ddavenport@example.com,2026-02-13,False,low,treatment,0
3568,Cassandra Williams,birdjoshua@example.net,2024-09-30,False,medium,treatment,0
3569,David Maynard,mannbrittany@example.org,2026-05-21,False,medium,treatment,1
3570,Robert Atkinson,margaret22@example.net,2026-09-11,False,low,treatment,0
3571,Tyler Murphy,donna59@example.org,2024-10-20,False,low,control,0
3572,Heather Russell,sean99@example.org,2024-12-04,False,low,control,0
3573,Jerry Vargas,andrewtorres@example.com,2025-08-24,False,medium,control,0
3574,Jessica Wright,millerpaul@example.net,2025-11-07,False,low,control,0
3575,Heather Schmidt,cbuck@example.org,2026-06-20,False,medium,control,0
3576,Tracey White,jamesfletcher@example.net,2026-04-07,False,low,control,0
3577,Thomas Gonzalez,vreynolds@example.org,2024-12-20,False,high,control,0
3578,Laura Black,adrianmcneil@example.com,2025-04-10,True,medium,treatment,1
3579,Natalie Adkins,mray@example.org,2025-08-24,False,low,treatment,0
3580,Tanya Dominguez,gainesmelissa@example.org,2025-02-18,False,medium,treatment,1
3581,Nicole Macias,nicole28@example.com,2026-03-07,False,low,control,0
3582,Kristina Mendez,ghunt@example.net,2026-04-05,False,medium,control,0
3583,David Johnston,dhorton@example.net,2026-07-13,False,low,treatment,0
3584,Maria Ruiz,nmatthews@example.net,2026-09-03,False,low,control,0
3585,Terri Valdez,kimberly57@example.net,2026-07-07,True,low,control,0
3586,Sheila Collins,hornbradley@example.com,2025-11-16,False,high,treatment,0
3587,Natasha Taylor,justin34@example.com,2026-05-16,False,medium,treatment,0
3588,Ashley Myers DVM,john98@example.org,2026-07-22,True,low,control,0
3589,Tina Walsh,murraycatherine@example.net,2026-08-24,False,medium,treatment,0
3590,Scott Cole,sandracrawford@example.com,2026-01-16,True,medium,control,1
3591,Andrea Woods,wendy34@example.net,2024-10-15,True,low,control,0
3592,Melissa Brown,gpearson@example.net,2026-05-24,False,medium,control,0
3593,James Beard,lesliejohnson@example.net,2024-09-18,True,high,treatment,0
3594,Claudia Silva,jamesbaldwin@example.net,2025-05-10,False,low,treatment,0
3595,Tanner Ortiz,david85@example.net,2026-03-30,False,medium,treatment,1
3596,Courtney Hubbard,sarahvega@example.com,2025-05-05,False,low,treatment,0
3597,David Benson,lisa49@example.com,2025-01-08,False,low,control,0
3598,Amy Taylor,johnolson@example.org,2025-04-18,False,medium,treatment,0
3599,Erin Johnson,jenniferedwards@example.com,2026-02-06,True,medium,treatment,0
3600,Mrs. Vicki Johnson,qwilson@example.org,2025-02-06,False,high,control,0
3601,Deborah Mahoney,anne76@example.org,2026-03-30,False,low,treatment,0
3602,Justin Ho,fryedylan@example.net,2026-03-06,False,low,control,0
3603,Sarah Nguyen,gmoss@example.org,2025-01-18,False,low,control,0
3604,William Banks,diazkenneth@example.com,2025-10-29,True,low,treatment,0
3605,Michael Zuniga,mike59@example.com,2024-10-24,False,medium,treatment,0
3606,Christy Cook,portertony@example.net,2025-12-03,False,low,treatment,0
3607,Tammy Robinson,tonyhodge@example.org,2025-11-12,True,medium,treatment,0
3608,Deborah Colon,johnsongregory@example.net,2026-05-12,True,medium,control,0
3609,James Guerrero,stacycoleman@example.net,2024-09-29,False,medium,treatment,0
3610,Catherine Brown,vbrooks@example.net,2024-10-04,False,high,treatment,0
3611,Raymond Johnson,ujohnson@example.org,2026-08-16,False,low,treatment,0
3612,Carrie Brown,johnnycarr@example.com,2025-08-02,True,low,control,0
3613,Christopher Wilson,jessicaarnold@example.org,2026-01-31,False,high,treatment,0
3614,Sabrina Chapman,yangeric@example.com,2026-04-12,False,low,control,0
3615,Ashley Horn,angelmiller@example.org,2026-07-21,False,low,control,0
3616,Anthony Hansen,williampearson@example.com,2026-03-18,True,low,control,0
3617,Richard Stewart,travis88@example.com,2026-04-16,True,medium,control,0
3618,Taylor Brown,edwardsteele@example.net,2026-05-17,False,low,control,0
3619,Allison Miller,robertray@example.org,2026-07-08,False,high,treatment,0
3620,Michael Diaz,derrick47@example.com,2024-09-26,False,low,control,0
3621,Sabrina Short,qmercado@example.com,2025-01-08,False,high,control,0
3622,Sydney Kidd,michaelrobinson@example.net,2025-08-23,True,medium,treatment,0
3623,Johnny Escobar,alexis09@example.com,2025-07-18,True,low,control,0
3624,Jimmy Dillon,nmiller@example.net,2025-09-17,False,high,control,0
3625,Thomas Gardner,raymondbrown@example.net,2024-12-25,True,medium,treatment,0
3626,Bridget Morales,zimmermankatelyn@example.com,2024-12-13,False,high,control,0
3627,Glenn Glenn,brewershelly@example.org,2025-05-19,True,high,treatment,0
3628,Jennifer Robertson,charlesfranco@example.net,2025-07-07,False,medium,control,0
3629,John Berg,cynthia27@example.net,2025-10-04,True,low,treatment,0
3630,Sheryl Juarez,dennis53@example.com,2026-01-21,False,low,treatment,0
3631,Ryan Conner,raychristopher@example.net,2025-10-28,True,low,control,0
3632,Alejandro Gonzales,ruizheather@example.net,2026-01-30,False,low,treatment,0
3633,Dr. Jacob Williams,ubanks@example.org,2025-08-27,False,low,control,0
3634,Dustin Walker,jessica96@example.com,2026-02-10,True,low,treatment,0
3635,Elaine Miller,murphycarlos@example.org,2026-07-26,False,low,treatment,0
3636,April Rhodes,ochoatyler@example.net,2025-06-08,False,high,control,0
3637,Alexandra Williams,elizabeth97@example.org,2026-01-31,False,low,treatment,0
3638,Crystal Fleming,antoniosmith@example.net,2025-01-20,False,high,treatment,0
3639,Julie Conway,dadams@example.net,2026-02-05,False,low,control,0
3640,Teresa Bowman,vmorris@example.com,2026-03-17,False,medium,control,0
3641,Peter Reed,ralvarado@example.net,2026-03-29,False,low,control,0
3642,Matthew Brown,sullivandaniel@example.net,2025-02-18,True,medium,control,0
3643,Todd Buchanan,christopher33@example.com,2026-08-03,True,medium,control,0
3644,Dr. Sheena Clarke,xfigueroa@example.net,2025-12-05,False,low,control,0
3645,Brian Lowe,awang@example.net,2025-05-09,False,medium,treatment,0
3646,Brandon Flynn MD,marshabigail@example.net,2026-02-27,False,low,treatment,0
3647,Angela Nelson,robertsonjason@example.com,2025-09-19,True,low,treatment,0
3648,Nicholas Craig,vscott@example.org,2025-11-03,True,high,control,0
3649,Jessica White,kathy52@example.com,2026-03-09,True,low,treatment,0
3650,Steven Davis,bartlettapril@example.net,2026-06-08,False,medium,treatment,0
3651,Danielle Byrd,candace21@example.org,2025-06-04,True,low,treatment,0
3652,Autumn Wade,cardenasshawn@example.net,2025-02-09,True,high,control,0
3653,Timothy Patel,dyerdylan@example.com,2025-03-29,True,high,treatment,0
3654,Walter Simpson,alanyork@example.com,2025-10-21,False,low,control,0
3655,Kenneth Kane,jmorse@example.org,2026-02-24,False,low,control,0
3656,Austin Blake,thomas49@example.net,2025-10-16,False,medium,control,0
3657,James Phillips,selenamullen@example.com,2026-02-26,False,low,treatment,0
3658,Melanie Hatfield,christopherjordan@example.com,2025-01-28,True,high,control,1
3659,Anthony Nelson,christyprince@example.com,2025-08-09,True,medium,treatment,0
3660,Jessica Calhoun,ilawrence@example.net,2025-08-20,False,high,treatment,0
3661,Edward Rivera,nicole41@example.org,2025-04-07,True,medium,control,0
3662,Leroy Carney,robertzamora@example.org,2026-02-04,False,medium,control,0
3663,Jessica Dominguez,elizabeth19@example.org,2025-03-19,True,low,treatment,0
3664,Kelli Johnson,maryskinner@example.net,2025-04-14,True,medium,treatment,0
3665,Larry Henderson,richard15@example.com,2025-10-27,True,medium,treatment,0
3666,Michael Haynes,mindybrown@example.com,2024-10-07,True,high,treatment,0
3667,Louis Stone,tammy16@example.org,2024-12-21,False,medium,control,0
3668,Mark Evans,brianhood@example.net,2025-01-23,False,low,treatment,0
3669,Marie Christensen,ajones@example.net,2026-01-04,True,low,control,0
3670,Jesus Sawyer,elopez@example.org,2024-12-21,False,medium,treatment,0
3671,Joshua Smith,angelafreeman@example.org,2026-07-11,False,low,treatment,0
3672,Francis Macias,cindy85@example.net,2025-07-07,False,low,control,0
3673,Jeffrey Erickson,christopher02@example.net,2026-06-03,False,low,control,0
3674,Casey Taylor,robinmills@example.net,2025-06-22,False,low,control,0
3675,Susan Stewart,peter98@example.com,2025-01-23,False,high,control,0
3676,Brooke Schwartz,shane05@example.org,2024-10-19,False,low,control,0
3677,Daniel Craig,udavis@example.org,2025-02-17,False,medium,control,0
3678,Alan Dillon,smills@example.org,2026-04-15,True,medium,treatment,0
3679,Nicole Gardner,ronaldweaver@example.net,2026-04-08,False,high,control,0
3680,Charles Ford,ujarvis@example.org,2025-01-04,True,high,control,0
3681,Susan Cole,mariahkim@example.org,2026-08-17,False,low,treatment,0
3682,Christopher Herrera,josephschultz@example.net,2026-02-13,False,medium,treatment,0
3683,Mr. Jeffery Lee,micheleyork@example.com,2025-09-17,False,low,treatment,0
3684,Amanda Scott,matthewkelly@example.net,2025-08-26,False,medium,treatment,0
3685,Calvin Ford,georgecooper@example.com,2026-07-23,True,high,control,0
3686,Michael Kramer,hinestasha@example.com,2025-05-25,False,medium,control,0
3687,Jason Munoz,tinaflynn@example.com,2026-01-04,True,medium,treatment,1
3688,Brian Woods,wardbrandy@example.net,2026-04-13,True,low,treatment,0
3689,Sean Stevens,vskinner@example.com,2025-12-05,False,low,treatment,0
3690,Vincent Robertson,julie67@example.net,2025-03-02,False,low,control,0
3691,Christopher Charles,justinguzman@example.com,2025-10-12,False,low,treatment,0
3692,Jessica Smith,pvance@example.net,2025-12-10,False,medium,control,0
3693,Lauren Watkins,susan64@example.org,2025-09-08,False,low,treatment,0
3694,Justin Morris,millersherry@example.org,2025-02-28,True,high,treatment,0
3695,Laura Johnson,allensierra@example.com,2024-11-22,True,low,control,0
3696,Briana Walker,roger90@example.com,2026-06-30,False,low,control,0
3697,Yvette Johnson,pottsmichael@example.org,2025-02-15,False,medium,treatment,0
3698,Robert Nguyen,osmith@example.net,2025-08-11,True,low,treatment,1
3699,Randall Jones,sara59@example.com,2026-01-12,True,high,treatment,0
3700,Michael Perkins,michael75@example.net,2025-05-25,False,low,control,0
3701,Vanessa Johnson,mario36@example.org,2025-11-02,True,medium,treatment,0
3702,Jessica Evans,nancy41@example.net,2025-02-27,False,low,treatment,0
3703,Christopher Edwards,douglas07@example.net,2026-04-05,False,low,control,0
3704,Kathryn Hampton,fosterlawrence@example.org,2025-12-07,False,high,treatment,0
3705,Anna Collier,travis45@example.org,2024-10-30,True,medium,treatment,0
3706,Richard Ortega,wmccoy@example.net,2026-06-23,False,low,control,0
3707,Alexander Cross,kevinbrown@example.net,2025-06-08,True,medium,treatment,0
3708,Carrie Pineda,joannmitchell@example.com,2024-09-24,False,medium,treatment,1
3709,Lauren Lutz,phall@example.org,2025-11-11,False,low,treatment,0
3710,Robert Davis,wardmaria@example.org,2025-06-02,True,medium,treatment,1
3711,Lauren Brown,campbelllisa@example.net,2026-07-16,True,medium,control,1
3712,Robert Rios,markrussell@example.org,2025-10-26,False,low,control,0
3713,Tina Harrington,laurenfigueroa@example.net,2026-09-01,False,low,control,0
3714,Jonathan Richardson,harriscarolyn@example.net,2025-12-16,True,low,treatment,0
3715,Stephanie Patterson,fmiller@example.org,2025-04-17,False,medium,treatment,0
3716,Randy Hernandez,christineandrade@example.net,2025-02-12,True,low,treatment,0
3717,Danny Davis,ann29@example.net,2026-08-13,True,low,control,0
3718,Joshua Rice,laneerica@example.com,2026-05-01,True,high,treatment,0
3719,Bruce Armstrong,palmerchad@example.org,2025-02-04,True,low,control,0
3720,Justin Velasquez,clintonhaley@example.org,2026-03-26,True,low,control,0
3721,Lori Burns,terri17@example.org,2024-09-25,False,low,control,0
3722,Melissa Winters,montgomerypamela@example.com,2025-04-17,True,medium,treatment,1
3723,Sean Rodriguez,kimberlyjohnson@example.org,2025-04-04,False,medium,control,0
3724,Leslie Jordan,hjones@example.com,2026-04-02,False,low,control,0
3725,Ronald Crawford,karen25@example.net,2026-06-07,False,low,treatment,0
3726,Darrell Petersen,davidjohnson@example.org,2026-01-14,False,low,control,0
3727,Kathy Jones,stewartpamela@example.com,2026-08-31,True,medium,control,0
3728,Tiffany Malone,nheath@example.org,2025-07-24,False,high,treatment,0
3729,Alison Reed,richard96@example.com,2026-01-31,False,low,treatment,0
3730,Mike Hatfield,jefferymurray@example.org,2025-09-12,True,low,control,0
3731,Emily Fuentes,carpentermichelle@example.org,2025-04-05,False,low,treatment,0
3732,Jason Wright,kennethrichard@example.com,2025-05-21,False,low,treatment,0
3733,Katherine Mitchell,cindycurtis@example.org,2025-08-25,False,low,treatment,0
3734,Abigail Lane,douglasrosales@example.com,2026-07-16,False,medium,treatment,0
3735,Brenda Brooks,julia55@example.org,2025-02-18,False,low,treatment,0
3736,Stephanie Blevins,maynardsamantha@example.net,2026-06-09,False,low,treatment,0
3737,Cynthia Simpson,amyburns@example.com,2026-06-20,False,medium,control,1
3738,Cheryl Benton,johnsonheather@example.com,2025-03-22,False,low,control,0
3739,Eric Fisher,zachary74@example.org,2025-07-01,False,low,control,0
3740,Brandon Johnson II,kcook@example.net,2025-08-06,False,low,treatment,0
3741,Bryan Howard,adam11@example.net,2026-04-07,False,low,treatment,0
3742,Bobby Gonzales,mannjennifer@example.net,2025-06-21,False,low,treatment,0
3743,Jason James,parkersamantha@example.org,2026-06-20,False,medium,control,0
3744,Jose Jackson,pattonmatthew@example.net,2025-12-21,False,high,control,0
3745,Gregory Scott,pmason@example.com,2025-09-22,False,medium,control,0
3746,Samuel Maxwell,vincentdavis@example.com,2026-04-29,True,low,treatment,0
3747,Shawn Rhodes,juan59@example.com,2026-01-23,False,medium,control,0
3748,Alyssa Hall,yorkchristopher@example.com,2025-12-31,False,low,treatment,0
3749,Jonathan Hernandez,tanyabennett@example.net,2025-08-27,True,high,control,0
3750,Calvin Garcia,zmanning@example.org,2025-06-29,True,medium,control,1
3751,Kimberly Barrett,dunlapmark@example.net,2025-12-22,False,medium,control,0
3752,Richard Lee,normancassandra@example.org,2025-07-11,True,low,treatment,0
3753,Heather Stephens,lopezlinda@example.com,2026-06-04,False,high,treatment,0
3754,Theresa Allen,anna37@example.com,2024-10-11,False,low,treatment,0
3755,Carrie Tucker,jennifer95@example.net,2024-12-16,False,high,control,0
3756,Linda Kelly,chloe66@example.net,2025-05-15,False,high,control,0
3757,Bradley Harmon,skirby@example.com,2026-05-27,True,low,treatment,0
3758,Grant Mason,rodrigueztammy@example.net,2026-06-28,False,medium,control,0
3759,Michelle Jones,tharris@example.com,2025-11-14,True,low,treatment,0
3760,Melissa Flores,jimcraig@example.com,2026-02-19,False,low,control,0
3761,Samantha Henderson,rhiggins@example.net,2026-06-01,False,medium,treatment,0
3762,Jeremy Marshall,martinezjennifer@example.com,2025-12-26,False,medium,treatment,0
3763,Jared Jones,blakenelson@example.net,2025-04-25,False,medium,control,0
3764,Michael Castaneda,colleenvance@example.org,2025-05-04,False,medium,treatment,0
3765,Chase Davies,daniellewebb@example.net,2025-10-12,False,low,treatment,1
3766,Ian Sullivan,jberry@example.org,2026-01-12,True,low,control,0
3767,Charles Mcclure,dhill@example.net,2025-08-28,True,medium,control,0
3768,Gloria Castro,houstonmichelle@example.com,2026-08-19,False,medium,treatment,0
3769,Kelly Wheeler,randolphsharon@example.com,2026-03-02,False,low,control,0
3770,William Wilson,sarah44@example.com,2026-02-19,False,low,treatment,0
3771,Brian Aguilar,bruceray@example.com,2026-04-24,True,low,treatment,0
3772,Randall Marks,ulewis@example.net,2025-09-29,False,high,treatment,0
3773,Marisa Rogers,johncooke@example.net,2025-09-04,True,low,treatment,0
3774,Michael Mata,dellis@example.com,2025-10-31,False,low,control,0
3775,Mackenzie Peterson,matthewdavis@example.org,2026-03-19,False,medium,control,0
3776,Kristen Johnson,karisullivan@example.net,2026-08-28,False,low,treatment,0
3777,Jason Sullivan,hernandezrussell@example.net,2026-05-26,False,low,treatment,0
3778,Cindy Duncan,stephen64@example.com,2026-03-25,False,low,control,0
3779,Brandi Rodriguez,calderonjacob@example.net,2025-08-28,True,medium,treatment,0
3780,Nicole Cameron,griffinlisa@example.com,2025-10-02,False,medium,control,0
3781,Mark Walton,tellison@example.com,2026-03-20,False,medium,treatment,0
3782,Courtney Johnson,duncanpamela@example.net,2025-03-07,True,medium,treatment,0
3783,Linda Chambers,tvasquez@example.net,2025-08-04,False,high,control,0
3784,Michael Gilbert,brian74@example.net,2026-06-10,False,low,treatment,0
3785,Jennifer Alexander,xruiz@example.net,2025-04-06,False,low,treatment,0
3786,Katrina Shaw,rcuevas@example.com,2025-08-31,False,medium,control,0
3787,Scott Drake,kyleduran@example.org,2024-10-31,True,medium,treatment,0
3788,Christopher Carr,brianmartinez@example.net,2025-06-28,True,low,control,0
3789,Dawn Jackson,stephanie33@example.org,2025-12-08,False,medium,control,0
3790,Amanda Kaiser,kimberly06@example.org,2025-05-19,False,medium,control,0
3791,Grant Holland,steven75@example.org,2024-12-17,False,low,treatment,0
3792,Christina Wolf,brownlauren@example.org,2025-07-05,True,low,control,0
3793,Jennifer Galvan,derekhamilton@example.org,2026-09-12,False,medium,treatment,0
3794,Joseph Kelly,xmoore@example.net,2025-03-04,False,medium,control,0
3795,Richard Bond,tylerthompson@example.com,2026-03-19,False,low,treatment,0
3796,Andrew Patrick,usummers@example.net,2026-02-21,True,medium,treatment,0
3797,Joshua Silva,dianaking@example.org,2025-02-13,False,high,treatment,0
3798,Derek Lee,feliciachen@example.net,2026-06-27,True,high,control,0
3799,Kim Richardson,andersondebbie@example.net,2025-12-18,True,low,control,0
3800,John Gonzales,karen17@example.com,2025-11-08,False,low,treatment,0
3801,Alan Rowland,tphillips@example.com,2025-04-29,False,low,control,0
3802,Melissa Davis,iwade@example.org,2025-08-21,False,high,treatment,0
3803,Jessica Johnson,jennifersoto@example.com,2025-02-08,False,medium,control,0
3804,Tracy Patterson,christina42@example.net,2026-09-12,True,medium,control,0
3805,Robert Johnson,maustin@example.com,2026-07-16,False,low,control,0
3806,Kelly Robinson,christopherwatson@example.org,2025-01-15,False,low,treatment,0
3807,Jacqueline Perkins,zmaynard@example.com,2026-04-09,False,low,treatment,0
3808,Monica Anderson,fosterryan@example.net,2026-01-04,True,low,treatment,0
3809,Michael Johnson,twalker@example.com,2025-07-19,False,medium,control,0
3810,Edward Carroll,jwright@example.net,2025-06-05,False,low,treatment,0
3811,Stephanie Smith,jacob27@example.com,2025-01-18,False,medium,control,0
3812,Harold Malone,rebeccaalexander@example.org,2025-11-09,True,medium,treatment,0
3813,Mrs. Lindsey Gilbert,adrian89@example.com,2025-05-09,False,medium,treatment,0
3814,Jennifer Graham,james70@example.net,2025-09-10,False,low,treatment,0
3815,Chase Phelps,batesjill@example.com,2026-08-05,False,medium,control,0
3816,James Vega,michaelmyers@example.com,2025-02-13,False,medium,treatment,0
3817,Charlene Valentine,justinwagner@example.com,2025-11-03,False,high,treatment,1
3818,Ana Contreras,roblesbetty@example.org,2025-12-01,False,low,control,0
3819,Joseph Foster,adkinsjared@example.net,2025-01-07,False,medium,control,0
3820,Thomas West,elizabethpalmer@example.net,2025-06-09,True,low,treatment,0
3821,Anna Frey,buchananchristina@example.org,2025-11-29,False,low,control,0
3822,Thomas Carter DVM,danielle81@example.org,2025-04-13,False,low,control,0
3823,Robin Baldwin,kgraham@example.com,2025-03-22,True,medium,treatment,0
3824,Daniel Horne II,dtate@example.net,2026-04-03,False,low,treatment,0
3825,Michelle Anderson,hopkinspaul@example.com,2026-07-20,False,medium,treatment,0
3826,Corey Daniels,jody71@example.net,2025-10-08,True,low,control,0
3827,Kathryn Davila,john45@example.org,2025-12-04,True,medium,treatment,0
3828,Francis Lewis,fosterjulie@example.org,2025-01-04,False,medium,treatment,0
3829,Scott Newman,zramirez@example.net,2026-08-14,False,medium,control,0
3830,Timothy Evans,michaelrice@example.net,2025-05-16,False,medium,control,1
3831,Chelsea Garcia MD,carsonwilliam@example.org,2024-09-20,True,medium,treatment,0
3832,Christine Parrish,yhowell@example.com,2024-09-17,False,medium,treatment,0
3833,Robert Lewis,rgreen@example.com,2025-07-28,False,low,control,0
3834,Barbara Harmon,simmonsjacob@example.org,2026-05-03,False,medium,control,0
3835,Paul Acosta,whale@example.net,2026-04-16,False,low,treatment,0
3836,Michelle Miles,williamsmaria@example.org,2025-05-04,False,medium,treatment,0
3837,Cindy Watson,qespinoza@example.com,2024-09-17,False,medium,control,0
3838,Kelli Stewart,mirandaanthony@example.net,2025-05-22,False,medium,treatment,0
3839,Cheryl Stone,freynicole@example.org,2025-01-29,False,high,treatment,0
3840,Hector Owens,pruittangelica@example.com,2026-03-17,True,low,treatment,0
3841,Ann Phillips,lopezrichard@example.net,2025-06-17,False,medium,control,0
3842,Gabriella Johnston,martharay@example.net,2025-08-03,False,low,control,0
3843,Rebecca Vasquez,asmith@example.net,2025-05-02,True,medium,control,0
3844,Linda Harris,karengould@example.net,2026-07-12,False,low,treatment,0
3845,Sarah Hays,henryrhonda@example.org,2025-11-29,False,medium,control,0
3846,Victor Robinson,charleslee@example.net,2025-06-02,True,high,treatment,0
3847,Amanda Savage,blake03@example.com,2026-06-17,True,medium,treatment,0
3848,Timothy Crawford,paul74@example.net,2024-09-22,False,medium,control,0
3849,Barry Hull,rebeccamccormick@example.net,2024-12-21,False,medium,control,1
3850,David Brown,xvargas@example.org,2025-07-27,False,low,control,0
3851,Brandon Rodriguez MD,deckerbryan@example.org,2026-07-06,False,medium,control,0
3852,Bonnie Barnett,nancymendez@example.net,2026-07-26,False,low,control,0
3853,Christopher Howard,icarpenter@example.org,2025-07-27,True,low,treatment,0
3854,Brian Mitchell,carol88@example.net,2025-12-03,False,medium,control,0
3855,Ashley Smith,kschultz@example.com,2026-06-07,False,medium,control,0
3856,Dwayne Johnson,christopherthomas@example.org,2026-05-25,True,low,control,0
3857,Abigail Martinez,kimberly80@example.com,2025-03-22,True,low,treatment,0
3858,Jennifer Williams,holtvictor@example.org,2025-03-23,True,high,treatment,0
3859,Kristen Young,qelliott@example.com,2025-11-04,True,high,treatment,0
3860,Robert Smith,maria80@example.com,2026-05-15,False,high,control,1
3861,Joyce Peterson,owheeler@example.net,2025-12-12,False,high,treatment,0
3862,Sandra Duncan,freemandonald@example.com,2024-11-13,True,medium,treatment,0
3863,Luke Smith,shawn76@example.org,2025-05-06,False,low,control,0
3864,Philip Ferguson,ysullivan@example.net,2024-11-18,True,low,control,1
3865,Haley Williams,shurley@example.com,2024-12-27,False,medium,control,0
3866,Mrs. Julie Carter,uwu@example.net,2026-07-11,False,low,control,0
3867,Richard Parks,chelseagriffin@example.com,2024-11-17,True,medium,control,0
3868,Jasmine Mack,xgraham@example.org,2025-04-30,True,medium,control,0
3869,Debra Pugh,cwebb@example.org,2025-07-03,False,low,control,0
3870,Ryan Reese,bradley15@example.com,2026-08-13,False,low,control,0
3871,Mitchell Hernandez,joshuawoodward@example.com,2025-01-05,False,low,treatment,0
3872,Jeanette Johnson,julie89@example.com,2025-11-29,False,low,treatment,0
3873,Jodi Rodriguez,morganedward@example.net,2025-06-07,False,medium,control,1
3874,Crystal Gonzalez,lopezdavid@example.com,2025-06-15,True,medium,treatment,0
3875,Gary Yu,keithhernandez@example.org,2024-12-18,False,medium,control,0
3876,Becky Munoz,sandralane@example.com,2026-06-28,True,medium,treatment,0
3877,Brian Olsen,campbellanthony@example.net,2026-07-26,True,low,treatment,0
3878,Mr. Michael Mcbride,erinreid@example.com,2025-11-23,True,medium,control,0
3879,Melissa Torres,colinwilson@example.net,2025-01-02,True,high,treatment,1
3880,Johnathan Bentley,shawdenise@example.org,2026-04-27,False,low,treatment,0
3881,Brittany Collins,dcooper@example.net,2026-04-04,False,low,treatment,0
3882,Jessica Robinson,michael77@example.com,2026-04-07,False,medium,treatment,1
3883,Sharon Butler,wayne82@example.org,2026-03-18,False,medium,treatment,0
3884,Samantha Hernandez MD,davidmorris@example.com,2024-12-11,True,low,control,0
3885,Tracy Frazier,angelarivera@example.org,2025-03-20,True,medium,treatment,0
3886,Julian Rose,qmoore@example.com,2025-07-03,False,medium,control,0
3887,Thomas Erickson,amberbooker@example.com,2025-05-09,True,low,control,0
3888,Kathryn Miller,briankennedy@example.org,2024-11-08,False,low,treatment,0
3889,Cindy Pruitt,cassandra15@example.net,2024-12-25,False,medium,treatment,0
3890,Matthew Johnson,jennifer14@example.com,2025-02-24,False,medium,control,0
3891,Barbara Trujillo,ramirezjustin@example.org,2025-11-22,False,low,treatment,0
3892,Janet Torres,ncollins@example.org,2024-11-06,False,low,treatment,0
3893,Sarah Davis,suttonmichael@example.org,2026-05-08,False,low,treatment,0
3894,Rachel Cantu,cindywilkinson@example.com,2024-10-07,False,high,treatment,0
3895,Angel Harris,jeremy49@example.net,2025-09-14,True,medium,treatment,0
3896,Kimberly Kelly,usims@example.net,2025-10-04,False,low,control,0
3897,Timothy Hunt,gouldwendy@example.org,2024-12-10,False,medium,control,0
3898,Brittany Lawson,stephenlevine@example.org,2025-09-28,False,low,control,0
3899,Dylan Dillon DVM,jasonmartin@example.org,2025-03-03,False,low,control,0
3900,Deborah Williams,csmith@example.org,2026-01-31,True,low,treatment,0
3901,Dr. Sherry Humphrey,laurenpeters@example.com,2025-08-19,True,low,control,0
3902,Kathleen Smith,walkerpaul@example.com,2025-07-08,False,low,control,0
3903,Walter Gray,fernandoriddle@example.org,2024-12-13,True,low,treatment,0
3904,Rachel Newman,davidcalderon@example.org,2026-06-06,False,high,control,0
3905,Sharon Medina,qpeters@example.com,2024-12-23,True,low,control,1
3906,Richard George,melissaescobar@example.net,2026-04-09,True,low,treatment,0
3907,Yvette Jordan,eileenjohnson@example.com,2025-07-07,True,low,treatment,0
3908,Amanda Nelson,vanessa12@example.org,2025-03-20,True,medium,control,0
3909,Christine Peterson,beth81@example.org,2026-08-24,True,high,control,0
3910,Vicki Yates,corey42@example.org,2024-10-08,False,medium,treatment,0
3911,David Grant,wellsjasmine@example.com,2025-10-30,False,low,control,0
3912,Courtney Bennett,millerrobert@example.com,2025-11-14,False,medium,control,0
3913,Nancy Wilkins,ashley42@example.org,2025-12-16,False,high,control,0
3914,Dr. Thomas Clark PhD,reneelong@example.net,2025-09-14,False,low,control,1
3915,Joel Stone MD,ashley58@example.com,2024-11-08,False,low,control,0
3916,Elizabeth Washington,richardsjeffrey@example.net,2024-10-04,True,low,control,0
3917,Kimberly Evans,ibuchanan@example.org,2025-02-10,True,high,control,0
3918,Meghan Burns,bwilson@example.org,2024-11-24,True,low,treatment,0
3919,Leonard Cook,parkerisaac@example.org,2025-07-15,False,medium,treatment,0
3920,Luke Chang,victoria90@example.org,2024-09-18,False,high,treatment,1
3921,Tiffany Davis,qwaters@example.com,2026-02-13,False,low,treatment,1
3922,Ryan Pollard,cooperrebecca@example.org,2025-10-09,True,low,treatment,0
3923,Jane Austin,omurray@example.com,2025-08-13,False,medium,control,0
3924,Lauren Foster,owenkathleen@example.com,2025-01-27,False,low,control,0
3925,Michael Brown,cbradley@example.org,2026-07-03,True,low,control,0
3926,Lisa Harrison,michael79@example.org,2025-01-09,False,medium,treatment,0
3927,Julie Wilson,kyle91@example.com,2026-01-24,False,low,treatment,0
3928,Robert Cross,lsmith@example.com,2025-09-23,False,low,control,0
3929,Juan Herrera,cwebster@example.net,2025-05-25,False,low,control,0
3930,Christina Reed,edowns@example.net,2025-04-19,True,low,control,0
3931,Michael Lee,fhill@example.org,2025-01-17,True,low,control,0
3932,John Franco,wdyer@example.com,2025-11-25,True,medium,treatment,0
3933,Rebecca Moss,yrios@example.com,2025-12-13,False,high,control,0
3934,Mackenzie Compton,baileymeagan@example.net,2025-03-10,True,low,control,0
3935,Susan Boyer,lovedavid@example.org,2026-04-06,False,low,control,0
3936,Jon Burke,hansenjoshua@example.net,2025-10-05,False,low,control,0
3937,Shawn May,marvin03@example.com,2026-04-28,False,high,control,0
3938,Julian Mcmahon,xwarren@example.org,2025-10-10,False,medium,treatment,0
3939,Joseph Buckley,jacoblawson@example.org,2025-07-11,False,low,control,0
3940,William Warren,lisa07@example.org,2025-08-18,False,low,treatment,0
3941,Robert Hill,aaron63@example.org,2026-05-02,True,low,treatment,0
3942,Sara Edwards,phamnatasha@example.com,2025-06-07,False,high,treatment,0
3943,Joseph Welch,sharris@example.com,2025-08-24,True,medium,control,0
3944,Deborah Lucero,vshields@example.org,2025-03-17,True,low,control,0
3945,Tiffany Berger,lynnhudson@example.com,2025-03-29,False,low,treatment,1
3946,Charles Brown,lisa10@example.org,2024-10-02,True,medium,treatment,0
3947,Jessica Webb,flemingcaitlyn@example.org,2025-06-30,False,low,control,0
3948,Deborah Ibarra,eknight@example.org,2025-09-30,False,medium,treatment,0
3949,Sharon Johnson MD,jason57@example.net,2025-06-15,False,low,control,0
3950,Kara Lawrence,andrew52@example.com,2024-10-10,True,high,control,0
3951,Alyssa Powell,wcook@example.com,2024-10-31,False,low,control,0
3952,Ryan Lyons,pughcarol@example.org,2026-06-24,True,medium,control,0
3953,Brandon Robinson,andersontravis@example.com,2025-06-10,True,high,treatment,1
3954,Kelly Evans,gravestammy@example.org,2025-09-16,True,medium,control,0
3955,Jill Cook,burnscarl@example.org,2025-12-20,False,low,treatment,0
3956,Sarah Cox,cardenasjoseph@example.com,2024-10-13,False,low,control,0
3957,Daniel Medina,scott48@example.org,2026-04-28,False,low,control,0
3958,Joseph Mack,vlewis@example.net,2025-04-13,True,low,treatment,0
3959,Shawna Rich,timothypalmer@example.net,2024-09-24,False,low,control,0
3960,Jesse Booth,latoyahartman@example.com,2025-03-15,True,low,control,0
3961,Jessica Manning,julie84@example.com,2026-09-13,False,medium,control,1
3962,Krista Hopkins,wendy93@example.org,2025-02-10,True,low,treatment,0
3963,Mario Murray,ryan52@example.com,2025-12-13,False,low,treatment,0
3964,Becky Ward,marthabanks@example.org,2025-12-04,False,high,control,0
3965,Lisa James,andrewburke@example.org,2026-07-14,False,low,treatment,0
3966,Vincent Gomez,goodanthony@example.net,2025-12-30,False,medium,control,1
3967,Harry Trujillo,brockfelicia@example.org,2026-07-24,False,low,treatment,0
3968,Charles Villegas,jason85@example.org,2024-10-03,True,low,control,0
3969,Blake Meza,hollychang@example.net,2026-06-03,False,medium,treatment,0
3970,Beth Kerr,allison10@example.net,2025-03-09,False,low,treatment,0
3971,Susan Reed,jeanne38@example.com,2025-08-07,False,medium,control,0
3972,Lindsay Dyer,josephmoran@example.net,2026-01-27,False,low,control,0
3973,Ronald Brooks,nicholstodd@example.net,2025-02-01,False,low,treatment,0
3974,Brenda Frederick,brendaparrish@example.org,2025-09-20,False,medium,treatment,0
3975,Jack Lucas,yschroeder@example.net,2026-01-13,False,low,treatment,0
3976,Taylor Vargas,brianpalmer@example.net,2025-07-23,False,low,treatment,0
3977,Sandra Murphy,jose87@example.com,2024-12-01,False,low,control,0
3978,Alexis Erickson,william49@example.net,2024-12-10,False,medium,control,0
3979,Erika Johnson,destinyroberts@example.net,2025-04-17,False,medium,treatment,1
3980,Gary Wallace,xlarson@example.com,2026-04-12,True,low,control,0
3981,Rebecca Villa,michelle88@example.org,2026-06-06,False,low,treatment,1
3982,Michelle Beck,vgonzales@example.com,2025-08-09,True,low,treatment,0
3983,Lori Peck,nathan25@example.com,2026-06-21,False,low,control,0
3984,Daniel West,jill37@example.net,2025-08-26,True,low,control,0
3985,Johnny Page,patricia94@example.net,2026-05-18,False,high,control,0
3986,Nancy Murray,sandra16@example.com,2024-12-22,False,medium,control,0
3987,Glenda Fisher,vwilson@example.com,2025-11-19,True,high,control,0
3988,Allen Jackson,qjordan@example.net,2026-03-07,False,low,control,0
3989,Eric Casey,travisfrazier@example.com,2025-06-07,False,medium,control,0
3990,Teresa Montoya,steelejames@example.org,2025-09-14,False,medium,control,0
3991,Sabrina Brown,susan58@example.org,2026-04-17,True,low,control,0
3992,Marcus Rogers,sandra21@example.com,2026-09-12,False,low,treatment,0
3993,Mary Harris,wlyons@example.com,2025-07-17,False,medium,control,0
3994,Robert Salazar,turnerlinda@example.net,2024-11-23,False,low,treatment,0
3995,Olivia Williams,christopherdavis@example.com,2026-01-27,False,medium,treatment,0
3996,Pamela Davis,oaguilar@example.com,2025-10-28,False,low,treatment,0
3997,Paula Jensen,monicabarnett@example.com,2024-10-13,True,low,control,0
3998,Tracey Holmes,debbie01@example.org,2025-06-13,True,low,control,0
3999,Kristen Harper,rodriguezmaureen@example.org,2024-10-18,True,low,treatment,0
4000,Anthony Carr,ginagross@example.net,2025-02-22,False,low,control,0
4001,Dana Matthews,reneewade@example.org,2025-10-19,False,medium,control,0
4002,Kelly Acevedo,hansenchristina@example.net,2025-04-22,True,high,control,0
4003,Joanna Garcia,bmejia@example.com,2025-03-17,False,low,control,0
4004,Shirley Brock,stephenskerry@example.net,2024-11-23,False,low,control,0
4005,Patrick Sullivan,timothy26@example.com,2025-04-05,False,low,treatment,0
4006,Joel Hansen,kathleengreene@example.com,2025-07-11,False,low,treatment,0
4007,Richard Murphy,vegaandrea@example.com,2026-05-12,False,low,control,0
4008,Leon Jackson,qfox@example.org,2025-04-28,False,medium,control,0
4009,Janet Bishop,john55@example.com,2025-07-08,False,medium,treatment,0
4010,Christina Ramirez,courtneysparks@example.net,2026-03-25,False,high,treatment,0
4011,Teresa Trujillo,kathy96@example.com,2025-07-19,False,medium,treatment,0
4012,Kelly Benjamin MD,maryray@example.org,2025-03-13,False,low,control,0
4013,Lorraine Ibarra,josephcastro@example.org,2025-01-30,True,low,control,0
4014,John Hall,brian61@example.org,2025-09-28,False,low,control,0
4015,Eric Ware MD,tyler30@example.com,2026-04-15,False,medium,treatment,1
4016,James Mcbride,emma76@example.net,2026-05-09,False,medium,control,0
4017,Veronica Petersen,jshaw@example.net,2024-09-18,True,low,treatment,0
4018,Gail Atkinson,sabrinawalsh@example.com,2026-01-06,False,low,control,1
4019,David Guzman,tammysexton@example.org,2025-08-24,True,high,control,0
4020,Brian Hayden,james44@example.org,2024-10-17,False,high,treatment,0
4021,Brandon Cohen,dramos@example.net,2024-11-28,False,low,control,0
4022,Anthony Nguyen,armstrongallison@example.net,2026-08-08,True,medium,control,0
4023,Gerald Brooks,youngleslie@example.net,2025-05-08,False,low,control,0
4024,Lori Zhang,marissamckinney@example.net,2026-06-13,False,low,control,0
4025,Jay Mckinney,jacobburns@example.net,2026-02-04,False,low,control,0
4026,Douglas Clark,smithbilly@example.net,2026-04-25,True,low,control,0
4027,Angela Colon,johnsonedward@example.net,2024-11-15,False,medium,treatment,0
4028,Jimmy Roberson,betty65@example.net,2025-11-28,False,low,control,0
4029,Casey Smith,michaeloliver@example.org,2026-08-17,False,low,control,0
4030,Cindy Berger,bradleydunlap@example.org,2025-12-19,False,medium,control,0
4031,Steven Ball,walkerronnie@example.org,2025-11-26,False,low,control,0
4032,Steve Taylor,dpierce@example.com,2025-05-22,False,low,treatment,0
4033,Samantha Rodriguez,jallen@example.org,2025-04-12,False,low,treatment,0
4034,Cameron Campbell,whiteronald@example.com,2025-07-05,False,low,treatment,0
4035,Daniel Morales,vfaulkner@example.net,2024-10-03,False,medium,control,0
4036,Danielle Nguyen,edward72@example.org,2026-01-23,False,low,treatment,0
4037,Steven Burgess,shawnedwards@example.org,2024-09-22,False,medium,control,0
4038,Stephanie Bruce,cpierce@example.com,2025-11-14,False,low,treatment,0
4039,Tyler Barton,christophermills@example.com,2025-08-14,False,medium,treatment,0
4040,Christina White,michaelflynn@example.net,2026-04-27,False,low,treatment,0
4041,Tamara Smith,joseph49@example.net,2025-05-08,False,low,control,0
4042,Seth Rivera,kempbonnie@example.org,2025-01-01,True,low,treatment,1
4043,Joseph Johnson,gregory46@example.net,2025-10-08,False,medium,control,0
4044,Timothy Rivera,berrydouglas@example.org,2025-04-27,False,medium,treatment,0
4045,Marissa Brown,amy05@example.org,2024-10-23,True,high,treatment,0
4046,Duane Hampton,jeffreybutler@example.org,2024-09-21,False,low,control,0
4047,Dr. Michael Lee,smithlori@example.com,2024-12-13,False,high,control,0
4048,Deborah Hayes,pjohnson@example.org,2024-11-26,False,high,treatment,0
4049,Ronald Francis,lbrown@example.com,2026-02-13,True,low,control,0
4050,Carolyn Roach,michelleknapp@example.net,2026-05-09,False,medium,control,0
4051,Anna May,oscar17@example.com,2025-12-03,False,high,treatment,0
4052,Henry Davis,tammyschroeder@example.org,2024-10-09,False,low,control,0
4053,Veronica Jennings,patricia91@example.com,2025-12-04,False,medium,treatment,0
4054,Danielle Santos,ychapman@example.com,2025-12-31,True,low,control,0
4055,Lance Velasquez,bradley54@example.com,2026-05-15,False,medium,treatment,1
4056,Felicia Harris,stuart76@example.com,2024-09-21,False,low,control,0
4057,Christopher Smith,ronald27@example.org,2025-11-15,False,medium,control,0
4058,Jennifer Wolf,efrench@example.org,2025-11-01,False,low,control,0
4059,Sharon Stevenson,fritzolivia@example.org,2025-08-01,False,low,treatment,1
4060,Matthew Lawrence,olsencarlos@example.com,2024-10-22,True,medium,treatment,0
4061,Wendy Porter,hestrada@example.org,2025-05-26,True,medium,control,0
4062,Mary Vaughn,fmarshall@example.com,2026-04-13,True,medium,control,0
4063,Michael Marshall,ghunter@example.org,2025-11-02,True,low,control,0
4064,Matthew Moss,btorres@example.com,2025-08-11,True,high,control,0
4065,Tonya Cox,mooneylisa@example.org,2024-10-13,False,low,treatment,0
4066,Stephanie Wilson,michealallen@example.net,2026-05-19,False,medium,control,0
4067,Mary Robles,michaelwilliams@example.com,2024-12-03,False,low,treatment,0
4068,Derek Cochran,mfowler@example.com,2025-10-17,False,low,treatment,1
4069,Monica Burns,cbaker@example.com,2025-09-16,False,high,treatment,0
4070,Jacqueline Mercer,diamond43@example.net,2025-03-07,False,low,treatment,0
4071,Kenneth Harrison,thompsonduane@example.org,2026-05-25,True,medium,control,0
4072,Amy James,ronald91@example.org,2025-06-22,False,low,control,0
4073,Kenneth Carroll DVM,jasonallen@example.org,2025-02-19,False,low,treatment,0
4074,Phillip Mendoza,benjamindavidson@example.net,2024-12-22,False,high,treatment,0
4075,Misty Woods,joecameron@example.org,2025-07-23,False,low,treatment,0
4076,Chad Lowe,gking@example.org,2024-12-09,False,medium,control,0
4077,Jennifer Bond,kellyrichardson@example.com,2025-03-04,True,high,treatment,1
4078,Rebecca Taylor,christophernewman@example.net,2025-07-29,False,low,treatment,0
4079,Aimee Sanchez,gina75@example.net,2026-01-03,False,low,control,0
4080,Vincent Schwartz,xhardy@example.net,2024-11-13,False,medium,treatment,0
4081,Benjamin Martinez,jason53@example.com,2025-03-17,False,low,control,0
4082,Angela Vaughn,lbell@example.org,2026-07-06,False,low,control,0
4083,Anthony Nelson,quinnjacob@example.net,2026-02-12,False,low,control,0
4084,Mason Braun,nicolescott@example.org,2025-11-12,True,medium,control,0
4085,James Serrano,zbray@example.net,2025-10-14,False,low,control,0
4086,James Blake,kimriley@example.com,2025-03-30,False,medium,treatment,0
4087,Richard Jones,dustin79@example.com,2025-03-26,False,low,control,0
4088,Donald Richards,mccallaaron@example.net,2026-04-24,False,low,control,0
4089,Sherry Mendez,lewiseric@example.net,2025-11-19,True,medium,treatment,0
4090,Wesley Morris,laura11@example.org,2025-05-12,True,low,control,0
4091,Dr. Elijah Wood Jr.,harrellmary@example.com,2026-05-25,True,low,control,0
4092,Candice Lopez,regina46@example.org,2024-09-19,True,high,control,0
4093,Caleb Hall,laura92@example.org,2026-01-15,True,low,control,0
4094,April Copeland,potterjohn@example.com,2025-03-03,True,high,treatment,0
4095,Thomas Hull,marissa47@example.net,2024-10-23,False,low,treatment,0
4096,Jennifer Flynn,sarafox@example.org,2024-10-24,False,low,control,0
4097,Patricia Rodriguez,matthewjones@example.net,2026-03-28,False,low,treatment,0
4098,Christopher Gaines,kellyrodriguez@example.com,2025-07-05,False,low,treatment,0
4099,Andrew Lawson,fking@example.net,2026-03-06,False,low,control,0
4100,Debra Lee,ryanward@example.org,2024-12-28,False,low,treatment,0
4101,Todd Mcbride,murphyryan@example.com,2025-10-25,True,low,treatment,0
4102,Lonnie Estrada,kdunn@example.org,2026-02-13,False,low,treatment,0
4103,Robert Watkins,christopherrichards@example.org,2025-12-31,False,low,control,0
4104,Douglas Hudson,william41@example.com,2024-09-21,True,low,control,0
4105,Robert Ali,lvalenzuela@example.org,2025-11-15,False,low,control,0
4106,Christopher Morris,bullockmaria@example.net,2024-10-09,True,medium,control,0
4107,Steve Hernandez,jacqueline69@example.net,2025-09-27,True,medium,control,0
4108,Jennifer Weber,vazquezdylan@example.org,2026-08-04,False,medium,control,0
4109,Danielle Cruz,stacy16@example.com,2026-08-17,False,low,treatment,0
4110,Laura Ferrell,james21@example.net,2026-01-08,True,medium,treatment,0
4111,Annette Brown,nicole31@example.com,2025-07-08,False,low,treatment,0
4112,Patricia Eaton,keithdaniels@example.net,2026-08-29,True,high,treatment,0
4113,Brittany Barber,ralph67@example.org,2025-12-21,False,medium,control,0
4114,Mrs. Whitney Edwards DVM,erik86@example.com,2026-04-24,False,low,treatment,0
4115,Kara Johnson,christinedennis@example.net,2026-09-12,False,medium,treatment,0
4116,Mary Potter,bbowman@example.net,2025-07-02,True,low,control,0
4117,Anthony Ryan,itucker@example.org,2024-10-16,False,medium,treatment,0
4118,Cassandra Carter,smithmarissa@example.net,2024-10-13,True,medium,control,0
4119,Sarah Smith,jlevy@example.com,2026-04-23,False,medium,treatment,0
4120,Brenda Hill,ereed@example.com,2026-03-15,False,low,control,0
4121,Kim Lambert,toddanthony@example.net,2026-08-15,False,medium,control,0
4122,Cynthia Pierce,jeffreysandoval@example.net,2025-01-18,True,low,control,0
4123,Laura Velez,tarasims@example.com,2025-10-23,False,medium,treatment,0
4124,Alex Wilkerson,hilldebra@example.org,2025-06-01,True,medium,control,0
4125,Patricia Hall,beth11@example.net,2025-07-25,False,medium,treatment,0
4126,Chelsea Miller,lucasedwards@example.com,2026-02-25,False,high,control,0
4127,Robert Lucero,simpsonnicholas@example.net,2025-10-30,True,medium,control,0
4128,Stephanie Knight,wgonzalez@example.com,2025-06-20,False,high,treatment,0
4129,Tyler Martinez,youngsarah@example.com,2026-07-15,True,high,control,0
4130,Levi Morrow,jodi42@example.org,2026-07-07,False,medium,treatment,0
4131,Gabrielle Gonzalez,jeannewton@example.net,2024-11-05,True,low,control,0
4132,Kevin Clark,daniel10@example.net,2025-07-14,False,low,treatment,0
4133,Brian Hall,wperez@example.com,2026-03-07,False,low,treatment,0
4134,Scott Gross,calvin37@example.org,2024-12-28,False,low,control,1
4135,Jason Park,coneill@example.net,2025-02-09,False,medium,treatment,0
4136,Meghan Robinson,taylorchristopher@example.org,2026-06-27,False,low,treatment,0
4137,Rose Valdez,michaelvalencia@example.net,2025-08-06,True,medium,control,1
4138,Nicole Wiley,jonesevan@example.net,2025-05-06,False,medium,treatment,0
4139,Dana Gates,chadtorres@example.org,2025-03-10,False,low,control,0
4140,Stephanie Davies DDS,terribrown@example.com,2026-03-06,False,low,control,0
4141,Wesley Oneal,johnsonlisa@example.net,2024-11-25,False,high,control,0
4142,Dana Butler,jennifer00@example.org,2024-11-05,False,low,control,0
4143,Bill King,westdennis@example.com,2026-08-28,False,medium,treatment,0
4144,Mark Ruiz,omay@example.org,2025-01-29,False,low,treatment,0
4145,Keith Berry,clarkdavid@example.org,2025-04-09,True,medium,control,0
4146,Mary Scott,kristopheranderson@example.org,2025-07-14,False,medium,control,1
4147,Andrew Smith,asmith@example.net,2025-04-18,True,low,treatment,1
4148,David Richardson,iduncan@example.org,2026-02-25,False,medium,control,0
4149,Yvette Cohen,erikacarlson@example.com,2025-07-23,False,medium,treatment,0
4150,Melissa Anderson,burnslaura@example.org,2026-02-18,True,medium,treatment,0
4151,Lindsay Blake,despinoza@example.com,2025-07-23,False,low,treatment,0
4152,Tabitha Hancock,vincentmarshall@example.org,2024-12-20,False,low,control,0
4153,Joshua Patel,christinaday@example.org,2024-10-17,True,low,control,0
4154,Courtney Hill,matthewsluis@example.net,2025-09-18,True,low,control,0
4155,Rhonda Miller,oclayton@example.com,2024-12-08,False,medium,control,0
4156,Melissa Jimenez,umaxwell@example.net,2024-10-16,False,low,control,0
4157,Rebecca Bailey,gballard@example.com,2025-12-14,True,medium,control,0
4158,Ashley Rollins,john62@example.org,2025-06-08,False,low,control,0
4159,Eric Lee,brandywest@example.net,2025-11-02,False,medium,control,0
4160,Tony Perez,melanie70@example.org,2026-09-01,False,low,treatment,0
4161,Tracey Jones,james84@example.org,2024-10-27,True,medium,treatment,0
4162,Heather Banks,katelyn54@example.com,2026-08-02,True,low,control,0
4163,Joanna Crosby,sbryant@example.net,2026-06-18,True,medium,treatment,0
4164,Rebekah Ho,dawnmerritt@example.org,2026-08-30,True,high,control,0
4165,Pamela Johnson,gibsondonald@example.net,2024-09-23,False,low,treatment,0
4166,Randy Montgomery,ewolf@example.org,2026-04-11,False,medium,control,0
4167,Brian Wallace,amedina@example.com,2024-11-25,False,low,treatment,0
4168,Tiffany Duke,fortiz@example.net,2025-07-19,False,low,control,0
4169,Brittany Hamilton,kevin70@example.net,2025-03-25,False,low,treatment,0
4170,Julie Wilson,pettywayne@example.com,2026-04-09,False,medium,treatment,0
4171,Christopher Ford,schwartzdonna@example.org,2026-04-14,False,medium,control,0
4172,David Parker,xhopkins@example.net,2025-11-04,True,low,control,0
4173,Karen Mcclain,fischerdanielle@example.org,2025-03-26,False,medium,control,0
4174,Kayla Garcia,mramos@example.net,2025-09-17,False,low,control,0
4175,Brenda Powell,justinjohnson@example.net,2024-12-14,False,medium,control,0
4176,Melanie Brown,ssaunders@example.org,2024-12-25,False,low,treatment,0
4177,Dennis Howard,gochoa@example.net,2026-04-15,False,medium,treatment,0
4178,Jacob Miller,pbrown@example.com,2025-03-12,True,low,treatment,0
4179,Denise Daniel,michaeljames@example.net,2025-08-25,True,medium,treatment,0
4180,Robert Ponce,jason25@example.org,2026-06-18,True,low,treatment,0
4181,Christine Jones,jonathan11@example.net,2026-05-21,False,low,treatment,0
4182,Margaret Johnson,burnsjohn@example.com,2026-01-04,True,low,treatment,0
4183,Richard Ward,gregorylevine@example.com,2025-03-29,False,medium,control,0
4184,Jessica Pennington,kaitlindiaz@example.org,2025-10-31,False,medium,control,0
4185,Emily Coleman,walldaniel@example.net,2025-05-03,False,low,treatment,0
4186,Laura Carr,jessica61@example.net,2025-04-06,True,low,treatment,0
4187,Emily Gonzales,amanda26@example.net,2024-12-19,False,medium,control,0
4188,Jackie Ferguson,melissa94@example.org,2025-01-28,False,low,treatment,1
4189,Cory Peters,margaretdixon@example.net,2025-02-14,True,low,control,1
4190,Tasha Cook,williamjohnson@example.org,2026-07-25,False,low,treatment,0
4191,Angel Crawford DDS,willisnicole@example.net,2026-05-10,False,low,control,0
4192,Heather Kramer,rhonda52@example.com,2026-02-13,False,high,treatment,1
4193,John King,ariana49@example.org,2024-10-11,True,low,treatment,0
4194,Robert Williams,hughesamanda@example.net,2026-07-24,False,low,treatment,0
4195,Joshua Martinez,xdiaz@example.org,2025-09-15,False,low,control,0
4196,Rachel Ochoa,rebecca46@example.org,2025-11-17,False,low,treatment,0
4197,Alex Mathis,mcdonaldmichele@example.com,2026-05-01,False,medium,treatment,0
4198,Craig Graham,camposbruce@example.net,2026-06-03,False,medium,control,0
4199,Brenda Chen,taylor79@example.org,2025-07-04,False,low,control,0
4200,Michael Orozco,mannkenneth@example.org,2026-01-31,False,high,control,0
4201,Claudia Watson,karagood@example.net,2025-04-22,False,high,control,0
4202,Linda Michael,stacie27@example.net,2025-11-10,False,medium,control,0
4203,Tim Simmons,qvargas@example.net,2025-07-16,False,low,treatment,0
4204,Timothy Torres,jennifer57@example.net,2025-09-22,True,low,control,0
4205,Jerry Lee,snydermorgan@example.net,2026-03-03,False,low,control,0
4206,Briana Daniel,davidthomas@example.net,2025-04-09,False,high,control,0
4207,Daniel Hanna,ihuffman@example.com,2025-06-27,False,low,treatment,0
4208,Thomas Nelson,mirandajoshua@example.org,2025-04-08,True,low,control,0
4209,Gabrielle Richardson,martinnicholas@example.net,2024-11-14,False,medium,control,0
4210,Alan Smith,jasmineballard@example.net,2026-02-24,False,low,treatment,0
4211,John Santos,briana28@example.net,2026-08-10,False,low,control,0
4212,Timothy Fisher,lnorton@example.org,2025-12-17,True,low,treatment,0
4213,Derek Lozano,loricooley@example.com,2025-02-05,True,low,treatment,0
4214,Michelle Meyer,cathycarrillo@example.net,2025-01-31,True,high,control,0
4215,Haley Williams,nicolasburns@example.org,2024-11-05,False,low,control,0
4216,Mark King,khuber@example.net,2026-04-15,True,medium,control,0
4217,Tammy Cooper,wjones@example.com,2025-03-17,True,high,control,0
4218,Heather Smith,cameronchavez@example.org,2026-01-16,False,low,treatment,0
4219,Heather Alvarez,maureenmcdonald@example.org,2024-12-03,False,low,treatment,0
4220,John Lee,shelly48@example.com,2024-10-24,False,low,control,0
4221,Caitlin Vaughn,catherine08@example.org,2025-07-15,True,low,control,0
4222,April Brown,geraldcastro@example.net,2025-09-01,False,low,control,0
4223,Terri Martinez,michael39@example.net,2026-02-10,True,medium,treatment,0
4224,Patricia Anderson,charlesmurphy@example.net,2026-07-11,False,high,treatment,0
4225,Kelli Marshall,danny57@example.net,2024-10-08,True,medium,control,0
4226,Adam Boyle,bauermichelle@example.net,2025-04-11,False,low,control,0
4227,George Jackson,david30@example.org,2025-08-07,False,low,control,0
4228,Jenny Banks,rnguyen@example.net,2025-05-22,False,low,control,0
4229,Laurie Andrews MD,bradley97@example.org,2026-07-07,False,low,control,0
4230,Marco Byrd,seanshaw@example.com,2024-12-02,False,low,treatment,0
4231,Donna Norris,parkertammy@example.org,2026-01-06,False,high,treatment,1
4232,Matthew Gentry,rebecca21@example.com,2026-06-19,True,medium,treatment,1
4233,Corey Phillips,michelestrong@example.org,2025-07-25,False,low,treatment,0
4234,Theresa Goodwin,ccole@example.com,2025-10-28,False,medium,treatment,0
4235,Megan Neal,amanda74@example.net,2024-11-11,True,low,treatment,0
4236,Amy Brewer,jellis@example.com,2025-04-16,True,low,treatment,0
4237,Jermaine Young,umedina@example.org,2025-08-15,False,low,treatment,0
4238,Walter Ramirez,natasharodriguez@example.net,2025-03-30,False,medium,treatment,0
4239,Linda Murillo,tina78@example.org,2025-04-02,True,medium,treatment,0
4240,Andrew Fuller,pauljones@example.net,2026-05-22,False,high,control,0
4241,Richard White,lyoder@example.org,2026-03-24,True,low,treatment,0
4242,Patricia Shepard,elizabethfry@example.org,2025-08-26,False,high,control,0
4243,Gordon Crawford,michaelvance@example.org,2026-09-09,False,medium,treatment,0
4244,David Johnson,stephen89@example.com,2026-04-15,True,medium,treatment,1
4245,David Thornton,matthewprice@example.org,2024-09-22,True,low,control,0
4246,Misty Smith,sabrina83@example.com,2026-01-07,False,low,treatment,1
4247,Troy Johnson,charles36@example.com,2026-01-08,False,high,treatment,0
4248,Jose Hamilton,christina97@example.net,2026-04-26,True,high,control,0
4249,Alyssa Jimenez,simmonsangel@example.com,2026-08-04,False,medium,control,0
4250,Donald Allen,djohnson@example.com,2026-03-07,True,low,treatment,0
4251,Sean Freeman,patricia43@example.com,2025-10-31,False,low,treatment,0
4252,Nicholas Mckenzie,sallen@example.com,2025-08-02,True,high,control,0
4253,Susan Mcclain,amarsh@example.net,2025-05-12,True,medium,treatment,0
4254,Sandra Kim,millskelly@example.net,2026-02-28,True,medium,treatment,0
4255,Donald Burns,nicole14@example.org,2026-03-01,False,low,control,1
4256,Kathryn Thompson,jeanneparks@example.org,2024-11-16,True,medium,treatment,1
4257,Daniel Robinson,davidhart@example.org,2024-09-27,False,medium,treatment,0
4258,Barbara Callahan,dorothysmith@example.net,2025-04-04,False,low,treatment,0
4259,Tammy Bell,emclean@example.org,2025-06-09,False,high,treatment,0
4260,Deborah Gross,ysantos@example.com,2024-09-22,False,medium,control,0
4261,Joshua Monroe,mcclainrichard@example.net,2025-05-01,False,low,control,0
4262,James Knapp,zwalton@example.com,2026-05-06,True,low,treatment,1
4263,Janice Callahan,ckaufman@example.net,2025-06-01,False,low,treatment,1
4264,Michael Hebert,brendacollins@example.com,2026-07-26,False,medium,treatment,0
4265,Jack Roberts,lmoreno@example.net,2025-09-18,False,medium,control,0
4266,Julie Evans MD,adamjones@example.net,2025-10-26,False,low,control,0
4267,Jennifer Lawson,obowers@example.net,2025-10-06,False,medium,control,0
4268,Desiree Brown,ataylor@example.com,2025-02-11,False,low,treatment,0
4269,Christopher Delacruz,john31@example.net,2026-02-07,True,high,treatment,0
4270,Dr. Cynthia Hoover DVM,dorseylauren@example.net,2025-03-28,False,high,control,0
4271,Hayden Shaw,matthew75@example.com,2024-12-23,False,medium,control,1
4272,Christian Long,charles36@example.net,2025-08-17,False,medium,control,0
4273,Jesse Mckay,loganpineda@example.net,2026-06-22,False,medium,treatment,0
4274,Jonathan Marquez,douglasmark@example.com,2026-08-16,False,low,control,0
4275,Jessica Mcdowell,lindseydaniels@example.net,2025-06-03,False,low,control,0
4276,Kimberly Beck,marshallamanda@example.org,2025-05-14,False,low,control,0
4277,Stephanie Schwartz,hamptonsabrina@example.com,2024-12-20,False,low,control,0
4278,Taylor Parker,kfisher@example.net,2025-02-07,False,medium,treatment,0
4279,Melinda Herrera,ryanheath@example.org,2025-09-06,True,medium,control,0
4280,Cheryl Olson,davisnatalie@example.org,2026-01-08,False,medium,treatment,0
4281,Sarah Li,frazierwendy@example.com,2026-06-04,True,high,treatment,0
4282,Sharon Copeland,amberguerrero@example.org,2024-11-29,False,high,treatment,0
4283,Ricardo Solis,armstrongcynthia@example.com,2026-03-05,False,medium,treatment,0
4284,Ronald Ochoa,robert22@example.org,2024-11-24,False,high,treatment,0
4285,Jason Chen,carolynduke@example.com,2024-10-13,False,low,control,0
4286,Colin Anderson,marcusnunez@example.org,2026-08-15,False,low,treatment,1
4287,Anthony Simpson,sheryl98@example.com,2024-11-03,True,low,treatment,1
4288,Christopher Thomas,allison35@example.org,2025-09-08,False,low,control,0
4289,Peter Reese,joanwright@example.org,2025-09-28,False,low,control,0
4290,Margaret Macias,qjohnson@example.com,2024-09-19,False,low,control,0
4291,Christina Johnson,mcdonaldcole@example.net,2025-01-22,True,medium,treatment,0
4292,Michele Allen,katherineburns@example.net,2025-12-31,False,low,treatment,0
4293,Henry Scott MD,wmartinez@example.com,2026-08-10,False,low,treatment,0
4294,Eric Mcintosh,taylor12@example.com,2025-07-10,False,medium,treatment,0
4295,Steven Wright,laurenray@example.org,2025-12-04,False,medium,control,0
4296,Michael Collier,reedsarah@example.org,2025-02-15,False,low,treatment,0
4297,Scott Fields,kimthomas@example.net,2025-10-16,False,high,treatment,0
4298,Stacey Gordon,lisa73@example.org,2026-02-14,False,medium,control,0
4299,Andrea Anderson,walkersamantha@example.net,2025-11-29,False,low,control,0
4300,Jeremy Greene,leslie14@example.org,2024-11-17,False,medium,treatment,0
4301,Jennifer Nunez,arthurhowe@example.com,2026-06-05,False,medium,treatment,1
4302,Erika Davis,lovemary@example.org,2025-07-01,False,low,treatment,0
4303,Jenna Roberts,madisongoodman@example.net,2026-04-30,False,low,control,0
4304,Brandon Hernandez,welchsteven@example.org,2025-01-15,False,low,control,0
4305,Jessica Robbins,luismurray@example.org,2026-05-29,False,high,control,1
4306,Sonya Griffin,elizabeth10@example.net,2026-07-18,False,high,treatment,0
4307,Paul Robinson,williamsbradley@example.org,2026-01-16,False,low,control,0
4308,William Peterson,ebrewer@example.com,2026-06-25,True,high,treatment,1
4309,Jacob Gutierrez,qmartin@example.com,2026-08-22,False,low,treatment,0
4310,Daisy Hill,olittle@example.org,2026-02-19,True,low,control,0
4311,Heather Mccormick,hfoley@example.com,2026-08-03,False,low,treatment,0
4312,Felicia Goodman,masonowens@example.com,2025-02-13,False,medium,control,0
4313,Nicole Roth,daniel76@example.net,2026-01-23,True,medium,treatment,0
4314,Robert Ward,amurphy@example.org,2024-10-17,True,high,control,0
4315,Tammy Hull,janicewest@example.com,2025-01-07,True,medium,treatment,0
4316,Jennifer Nelson,dana10@example.net,2025-01-11,False,low,treatment,0
4317,Bethany Davis,matthew79@example.net,2025-06-13,True,low,treatment,0
4318,Jody Anderson,csanders@example.com,2024-11-07,True,medium,control,0
4319,Jeffrey Lewis,christineruiz@example.net,2024-11-12,False,low,treatment,0
4320,Brittney Garza,davidharvey@example.org,2025-06-08,False,medium,treatment,0
4321,Emily Werner,catherinemartin@example.net,2025-06-13,False,low,treatment,0
4322,William Estrada,ashley28@example.com,2024-10-05,True,low,control,0
4323,Megan Contreras,james08@example.com,2025-10-15,False,low,treatment,0
4324,Zachary Carter,rpowell@example.net,2024-10-04,False,low,control,0
4325,Jessica Moore,reginald66@example.net,2025-04-30,False,low,control,1
4326,Jessica Sutton,frazierannette@example.com,2025-02-17,True,low,control,0
4327,Christopher Fleming,rebecca08@example.com,2025-05-20,True,medium,treatment,0
4328,Richard Simmons,ysparks@example.com,2025-11-04,False,low,treatment,0
4329,Christine Gentry,marknavarro@example.org,2025-09-08,False,low,treatment,0
4330,Elizabeth Carey,tweeks@example.net,2026-02-19,True,high,control,0
4331,Anthony Fleming,xthompson@example.net,2026-01-27,False,low,control,0
4332,David Rich,gbutler@example.org,2025-06-02,True,low,treatment,1
4333,Elizabeth Daniel,dmiller@example.com,2026-06-15,False,medium,treatment,0
4334,Jonathan Dunn,nbender@example.org,2025-04-03,False,low,control,0
4335,Steven Scott,molinaerin@example.net,2026-01-24,True,medium,control,0
4336,Angela Krueger,robert13@example.net,2025-04-24,False,low,treatment,0
4337,Justin Fernandez,mistystephens@example.net,2024-10-07,False,low,control,0
4338,Patrick Adams,zrichards@example.org,2026-01-01,True,low,control,0
4339,Christina Sheppard,crystalbishop@example.org,2024-11-22,True,medium,treatment,1
4340,Brooke Arias,jonesjason@example.net,2026-03-29,False,low,control,0
4341,Aaron Hernandez,coxjavier@example.org,2025-03-13,True,medium,control,0
4342,Mandy Jennings,carteradam@example.net,2025-01-24,True,medium,treatment,1
4343,Angel Sanchez,cwebb@example.org,2025-01-28,False,medium,control,0
4344,Albert Charles,connormejia@example.com,2025-12-25,False,low,treatment,0
4345,Kenneth Norris,lyonshannah@example.net,2025-11-16,True,low,treatment,0
4346,Dr. Tiffany Bennett MD,lorithompson@example.com,2026-05-31,False,medium,treatment,0
4347,Dawn Robinson,ewilson@example.com,2025-04-13,True,low,treatment,0
4348,Jeffrey Wilson MD,hursthannah@example.com,2024-09-24,False,medium,treatment,0
4349,Mr. Cody Johnson,brian93@example.net,2026-09-11,False,medium,treatment,0
4350,Alexandra Kane,justinreeves@example.net,2024-12-09,False,medium,control,0
4351,Carol James,johnsonmichelle@example.net,2025-02-20,False,medium,control,0
4352,Billy Hall,jacob76@example.org,2025-06-07,False,low,treatment,0
4353,Amanda Martin,danielkim@example.net,2025-05-28,True,medium,control,0
4354,Joseph Whitehead,garyhughes@example.net,2024-10-06,False,medium,treatment,0
4355,Angela Griffin,rodriguezryan@example.com,2026-04-20,True,medium,treatment,0
4356,Jennifer Taylor,whitecody@example.org,2025-09-22,False,low,treatment,0
4357,Nicole Reynolds,kimberlyjackson@example.org,2025-12-10,False,low,control,0
4358,John Roman,jason04@example.net,2024-09-25,False,medium,control,0
4359,Angela Boyd,brownmatthew@example.com,2025-05-10,False,medium,control,0
4360,Joseph Shaw,amygutierrez@example.com,2025-08-09,False,low,control,0
4361,Jonathan King,dbishop@example.net,2024-09-22,False,medium,treatment,0
4362,Crystal Johnson,qlong@example.com,2026-05-17,True,low,treatment,1
4363,Jordan Morris,millerraven@example.com,2025-01-17,False,medium,control,0
4364,Vicki Sanchez,amycunningham@example.org,2026-05-28,False,low,control,1
4365,Cynthia Smith,daviseric@example.org,2025-03-22,False,low,treatment,0
4366,Craig Reyes,joneschristine@example.org,2025-06-09,True,medium,treatment,0
4367,Andrew Edwards,craigdanielle@example.com,2026-06-04,True,low,treatment,0
4368,Billy Davis,barnettjoseph@example.com,2026-08-04,False,high,treatment,0
4369,Lacey Gaines,ocrane@example.net,2024-11-21,False,low,treatment,0
4370,Rachel Scott,westdonna@example.org,2025-04-30,True,medium,control,0
4371,Michael Case,rayrobin@example.org,2026-09-15,False,low,treatment,0
4372,Denise Stout,sporter@example.com,2025-08-22,False,low,treatment,0
4373,Benjamin Valencia,josephross@example.org,2024-11-26,False,medium,control,0
4374,Christian Davis,etorres@example.com,2026-06-14,True,low,control,0
4375,Robert Anderson,elizabethpeters@example.com,2026-02-13,True,low,control,0
4376,David Hayes,scottsandoval@example.com,2026-06-09,False,low,control,1
4377,Amy Lowery,amandawarren@example.net,2025-08-29,True,low,control,0
4378,Michael Porter,nbernard@example.net,2026-06-19,False,high,control,0
4379,Mark Morgan,osnow@example.org,2025-01-14,True,low,treatment,0
4380,Amanda Ochoa,barbaramorales@example.com,2025-02-06,True,low,control,0
4381,Kelsey Cannon,amanda42@example.net,2025-08-15,True,medium,control,0
4382,Crystal Sharp,wflynn@example.org,2026-02-18,False,high,treatment,0
4383,Kristen Tran,ysullivan@example.org,2025-08-28,True,medium,treatment,0
4384,William Perez,melodyjacobson@example.com,2025-12-22,False,low,control,0
4385,Brian Coleman,josephbrown@example.com,2026-02-04,False,low,control,0
4386,James Norris,nicole52@example.com,2025-02-18,True,low,control,0
4387,Sean Hawkins,olivialee@example.com,2024-10-10,False,low,control,0
4388,Jack Lloyd,singhnicole@example.com,2025-02-12,False,low,treatment,0
4389,Taylor Miller,mcdonaldjoseph@example.net,2025-03-29,False,low,control,0
4390,Evelyn May MD,welchamanda@example.com,2025-01-26,False,low,control,0
4391,Elizabeth Young,nolancharles@example.net,2024-12-07,True,high,control,0
4392,Jennifer Goodwin,rachelguerrero@example.com,2025-01-25,False,medium,treatment,0
4393,Kathryn Ramos,scott35@example.org,2026-01-06,False,low,control,0
4394,Kelsey Simpson,wardmelissa@example.org,2025-08-22,False,medium,treatment,0
4395,Debbie Jarvis,roblesjeffrey@example.com,2025-09-02,True,medium,treatment,0
4396,Sylvia Hurst,morgansteven@example.net,2025-01-20,False,low,control,0
4397,Craig Jones,taylorrichard@example.com,2026-07-09,True,medium,control,0
4398,John Bowman,tcase@example.org,2026-03-15,False,low,control,0
4399,Madison Mccall DDS,simmonsjill@example.net,2025-06-28,True,medium,treatment,0
4400,Jamie Hancock,callen@example.com,2025-12-04,True,low,treatment,0
4401,Bridget Garrison,stonetravis@example.net,2025-12-20,False,low,treatment,0
4402,Adam Jones,samuel59@example.org,2024-11-30,False,high,control,0
4403,Emily Taylor,christopherwilliams@example.com,2026-03-27,False,medium,treatment,0
4404,William Martin,gmccormick@example.org,2025-12-28,False,medium,treatment,0
4405,Christopher Spencer,bakerjacqueline@example.net,2025-04-20,True,low,control,0
4406,Samuel Montgomery,owilliamson@example.com,2025-09-21,True,low,treatment,1
4407,Andrew Brown,mitchelljoshua@example.com,2024-12-25,False,low,treatment,0
4408,Martin Walker,tjackson@example.net,2026-07-19,False,medium,treatment,0
4409,William Riley,aprilhouse@example.com,2026-03-11,False,low,treatment,0
4410,Linda Bryant,donna63@example.com,2026-02-12,False,low,treatment,0
4411,Carolyn Hall,leonard79@example.com,2026-01-12,True,high,treatment,0
4412,Kimberly Decker,bwallace@example.com,2025-05-02,True,low,control,0
4413,Amanda Willis,jessica81@example.com,2024-09-20,False,low,control,0
4414,Ryan Hudson,matthewstokes@example.net,2024-10-05,False,low,control,0
4415,Henry Arnold,ymontgomery@example.com,2026-02-22,False,low,treatment,0
4416,Jennifer Howard,zsolomon@example.org,2026-07-11,False,low,control,0
4417,Bradley Jackson,daviskelly@example.com,2025-01-15,False,medium,control,1
4418,Eric Rios,foxnancy@example.org,2026-06-03,False,low,treatment,0
4419,Edward Shaw,marcbrooks@example.com,2025-01-10,False,medium,control,1
4420,David Mejia,benjamin76@example.net,2026-07-26,False,low,treatment,0
4421,Erica Kemp,qhutchinson@example.net,2026-05-03,False,high,treatment,0
4422,Heather Knapp,markjackson@example.com,2026-08-03,True,high,control,0
4423,Sandra Barnes,millertravis@example.com,2026-04-04,True,medium,control,0
4424,Sarah Chapman,christinehart@example.com,2025-05-14,False,medium,control,0
4425,Richard Sanders,erika99@example.net,2024-10-25,False,low,treatment,0
4426,Danny Holmes,benjamin00@example.net,2025-03-27,False,low,control,0
4427,Kelly Miller,justinperry@example.net,2025-05-08,True,medium,treatment,0
4428,Connie Neal,chad39@example.com,2025-06-18,False,low,control,1
4429,Christopher Mitchell,collinsjennifer@example.net,2025-01-17,True,low,control,0
4430,Jorge Taylor,ngibbs@example.com,2026-06-26,False,medium,treatment,0
4431,Joseph Jimenez,jlopez@example.net,2025-01-26,False,medium,treatment,0
4432,Gregory Morrison,donnaholt@example.org,2025-04-14,False,medium,control,1
4433,Lisa Castillo,pwilliams@example.org,2026-09-07,True,medium,control,0
4434,Megan Brown,kelly18@example.net,2025-04-25,False,medium,control,0
4435,Robert Jordan,ericamccoy@example.org,2024-11-19,False,low,treatment,0
4436,Juan Williams,gabriellejones@example.net,2025-03-11,False,low,treatment,0
4437,Nathaniel Cummings,djimenez@example.com,2025-08-15,False,low,treatment,0
4438,Gloria Finley,wcollins@example.com,2025-05-16,False,low,control,0
4439,Christine Lam,austinlinda@example.net,2025-03-18,True,low,treatment,0
4440,Patrick Rodriguez,taylorclaudia@example.net,2025-05-05,False,low,control,0
4441,Rodney Medina,jameswright@example.net,2026-08-09,False,low,control,0
4442,Jacob Mcgee,collinsdiana@example.com,2025-05-20,True,low,control,0
4443,Julie Thomas,andre26@example.org,2025-06-25,False,medium,control,1
4444,Brian Chen,franciskenneth@example.net,2025-09-01,False,medium,control,0
4445,Timothy Conway,jhaley@example.org,2026-03-08,False,low,control,0
4446,Chad Terry,lwright@example.net,2025-04-11,True,medium,control,1
4447,Gabriel Woods,michaelestrada@example.org,2025-03-03,False,low,control,0
4448,Tina Hunter,shawntate@example.org,2025-06-17,True,low,treatment,1
4449,Dennis Downs,vargaspamela@example.net,2025-11-21,False,medium,treatment,0
4450,Sandra Howard,cruzjessica@example.net,2025-11-16,True,high,control,0
4451,Melody Hill,sdouglas@example.com,2025-07-30,False,high,control,0
4452,Brianna Summers,johnsoncharles@example.com,2025-01-19,False,medium,treatment,1
4453,Veronica Koch,xsimpson@example.com,2025-03-22,False,medium,treatment,0
4454,Rachel Shaw,mgill@example.net,2025-05-28,False,medium,control,0
4455,Steven Turner,vmcmillan@example.net,2026-01-26,False,high,control,0
4456,John Blake,rebecca28@example.net,2024-10-07,False,medium,treatment,0
4457,Emily Jones,cmccullough@example.net,2025-09-14,False,low,treatment,0
4458,Samuel Williams,danieldavis@example.net,2025-04-22,True,low,control,0
4459,Laurie Anderson,cruzjoseph@example.com,2025-05-11,False,medium,control,0
4460,Gregory Holland,mistywolf@example.com,2025-09-10,False,medium,treatment,0
4461,Gina Davis,erin66@example.net,2026-08-01,False,low,treatment,0
4462,Ian Mcdonald,michael66@example.org,2026-06-07,False,medium,control,0
4463,William Snow,knightrobert@example.net,2025-03-10,True,medium,treatment,0
4464,Mark Peterson,lee61@example.org,2025-02-24,False,low,control,0
4465,Jennifer Lopez,josewatson@example.org,2025-09-25,True,high,treatment,0
4466,Lawrence Jones,christopherthomas@example.net,2025-07-28,False,low,treatment,0
4467,Sarah Mcclain,jriley@example.com,2025-10-06,True,medium,treatment,0
4468,Samantha Burton,fstevenson@example.net,2025-07-24,False,medium,control,0
4469,Gregory Simpson,greenjamie@example.net,2026-06-18,True,high,treatment,0
4470,Catherine Bailey DDS,hendersondean@example.org,2026-08-06,False,low,treatment,0
4471,Douglas Willis,rodriguezpeter@example.org,2026-03-21,False,low,treatment,0
4472,Roger Atkins,stevenfleming@example.org,2026-05-21,False,high,treatment,0
4473,Gregory Burnett,fisheredward@example.org,2024-09-25,False,high,control,1
4474,Jason Harris,tracy56@example.net,2026-03-05,False,high,treatment,0
4475,Lawrence Parker,smithkenneth@example.org,2026-05-22,True,medium,treatment,1
4476,Claire Garner,nharris@example.org,2025-04-30,True,medium,treatment,0
4477,Michelle Torres,yclark@example.com,2024-12-19,True,medium,control,0
4478,Rachel Combs,wilsonzachary@example.org,2024-09-26,False,low,control,0
4479,William Smith,rvincent@example.net,2026-02-25,False,high,treatment,0
4480,Melvin Gutierrez,donnahart@example.org,2026-07-20,False,high,control,0
4481,Shelly Mckinney,riosfrank@example.org,2025-08-24,True,medium,treatment,0
4482,Amanda Crosby,zcoleman@example.org,2025-06-30,False,low,treatment,0
4483,Lisa Castillo,santoseric@example.com,2025-11-16,False,medium,treatment,1
4484,Adam Harris,tcarr@example.org,2026-01-18,False,medium,treatment,0
4485,Victoria Johnson,tracyrobinson@example.net,2026-02-02,False,low,treatment,0
4486,Ashley Harris,jodi27@example.net,2025-05-16,True,medium,treatment,0
4487,Brett Welch,limaria@example.net,2025-03-18,True,low,treatment,0
4488,Jonathan Peters,iclarke@example.net,2026-06-06,False,medium,control,0
4489,Christian Sweeney,laura91@example.net,2025-06-03,False,medium,treatment,0
4490,Linda Wagner,reginameadows@example.org,2025-05-14,False,low,control,0
4491,John Crawford,autumn36@example.net,2024-11-18,False,medium,control,0
4492,Jessica Combs,williamcarney@example.org,2026-02-12,False,medium,treatment,0
4493,Jasmine Franco,diane90@example.org,2025-11-02,True,medium,control,0
4494,Deborah Osborne,emilygarner@example.com,2026-03-12,False,high,treatment,0
4495,John Lamb,eboyer@example.net,2026-06-23,False,medium,treatment,1
4496,Kimberly Kim,allen09@example.org,2026-02-08,True,low,control,0
4497,Michelle Garner,donaldclark@example.net,2026-01-06,False,low,treatment,0
4498,Pamela Chung,patricksmith@example.org,2025-11-14,True,medium,treatment,0
4499,Christian Stevens,jreyes@example.com,2026-01-20,True,high,control,0
4500,Michael Vasquez,carneysamuel@example.org,2026-01-18,True,high,control,0
4501,Scott Walker,andreadunn@example.org,2025-01-10,False,medium,control,0
4502,Laura Simmons,opatterson@example.com,2025-01-14,False,low,treatment,0
4503,Matthew Walker,wesley65@example.com,2025-09-05,False,low,treatment,0
4504,Brian Fuller,baileydonna@example.com,2025-09-10,False,medium,control,0
4505,Scott Lee,cburns@example.com,2025-03-26,False,medium,treatment,0
4506,Christina Sanchez,mking@example.org,2025-11-22,True,low,control,0
4507,Gloria Huerta,pfrancis@example.net,2026-01-13,True,low,treatment,0
4508,Kelly Shaw,browneugene@example.org,2026-09-04,True,low,treatment,0
4509,Kevin Thompson,randerson@example.com,2026-04-08,True,medium,control,0
4510,Melissa Elliott,torresmelissa@example.com,2025-06-26,True,medium,treatment,0
4511,Lisa Owens,williamschad@example.net,2026-01-20,True,high,treatment,0
4512,Tammy Hayes,jonathan73@example.net,2025-04-30,False,low,treatment,0
4513,David Morales MD,spencerjoshua@example.org,2024-12-04,False,low,control,0
4514,Theresa Gray,millsdouglas@example.org,2026-08-19,False,low,control,0
4515,Calvin Keller,diana25@example.net,2024-11-05,False,low,treatment,0
4516,Steven Douglas,katelynburke@example.net,2024-09-27,False,medium,control,0
4517,Matthew Campbell,lawrencewest@example.net,2026-03-10,False,medium,treatment,0
4518,Monica Perez,johndaniels@example.com,2026-01-26,False,medium,treatment,0
4519,Mrs. Jessica Chaney,uguerra@example.net,2025-11-12,True,medium,treatment,1
4520,Zachary Jones,kimberlydecker@example.org,2026-01-03,False,low,treatment,0
4521,Sabrina Ruiz,amandamitchell@example.net,2026-02-10,True,low,control,0
4522,Joseph Dixon,sallen@example.net,2026-01-15,False,low,treatment,0
4523,Shelia Fuentes,whitekaren@example.org,2025-09-24,False,low,treatment,0
4524,Kaitlyn Bailey,anita85@example.org,2025-02-26,False,medium,treatment,0
4525,Ashley Hess,cbrown@example.com,2025-07-10,False,medium,control,0
4526,Benjamin Taylor,kathrynbaxter@example.org,2026-07-22,False,medium,treatment,0
4527,Vickie Wallace,wnelson@example.net,2025-12-17,True,low,treatment,0
4528,Cynthia Huff,robertgray@example.com,2025-10-09,False,high,treatment,0
4529,Shane Jackson,lbates@example.com,2025-05-11,False,low,control,0
4530,Julie Lopez,acampbell@example.com,2026-08-11,True,low,treatment,0
4531,Anna Mcgee,jeremy52@example.com,2025-08-07,False,high,control,0
4532,Robert Gregory,tonyamorris@example.net,2025-07-20,False,low,control,0
4533,Lindsey Coffey,velasquezmichael@example.org,2026-03-27,False,low,treatment,0
4534,Brian Fitzgerald,ybarry@example.org,2025-10-19,True,medium,control,0
4535,Francisco Patterson,csnyder@example.net,2025-06-13,True,low,control,0
4536,Nicole Mathis,walleramy@example.net,2026-03-08,False,medium,control,1
4537,Shannon Walker MD,thompsontodd@example.net,2026-08-14,False,medium,control,0
4538,Thomas Evans,nicholas33@example.net,2025-11-13,False,medium,control,0
4539,Marcus Blackwell,joshuamorris@example.org,2025-05-22,False,medium,control,0
4540,Spencer Rogers,ocastaneda@example.org,2025-07-08,False,low,control,0
4541,Adrienne Bowman,suzannecowan@example.net,2026-06-17,False,low,treatment,0
4542,Brandon Rodriguez,tmejia@example.net,2025-09-25,False,medium,treatment,0
4543,Lauren Ford,timothy23@example.net,2025-08-26,False,low,treatment,0
4544,Justin Curtis,terrence72@example.com,2025-10-06,False,high,treatment,0
4545,Shawna Hardin,haroldarmstrong@example.com,2024-11-21,True,medium,control,0
4546,Tonya Fitzpatrick,donaldmolina@example.org,2026-06-12,False,low,treatment,0
4547,Savannah Lopez,ginaking@example.net,2024-11-25,False,medium,treatment,0
4548,Denise Richardson,bridgeschloe@example.com,2025-10-15,False,high,control,0
4549,Tammy Allen,katie03@example.com,2025-07-08,True,low,control,0
4550,Tanner Moore,ryanlee@example.net,2025-04-26,False,low,control,0
4551,Elizabeth Griffin,gward@example.com,2026-05-15,False,medium,control,0
4552,Michelle Pena,leekimberly@example.com,2024-10-30,False,medium,treatment,0
4553,Samuel Russell,paul34@example.com,2025-06-26,True,low,treatment,0
4554,Kelly Marks,jasonray@example.com,2025-10-19,True,medium,control,1
4555,Kyle Curtis,randall36@example.org,2024-11-13,True,medium,control,0
4556,Alan Spencer,ewilliams@example.org,2026-03-15,False,medium,treatment,0
4557,Brittany Hammond,shirleyhaynes@example.com,2025-05-02,False,low,control,0
4558,Roger Campbell,fcampbell@example.net,2024-11-22,False,low,treatment,0
4559,Cynthia Castaneda,michelefrazier@example.org,2026-08-07,False,high,control,1
4560,Trevor Garcia,yyoung@example.com,2025-01-25,False,high,treatment,0
4561,Briana Hill,kevin40@example.net,2025-12-25,False,low,control,0
4562,Thomas Castaneda,khernandez@example.com,2024-11-11,False,high,treatment,0
4563,Madeline Dixon,ymiller@example.net,2026-09-05,False,high,treatment,1
4564,Andrew Keller,whitepedro@example.org,2025-04-21,False,medium,treatment,0
4565,Mandy Ramos,james91@example.net,2025-06-21,False,high,treatment,1
4566,Stephanie Ramirez,butlercourtney@example.net,2025-10-19,True,medium,treatment,0
4567,John Spears,reginajordan@example.org,2026-06-18,False,low,treatment,0
4568,Denise Prince,michaelnewton@example.org,2025-08-19,False,medium,control,1
4569,Maria Smith,navila@example.net,2025-06-18,False,low,control,0
4570,Matthew Johnson,danielle06@example.com,2025-08-07,False,medium,control,0
4571,Gerald Conrad,kimberlyporter@example.org,2025-03-22,False,low,control,0
4572,Emily Scott,jacksonsamantha@example.net,2026-02-07,False,medium,treatment,0
4573,Peter Thompson,hooverhector@example.net,2026-07-07,False,low,treatment,0
4574,Richard White,dillon76@example.net,2024-09-19,False,low,control,0
4575,Brooke Lawson,matthewwilliams@example.com,2026-03-26,False,medium,control,0
4576,Darren Marquez,kara91@example.org,2026-06-27,False,low,treatment,0
4577,Anthony Cardenas,michaelharmon@example.org,2025-09-07,True,low,treatment,1
4578,Robin Kramer,annwagner@example.com,2025-04-21,True,low,treatment,0
4579,Tara Dudley,timothylong@example.com,2025-02-17,False,medium,treatment,0
4580,Deborah Cameron,jo03@example.org,2026-09-07,False,low,control,0
4581,Margaret Nicholson,angela32@example.net,2026-01-04,False,medium,treatment,0
4582,Robin Cook,molinajoseph@example.net,2025-09-25,False,low,treatment,0
4583,Brian Richards PhD,hawkinsrhonda@example.com,2025-09-08,False,medium,control,0
4584,Lucas Webb,jonathan93@example.net,2024-12-04,False,low,control,0
4585,Calvin Ayers,johnsonjennifer@example.com,2025-07-02,True,low,treatment,0
4586,Kathy Hill,frivera@example.org,2025-09-02,True,high,treatment,0
4587,Linda Sullivan,ramosjeffery@example.com,2026-03-04,True,low,control,0
4588,Sarah Norton,dale08@example.org,2025-10-19,True,low,treatment,0
4589,Jose Clark,michaelmathews@example.net,2026-01-25,True,medium,treatment,0
4590,Diane Torres,kimwilson@example.org,2024-12-25,False,low,treatment,0
4591,Michelle Webb,sbrooks@example.com,2025-07-20,False,low,control,0
4592,Justin Williams,simmonsrichard@example.net,2024-11-06,True,medium,control,0
4593,Dennis Holland,wrightjohn@example.com,2026-06-26,False,medium,treatment,0
4594,Ronald Arroyo,katelynrobinson@example.org,2026-08-17,False,low,control,0
4595,Heather Greene,joykhan@example.com,2024-10-17,False,medium,control,0
4596,Vicki Lopez,shobbs@example.net,2026-06-11,False,low,treatment,0
4597,David Pacheco,thouston@example.com,2026-09-02,False,medium,treatment,0
4598,John Powers,cchase@example.com,2026-03-27,False,low,treatment,0
4599,Amanda Bird,mferguson@example.com,2025-06-10,False,high,treatment,0
4600,Vanessa Rogers,obautista@example.net,2025-06-25,False,medium,control,0
4601,Amanda Gonzalez,andrew73@example.com,2025-10-17,False,low,treatment,0
4602,Lauren Nielsen,carterdaniel@example.net,2025-09-15,False,low,control,0
4603,Jessica Fowler,anthonyfoley@example.org,2026-04-28,False,low,treatment,0
4604,Kathryn Mcguire,zstanley@example.org,2026-01-25,False,medium,treatment,0
4605,Thomas Chapman,dflores@example.org,2025-03-05,False,medium,control,0
4606,Phillip Wilson,amanda57@example.net,2026-07-19,False,high,treatment,0
4607,Timothy Rodriguez,paullamb@example.net,2025-01-11,True,low,control,0
4608,Kristen Thomas,martintracy@example.net,2025-12-16,True,low,control,0
4609,Katrina Buck,jonathanmoses@example.net,2024-11-02,False,high,control,0
4610,Allison Moreno,ballmichael@example.net,2026-04-09,False,low,control,0
4611,Cheryl Reeves,mccarthyjoshua@example.com,2026-07-06,True,medium,treatment,0
4612,Joseph Richardson,bmaddox@example.com,2026-05-10,False,low,control,0
4613,Marcus Scott,nelsonkevin@example.org,2024-10-30,False,high,control,0
4614,Amanda Wallace,pwilliams@example.org,2024-10-24,False,high,control,0
4615,Wayne Williams,amoore@example.net,2026-03-12,False,medium,control,0
4616,Justin Stanley,kara42@example.com,2026-07-24,False,low,control,0
4617,Deanna Chapman,vjohnston@example.net,2025-01-04,False,low,treatment,0
4618,Ashley Farrell,znorris@example.com,2025-07-12,False,low,treatment,0
4619,Erica Hill,william78@example.net,2026-09-02,True,low,control,0
4620,Monica Blevins,dbrowning@example.net,2025-05-10,False,medium,treatment,0
4621,Natasha Thomas,flynnheather@example.com,2025-08-18,False,medium,control,0
4622,Chloe Morales,alvarezsarah@example.net,2024-10-01,False,medium,control,0
4623,Tim Bell,williamsdavid@example.org,2025-07-12,False,high,treatment,0
4624,Johnny Bell,afrank@example.com,2024-12-06,False,low,control,0
4625,Jerome Haney,bgarcia@example.org,2026-03-12,True,low,treatment,1
4626,Jason Robles,gregory72@example.net,2026-02-25,True,medium,control,1
4627,Melissa Clark,tuckerjennifer@example.com,2025-07-04,True,low,treatment,0
4628,Carol Stephenson,thomasmichael@example.org,2026-08-13,False,low,control,0
4629,William Hall,floreskyle@example.com,2025-04-04,True,low,treatment,0
4630,Mr. Anthony Campbell,gzhang@example.org,2026-09-04,False,low,treatment,0
4631,Dan Oliver,gsteele@example.com,2026-02-18,False,medium,treatment,0
4632,Amanda Li,pkent@example.com,2024-10-08,False,medium,control,0
4633,Wanda Perez,erictownsend@example.org,2026-05-06,False,low,control,0
4634,Janet Graham,justin05@example.org,2026-03-08,True,low,treatment,0
4635,Christopher Bonilla,holtrobert@example.net,2025-04-07,True,low,treatment,0
4636,Michael Landry,dmcintyre@example.net,2026-01-16,False,medium,control,0
4637,Steve Allen,mckayshawn@example.org,2024-12-10,False,low,treatment,0
4638,Robert Mathews,vphillips@example.com,2024-12-23,False,low,treatment,1
4639,Bryan Alexander,elizabeth70@example.com,2026-08-22,True,medium,treatment,0
4640,Tracy Johnson,zschmidt@example.com,2025-04-16,True,low,control,0
4641,Connor Hebert,urios@example.net,2025-07-04,False,high,treatment,0
4642,James Edwards,johnsondeborah@example.com,2026-01-16,False,low,treatment,0
4643,Brandon Mcbride,xneal@example.org,2026-06-12,False,medium,treatment,0
4644,Shawn King,jeffery27@example.org,2025-03-31,False,medium,control,0
4645,Renee Cook,caldwellclaudia@example.com,2025-07-23,False,low,control,0
4646,Craig Adams,sandersfelicia@example.org,2025-05-08,False,medium,treatment,0
4647,Regina Reynolds,john22@example.net,2026-04-18,False,medium,control,0
4648,Patricia Williams,bairdaaron@example.com,2025-10-07,False,high,treatment,1
4649,Kevin Ramos,bradley89@example.net,2025-03-19,False,medium,treatment,0
4650,Richard Turner,pachecopatricia@example.net,2024-12-06,False,low,control,0
4651,Lindsay Smith,boydandrew@example.net,2025-10-18,True,low,treatment,0
4652,Shelia Rivera,paynejoseph@example.org,2025-02-22,False,medium,control,0
4653,Allison Mcknight,nealpatricia@example.com,2025-06-19,False,low,control,0
4654,Connie Krueger,lpatrick@example.net,2024-10-14,True,medium,treatment,0
4655,Brian Young,davisjacqueline@example.net,2025-04-26,True,low,treatment,0
4656,Chad Fields,ritabeard@example.com,2026-08-21,True,low,control,0
4657,Patty Thomas,hernandezgina@example.net,2025-05-28,False,low,treatment,0
4658,Cheryl Waters,bryantlindsey@example.net,2025-09-24,False,low,control,0
4659,Sara Richards,carol26@example.org,2026-06-09,False,low,control,0
4660,David Miller,julie56@example.net,2025-06-02,False,medium,control,0
4661,Shelby Blake,ggomez@example.net,2024-11-26,True,high,control,0
4662,William Hanson,turnersara@example.net,2026-01-23,False,low,treatment,1
4663,Matthew Sanders,benjamin62@example.net,2026-02-15,True,high,treatment,0
4664,Erica Bauer,kaylaboone@example.org,2025-08-27,False,low,treatment,0
4665,Devin Luna,gcruz@example.org,2025-07-16,False,medium,control,0
4666,Maureen Carroll,tracy58@example.com,2024-12-12,False,medium,control,0
4667,Melissa Wyatt,barbaracollins@example.org,2025-09-30,False,medium,treatment,0
4668,Mark Schaefer,emmawells@example.net,2025-06-01,False,low,control,0
4669,Katrina Lawrence,hamiltonpatrick@example.com,2025-12-09,False,high,treatment,0
4670,Matthew Harper,stephaniegraham@example.org,2024-12-27,False,low,control,0
4671,David Drake,qpeterson@example.org,2025-10-11,False,medium,treatment,0
4672,Lisa Goodwin,tammy78@example.net,2026-04-09,False,medium,treatment,0
4673,Taylor Logan,patriciasmith@example.com,2025-09-15,True,high,treatment,0
4674,Alyssa Anderson,michael02@example.net,2025-06-26,False,high,treatment,1
4675,Donna Gibson,elizabeth41@example.net,2025-04-11,False,high,control,0
4676,Benjamin Paul,stephaniefitzgerald@example.org,2026-05-14,True,low,treatment,0
4677,Matthew Simmons,ogates@example.org,2026-06-28,False,low,control,0
4678,John Garner,oolson@example.org,2026-03-20,True,medium,treatment,0
4679,Anne Stanley,phillipsandrea@example.net,2025-03-18,False,low,treatment,0
4680,Sarah Thompson,sparksdawn@example.com,2025-08-25,False,medium,control,0
4681,Marc Reed,jacobfitzpatrick@example.com,2024-12-30,False,medium,control,0
4682,Kevin Pugh,dennisanderson@example.com,2025-08-31,False,low,control,0
4683,Joy King,dcraig@example.org,2026-09-14,True,medium,control,0
4684,Kelly Wiley,christopherwalls@example.com,2025-10-06,False,medium,control,0
4685,Andrew Dawson,amandaaguilar@example.com,2026-02-19,False,medium,treatment,0
4686,Kimberly Wagner,gregory04@example.com,2025-05-17,False,low,control,0
4687,Melissa Matthews,miguelshaw@example.net,2025-05-02,True,high,treatment,0
4688,Amy Reyes,feliciathompson@example.com,2025-03-12,True,low,control,0
4689,Amy Ewing,lance16@example.net,2026-01-16,False,low,control,0
4690,Leslie Roberts,hnewman@example.net,2026-04-19,False,low,control,0
4691,Pamela Black,alewis@example.net,2026-07-21,True,low,treatment,0
4692,Sheila Nguyen,kimberly59@example.org,2026-02-13,False,low,treatment,0
4693,Michael Rogers,othompson@example.com,2026-08-20,False,high,control,0
4694,Malik Murray,bfreeman@example.org,2025-07-07,False,low,treatment,0
4695,Thomas Silva,kelly99@example.com,2026-01-26,False,medium,control,0
4696,Michelle Spencer,lisabauer@example.org,2024-10-19,False,high,control,0
4697,Barbara Mccormick,newtongregory@example.com,2026-01-18,True,medium,treatment,0
4698,Jennifer Flores,tracy95@example.org,2025-03-21,False,low,treatment,0
4699,Nicole Williams,ogriffin@example.net,2026-04-13,True,low,treatment,0
4700,Alexis Dixon MD,crystal58@example.net,2025-09-05,False,low,treatment,0
4701,Christopher Thompson,nancy96@example.com,2025-05-30,False,low,control,0
4702,Lisa Cabrera,melissadodson@example.com,2024-12-10,False,low,control,0
4703,John Paul,whitejay@example.com,2025-02-14,True,low,control,0
4704,Erin Blackburn,cbrooks@example.net,2025-09-05,True,medium,control,0
4705,David Bowen,paulwhitaker@example.com,2025-10-10,True,medium,control,1
4706,Mr. Max Smith,qgreene@example.org,2025-08-26,True,medium,treatment,0
4707,Mark Jennings,michellejohnson@example.com,2024-11-18,False,low,control,0
4708,Laura Johnson,wendy66@example.net,2026-03-28,False,low,control,0
4709,Denise Hernandez,stevenskaren@example.org,2025-04-16,False,low,treatment,0
4710,James Mason,kimberlymoss@example.org,2025-01-07,False,medium,treatment,0
4711,Jasmine Zhang,jennifer55@example.net,2025-08-08,False,medium,control,0
4712,Jamie Clark,wellsann@example.org,2026-03-16,False,low,treatment,0
4713,Casey Barker,lisa64@example.net,2025-07-17,False,medium,treatment,0
4714,Teresa White,ndavis@example.net,2025-12-28,True,medium,control,0
4715,Mary Santiago,danielberry@example.org,2026-06-08,False,medium,treatment,0
4716,Felicia Wolfe,jeffrey09@example.com,2024-11-02,False,low,treatment,0
4717,Gabrielle Oneal,brobinson@example.org,2026-01-06,False,low,treatment,0
4718,Charles Frost,howardchris@example.com,2024-10-28,True,low,treatment,0
4719,Sheila Hanna,pittsmary@example.net,2024-12-05,False,low,control,0
4720,Matthew Hubbard,morganwatts@example.com,2026-03-18,True,medium,treatment,0
4721,Lynn Munoz MD,timothyfuller@example.org,2026-03-30,True,low,treatment,0
4722,Lauren Stephens,smurray@example.org,2025-05-19,True,low,treatment,1
4723,Kevin Klein,wellsvalerie@example.net,2025-11-20,False,low,treatment,1
4724,Lisa Guzman,nguyenjane@example.org,2026-08-29,False,medium,treatment,0
4725,Alexandra Sandoval,jaydominguez@example.org,2025-02-19,False,low,treatment,0
4726,Jordan Lee,robert21@example.org,2025-07-31,False,medium,treatment,1
4727,Kimberly Jones,solson@example.org,2026-03-13,True,low,control,0
4728,Kelsey Thompson DDS,bryan95@example.com,2026-03-21,False,low,treatment,0
4729,Melvin Meadows,angela22@example.org,2026-02-05,False,high,treatment,1
4730,Carl Payne,bbarnett@example.org,2024-09-21,False,low,control,0
4731,Patricia Payne,charlenewalker@example.org,2025-06-04,False,low,control,0
4732,Scott Rose,ugarcia@example.org,2025-05-31,False,low,treatment,1
4733,Mariah Evans,robertbeck@example.net,2025-09-16,False,high,control,0
4734,Michael Flores,hcohen@example.org,2024-12-01,False,high,control,0
4735,Vincent Lutz,jessica08@example.net,2024-10-22,False,low,control,0
4736,Emily Singh,karen58@example.org,2026-01-05,False,medium,control,0
4737,Adam Smith,ftucker@example.com,2025-03-21,False,low,control,0
4738,Kevin Griffin,ybennett@example.net,2025-04-21,False,medium,control,0
4739,Dana Robinson,lisa74@example.net,2025-11-10,False,high,control,0
4740,Christina Mendoza,ericgrimes@example.net,2025-07-28,True,low,control,0
4741,Kathryn Jensen,cooperhoward@example.com,2025-04-17,True,low,treatment,0
4742,Margaret Sanchez,brent21@example.net,2025-04-16,False,medium,treatment,0
4743,Mark King,karenjohnson@example.com,2026-06-10,False,medium,treatment,0
4744,Jessica Larson,michael97@example.com,2025-03-08,True,low,control,0
4745,Jamie Armstrong,beverly98@example.org,2025-08-03,True,low,treatment,0
4746,William Hall,ndiaz@example.com,2026-01-01,False,low,control,0
4747,Kelly Drake,rebecca57@example.org,2025-03-14,False,low,control,0
4748,Lisa King,joseph96@example.org,2026-07-20,False,low,control,0
4749,Justin White,eking@example.com,2025-04-07,False,low,control,0
4750,Christopher Thomas,zachary75@example.com,2026-07-08,False,low,treatment,1
4751,Scott Oliver,frivera@example.net,2026-06-15,False,medium,control,0
4752,Valerie Martinez,lisawilliams@example.org,2026-07-20,False,high,control,0
4753,Adam Mitchell,kimnoah@example.net,2025-06-10,False,low,treatment,0
4754,Nicholas Jones,joshuafrost@example.com,2025-07-12,True,medium,control,0
4755,Nancy Harrison,jacobyoung@example.org,2026-04-06,True,low,control,1
4756,Gabrielle Harris,nancyrichardson@example.com,2025-05-04,False,medium,control,1
4757,Lauren Weaver,kbright@example.net,2025-01-30,True,medium,control,0
4758,Linda Hendricks,wcastro@example.net,2025-05-12,False,low,treatment,0
4759,Matthew Arnold,djoyce@example.com,2025-03-16,False,medium,treatment,0
4760,Julie Robinson,mikaylabruce@example.com,2024-10-06,False,low,treatment,0
4761,Mr. Jonathan Cochran DVM,gibbskaren@example.net,2025-12-30,False,medium,treatment,0
4762,Jack Williams,carolinemoore@example.net,2026-07-03,False,medium,control,0
4763,Tricia Yang,smithscott@example.org,2026-02-18,True,low,treatment,0
4764,Brittany Kelly,wblack@example.com,2025-06-26,False,low,treatment,0
4765,Marc Lambert,ronald11@example.com,2025-08-06,False,high,treatment,0
4766,Juan Townsend,zmartin@example.net,2025-05-05,True,high,control,0
4767,Shawn Buchanan,glambert@example.net,2025-09-18,False,medium,treatment,0
4768,Gary Stewart,hannahdrake@example.com,2025-02-07,False,low,control,0
4769,Luke Woods,nboyd@example.com,2024-10-11,False,medium,control,1
4770,Michael Johnson,salinasmelissa@example.com,2025-12-03,True,medium,control,0
4771,Austin Anderson,stewartamy@example.net,2025-08-11,True,low,control,0
4772,Timothy Webb,jeffrey98@example.org,2024-12-07,False,low,treatment,0
4773,Molly Jackson,walkerdale@example.org,2024-09-18,False,low,control,0
4774,Melissa Knight,alyssa06@example.net,2025-03-26,True,low,control,0
4775,Christina Dalton,hendersonfernando@example.net,2025-07-02,False,high,control,0
4776,Jason Villa,wcastillo@example.net,2025-06-04,True,high,control,0
4777,Nancy Molina,kelly05@example.net,2026-03-24,False,medium,treatment,0
4778,Jessica Mccullough,michaelsmith@example.org,2025-01-25,False,medium,treatment,1
4779,Regina Patel,johnsonamber@example.com,2026-04-29,True,medium,control,0
4780,Brittany Cooper,katelyn72@example.org,2025-10-06,False,medium,treatment,0
4781,Todd Smith,christopher07@example.net,2026-08-12,False,low,control,0
4782,Lauren Wilson,qsmith@example.org,2025-07-26,False,medium,treatment,1
4783,Ashley Cooper,crystal61@example.org,2026-01-03,False,low,treatment,1
4784,Donald Alvarado,brandon04@example.com,2025-10-25,False,high,treatment,0
4785,Martin Matthews,conniejohnson@example.net,2025-12-16,False,medium,treatment,0
4786,Matthew Collins,cindy56@example.net,2025-05-29,False,low,control,0
4787,Stephanie Holloway,knappjeffrey@example.net,2025-07-01,True,low,control,0
4788,Jennifer Freeman,kevinnguyen@example.net,2026-07-18,False,low,control,0
4789,Andrew Blair,michaelpatton@example.com,2026-06-15,False,medium,treatment,0
4790,Debbie Lucas,pmorales@example.net,2025-12-05,True,low,control,0
4791,Monica Green,brittanyvaughan@example.net,2024-09-30,True,medium,control,0
4792,Shelley Ramsey,ksimpson@example.com,2024-12-02,True,low,control,0
4793,Kenneth Rodriguez,lwilliams@example.net,2026-08-08,False,medium,control,0
4794,Jonathan Smith,claytara@example.net,2026-07-14,True,low,treatment,0
4795,Steven Hall,noah12@example.net,2024-11-26,False,medium,control,0
4796,James Nguyen,jcruz@example.com,2025-08-04,False,low,control,0
4797,Sean Robinson,martinezrichard@example.net,2025-08-13,False,low,control,0
4798,Sean Buchanan,sarah94@example.com,2025-04-09,True,low,control,0
4799,Anthony Elliott,owilson@example.net,2025-02-25,False,low,treatment,0
4800,Patricia Davis,rjohnson@example.org,2025-06-23,True,low,control,0
4801,Angela Flowers,seth65@example.org,2026-05-30,True,medium,treatment,0
4802,Brian Lopez,justin58@example.net,2025-12-23,True,low,treatment,1
4803,Rebecca Rodgers,jessica54@example.org,2026-01-12,False,medium,treatment,0
4804,Rebecca Wilson,sarahmeyers@example.net,2024-10-19,False,low,control,0
4805,Karina Patterson,morrisonlisa@example.org,2025-08-07,True,medium,control,0
4806,Tara Fitzgerald,rachel76@example.org,2026-02-14,False,low,treatment,0
4807,Mr. Bryan Kim,adam26@example.net,2024-12-16,False,low,control,0
4808,Douglas Nguyen,paul83@example.org,2026-05-07,False,high,treatment,0
4809,Christian Davis,sheila55@example.org,2026-05-25,False,high,control,0
4810,Heather Spears,kendra75@example.org,2025-06-12,False,low,control,1
4811,Kathy Brown,deborah82@example.net,2024-09-26,False,low,treatment,0
4812,Benjamin Myers,kurtschwartz@example.org,2026-01-09,False,medium,treatment,0
4813,Joseph Garcia,edwardharrison@example.com,2025-03-16,False,low,control,0
4814,Jason Cole,bgonzales@example.net,2025-05-20,False,high,control,0
4815,Katie Martinez,kathryn87@example.net,2026-02-15,True,low,treatment,1
4816,Lauren Hernandez,joseph93@example.org,2025-02-11,True,medium,treatment,0
4817,Mark Simpson DVM,qortiz@example.net,2026-05-05,True,medium,control,0
4818,Abigail Mcdaniel,richardhenderson@example.com,2026-01-02,True,low,control,0
4819,Cody Lee,tmartinez@example.net,2026-04-08,False,low,control,0
4820,Karen Carlson,john03@example.net,2026-01-27,False,low,control,0
4821,Curtis Pena,huntdaniel@example.com,2025-04-09,False,medium,control,0
4822,Brooke Henderson,meltonmonica@example.org,2025-09-18,False,low,treatment,0
4823,Nancy Mendez,stephanie11@example.com,2025-04-06,False,medium,treatment,0
4824,Stephanie Elliott,wardjohn@example.org,2026-06-07,False,medium,control,0
4825,Angela Nunez,asmith@example.org,2025-03-08,False,low,treatment,0
4826,Anthony Sanders,robertzhang@example.org,2026-05-01,True,low,control,0
4827,Trevor Arnold,duanemclean@example.com,2024-12-02,True,low,control,0
4828,Wendy Thomas,gnixon@example.org,2025-05-21,False,medium,control,0
4829,Beth Brown,antonio57@example.net,2026-06-29,False,low,treatment,0
4830,Matthew Foster DDS,johnsonyolanda@example.com,2025-12-30,False,medium,treatment,0
4831,Tyler Schmidt,dcantu@example.net,2025-02-20,False,low,control,0
4832,Pamela Hawkins,danielwilliams@example.org,2025-08-27,True,low,control,0
4833,Joseph Beltran,mcleankaren@example.net,2024-09-30,False,medium,treatment,0
4834,Lindsey Finley,gentrymatthew@example.net,2026-01-16,True,low,control,0
4835,Robert Olson,traciwalls@example.com,2025-04-13,False,medium,control,0
4836,Stephanie Cole,bryanjackson@example.org,2025-10-11,False,medium,treatment,0
4837,Teresa Hernandez,geraldandrews@example.net,2026-01-26,False,low,treatment,0
4838,Erin Johnson,brittany38@example.net,2026-08-12,False,medium,control,0
4839,Katherine Ware,jimmy18@example.net,2025-07-07,False,low,treatment,0
4840,Kyle Gibson,brownlisa@example.net,2025-01-21,False,low,treatment,0
4841,Dr. Claire Jenkins,timothybell@example.net,2026-01-04,False,low,control,1
4842,Diana Hull,amberward@example.org,2026-06-18,False,medium,control,1
4843,Mr. Andre Carpenter DDS,wallaceduane@example.net,2026-06-21,False,low,treatment,0
4844,Pamela Esparza,campbelljason@example.org,2026-04-29,True,low,control,0
4845,Jason Fisher,wilsonchristopher@example.com,2024-10-09,False,medium,treatment,0
4846,Megan Zhang,marksmith@example.com,2025-01-16,False,low,control,0
4847,Wesley Brown,chrishughes@example.com,2024-12-21,False,medium,treatment,0
4848,Ryan Perez,graykelly@example.net,2026-08-14,False,medium,treatment,0
4849,Adam Alvarez,ymartinez@example.net,2025-04-20,True,medium,control,0
4850,Oscar Williams,munozdana@example.com,2024-10-08,False,medium,control,0
4851,Steven Smith,robert73@example.net,2025-06-05,False,low,treatment,0
4852,Yolanda Diaz,christopher63@example.com,2025-01-28,False,medium,control,0
4853,Matthew Johnson,lindakaufman@example.com,2025-09-02,False,low,control,0
4854,James Nguyen,ssmith@example.net,2025-01-17,True,low,control,0
4855,Stephen Alexander,christopher49@example.org,2025-06-12,False,medium,control,0
4856,George Hernandez,nshields@example.net,2026-05-29,True,high,treatment,1
4857,Ricky Mack Jr.,stewartsteven@example.net,2025-12-17,True,low,control,0
4858,Tammy Larson,moralesjessica@example.org,2024-11-28,False,low,control,0
4859,Emily Krueger,jonesfrancisco@example.com,2024-12-10,True,low,control,0
4860,Robert Collins,olivia67@example.org,2024-11-10,True,medium,control,0
4861,Christina Jones,thuang@example.com,2024-11-23,False,low,treatment,0
4862,April Ortiz,kyle50@example.net,2025-06-01,False,medium,treatment,1
4863,Abigail King,bankslaura@example.com,2025-07-08,True,high,control,0
4864,Julia Hughes,debrajohnson@example.org,2026-01-21,False,low,treatment,0
4865,Joseph Vincent,gibsonanthony@example.org,2026-08-23,True,low,control,0
4866,James Friedman,bgreen@example.org,2025-11-07,True,medium,treatment,0
4867,Sarah Spears,kelly26@example.net,2024-10-28,False,medium,control,0
4868,Jessica Wilkins,melissajones@example.com,2026-06-15,False,medium,treatment,0
4869,Philip Thompson,huffjon@example.com,2025-05-06,False,low,treatment,0
4870,James Kim,renee82@example.org,2025-03-03,False,medium,treatment,0
4871,Maria Kline,david11@example.com,2026-07-21,True,low,control,0
4872,Anthony Stone,corey59@example.org,2025-03-10,False,medium,treatment,0
4873,Jenny Flores,brucetyler@example.com,2025-03-23,True,medium,control,0
4874,Timothy Garcia,rgoodwin@example.net,2026-04-19,False,low,treatment,0
4875,Andrew Morris,dale37@example.net,2024-12-02,True,high,control,0
4876,Michael Davidson,cynthiasherman@example.org,2026-08-09,False,low,treatment,0
4877,Sarah Williams,knichols@example.net,2026-03-18,False,medium,control,0
4878,James Rodriguez,traceyhill@example.net,2026-01-22,True,low,treatment,0
4879,Tracy Fowler,ftorres@example.org,2025-03-10,True,high,control,0
4880,Jacqueline Pena,wwright@example.net,2025-09-01,True,medium,treatment,0
4881,Jeffery Ingram,marycox@example.org,2024-11-11,False,low,control,0
4882,Michaela Robles,brandon09@example.org,2025-08-29,False,high,treatment,0
4883,Paul Holmes,shawkins@example.com,2025-04-01,False,low,treatment,0
4884,Manuel Jackson,murphykristin@example.com,2024-10-10,False,medium,control,0
4885,Thomas Hernandez,schmidtsergio@example.org,2025-06-29,False,low,treatment,0
4886,Jennifer Harris,keithsimmons@example.net,2024-11-25,False,low,treatment,1
4887,Shannon Johnson,fthompson@example.net,2026-01-02,True,low,control,0
4888,Allison Rowland,longlauren@example.org,2026-03-28,False,low,treatment,0
4889,Michael Wilson,carrie82@example.org,2025-02-17,False,high,control,0
4890,Cathy Price,ataylor@example.net,2026-02-16,False,medium,control,0
4891,Samuel Hahn,lmartinez@example.net,2025-08-19,False,low,treatment,0
4892,Vincent Davis,kylie77@example.org,2024-12-31,False,high,control,0
4893,John Lyons,hector14@example.net,2025-01-05,False,medium,control,0
4894,Cathy Gonzales,peggygreen@example.com,2026-01-04,True,low,control,0
4895,Luke Jensen,matthewmadden@example.net,2025-05-15,False,low,treatment,0
4896,Mary Bradford,jeremy09@example.com,2025-06-06,True,medium,control,0
4897,Melinda Vasquez,randallpowers@example.org,2025-09-09,True,low,treatment,0
4898,Gregory Hernandez,hendersonerin@example.org,2024-12-19,False,medium,control,0
4899,David Garcia,allenjared@example.org,2024-10-08,False,medium,treatment,0
4900,Jake Hubbard,thompsonjorge@example.net,2025-04-08,False,high,control,0
4901,Paula Roberts,jacksondonald@example.net,2024-12-18,False,low,control,1
4902,Christopher Johnson,hfloyd@example.com,2026-06-27,True,medium,control,0
4903,Karen Pugh,jamie13@example.com,2024-09-25,False,medium,treatment,0
4904,Heather Humphrey,timothyjackson@example.org,2026-08-12,False,medium,treatment,0
4905,Robert Yang,donaldbanks@example.net,2024-09-21,False,medium,control,0
4906,Linda Griffin MD,charlescole@example.net,2025-04-25,True,medium,treatment,0
4907,Kimberly Buchanan,ambergonzalez@example.net,2025-04-08,True,medium,treatment,0
4908,Stacy Brock,davislaura@example.com,2024-10-31,False,medium,control,0
4909,Derek Jackson,lawrence07@example.com,2026-06-23,False,low,treatment,0
4910,Frank Hall,marc88@example.org,2026-06-03,False,low,treatment,0
4911,Kristen Garcia,maxwellanthony@example.net,2026-05-02,False,medium,treatment,0
4912,Nichole Holmes,brian28@example.com,2025-09-11,False,low,treatment,0
4913,Kristen Martin,zachary53@example.com,2024-11-07,False,medium,control,0
4914,Randy Garcia,javierjohnson@example.org,2025-06-22,False,medium,control,0
4915,Steven Brown,olewis@example.org,2024-11-29,False,medium,treatment,0
4916,Andrea Jordan,duarteveronica@example.net,2025-05-17,False,high,control,0
4917,Allison Sanchez,jessicarandall@example.com,2026-01-30,True,high,treatment,1
4918,Johnny Jones,nsmith@example.com,2025-11-09,True,low,control,0
4919,Alyssa Davis,natashakemp@example.com,2026-09-07,False,low,treatment,1
4920,Carl Woods,myersmaria@example.com,2026-08-29,False,medium,control,0
4921,Edwin Hansen,xsanchez@example.com,2024-10-31,False,high,control,0
4922,Gary Taylor,rogerspatricia@example.com,2026-04-29,True,medium,treatment,0
4923,Lori Wilson,olsenvalerie@example.net,2026-03-03,True,low,treatment,0
4924,Karen Hess,boonelee@example.net,2025-05-09,False,low,control,0
4925,Kimberly Carroll,zryan@example.net,2025-03-28,False,medium,control,0
4926,Gabriel Padilla,hollowayseth@example.com,2026-09-15,False,high,control,0
4927,Ernest Brown,rebecca55@example.com,2025-09-06,True,medium,treatment,0
4928,Mrs. Rachel Williams,zbrewer@example.com,2025-11-30,False,low,control,0
4929,Dana Middleton,jonesnicole@example.net,2024-11-13,True,medium,treatment,0
4930,Hannah Soto,hughestimothy@example.net,2024-11-08,False,low,control,0
4931,Richard Ashley,kyle40@example.org,2024-09-26,False,medium,control,0
4932,Amanda Carter,wscott@example.com,2025-12-16,False,medium,control,0
4933,Ricky Phillips,xbell@example.com,2024-09-30,False,low,treatment,0
4934,Kristen Jacobs DVM,ucoleman@example.com,2025-07-22,False,low,control,0
4935,Corey Williams,vmorrison@example.org,2024-11-21,False,low,control,0
4936,Carolyn Stafford,rgomez@example.net,2025-06-16,True,medium,treatment,0
4937,Autumn Knight,parkerdaniel@example.org,2025-08-04,True,low,treatment,0
4938,Sarah Parsons,charles64@example.com,2026-08-12,False,low,treatment,0
4939,Dr. Nathan Hughes,loriwhitaker@example.org,2025-12-18,True,low,control,1
4940,Stephanie Frank,jackiemartinez@example.com,2025-07-07,False,medium,treatment,0
4941,Jack Richmond,gutierrezjonathan@example.com,2025-04-08,False,medium,control,0
4942,Diane Juarez,johnparker@example.net,2025-10-18,False,high,control,0
4943,Steven Jones,chaselaura@example.com,2025-12-23,True,medium,treatment,0
4944,Patrick Becker,mmahoney@example.net,2025-01-09,False,medium,treatment,0
4945,Nicole Nguyen,robbinsjoseph@example.com,2026-08-28,True,low,control,0
4946,Laura Torres,andrewskyle@example.com,2026-05-31,False,low,control,1
4947,Dawn Sullivan,dawnroberts@example.net,2026-05-26,False,medium,treatment,0
4948,Kristin Schneider,ewalton@example.com,2026-01-16,False,low,control,0
4949,Karen Lang,cschaefer@example.net,2024-10-20,False,medium,treatment,0
4950,Scott Bell,wyattshawn@example.com,2024-12-18,False,low,control,0
4951,Jill Alexander,sreynolds@example.com,2026-03-21,True,low,control,0
4952,Angela Martinez,patriciamartin@example.com,2024-12-18,True,medium,control,0
4953,Mariah Clark,lgraham@example.com,2026-05-28,False,low,treatment,0
4954,Kiara Kelly,hflores@example.org,2025-12-20,False,low,control,0
4955,Jessica Hartman,qwashington@example.com,2026-06-04,True,low,control,0
4956,Karen Olson,nelsonmichael@example.com,2026-05-28,False,high,control,0
4957,Timothy Taylor,wendy01@example.com,2025-06-13,True,medium,treatment,0
4958,Luke Johnson,stephen52@example.com,2025-06-28,False,high,treatment,0
4959,Katherine Dodson,sarah84@example.com,2025-05-21,True,low,treatment,0
4960,Michael Kennedy,vclark@example.net,2025-04-03,True,low,control,0
4961,Michael Mcgrath,keyrachel@example.org,2026-04-10,True,high,control,0
4962,Caitlyn Mcfarland,oanderson@example.net,2026-02-07,False,medium,treatment,0
4963,James Murphy,tbrown@example.net,2025-11-15,False,low,treatment,0
4964,Todd Moore,bmontoya@example.org,2025-07-13,False,high,control,0
4965,Leonard Johnson,kimberlygraham@example.com,2025-03-29,False,high,control,0
4966,Tanner Greene,james50@example.org,2026-08-20,False,low,treatment,0
4967,Jennifer Garcia,jeffrey77@example.net,2025-10-06,True,low,treatment,0
4968,John Fisher,anne19@example.org,2025-06-28,False,low,control,0
4969,Jessica Cook,vlang@example.net,2025-01-23,False,medium,treatment,0
4970,James Jones,haustin@example.org,2025-09-03,False,medium,control,0
4971,Christine Mendoza,smithbryan@example.org,2026-03-22,False,low,treatment,0
4972,Samantha Riley,jasontownsend@example.com,2025-03-05,True,medium,control,0
4973,Jessica Dalton,katherineramirez@example.com,2024-11-27,True,low,treatment,0
4974,Michael Chambers,rebecca91@example.org,2026-01-01,False,low,treatment,0
4975,Ryan Fisher,benjamin11@example.net,2025-01-08,False,low,treatment,1
4976,Kyle Davis,lmelendez@example.com,2024-11-26,False,medium,control,0
4977,Charles Pacheco,annabullock@example.org,2026-09-12,False,low,control,0
4978,Janice Reynolds,qlucas@example.org,2025-02-22,True,low,control,0
4979,Donna Lopez,jenniferhoward@example.net,2026-03-16,False,medium,control,0
4980,Stacie Moreno MD,thomasmendoza@example.com,2025-12-19,False,low,control,0
4981,Erika Moss,velasquezjessica@example.com,2025-08-30,False,medium,control,0
4982,Ricky Cowan,lisamorales@example.com,2024-10-21,False,medium,treatment,0
4983,Heather Moore,jwilliamson@example.com,2026-06-09,False,medium,control,0
4984,Elizabeth Schroeder,hannahthomas@example.net,2026-02-24,False,low,control,0
4985,Katherine Dyer,michelle12@example.net,2026-08-25,False,low,control,0
4986,Jonathan Castillo,ykramer@example.net,2024-11-17,True,high,treatment,0
4987,Jeremy Bush,candicecline@example.com,2025-05-04,False,low,treatment,0
4988,Diane Manning,qrobinson@example.net,2024-10-23,False,low,treatment,0
4989,Alejandro Jones,stevenscurtis@example.org,2024-12-24,False,medium,treatment,1
4990,Diana Buchanan,stephenmcneil@example.org,2025-07-22,False,medium,treatment,0
4991,Thomas Carter,wwalker@example.com,2024-10-08,False,medium,treatment,0
4992,Jacqueline Orr,johnsondaniel@example.com,2025-09-25,False,high,control,0
4993,Jeremy Perez,hessthomas@example.net,2024-10-20,False,medium,treatment,0
4994,Ana Beck,mhill@example.org,2026-07-10,False,low,treatment,0
4995,Jason Johnson,aduarte@example.org,2026-08-07,True,medium,control,0
4996,Melody Cuevas,nlewis@example.org,2026-05-19,False,low,treatment,0
4997,Mr. Andrew Skinner,davisnicole@example.com,2025-11-04,False,medium,treatment,0
4998,Billy Lindsey,samanthamoore@example.net,2026-01-25,True,high,control,0
4999,William Perry,alexandriacook@example.net,2025-11-24,False,high,treatment,0
5000,Amy Sexton,melissa43@example.com,2025-10-18,False,low,treatment,0
5001,Donald Ruiz,greerjennifer@example.org,2026-09-13,False,low,control,0
5002,Eric Williams,julie11@example.net,2026-08-07,True,medium,treatment,0
5003,Susan Hayden,jbrown@example.com,2025-07-10,False,high,treatment,0
5004,Rebecca Park,laura77@example.net,2025-08-02,True,medium,treatment,1
5005,Garrett Durham,nicholas57@example.com,2024-09-23,False,medium,control,0
5006,Christopher Morales,katherine69@example.com,2026-01-14,False,medium,control,0
5007,Jennifer Rodriguez,qmorgan@example.org,2026-03-11,False,low,treatment,0
5008,Richard Rodriguez,evansangela@example.org,2025-06-23,False,low,control,0
5009,Justin Valentine,vlambert@example.com,2026-07-14,True,low,control,0
5010,Christopher Vasquez,ujefferson@example.org,2025-03-27,True,low,control,0
5011,Anna Evans,julie94@example.org,2026-03-18,True,low,control,0
5012,Mark Moreno Jr.,melanie15@example.org,2025-03-02,False,low,control,0
5013,Mary Krause,robertking@example.net,2026-08-10,False,low,control,1
5014,Edward Scott,qswanson@example.net,2024-12-11,False,high,treatment,1
5015,Terry Smith,fkeller@example.com,2026-01-07,False,medium,treatment,0
5016,Joseph Winters,ronaldray@example.org,2026-01-21,True,high,treatment,0
5017,Paul Buchanan,gjenkins@example.net,2024-10-21,False,high,control,0
5018,Sean Logan,benjamin76@example.org,2024-11-14,False,low,control,1
5019,Joyce Todd,pageamanda@example.org,2024-09-20,False,low,treatment,0
5020,John Wright,terri57@example.com,2024-12-01,False,low,control,0
5021,Tammy Olson,hamiltontony@example.net,2024-11-23,False,low,treatment,0
5022,Rebecca Thompson,kevinlin@example.com,2025-02-14,True,medium,treatment,0
5023,Leslie Hernandez,eric25@example.net,2025-09-06,False,medium,treatment,0
5024,Jay Poole,kristen08@example.net,2025-11-12,True,low,treatment,0
5025,Randy Reed,lindsey76@example.net,2026-03-07,False,high,control,0
5026,Shannon Johnson,emilymartin@example.com,2026-04-23,False,low,treatment,0
5027,Daniel Davis,heathamber@example.org,2025-06-05,False,low,control,0
5028,Amanda Jones,kgolden@example.net,2024-10-21,False,low,control,0
5029,Michelle Ellis,rachelho@example.net,2025-06-01,False,medium,control,0
5030,Ashley Martinez,wnolan@example.org,2025-08-01,False,low,treatment,0
5031,William Sullivan,amber63@example.com,2026-06-04,True,low,treatment,0
5032,Richard Sanchez,mpalmer@example.org,2026-05-01,False,low,control,0
5033,Cassandra Marks,brandon80@example.com,2025-12-10,True,medium,treatment,1
5034,Jeffrey Owen,pweiss@example.net,2025-09-16,False,medium,control,0
5035,Ryan Melendez,patricia00@example.net,2024-09-20,False,high,treatment,0
5036,Joshua Robertson,melissafischer@example.net,2025-03-05,False,medium,control,0
5037,Aaron Jordan,jacquelineedwards@example.net,2026-02-21,False,low,control,1
5038,Joseph Horton,yclay@example.com,2025-11-04,False,low,treatment,0
5039,Danielle Watson,mitchelltaylor@example.net,2026-09-01,True,low,control,0
5040,Theresa Adkins,brianharrison@example.org,2025-09-09,True,high,control,0
5041,Allison Allison,hbaker@example.org,2024-09-20,False,medium,control,0
5042,Amber Morse,princedavid@example.net,2025-10-20,False,low,control,0
5043,Suzanne Murphy,iclark@example.net,2026-04-06,True,medium,treatment,0
5044,Catherine Parker,kmoore@example.net,2025-05-12,False,low,control,0
5045,Christopher Edwards,alexandersteele@example.net,2025-06-07,False,low,treatment,0
5046,Jacob Brown,markking@example.org,2024-11-23,True,low,treatment,0
5047,Jordan Chambers,alexander51@example.org,2026-09-05,False,medium,treatment,0
5048,Melissa Wiley,christopher05@example.net,2024-11-23,False,low,control,0
5049,Cameron Faulkner,vasquezcrystal@example.org,2026-09-01,False,medium,control,0
5050,Jacqueline Rivera,javieringram@example.com,2025-07-11,True,low,treatment,0
5051,Rachel Reyes,shane87@example.net,2025-02-12,False,medium,treatment,0
5052,Brittany Wood,carriebennett@example.org,2025-06-12,False,low,treatment,0
5053,Robert Gonzales,kevinhess@example.org,2025-02-12,False,low,control,0
5054,Ryan Gilbert,deannanichols@example.org,2025-11-05,True,medium,control,0
5055,Jean Mitchell,ryanclark@example.com,2025-05-30,False,low,treatment,0
5056,Angela Torres,heather94@example.com,2026-08-14,True,low,control,0
5057,Autumn Johnson,victoria46@example.net,2025-03-06,False,low,treatment,0
5058,Veronica Ferguson,xrich@example.org,2025-03-11,True,low,control,0
5059,Amber Gonzalez,eric33@example.org,2026-02-04,True,medium,control,0
5060,Olivia Garcia,jsmith@example.com,2024-10-06,True,medium,control,0
5061,Mary Simpson,adam43@example.net,2026-07-19,True,low,treatment,0
5062,Jessica Turner,caindenise@example.com,2024-10-18,False,medium,control,0
5063,Ernest Gross,mfarley@example.com,2025-09-20,True,medium,control,0
5064,Wesley Washington,cameronkim@example.org,2025-02-11,False,medium,treatment,0
5065,Amanda Stevens,franklinvictoria@example.net,2025-01-19,False,medium,treatment,0
5066,Anthony Mcdaniel,cory62@example.org,2024-09-19,False,low,treatment,0
5067,Lori Flynn,zfranco@example.com,2025-10-07,False,low,treatment,0
5068,Mrs. Mariah Jones,kstephens@example.com,2024-09-25,True,low,control,0
5069,Stephen Ross,hutchinsonerik@example.net,2024-10-21,True,medium,control,0
5070,Carla Jackson,nicholas80@example.com,2025-10-21,False,medium,control,1
5071,Jerry Anderson,craig99@example.com,2026-09-13,True,low,control,0
5072,Daniel Williams,schmidtjoseph@example.net,2024-09-20,False,low,control,0
5073,Sarah Dyer,jonathan87@example.net,2025-11-10,False,medium,control,0
5074,Rebecca Nelson,jamesbutler@example.com,2025-10-16,False,medium,treatment,0
5075,Judith Fitzgerald,paulwhite@example.org,2024-11-07,False,low,treatment,0
5076,Melissa Henderson MD,uevans@example.net,2025-12-03,False,low,control,1
5077,Madison Torres,schmidtjenny@example.org,2026-05-25,True,low,control,0
5078,Joseph Nielsen,janice37@example.org,2024-12-18,False,low,control,0
5079,Shelly Rose,mitchellpaula@example.com,2026-04-14,True,low,treatment,0
5080,Joshua Fields,crystalgonzales@example.net,2024-11-12,False,medium,control,0
5081,Valerie Wilson,ybarnett@example.org,2025-04-02,False,medium,treatment,0
5082,Desiree Sharp,jamesrodriguez@example.net,2025-01-11,False,low,treatment,1
5083,Robert Bell,iortiz@example.org,2025-10-07,False,low,control,0
5084,Tammy Alexander,jennifer64@example.org,2026-03-29,False,low,control,0
5085,Jerry Sullivan,mtaylor@example.net,2026-02-09,False,low,treatment,1
5086,Emily Simmons,lesliecooper@example.com,2025-01-04,False,low,treatment,0
5087,Richard Morales,chelseaarmstrong@example.org,2026-09-13,False,low,treatment,0
5088,William Fisher,bradley01@example.com,2026-09-10,True,low,treatment,0
5089,Darren Martin,angelalambert@example.net,2025-02-23,False,low,treatment,0
5090,Chad Harris,wtaylor@example.net,2026-06-23,False,medium,control,0
5091,Jonathan Fisher,fbarry@example.org,2025-03-01,False,low,treatment,1
5092,Jonathan May,hansenlarry@example.com,2026-01-06,False,low,treatment,1
5093,Eric Ingram,robertcastillo@example.net,2025-06-11,False,low,treatment,0
5094,Amanda Blair,lynngutierrez@example.com,2026-06-04,False,high,treatment,0
5095,Amanda Lloyd,mitchellkrista@example.net,2026-07-12,True,low,treatment,1
5096,Anthony Rodriguez,qkelly@example.net,2026-06-17,False,low,treatment,0
5097,Tommy Walls,benjamindavis@example.net,2026-06-14,True,high,treatment,0
5098,Bianca Moss,wacosta@example.net,2026-02-04,True,high,control,0
5099,April Lucas,lorianderson@example.net,2026-01-23,False,medium,treatment,0
5100,Taylor Ellis,brianayala@example.org,2025-01-10,True,low,treatment,0
5101,James Nicholson,ghudson@example.org,2026-03-18,False,low,treatment,0
5102,Joseph Contreras,linlisa@example.org,2025-02-19,False,low,control,0
5103,April Thomas,sampsonrichard@example.org,2025-01-02,True,low,control,0
5104,Jason Mccormick,kylejohnston@example.com,2026-03-28,False,low,treatment,0
5105,Charles Jordan,bruce53@example.com,2025-09-16,True,medium,treatment,0
5106,Samuel Miller DVM,moorenathaniel@example.net,2026-06-20,False,low,control,0
5107,Ryan Leach,mcooper@example.net,2026-07-07,True,medium,control,0
5108,Eugene Frederick Jr.,jennifer55@example.org,2026-08-21,False,medium,control,0
5109,Nancy Pittman,kathrynwilliams@example.org,2025-07-05,False,low,control,0
5110,Monica Smith,courtneydavies@example.net,2026-08-19,False,low,treatment,0
5111,Douglas Schneider,jeremy29@example.net,2025-04-30,False,medium,treatment,0
5112,Kelly Fry,usteele@example.com,2026-06-20,False,low,control,1
5113,Zachary Villanueva,oanderson@example.net,2026-03-29,True,medium,control,0
5114,Susan Castillo,dorisphillips@example.net,2026-04-21,False,medium,control,0
5115,Mark Sparks,johnsoncandace@example.com,2025-10-30,True,low,control,0
5116,Christopher Romero,cameronfields@example.org,2024-12-14,False,low,treatment,0
5117,Jessica Hunter,dmontes@example.org,2025-04-12,False,low,control,0
5118,April Day,kelliott@example.org,2025-06-08,False,medium,control,0
5119,Kendra Green,erika56@example.com,2026-08-20,False,low,treatment,0
5120,Wendy Walker,samanthahill@example.net,2026-06-14,False,low,treatment,0
5121,Kayla Smith,charlesgross@example.net,2025-05-15,False,low,control,0
5122,Cynthia Fitzpatrick,melody90@example.net,2025-08-28,False,low,control,0
5123,Monica Martinez DDS,walshlaura@example.org,2025-07-01,True,high,control,0
5124,Anna Keller,floresjose@example.com,2026-08-30,True,medium,control,0
5125,Claudia Marshall,dwilliams@example.com,2026-06-04,False,low,treatment,0
5126,Marc Arroyo,littlesarah@example.com,2026-01-18,False,low,control,0
5127,Jared Huynh,davidcook@example.org,2024-09-19,True,low,control,0
5128,Lisa Williams,gwilliams@example.net,2026-09-17,False,low,treatment,0
5129,Margaret Alexander,vsimpson@example.org,2026-02-10,False,medium,control,0
5130,Lisa Howell,paultrujillo@example.net,2025-04-24,False,low,treatment,0
5131,Brian Shelton,tinarocha@example.com,2026-08-29,False,medium,treatment,0
5132,Brittany Martin,juliasmith@example.com,2026-04-27,False,high,treatment,0
5133,Ethan Cummings,gabriel47@example.net,2026-05-17,False,low,control,0
5134,Tina Ward MD,jamesharris@example.net,2025-08-09,False,low,treatment,0
5135,Crystal Mcguire,danielleroth@example.com,2026-07-04,False,low,control,0
5136,Lisa Henderson,villarrealnoah@example.net,2024-10-23,False,low,control,0
5137,Alex Smith,jacksonallison@example.com,2026-01-14,False,low,treatment,0
5138,Heather Velasquez,abrown@example.com,2024-12-14,False,low,control,0
5139,Gabriel Hunt,baxterkristen@example.org,2024-11-25,False,medium,control,0
5140,Erin Lewis,ydavenport@example.net,2025-02-16,False,low,treatment,1
5141,Julie Johnston,jennaschaefer@example.com,2025-04-14,False,low,treatment,0
5142,Janice Lopez,rbartlett@example.net,2025-08-30,False,medium,treatment,0
5143,Billy Macias,elizabethmalone@example.org,2025-10-16,True,low,control,0
5144,Matthew Wallace,umorrison@example.org,2025-05-01,False,low,control,0
5145,Danielle Franklin,wheeleranne@example.net,2025-04-02,False,low,treatment,0
5146,Laura Stanton,qthompson@example.net,2025-02-12,False,low,control,0
5147,Vincent Gould,katiegriffin@example.net,2024-11-10,False,medium,control,0
5148,Scott Perez,arice@example.net,2025-08-08,False,high,treatment,0
5149,Brian Weaver,christopher10@example.org,2024-11-21,False,low,treatment,0
5150,Jodi Osborn,gkelly@example.com,2025-04-08,True,medium,treatment,0
5151,Jennifer Bean,harveylinda@example.net,2025-08-18,False,medium,control,0
5152,Adam Davis,brian43@example.com,2026-09-14,True,high,control,0
5153,April Lopez,matthew64@example.com,2025-06-14,True,medium,control,0
5154,Sarah Monroe,dcox@example.org,2026-03-01,False,low,treatment,0
5155,Karen Mccann,duranmatthew@example.com,2025-10-01,False,low,treatment,0
5156,Rebecca Pham,johnbrown@example.com,2026-06-30,False,low,treatment,0
5157,Michael Wilson,afields@example.org,2026-05-22,False,low,treatment,0
5158,Felicia Atkinson,yrobinson@example.org,2025-05-10,False,medium,treatment,0
5159,Shelly Martin,tapiajenna@example.org,2025-12-25,False,low,treatment,0
5160,Brittany Harris,drodriguez@example.com,2024-12-07,False,low,control,0
5161,Jessica Martinez,robinsonmelanie@example.com,2024-10-29,False,low,treatment,0
5162,Debra Wilson,bramos@example.net,2025-02-12,False,low,treatment,0
5163,Veronica Gutierrez,bradleychristy@example.net,2024-10-22,True,low,control,1
5164,Luis Wilcox,edwardroy@example.net,2025-02-24,False,low,treatment,0
5165,Nicole Weaver,jennifer79@example.net,2025-09-23,False,high,treatment,0
5166,Dawn Robinson,christy86@example.net,2026-01-31,False,medium,treatment,1
5167,Jillian King DDS,alexandermaxwell@example.org,2025-11-07,True,medium,control,0
5168,Steven Scott,brittany50@example.org,2026-05-03,True,medium,control,0
5169,Philip Pugh,jchavez@example.net,2026-01-10,True,low,treatment,0
5170,Garrett Griffin,hillamanda@example.net,2025-01-28,False,high,treatment,1
5171,Ronnie Parker,davidsonshannon@example.com,2026-04-19,True,medium,control,0
5172,Donald Bowman,donnabrooks@example.net,2025-07-12,True,medium,treatment,0
5173,William Miller,davidvaldez@example.net,2024-11-01,False,low,control,0
5174,Nicholas Fletcher,zroman@example.org,2024-10-06,False,high,control,0
5175,Linda Torres,juan40@example.com,2026-01-28,False,low,control,0
5176,Erin Jacobs,christinavelez@example.com,2025-10-31,False,medium,treatment,0
5177,Zoe Warner,deangina@example.com,2026-04-17,True,medium,treatment,0
5178,Amy Hanson,dbernard@example.net,2025-07-23,False,low,treatment,0
5179,Angel Ali,kyle16@example.net,2025-07-25,False,low,treatment,0
5180,Anne Woods,mcohen@example.com,2025-01-14,True,medium,treatment,0
5181,Stephen Harrison,petersonapril@example.com,2025-10-27,False,high,control,0
5182,Michael Scott,rwashington@example.net,2026-08-30,False,high,control,0
5183,John Mitchell,johnsonbrian@example.org,2025-06-11,True,low,treatment,0
5184,Kelly Gutierrez,jbailey@example.net,2025-08-01,False,low,treatment,0
5185,Melissa Bishop,pbarnes@example.org,2025-12-06,False,medium,control,0
5186,Sarah Shields,howardcox@example.net,2025-11-09,False,high,control,1
5187,Chad Callahan,qhall@example.net,2026-05-20,False,low,treatment,0
5188,Mrs. Nicole Terry,ubrown@example.net,2025-04-28,False,low,control,0
5189,Jenny Jackson,judith43@example.net,2025-04-08,True,medium,control,0
5190,Catherine Allen,wilsonlawrence@example.com,2025-08-31,False,medium,treatment,0
5191,Peggy Chambers,molly13@example.net,2025-10-20,False,medium,treatment,0
5192,Vickie Shaffer,ericmcconnell@example.com,2025-06-08,True,high,treatment,0
5193,Cindy Simpson,fordphyllis@example.com,2025-01-04,False,low,treatment,0
5194,Mrs. Diana King,codyharris@example.com,2026-04-23,True,high,control,0
5195,Mr. Jeffrey Hahn,andreahenry@example.org,2025-06-17,False,high,control,0
5196,Michael Gates,kelsey80@example.com,2026-04-11,False,medium,treatment,0
5197,Steven Williams,aprillopez@example.net,2025-05-28,False,medium,treatment,0
5198,Christopher Lopez,bjohnson@example.org,2025-12-21,True,medium,control,0
5199,Jonathon Ford,oscarmills@example.com,2025-06-01,False,medium,treatment,0
5200,Michael Barnes,sharonbeck@example.com,2026-09-13,False,low,treatment,0
5201,Alejandro Miller,melissafields@example.com,2026-03-17,True,low,control,1
5202,Cindy Turner MD,sharon77@example.com,2026-03-24,True,low,treatment,0
5203,Kimberly Horton,flewis@example.org,2025-03-08,False,low,control,0
5204,Kevin Medina,warrenmichelle@example.net,2026-08-27,True,medium,control,0
5205,Jonathan Ryan,yatesjanet@example.net,2026-04-12,False,low,treatment,1
5206,Matthew Carr,shawn53@example.net,2025-09-07,False,medium,control,0
5207,Debra Roberts,mooremark@example.com,2025-01-08,True,low,control,0
5208,Adam Oconnell,kristeningram@example.com,2026-01-24,False,medium,treatment,1
5209,Bonnie Knight,hmartinez@example.org,2025-08-10,False,low,treatment,0
5210,Sonya Bennett,zhudson@example.net,2025-02-11,False,medium,treatment,0
5211,Gina Johnson,hbarrett@example.org,2025-10-01,True,low,control,1
5212,Charles James,ssmith@example.org,2025-09-06,False,low,treatment,1
5213,Jon Lindsey,sanchezdebra@example.net,2024-09-26,False,medium,control,0
5214,Gary Ashley,udurham@example.net,2024-10-12,False,medium,control,0
5215,Lisa Jones,luispayne@example.net,2025-12-10,True,medium,control,0
5216,Samantha Byrd,hfarmer@example.org,2024-11-23,True,low,treatment,0
5217,Julia Campbell,robinharris@example.com,2024-10-05,False,low,treatment,0
5218,Jennifer Johnson,tina84@example.com,2026-04-11,False,low,treatment,0
5219,Robert Freeman,pittmanglenn@example.net,2026-02-18,True,medium,treatment,0
5220,Sarah Lewis DDS,kimberlyjones@example.net,2024-11-11,False,low,treatment,0
5221,Amy Torres,holly09@example.com,2025-11-07,False,medium,treatment,0
5222,Tyler Bennett DDS,gregory81@example.net,2026-03-26,False,high,control,0
5223,Robert Charles,kramirez@example.net,2024-11-22,True,medium,control,0
5224,Stephanie Garcia,tamarakelly@example.net,2025-08-05,False,medium,control,0
5225,Daniel Anderson,danieljones@example.net,2024-12-08,False,high,treatment,0
5226,Alice Thompson,mistysnyder@example.com,2025-10-06,False,high,treatment,0
5227,Shelley Patel,andrewrobinson@example.com,2024-12-11,False,high,control,0
5228,Sean Jackson,kdavis@example.org,2024-09-24,False,low,control,0
5229,Brent Williams,stevensdonna@example.org,2026-03-24,True,low,treatment,0
5230,James Walsh,jamespearson@example.org,2025-02-21,True,medium,control,0
5231,Andrew Johnson,walllarry@example.org,2026-06-11,False,medium,treatment,1
5232,Jasmine Hughes,lisajohnson@example.com,2025-09-14,False,high,control,0
5233,Brooke Chen,michael98@example.org,2025-07-31,True,low,control,0
5234,Christine Jennings,jeremy35@example.org,2024-12-07,False,low,control,0
5235,Cody Anderson,johnsonmegan@example.net,2025-04-03,False,medium,control,0
5236,Karina Johnson,elizabeth51@example.org,2025-02-25,False,high,treatment,0
5237,Kevin Ramos,hancocksarah@example.org,2025-04-19,False,low,control,0
5238,Eric Little,matthewwelch@example.com,2025-07-17,False,low,control,0
5239,Justin Walker,hperez@example.com,2025-09-03,True,low,control,0
5240,Larry Chapman,parkanthony@example.net,2025-04-23,False,low,control,0
5241,Michael Freeman,daviskyle@example.net,2025-03-12,True,medium,control,0
5242,James Smith,perezjonathan@example.net,2026-07-09,False,low,control,0
5243,Ryan Dixon,paul42@example.org,2024-11-27,True,medium,treatment,1
5244,Matthew Harper,jasonsmith@example.com,2026-09-01,True,high,control,0
5245,Joseph Velazquez,sullivanalfred@example.net,2024-12-07,False,low,treatment,0
5246,Mr. Jesus Cooper,peterberger@example.com,2025-12-24,True,low,treatment,0
5247,Diana Davis,qholland@example.org,2026-01-22,True,low,treatment,0
5248,Lori Campbell,jessicacraig@example.com,2025-07-24,False,low,control,0
5249,Sheila Grant,kmueller@example.org,2024-12-29,False,medium,treatment,0
5250,Ryan Bautista,bmiller@example.org,2025-06-24,True,low,control,0
5251,Crystal Freeman,christopher42@example.net,2026-08-22,True,low,treatment,0
5252,Julie Parks,vpace@example.org,2024-11-03,False,low,control,0
5253,Kevin Kelly,williamscourtney@example.org,2026-09-03,False,low,control,0
5254,Hayley Ruiz,roger42@example.com,2026-02-01,False,medium,control,0
5255,Christina Soto,finleychelsey@example.net,2025-10-02,False,low,control,0
5256,Frank Newman,bakerryan@example.com,2025-08-06,True,medium,control,0
5257,Craig Smith,daniel06@example.org,2025-01-17,False,low,control,0
5258,George Odonnell,donnamiller@example.com,2026-03-14,False,low,treatment,0
5259,Cody Lopez,solomonmichael@example.org,2025-09-11,False,medium,control,1
5260,Andre Price,wmendez@example.net,2025-04-01,False,medium,control,0
5261,Brian Lopez,jasonabbott@example.net,2025-07-10,False,medium,control,0
5262,Ashley Hodges,lauriehenderson@example.net,2026-08-31,False,low,control,0
5263,Brian Burnett,rmitchell@example.net,2025-07-12,False,medium,treatment,0
5264,Karen Green,patrick50@example.net,2025-03-27,False,low,control,0
5265,Patrick Jones,john99@example.net,2025-01-08,False,low,treatment,0
5266,Alan Carpenter,xavierwilson@example.org,2025-10-02,False,medium,control,0
5267,Pamela Rodriguez,allisongarrison@example.com,2026-01-29,False,low,control,0
5268,David Mcmillan,krogers@example.org,2025-10-14,False,low,treatment,0
5269,Shannon Hart,maxwelljacob@example.org,2026-05-01,False,low,control,0
5270,Sierra Horn,james67@example.org,2026-06-29,False,low,control,0
5271,Kimberly Cain,annarose@example.org,2024-12-02,True,medium,treatment,0
5272,John Conner,heatherpitts@example.net,2026-06-11,False,medium,treatment,0
5273,Alan Smith,libarra@example.com,2024-10-12,False,low,treatment,0
5274,John Mata,michael40@example.com,2025-11-23,False,high,treatment,0
5275,Audrey Parker DDS,jruiz@example.net,2025-04-28,True,low,control,0
5276,Michael Schultz,robert69@example.com,2025-11-29,False,low,control,1
5277,Christopher Bennett,tperez@example.com,2025-02-23,False,medium,control,0
5278,Theresa Burns,leemichelle@example.net,2024-11-13,False,medium,treatment,0
5279,Amanda Ortiz,felicia14@example.org,2026-01-30,True,high,control,0
5280,Alex West,edwardray@example.net,2025-08-07,False,high,control,0
5281,Kimberly Davidson,wjohnson@example.net,2025-12-19,True,high,control,1
5282,Julie Smith,jacob36@example.net,2025-03-11,True,low,treatment,0
5283,Matthew Ford,jonestara@example.net,2026-09-14,True,medium,treatment,1
5284,Benjamin Cooper,zbaldwin@example.com,2026-03-18,False,low,control,0
5285,Caleb Rodriguez,steven20@example.com,2025-02-13,False,medium,control,1
5286,John Moody,jessicacollins@example.com,2026-05-12,False,medium,control,0
5287,Gregory Michael,shannon31@example.net,2024-11-27,True,low,control,0
5288,Joseph Vargas,epowell@example.net,2026-03-01,False,high,treatment,0
5289,Sean Mills,jeffrey30@example.org,2025-04-22,False,high,treatment,0
5290,Kara Fitzgerald,sullivanrachel@example.org,2025-10-01,True,medium,control,0
5291,Stacy Sparks,penny89@example.org,2026-03-20,False,high,control,0
5292,Diana Gould,angelacasey@example.com,2024-11-03,False,medium,control,0
5293,Michael Johnson,zrobinson@example.com,2026-05-20,False,low,control,0
5294,Justin Norris,leerhonda@example.org,2025-11-21,True,high,control,0
5295,Patrick Smith,adam30@example.net,2025-10-05,False,low,treatment,0
5296,Destiny Rodriguez,moralestracy@example.com,2025-11-15,False,medium,treatment,0
5297,Christina Vaughn,gpeters@example.org,2026-06-20,False,low,control,0
5298,Karen Anderson,cynthiapacheco@example.net,2024-12-01,False,medium,treatment,0
5299,Gregory Clark,michaelgordon@example.org,2024-10-11,False,medium,treatment,0
5300,Curtis Tucker,pwilliams@example.org,2025-09-20,True,low,control,0
5301,Nicholas Malone,jpowell@example.net,2025-09-12,True,low,treatment,0
5302,Alexis Moore,alyssa10@example.com,2026-02-06,False,high,control,0
5303,Brandon Castillo,thompsonwilliam@example.org,2025-08-07,False,low,treatment,0
5304,Lindsay Fernandez,shellycowan@example.net,2026-07-01,False,high,control,0
5305,Rebecca Cobb,hillashley@example.org,2025-11-24,False,high,control,0
5306,Raymond Lawrence,johnlevy@example.org,2024-10-18,False,medium,treatment,0
5307,Eric Hunt,heathchristopher@example.com,2026-04-24,True,low,control,0
5308,Rachel Goodwin,victoriaroth@example.com,2025-09-16,False,medium,control,0
5309,Michael Ramirez,fjohnson@example.com,2026-02-13,False,high,treatment,0
5310,Chris Clay,scottsamuel@example.org,2024-10-14,True,low,control,0
5311,Nicole Anderson,vparker@example.com,2025-01-30,False,low,treatment,0
5312,Kimberly Hester,epark@example.org,2026-04-26,False,high,control,0
5313,Jesse Novak,warnerterri@example.org,2025-12-07,False,medium,control,0
5314,Evelyn Jones,rickeycarroll@example.net,2024-10-22,False,medium,control,0
5315,John Jones,qwheeler@example.net,2025-02-24,True,medium,treatment,0
5316,Jennifer Erickson,thomasflowers@example.com,2025-07-18,False,medium,control,0
5317,Scott Nelson,matthewchavez@example.net,2025-09-14,True,low,control,0
5318,Kristine Watts,tamara83@example.com,2024-11-09,False,high,treatment,0
5319,Tanya Palmer,scottcollins@example.net,2026-07-09,False,medium,treatment,0
5320,Manuel Mayo,campbelljoseph@example.com,2024-09-20,False,low,control,0
5321,Ryan Crawford,moorevalerie@example.net,2025-01-21,False,high,treatment,0
5322,Tyler Peters,gentrykatherine@example.net,2024-09-19,False,high,control,0
5323,Nathan Clark,briannasmith@example.net,2026-09-12,True,low,control,0
5324,Amanda Lewis,christopher26@example.net,2026-07-01,False,medium,treatment,0
5325,Alexandra Simon,luis10@example.net,2025-07-16,False,medium,control,0
5326,Lisa Watkins,delacruzmelanie@example.net,2025-09-19,False,medium,control,0
5327,Christine Miller,cindyjohnson@example.net,2025-08-27,False,medium,treatment,0
5328,Earl Howard,jonesshelby@example.com,2025-08-10,False,high,control,0
5329,John Boyd,cynthiapeters@example.org,2026-01-31,False,medium,treatment,0
5330,Mckenzie Webster,phillip55@example.com,2025-02-17,False,medium,treatment,0
5331,Pamela Massey,williamsrichard@example.org,2026-03-16,False,low,treatment,0
5332,Samantha Russell,kellerjames@example.org,2025-08-05,False,low,control,0
5333,Robert Martin,heather69@example.com,2026-02-12,False,low,treatment,0
5334,Bradley Lewis,cdelacruz@example.com,2025-08-17,True,low,control,0
5335,Heidi Long,cruzjames@example.org,2025-07-19,False,low,control,0
5336,David Warren,lisacollins@example.net,2025-11-21,False,low,control,0
5337,James Swanson,palmerkatherine@example.net,2025-10-28,True,low,treatment,0
5338,Dylan Smith,tzavala@example.net,2025-08-08,True,medium,treatment,1
5339,Charles Paul,veleznichole@example.com,2025-12-08,False,medium,control,0
5340,Brooke Newton,natashaburke@example.net,2025-04-17,True,low,control,0
5341,Todd Parks,moodyjoshua@example.net,2025-05-11,False,high,treatment,0
5342,Lisa Carlson,alvarezmatthew@example.com,2026-04-11,True,medium,control,0
5343,Kristin Anderson,briandavidson@example.com,2025-05-29,False,low,control,0
5344,Vanessa Ramos,hollandmitchell@example.org,2025-04-13,False,low,control,0
5345,John Webb,mbarajas@example.com,2026-04-28,False,low,control,0
5346,Maria Paul,josephguzman@example.com,2025-02-23,False,low,treatment,0
5347,Javier Edwards,haguilar@example.org,2024-10-09,False,low,control,0
5348,Felicia Santiago,amandaweber@example.net,2025-04-08,False,medium,control,0
5349,Justin Doyle,nicholaschapman@example.com,2025-11-08,False,low,control,0
5350,Cynthia Price,iadams@example.net,2025-07-25,False,low,control,0
5351,Wanda Myers,stonetimothy@example.com,2025-03-05,True,low,treatment,1
5352,Victoria Phillips,marcusjohnson@example.net,2026-07-06,True,high,treatment,0
5353,Anthony Campbell,jorge42@example.com,2024-10-25,True,medium,control,0
5354,Eric Cooper,timothyjenkins@example.org,2025-11-30,False,medium,treatment,1
5355,Ronald Martin,dramirez@example.com,2025-05-07,False,low,treatment,1
5356,Louis Carr,patrick03@example.com,2025-10-21,False,low,treatment,0
5357,Dr. Amanda Edwards,loweandrew@example.net,2026-01-02,False,medium,control,0
5358,Karen Smith,ghoward@example.org,2025-11-11,False,low,control,0
5359,Cindy Lang,tracielong@example.com,2026-05-22,True,low,treatment,0
5360,Zoe Mendoza,kerri63@example.org,2026-03-28,True,low,treatment,0
5361,John Stone,richardsimon@example.net,2026-03-30,False,low,treatment,0
5362,Andrea Winters,kathylong@example.net,2024-12-13,False,high,treatment,0
5363,Craig Garner,randerson@example.net,2025-09-28,False,low,treatment,1
5364,Leonard Powell,lisa49@example.com,2025-08-13,False,low,control,0
5365,Courtney Phillips,lisachurch@example.net,2025-05-20,True,medium,control,0
5366,Brian Marshall,brandonfernandez@example.org,2026-05-29,False,high,control,0
5367,Sharon Gilbert,samantha28@example.org,2026-07-19,False,medium,treatment,0
5368,Leah Carson,john65@example.org,2025-04-16,False,low,control,0
5369,Joseph Montgomery,johnsonchristopher@example.org,2026-06-19,False,low,treatment,0
5370,Richard Stewart,alexis41@example.com,2025-12-26,True,low,treatment,0
5371,Michael Neal,stevenholmes@example.org,2026-01-06,True,medium,treatment,0
5372,Jerry Stark,lindaperez@example.com,2025-08-01,True,medium,treatment,0
5373,Emily Moore,arnoldjonathan@example.com,2025-08-10,False,medium,treatment,0
5374,Angela Melton,nicolerandall@example.net,2026-04-03,False,high,treatment,0
5375,Jason Jones,christianparker@example.net,2026-01-05,False,low,control,0
5376,Katelyn Sanchez,daniellerichardson@example.org,2025-02-18,False,medium,treatment,0
5377,Jessica Haynes,juan12@example.net,2026-04-24,False,medium,control,0
5378,Peter Ramirez,lgibson@example.com,2025-03-26,True,medium,treatment,0
5379,Angela Guzman,janicedixon@example.net,2024-12-09,True,medium,control,0
5380,Daniel Cook,matthewochoa@example.com,2026-05-13,False,medium,control,0
5381,Mike Cardenas,mariapatel@example.com,2026-04-29,True,low,control,0
5382,Kathleen Fritz,houstonjohn@example.net,2025-04-12,False,low,treatment,0
5383,Rebecca Bradford,joannescott@example.org,2025-08-21,False,medium,control,0
5384,Brandon Booth,andrew82@example.net,2025-03-26,False,low,treatment,0
5385,Megan Stewart,robert51@example.org,2024-10-30,False,medium,treatment,0
5386,Mary Newman,davisstacey@example.net,2025-05-29,False,medium,treatment,0
5387,Colleen Gonzales,john03@example.org,2025-05-05,False,low,control,0
5388,Eric Church,joseph28@example.org,2026-02-01,True,low,treatment,0
5389,Alan Silva,kimberlysimon@example.org,2024-12-04,False,medium,control,0
5390,Tim Sosa,vsanchez@example.net,2025-02-02,False,low,treatment,1
5391,Andrew Blake,sonyareese@example.org,2026-06-22,False,medium,treatment,0
5392,Steven Maldonado,jasmine62@example.net,2025-04-25,False,medium,control,0
5393,Mr. Gregory Glass MD,marypatrick@example.net,2025-03-13,False,low,treatment,0
5394,Donna Jones,christopher88@example.net,2025-06-02,True,low,control,0
5395,Jeremiah Morse,sheltonariel@example.com,2025-01-26,False,low,control,0
5396,Katrina Munoz,alexandernash@example.net,2025-12-01,False,low,control,0
5397,Isaiah Schneider,richard07@example.com,2025-05-24,False,low,control,0
5398,Michael Shelton,abowman@example.org,2026-07-15,True,low,control,0
5399,Todd Aguirre,ckelly@example.com,2024-10-26,False,low,treatment,0
5400,Sheila Beck,tuckerolivia@example.net,2026-07-11,False,low,treatment,0
5401,James Shannon,tannertina@example.org,2025-11-15,False,medium,treatment,0
5402,Samantha Gillespie,timothy73@example.net,2025-01-17,True,high,control,0
5403,Mark Scott,alexander73@example.net,2024-11-30,False,low,treatment,0
5404,Dr. Matthew Curry,martinezhenry@example.org,2026-03-24,True,low,treatment,0
5405,Christopher Maldonado DDS,omontgomery@example.com,2026-07-27,False,medium,control,0
5406,Angela Fowler,aperry@example.com,2025-09-05,False,medium,control,0
5407,Katherine Berry MD,xpeterson@example.org,2026-09-09,True,medium,control,0
5408,Kimberly Rodriguez,alexandersmith@example.net,2025-06-26,False,medium,treatment,0
5409,Kelly White,eric90@example.org,2026-05-23,False,medium,treatment,0
5410,Benjamin Rodgers PhD,jason08@example.com,2024-10-04,True,low,treatment,0
5411,Justin Alvarado,sandersdonald@example.org,2026-06-01,False,low,control,0
5412,Russell King,thomas06@example.org,2026-04-18,False,low,control,0
5413,Jesse Schneider,hvelez@example.net,2026-06-26,False,medium,control,0
5414,David Daniels,browneugene@example.net,2024-10-05,True,high,control,1
5415,Kaitlin Patrick,barberdiana@example.com,2024-10-31,False,medium,control,0
5416,James Marshall,isingh@example.net,2025-06-14,True,low,treatment,0
5417,Joanna Smith,lindawalker@example.net,2025-08-20,False,low,control,0
5418,Madeline Christensen,kayla91@example.org,2026-05-08,False,high,control,1
5419,Michelle Silva,juliadavid@example.net,2025-04-11,False,high,control,0
5420,Jennifer Martin,medinakeith@example.org,2025-02-05,False,low,treatment,0
5421,Allison Carr,anthonyford@example.org,2024-09-18,False,low,control,0
5422,Troy Mcdonald,jose53@example.net,2026-04-07,False,low,control,0
5423,Dylan Dawson,iclark@example.com,2024-11-14,True,high,control,0
5424,Robert Wilkins,briancameron@example.com,2025-09-22,False,high,treatment,0
5425,Robert Thompson,rfrye@example.org,2026-06-11,False,low,treatment,0
5426,Susan Patton,angela08@example.net,2025-09-28,False,low,control,0
5427,Michael Rodriguez,wayne44@example.net,2026-06-22,False,medium,control,1
5428,William Maldonado,ilivingston@example.org,2024-11-29,True,medium,treatment,1
5429,Michael Black,cunninghamrachel@example.net,2026-06-16,False,low,control,0
5430,Dr. Valerie Durham MD,edwin67@example.org,2026-05-15,False,medium,control,0
5431,Benjamin Hayes,boyleamanda@example.net,2026-01-01,False,low,treatment,1
5432,Willie Decker,carterolivia@example.com,2026-06-18,True,medium,treatment,0
5433,Jessica Hudson,cynthiacarter@example.org,2025-05-25,True,high,treatment,0
5434,Jeremy James,zlove@example.org,2026-01-27,True,medium,control,1
5435,Ann Sims,ujohnson@example.org,2026-08-30,False,low,control,0
5436,Mary Singh,garciaerica@example.org,2026-06-23,True,medium,control,0
5437,Matthew Brown,zflynn@example.org,2025-05-31,False,low,control,0
5438,Anne Bishop MD,donaldbrown@example.com,2025-09-08,False,low,treatment,0
5439,George Garza Jr.,wardtamara@example.net,2026-08-31,False,medium,control,0
5440,Michael Garrison,lindawagner@example.com,2024-11-22,True,high,control,0
5441,Peter Vega,hamiltonamy@example.net,2024-11-19,False,low,treatment,0
5442,Monica Sanders,anthonyconrad@example.net,2024-10-29,False,medium,treatment,0
5443,Margaret Lewis,joshuabradley@example.com,2025-03-18,False,medium,control,0
5444,Antonio Davies,oramos@example.org,2025-04-12,True,low,control,0
5445,Steven Green,jford@example.org,2026-04-25,False,low,treatment,0
5446,Dylan Smith MD,mturner@example.net,2025-02-10,False,low,control,0
5447,David Turner,ujohnson@example.net,2025-01-20,False,low,control,0
5448,Ashley Powers,hawkinsmichael@example.net,2026-04-17,False,low,control,0
5449,Jeffrey Bullock,curtismiddleton@example.com,2025-10-03,True,low,treatment,0
5450,Randy Skinner,zlong@example.org,2025-03-30,True,low,treatment,1
5451,Brian Ramos,jose76@example.com,2026-02-21,False,medium,control,0
5452,Betty Morales,vblack@example.org,2025-07-15,False,medium,treatment,0
5453,John Jones,wrightgwendolyn@example.org,2025-12-20,False,low,control,0
5454,David Gibson,adrian05@example.com,2025-03-25,False,low,control,0
5455,Joseph Williams,ibarnes@example.com,2025-09-30,False,low,control,1
5456,Joshua Wright,stephenwilliams@example.net,2026-04-05,True,medium,control,0
5457,Lawrence Fernandez,samanthacox@example.com,2026-05-13,True,high,control,0
5458,Kimberly Wilson,alvaradonichole@example.org,2025-05-01,False,low,treatment,0
5459,Dr. Harry Russell,corey91@example.org,2026-01-08,True,low,treatment,0
5460,Ricardo Lin,sotomaria@example.net,2026-05-08,False,low,control,0
5461,Robert Meyer,ann01@example.org,2025-08-18,False,medium,treatment,0
5462,Stephen Petty,rochapaul@example.net,2026-09-14,False,low,treatment,1
5463,Roy Smith,maldonadojuan@example.com,2025-11-07,False,low,control,0
5464,Alexis Fox,anthonypham@example.net,2025-11-26,False,low,treatment,0
5465,Keith Williams,ggreen@example.net,2025-12-12,False,high,control,0
5466,Justin Phillips,heathersanchez@example.com,2025-03-20,False,low,control,0
5467,Jason Flores,hburch@example.org,2026-07-27,True,medium,control,0
5468,Shawn Flores,vickiwilliams@example.org,2025-10-27,False,low,treatment,0
5469,Joshua Caldwell,roykayla@example.net,2024-09-26,False,low,control,0
5470,April Cook,stephenhernandez@example.com,2026-06-11,True,low,control,1
5471,Lori Hartman,brentcampos@example.org,2024-09-24,False,medium,treatment,0
5472,William Daniels,kduncan@example.org,2025-02-13,False,low,treatment,0
5473,Julie Duffy,xjackson@example.com,2024-11-06,False,medium,control,0
5474,Melissa Cantrell,griffinmary@example.net,2026-07-03,True,high,treatment,1
5475,Cesar Alvarado,melinda28@example.com,2025-02-22,True,high,control,0
5476,Sarah Torres,jademyers@example.net,2025-11-16,True,medium,control,0
5477,Sally Freeman,christina59@example.org,2024-10-25,True,low,control,0
5478,Raymond Hall,michaelsweeney@example.net,2025-05-29,False,high,treatment,0
5479,Brittany Robertson,josepena@example.net,2025-09-28,False,medium,treatment,0
5480,Stacy Miller,bellsusan@example.net,2025-09-08,False,high,treatment,0
5481,Michael Hernandez,umiller@example.net,2025-11-30,False,medium,treatment,0
5482,Veronica Hutchinson,caleb79@example.com,2025-12-19,False,low,control,0
5483,Andrew Marshall,hillmelissa@example.net,2024-11-15,False,low,control,0
5484,Tristan Mullen,gsims@example.com,2025-05-21,True,medium,treatment,0
5485,Kimberly Webb,brad09@example.org,2025-07-21,False,low,control,1
5486,Penny Cordova,jessica07@example.net,2025-01-30,False,high,treatment,0
5487,Anthony Little,kellyleah@example.org,2025-11-07,True,medium,control,0
5488,Dr. Vincent Sandoval DVM,jmorris@example.net,2026-07-12,False,low,treatment,0
5489,Gregg Fuentes,morgan68@example.org,2026-02-12,False,medium,treatment,0
5490,Jessica Greene,smithmatthew@example.net,2025-11-01,False,medium,control,0
5491,Daniel Vincent,jane49@example.net,2026-09-04,False,medium,control,0
5492,John Johnson,teresacooper@example.net,2026-02-05,False,low,control,0
5493,Matthew Strong,heather60@example.net,2026-08-04,True,low,control,0
5494,Kara Washington,marypatel@example.com,2025-04-16,True,low,control,0
5495,Troy Krueger,mathewanderson@example.net,2025-12-01,False,medium,control,0
5496,Anna Mueller,johnsonhannah@example.com,2025-03-18,False,medium,treatment,0
5497,Elizabeth Townsend,wagnerlori@example.org,2024-10-20,False,low,treatment,0
5498,Cory Stewart,dhutchinson@example.org,2025-02-21,False,low,control,0
5499,Jessica Peters,sarahsweeney@example.com,2025-05-26,False,medium,control,0
5500,Nicholas Reed,william85@example.com,2026-06-19,True,medium,control,0
5501,Nathaniel Simmons,gadams@example.com,2025-10-05,False,low,control,0
5502,Emily Mcpherson,crodriguez@example.org,2024-10-26,False,low,control,0
5503,Dean Davidson,melinda34@example.com,2025-12-15,True,high,treatment,0
5504,Kevin Reid,keith04@example.org,2026-02-02,False,high,treatment,0
5505,Andrew Estrada,mlewis@example.com,2024-10-16,False,low,control,0
5506,Frances Rodriguez,millsbrittany@example.net,2024-12-14,False,medium,control,0
5507,Jessica Baxter,mark42@example.org,2025-11-11,False,low,control,0
5508,Mary Sanchez,keithgilbert@example.net,2025-08-19,False,high,control,0
5509,Julia Miller,valenciajennifer@example.com,2025-08-05,False,high,control,0
5510,Elizabeth Meyers,qwilliams@example.net,2025-12-16,False,high,treatment,0
5511,Kevin Rivera,samuelcooley@example.org,2026-01-30,False,low,control,0
5512,Denise King,tanyatorres@example.com,2025-06-29,False,low,control,0
5513,Kim Lewis,omiller@example.net,2024-11-22,False,medium,control,0
5514,Mary Trujillo,uparker@example.com,2025-10-04,True,low,treatment,0
5515,Edward Miller,kwalters@example.net,2024-11-05,False,low,control,0
5516,Sara Fitzgerald,villarrealjames@example.org,2024-12-24,True,low,control,0
5517,Jacob Terry,ievans@example.net,2026-09-14,False,medium,control,0
5518,Tara House,amanda76@example.net,2025-05-09,False,high,control,0
5519,Sara Bowman,oblack@example.org,2025-09-14,False,low,control,0
5520,Sean Rodriguez,michaelsellers@example.org,2025-01-20,False,medium,control,0
5521,Patrick Green,jamescochran@example.net,2025-09-29,False,medium,treatment,0
5522,Catherine Bailey,gjones@example.com,2026-09-13,False,medium,control,1
5523,Julie Wise,curtis49@example.org,2025-09-27,False,medium,control,0
5524,Casey Haynes,jamiemarshall@example.net,2026-07-08,True,low,treatment,0
5525,Joseph Jones,osmith@example.com,2025-06-27,False,low,treatment,0
5526,Denise Clark,psmith@example.net,2025-06-18,True,low,control,0
5527,Danielle Richardson,charles62@example.net,2026-04-28,False,medium,treatment,0
5528,Kathleen Cain,edward51@example.com,2026-01-25,False,low,treatment,0
5529,Crystal Bell,wellsdebra@example.net,2025-06-22,False,high,treatment,0
5530,Amanda Cross,amanda26@example.org,2025-12-24,True,medium,treatment,0
5531,Samantha Frey,justin72@example.org,2025-03-23,False,low,control,0
5532,Tanya Cantu,brandonsullivan@example.org,2026-08-20,False,medium,control,0
5533,Lisa Smith MD,thomassingleton@example.org,2025-02-07,True,low,control,0
5534,John Walton,qhart@example.org,2025-02-24,True,low,control,0
5535,Hunter Allen,brittany18@example.org,2025-10-28,False,medium,control,0
5536,Lisa Strickland,alyssa69@example.net,2024-10-17,True,high,treatment,0
5537,Michelle Freeman,margaretrandall@example.net,2024-09-19,False,low,control,0
5538,Morgan Martinez,rsmith@example.com,2024-09-24,False,medium,treatment,0
5539,Stephen Wood,gibsonleonard@example.com,2025-07-15,False,low,control,0
5540,Hannah Morris,brewermarcus@example.com,2026-06-13,True,medium,control,0
5541,Richard Joseph Jr.,garywhite@example.com,2025-03-11,False,low,treatment,1
5542,David Brown,dillonmargaret@example.net,2025-08-26,False,medium,control,0
5543,Nancy Sanchez,matthewmiller@example.net,2026-04-22,False,low,treatment,0
5544,Eric Higgins,daughertyeric@example.com,2024-12-05,False,medium,control,0
5545,Cindy Spencer,adamsjennifer@example.org,2025-12-25,False,medium,control,0
5546,Elizabeth Thomas,georgeallen@example.org,2025-03-05,False,medium,control,0
5547,Michael Smith,leeseth@example.net,2025-01-20,True,low,treatment,0
5548,Candace Bates,bryan97@example.net,2024-11-26,False,low,treatment,0
5549,Gabriela Blake,teresa17@example.com,2025-01-29,False,medium,control,0
5550,Noah Stone,zmoss@example.com,2025-04-13,False,high,control,0
5551,Kimberly Levy,xellis@example.org,2025-06-18,True,high,control,0
5552,April Lopez,dwilliams@example.com,2025-03-15,False,low,treatment,0
5553,Jamie Anderson,reneegriffith@example.com,2025-07-23,False,low,control,0
5554,Carla Jones,rubenmatthews@example.com,2025-05-09,False,medium,treatment,0
5555,Kimberly Ruiz,mhancock@example.net,2026-03-01,True,medium,control,0
5556,Eric Potts,calebreynolds@example.net,2025-01-11,False,low,treatment,0
5557,Christopher Moreno,jamesle@example.org,2025-02-07,True,low,treatment,0
5558,Erika Bowen,matthewgamble@example.com,2024-12-31,False,high,control,0
5559,Patricia Hensley,samantha01@example.com,2025-04-23,False,medium,treatment,0
5560,George Martin,johnathanwood@example.com,2026-01-23,False,low,control,0
5561,Samantha Bradley,rebeccaterry@example.com,2024-10-12,False,low,treatment,0
5562,Christopher Sanford,jamesbest@example.com,2024-12-08,False,medium,control,0
5563,Shannon Tran,jaredboyd@example.net,2025-12-31,True,medium,treatment,0
5564,Rachel Miller,petersonkathryn@example.net,2025-12-28,False,low,control,0
5565,Justin Ward,brian25@example.com,2024-12-20,False,high,control,0
5566,Michael Lee,olsonanita@example.org,2025-10-29,False,low,treatment,0
5567,Elizabeth Petersen,smaldonado@example.com,2026-02-24,False,medium,control,0
5568,Carol Harvey,amy56@example.com,2024-10-17,False,low,control,0
5569,Jane Taylor,stephenmcmillan@example.net,2024-09-17,False,high,control,0
5570,Robert Byrd,leah41@example.org,2026-03-16,False,high,treatment,0
5571,Paul Richardson,tthompson@example.org,2024-12-30,False,high,treatment,0
5572,Jill Kemp,hartmansarah@example.com,2026-08-12,True,medium,treatment,0
5573,Laura Turner,wrightroger@example.com,2025-01-19,True,medium,treatment,0
5574,Ralph Wolf,andrewflores@example.net,2026-03-06,False,low,treatment,0
5575,Jason Jones,kennethbrown@example.net,2026-07-11,False,high,treatment,1
5576,Wendy Clark,reedpamela@example.net,2025-03-30,True,medium,control,0
5577,Amanda Brown,pferguson@example.org,2025-12-13,False,low,control,0
5578,Holly Barber,burgessjacob@example.com,2025-01-14,False,low,treatment,0
5579,Jennifer Willis,samuel70@example.com,2025-08-03,False,low,control,0
5580,Jane Campbell,oburton@example.org,2025-08-24,False,medium,treatment,0
5581,Amanda Warren,dennisjessica@example.org,2024-12-24,True,low,treatment,0
5582,Dr. Kelly Smith MD,sherri11@example.net,2025-09-24,False,medium,control,0
5583,Kevin Smith,jonathan10@example.net,2026-08-26,False,medium,treatment,0
5584,Jessica Hale,dennislinda@example.net,2025-01-21,True,low,control,0
5585,Keith Clark,qroberts@example.org,2024-12-21,False,low,treatment,0
5586,Andrew Boone,charlesowen@example.com,2026-04-14,False,medium,treatment,0
5587,Jacob Boyd,cdunn@example.com,2025-07-17,False,medium,treatment,0
5588,Jill Patrick,adamsjoseph@example.org,2025-05-27,False,medium,control,0
5589,Jamie Knight,adamsdavid@example.com,2025-08-29,False,high,control,0
5590,Ana Osborne,vwilson@example.org,2024-12-11,False,low,control,0
5591,Jessica Hancock,qmathis@example.org,2026-03-20,False,high,treatment,0
5592,Deborah Johnson,hollandrobert@example.com,2024-09-24,False,medium,treatment,0
5593,Michael Porter,michael10@example.com,2025-02-10,False,high,treatment,0
5594,Chelsea Smith,marcjohnson@example.net,2026-09-09,True,medium,control,0
5595,Nathaniel Thompson,dunnsamuel@example.org,2026-03-11,True,medium,treatment,0
5596,Kevin Stewart,lisarussell@example.org,2026-01-21,False,low,control,0
5597,Lauren Pena,kimberlywhitaker@example.net,2026-09-05,True,medium,treatment,1
5598,Michele Adams,johnsonbrooke@example.net,2025-09-21,True,low,treatment,1
5599,Nathan Weber,mcknightbrenda@example.net,2026-02-11,False,low,control,0
5600,Cathy Meyer,jessica59@example.com,2025-12-16,False,high,treatment,0
5601,Deborah Lee,lori26@example.com,2025-03-26,True,low,treatment,0
5602,David Giles,zgarrett@example.com,2026-07-02,False,medium,treatment,0
5603,Sherry Johnson,farleygeorge@example.net,2026-03-04,False,high,control,0
5604,Julie Fuentes,andrewsimmons@example.com,2025-09-15,False,low,treatment,0
5605,Mary Gibson,smithaaron@example.net,2026-06-30,True,low,control,0
5606,Anthony Lynch,cynthiamiller@example.net,2026-06-08,True,medium,control,0
5607,Patrick Davis,shawn20@example.net,2025-01-26,False,low,control,0
5608,Jeffrey Miller,bday@example.org,2025-08-09,False,low,treatment,0
5609,Brittany Cain,jessica26@example.net,2026-05-25,False,medium,treatment,0
5610,Stephen Hart,btapia@example.org,2026-09-01,False,low,treatment,0
5611,Alicia Nelson,colleennewton@example.org,2026-01-11,True,low,treatment,0
5612,Yvonne Myers,arobinson@example.org,2026-04-06,False,high,control,0
5613,Stephen Clark,bradley66@example.net,2026-09-16,False,low,control,0
5614,Ricky Peterson,foxanthony@example.org,2025-05-23,False,high,control,0
5615,Meghan Brown,bradleygarrett@example.org,2025-06-07,True,low,control,0
5616,Leslie Wagner,belltheresa@example.com,2026-06-30,False,medium,control,0
5617,Emily Miller,kimberly24@example.org,2025-07-19,True,medium,control,0
5618,Jacob Lyons,alexanderchristopher@example.org,2026-03-28,True,medium,control,0
5619,Natalie Mccullough,robertboyd@example.net,2024-09-27,False,high,treatment,0
5620,Tony Cole,anna11@example.com,2025-08-01,False,low,treatment,0
5621,Alexander Steele,ramirezmargaret@example.com,2025-12-30,True,high,control,1
5622,Shannon Cook,qgomez@example.org,2026-07-01,True,low,treatment,0
5623,Amy Ryan,mjohnson@example.net,2024-10-30,True,medium,treatment,0
5624,Eddie Jordan,nicole75@example.org,2026-04-04,False,low,control,0
5625,Benjamin Stewart,doris74@example.org,2025-11-28,False,high,treatment,1
5626,Aaron Garcia,ellisbradley@example.net,2024-10-05,False,medium,control,0
5627,Brandon Smith Jr.,leahsmith@example.org,2026-05-29,False,high,treatment,0
5628,Brent Mack,harperchristina@example.net,2025-08-22,False,high,control,0
5629,Joseph Roman MD,kross@example.org,2025-09-16,True,low,control,0
5630,Erik Huang,campbellkristen@example.com,2026-03-15,False,low,treatment,0
5631,Stacie Robbins,jbenjamin@example.org,2026-02-02,True,low,control,0
5632,Miss Sierra Anderson,smithjoseph@example.net,2026-04-18,False,low,control,0
5633,Caroline James,alexandraturner@example.com,2025-06-04,False,high,control,0
5634,Charles Davis,patrick86@example.com,2026-06-17,False,low,treatment,0
5635,Stephanie Horn,wkrause@example.org,2026-06-19,False,low,control,0
5636,Kim Thompson,angela61@example.net,2025-04-27,True,low,treatment,0
5637,Nicholas Boone,ymckee@example.net,2026-01-02,False,low,control,0
5638,Sarah Hunt,xmorgan@example.net,2025-08-24,True,low,treatment,0
5639,James Robinson,desireewhite@example.net,2024-09-28,True,medium,treatment,0
5640,Timothy Martin,ymedina@example.com,2025-01-09,False,medium,treatment,0
5641,James Sampson,stewartkristine@example.org,2024-12-07,True,low,control,0
5642,Katherine Moss,bwilliams@example.com,2026-08-09,False,low,control,0
5643,Evan Blackwell,kshaw@example.net,2025-05-01,False,low,control,0
5644,Sarah Ward,karlarobinson@example.com,2025-03-19,False,low,treatment,0
5645,Amanda Hopkins,connie03@example.net,2025-10-24,False,medium,control,0
5646,Stephen Gonzalez,nicholas69@example.org,2025-10-04,False,low,treatment,0
5647,Mrs. Kiara Davies MD,oleon@example.org,2026-02-01,False,medium,control,1
5648,Courtney Jones,andrewsmith@example.net,2026-04-23,True,low,control,0
5649,Andrew Carter,bblack@example.org,2025-06-06,False,low,treatment,0
5650,Pamela Solis,sarahramirez@example.com,2024-11-07,False,low,control,0
5651,Brittany Braun,michael18@example.org,2025-02-09,False,low,treatment,0
5652,Joseph Torres MD,duane50@example.com,2026-04-26,False,low,control,0
5653,Joseph Anderson,brookemckenzie@example.org,2026-01-05,True,low,control,0
5654,Jessica Patterson,vcamacho@example.org,2024-10-12,False,low,treatment,0
5655,Wesley Flores,pmarquez@example.org,2025-06-30,False,low,control,0
5656,Daniel Price,henry47@example.com,2024-11-17,True,medium,treatment,0
5657,Ronald Guerra,edwardstewart@example.com,2026-02-17,False,high,control,0
5658,Katie Hammond,susanbaker@example.org,2025-07-18,False,medium,treatment,0
5659,Angela Rose,vmaldonado@example.com,2025-08-29,False,low,treatment,0
5660,James Green,fjohnson@example.net,2025-03-22,False,high,control,0
5661,James Johnson,brownjessica@example.org,2025-05-14,False,medium,treatment,0
5662,Rachel Stein,sara62@example.com,2025-10-02,True,low,control,0
5663,Tracey Wells,qreyes@example.org,2024-12-24,False,low,treatment,0
5664,Zachary Gill,melvin37@example.com,2026-01-11,False,low,treatment,0
5665,Carl Holland,robertkelly@example.net,2026-04-03,False,low,treatment,0
5666,Catherine Walker,ymendoza@example.org,2025-08-15,False,low,treatment,0
5667,Glenda Bryan,youngkevin@example.net,2026-08-26,False,medium,control,0
5668,Tracy Wright,wward@example.com,2025-03-09,True,medium,control,0
5669,Lori Jackson,chasejose@example.org,2025-05-17,False,low,treatment,0
5670,Kathleen Sanders,cherylgood@example.net,2026-06-03,False,low,control,0
5671,Tony Chandler,scruz@example.net,2025-01-15,False,low,treatment,0
5672,Dominic Allen,rebecca28@example.com,2024-11-01,False,high,treatment,0
5673,Patricia Holmes,denise43@example.org,2024-12-22,False,high,treatment,0
5674,Melissa Owens,andreacollins@example.org,2026-04-27,False,low,treatment,0
5675,Luis Cowan,lori80@example.com,2026-02-09,True,high,control,0
5676,Janice Ramsey,ryanshannon@example.org,2026-06-28,False,low,treatment,0
5677,Teresa Thompson,kyletrujillo@example.org,2024-12-07,True,medium,treatment,0
5678,Jesus Castillo,petersonrichard@example.com,2025-01-09,False,low,control,0
5679,Christine Randolph,youngallison@example.com,2025-02-08,True,high,treatment,0
5680,Michael Jarvis,carrollmegan@example.com,2025-07-24,False,medium,control,0
5681,Michelle Coleman,julie69@example.net,2025-10-20,False,low,control,0
5682,Maria Reynolds,vjackson@example.org,2025-09-19,False,low,control,0
5683,John Beltran,davidsnyder@example.net,2026-08-30,True,medium,control,1
5684,Jessica Williams,cgarcia@example.org,2025-12-27,False,high,control,0
5685,Laura Stevens,matthewherrera@example.net,2025-01-21,False,high,treatment,0
5686,Whitney Harper,zavalaanthony@example.net,2025-02-02,False,low,treatment,0
5687,Courtney Alexander,matthew24@example.com,2026-05-18,False,low,control,0
5688,Anne Jones,april22@example.org,2025-10-29,False,low,treatment,0
5689,Felicia Wallace,hayesanthony@example.com,2025-08-28,False,low,treatment,1
5690,Michael Gonzalez,clarklaura@example.com,2026-07-08,True,low,treatment,0
5691,David Gonzalez,kpreston@example.com,2025-05-10,False,medium,treatment,1
5692,Daniel Ward,heatherrojas@example.net,2026-08-24,False,medium,treatment,0
5693,Ann Garcia,stacy67@example.com,2026-04-02,True,low,control,0
5694,Ebony Chapman,melinda77@example.org,2025-03-05,True,medium,control,1
5695,Karen Ward,mikegonzalez@example.org,2024-11-04,False,low,treatment,0
5696,Thomas Rivera,paul36@example.com,2025-12-11,True,low,control,0
5697,Regina Kaufman,pmason@example.com,2025-12-23,False,medium,control,0
5698,Victoria Collins,rachael81@example.org,2026-01-13,False,low,control,0
5699,Cheyenne Anderson,wvillarreal@example.org,2025-11-03,False,medium,treatment,0
5700,Jamie Mckinney,hillmikayla@example.net,2025-04-20,False,medium,treatment,1
5701,Sharon Avila,mendezgregory@example.com,2025-03-27,True,low,treatment,0
5702,Philip Mccoy,jordanelizabeth@example.net,2026-07-06,False,low,treatment,0
5703,Kent Clark,htaylor@example.org,2024-12-27,False,medium,treatment,0
5704,Jorge Cummings,brianahoover@example.net,2026-06-22,True,medium,treatment,0
5705,Ashley Oneal,christy47@example.com,2024-11-13,False,low,treatment,0
5706,Nicole Sharp,phunt@example.org,2025-05-01,True,low,treatment,0
5707,Amanda Lin,evelyn46@example.net,2024-09-29,True,low,control,0
5708,Patricia Wilson,jason36@example.org,2026-07-18,False,low,control,0
5709,Craig Garcia PhD,kentmaurice@example.net,2025-05-17,False,low,treatment,0
5710,Mary Hanson,blakethomas@example.net,2026-08-26,False,medium,treatment,0
5711,Sarah Haney,guzmancarl@example.com,2025-04-19,False,low,treatment,0
5712,Jason Best MD,stoutmargaret@example.net,2025-04-26,False,medium,control,0
5713,Rachel Johnson,wuvalerie@example.com,2026-05-12,False,low,control,0
5714,Peter Peterson,veronicabutler@example.net,2025-06-25,True,medium,control,0
5715,Edwin Welch,dianajacobson@example.com,2025-02-15,True,low,treatment,0
5716,Samuel Gutierrez,watsonmatthew@example.net,2026-09-06,True,medium,control,0
5717,Heather White,tammy24@example.net,2026-09-09,False,low,treatment,0
5718,Natalie Hoffman,linkevin@example.net,2025-09-14,False,medium,treatment,0
5719,Donald Stephenson,marcus16@example.net,2026-03-06,False,high,control,0
5720,Douglas Bridges,rsherman@example.com,2024-11-28,False,medium,control,0
5721,Krystal Wood,simsjimmy@example.net,2026-04-07,True,medium,control,0
5722,James Hammond,balexander@example.net,2026-06-13,True,low,treatment,0
5723,Mrs. Vickie Sloan,erica68@example.net,2024-10-18,False,medium,treatment,0
5724,Chelsea Green,johnsonlaura@example.net,2026-01-12,False,low,treatment,0
5725,Brenda Ayala,timothy39@example.net,2026-05-08,True,high,control,0
5726,Cheryl Johnson,wruiz@example.org,2025-01-07,True,medium,control,0
5727,Juan Peters,april30@example.com,2025-03-20,True,low,treatment,0
5728,Juan Lara,theresa95@example.net,2026-01-07,False,low,treatment,0
5729,Alexis Brown,spencerjohn@example.net,2025-06-26,False,low,treatment,0
5730,Andrew Johnson III,kevin12@example.net,2025-02-04,False,high,treatment,0
5731,Timothy Smith,erika25@example.com,2026-06-25,True,low,treatment,0
5732,Janice Morris,ryan44@example.org,2026-08-02,False,low,treatment,0
5733,Michelle Schwartz,dbrown@example.net,2025-02-03,False,low,control,1
5734,Gary Chapman,crawfordryan@example.org,2024-11-26,True,medium,control,0
5735,Kaylee Young,karen09@example.com,2026-03-18,True,high,treatment,0
5736,Brandy Rhodes,andersonpaul@example.com,2026-09-15,True,low,control,0
5737,Kelli Rangel,smithcaleb@example.net,2025-02-15,False,low,control,0
5738,Allison Barnes,xrogers@example.net,2026-09-08,False,low,treatment,0
5739,Susan Lopez,paulparker@example.com,2025-03-12,False,medium,treatment,0
5740,Steven Thompson,bradyjoseph@example.net,2025-12-31,False,medium,treatment,0
5741,Curtis Craig,cooperchristina@example.org,2025-12-10,False,low,treatment,0
5742,Monica Nelson,grahamjesse@example.org,2025-05-17,False,medium,treatment,0
5743,Christopher Johnson,slopez@example.org,2026-08-14,True,low,control,1
5744,Jacqueline Miller,joyce98@example.net,2026-05-22,False,low,treatment,0
5745,Jacqueline Rogers,brittany52@example.net,2025-07-24,False,low,control,0
5746,Evan Taylor,jgonzalez@example.com,2024-12-29,False,low,treatment,0
5747,Karen Day,ashleybrown@example.org,2024-10-03,False,medium,control,0
5748,Billy Hickman,patrickhampton@example.net,2026-01-03,False,medium,treatment,0
5749,Brianna Edwards,mary81@example.org,2024-12-03,True,low,treatment,0
5750,Philip James,jeremy30@example.org,2025-04-10,True,high,treatment,0
5751,Alan Wilson,cameroncoleman@example.com,2025-01-30,False,high,treatment,0
5752,John Mendoza,oconnellnathan@example.net,2026-07-13,False,low,treatment,0
5753,Casey Mendoza,qjohnson@example.org,2025-07-26,False,medium,treatment,1
5754,Kristine Ross,vsalazar@example.net,2026-08-02,False,low,treatment,0
5755,Heather Powers,twong@example.org,2024-11-02,False,low,treatment,0
5756,Scott Vazquez,christine67@example.org,2026-02-11,True,medium,treatment,0
5757,Cheryl Cunningham,doughertyscott@example.org,2025-12-11,False,low,control,0
5758,Ernest Barrett,cynthia20@example.org,2024-11-04,False,medium,control,0
5759,Rachel Webb,oconnordouglas@example.net,2025-06-13,False,low,control,0
5760,Courtney Banks,jasonarnold@example.com,2025-03-05,False,high,treatment,0
5761,Steven Dodson,vmercer@example.net,2026-06-22,False,low,control,0
5762,Michael Pruitt,cperkins@example.com,2024-12-09,True,low,control,0
5763,Kelsey Robbins,priscilla11@example.com,2025-09-13,False,medium,treatment,0
5764,Betty Aguilar,troymorris@example.com,2026-08-02,True,medium,treatment,0
5765,Alexandra Morales,jasonberg@example.net,2026-05-24,False,medium,control,1
5766,Jordan Griffith,jennifer93@example.com,2024-11-06,False,low,treatment,0
5767,Matthew Crawford,stoneandrew@example.net,2026-02-06,False,low,treatment,0
5768,Andrea Proctor,orice@example.com,2025-04-09,False,high,control,0
5769,Nicholas Bryan,george43@example.com,2025-12-05,False,medium,treatment,0
5770,James Krueger,kyle67@example.org,2024-12-13,False,medium,treatment,0
5771,Jennifer Fox,plove@example.org,2025-04-21,False,low,control,0
5772,Dwayne Butler,nicholas27@example.org,2026-02-04,False,low,control,0
5773,Mark Garcia,stewarttyler@example.com,2024-12-14,False,low,treatment,0
5774,George Burton,matthew79@example.com,2025-12-26,False,high,control,0
5775,Joe Bowers,alvarezscott@example.org,2026-05-18,False,high,treatment,0
5776,Jacqueline Novak,rittercharles@example.org,2024-12-01,True,medium,treatment,0
5777,Ashley Ruiz,briana12@example.net,2025-12-18,False,medium,control,0
5778,Jerome Martinez,richardsonmatthew@example.net,2026-07-17,False,medium,control,0
5779,Samuel Garcia,iroberts@example.com,2025-07-29,False,medium,treatment,0
5780,Matthew Parker,katherinecurry@example.org,2025-08-03,True,medium,control,0
5781,Patrick Casey,lopezbrett@example.org,2024-09-19,False,low,treatment,0
5782,Kenneth Williams,nicholasmoore@example.org,2026-08-15,False,low,control,0
5783,Ashley Ramirez,nbarnes@example.com,2025-08-12,False,low,treatment,0
5784,Christopher Johnson,vickiemccann@example.net,2025-11-09,True,low,control,0
5785,Ryan Howell,brianoconnor@example.com,2026-03-03,True,medium,control,0
5786,Steven Price,nunezkayla@example.com,2026-07-18,True,low,treatment,0
5787,Denise Bell,randycarpenter@example.com,2024-11-08,True,low,treatment,0
5788,Alyssa Johnson,antoniohudson@example.com,2025-07-09,False,low,control,0
5789,Anthony Clarke,johnlopez@example.com,2024-12-13,False,high,control,0
5790,Julie Martinez,ykennedy@example.org,2026-06-30,False,medium,control,0
5791,George Jordan,christophernelson@example.org,2025-04-02,True,low,control,0
5792,Andrew Serrano,jay07@example.com,2025-01-18,False,medium,control,0
5793,John Williamson,rita93@example.net,2025-07-06,False,medium,control,0
5794,Carly Luna,millerkim@example.net,2025-12-29,False,low,treatment,0
5795,Kendra Moses,wilsonbryce@example.org,2024-10-11,False,medium,control,0
5796,Michael Carpenter,alyssadiaz@example.org,2025-01-03,False,high,treatment,0
5797,George Nelson,sandersjohn@example.org,2025-03-28,False,low,treatment,0
5798,Lisa Dunn,hjohnson@example.net,2025-01-18,False,medium,treatment,0
5799,Nathaniel Richardson,david93@example.org,2026-01-11,False,low,treatment,0
5800,Amy Martinez,ellen16@example.net,2026-05-16,True,medium,control,0
5801,Emily Caldwell,williamstammy@example.com,2026-01-13,False,medium,treatment,0
5802,Victoria Baker,matthewsbradley@example.com,2025-02-09,False,medium,control,0
5803,Andrew Williamson,cellis@example.com,2024-09-24,False,medium,control,0
5804,Richard Collier,stacyroth@example.com,2025-07-04,False,low,treatment,0
5805,Gabriel Ewing,ismith@example.com,2026-06-16,True,low,treatment,0
5806,Kevin Pruitt,karen32@example.org,2026-01-22,False,low,control,0
5807,Mr. Brian Olsen,daniel59@example.net,2025-01-20,True,high,treatment,0
5808,Robert Perkins,icarlson@example.org,2024-12-21,True,medium,control,0
5809,Brenda Bailey,chad75@example.com,2026-08-24,False,low,control,1
5810,John Brooks,qmartin@example.com,2026-06-09,False,low,control,0
5811,Sara Villanueva,ryansmith@example.net,2025-10-31,False,low,control,0
5812,Matthew Williams,jessicalang@example.com,2025-09-25,True,low,treatment,1
5813,Mark Bell,melissaperry@example.com,2025-06-23,True,low,treatment,0
5814,Kimberly Johnson,robert30@example.org,2024-10-23,False,low,treatment,0
5815,Kari Diaz,heatherhopkins@example.org,2025-04-10,False,low,treatment,0
5816,Lisa Castro,patriciachavez@example.org,2025-03-29,False,high,control,0
5817,Cindy Kennedy,fholloway@example.net,2025-03-02,False,high,treatment,0
5818,Charles Russell,morgan54@example.org,2025-09-16,False,low,treatment,0
5819,Shawn Bishop,shelbysimon@example.net,2025-02-20,False,medium,treatment,0
5820,Amanda Ruiz,caseychristina@example.com,2025-12-08,False,low,treatment,0
5821,Thomas Butler,ortegaanthony@example.net,2026-05-08,False,medium,control,0
5822,Joseph Cummings,andrew33@example.com,2026-02-27,False,medium,treatment,0
5823,Zachary Strickland,maria27@example.com,2025-12-01,True,low,treatment,0
5824,John Robles,jwhite@example.org,2026-04-25,False,low,control,0
5825,Cynthia Flores PhD,lmontgomery@example.org,2026-04-08,True,medium,treatment,0
5826,Timothy Ramos,colin65@example.net,2026-09-09,False,medium,control,0
5827,Jennifer Payne,kimberlyphillips@example.net,2026-04-12,True,low,control,1
5828,Courtney Perkins,ali@example.net,2026-08-12,False,medium,treatment,0
5829,Erica Hernandez,tfoster@example.com,2024-11-04,False,high,treatment,0
5830,Kayla Lewis,dominiquechavez@example.org,2026-03-09,False,low,treatment,0
5831,Michael Medina,xrivera@example.org,2026-04-06,False,high,control,0
5832,Jessica Neal,wendy16@example.com,2026-06-23,False,medium,control,0
5833,Mariah Ward,davidcandice@example.com,2025-11-18,False,low,treatment,0
5834,Patrick Taylor,thill@example.net,2026-02-17,False,medium,control,0
5835,Hannah Garcia,jimmy04@example.org,2026-06-27,False,low,treatment,0
5836,Christopher Lawson,mmoore@example.org,2025-09-15,False,low,treatment,0
5837,Devon Lester,herbertgarcia@example.org,2026-01-26,True,high,control,0
5838,Matthew Patrick,glee@example.org,2026-01-18,True,low,control,0
5839,Melanie Johnson,jonathanharris@example.com,2025-05-13,False,medium,treatment,1
5840,Christopher Reilly,jessicamurphy@example.net,2026-03-08,False,low,treatment,1
5841,John Johnson,jared51@example.org,2025-05-07,True,low,control,0
5842,Dakota Powers,wendy17@example.org,2025-12-03,False,low,treatment,0
5843,Tracy English,zhall@example.org,2026-03-26,False,low,treatment,0
5844,Mark Miles,michelle33@example.net,2025-12-24,True,medium,treatment,0
5845,Carol Turner,iowen@example.net,2026-08-22,False,medium,treatment,0
5846,Bridget Sanders,ashleynewman@example.net,2025-03-22,True,medium,treatment,1
5847,Melissa Thompson,michael18@example.com,2025-11-09,False,high,treatment,0
5848,Ariel Elliott,simmonsgregory@example.com,2025-11-27,True,low,treatment,1
5849,Thomas Morris,mmorgan@example.org,2026-07-21,False,high,control,0
5850,Ashley Walker,yschwartz@example.org,2025-07-29,False,low,treatment,0
5851,Adam Nelson,shawnsmith@example.net,2026-04-19,True,low,control,0
5852,Janet Miller,ehaynes@example.org,2025-07-19,True,low,treatment,0
5853,Sarah Richmond,thompsonshawn@example.net,2026-05-05,True,medium,treatment,0
5854,Selena Alvarado,chowell@example.org,2026-09-08,False,high,control,0
5855,William Dickerson,christopher62@example.net,2025-02-06,False,medium,treatment,0
5856,Vanessa Newman,oarnold@example.com,2025-05-04,False,low,control,0
5857,Kristin Vaughn,aoconnell@example.org,2025-12-05,False,low,treatment,0
5858,Jack Wright,chavezmatthew@example.org,2025-03-26,True,low,treatment,1
5859,Jessica Phillips,amberquinn@example.com,2024-10-22,True,medium,control,0
5860,Julie Bruce,wrogers@example.com,2025-07-19,True,low,treatment,1
5861,Amy Phillips,david09@example.com,2025-06-30,True,high,treatment,0
5862,Nicholas Robinson,debbie28@example.net,2025-01-30,False,medium,control,0
5863,Daniel Williamson,ntucker@example.com,2025-02-12,False,low,control,0
5864,Michael Lambert,savagesteven@example.com,2025-07-13,True,medium,treatment,0
5865,Kayla Myers,donaldmarquez@example.net,2026-09-09,True,low,control,0
5866,Michael Gonzalez,fthompson@example.org,2024-11-12,False,low,treatment,0
5867,Traci Kim,tammypeterson@example.com,2025-05-28,False,low,treatment,0
5868,Derrick Wood,colemanashley@example.net,2025-05-21,False,medium,treatment,0
5869,Betty Baker,zyoung@example.org,2025-12-04,False,medium,treatment,0
5870,Michele Meyer,heather41@example.com,2025-11-15,False,low,treatment,0
5871,Patricia Evans,christopherprince@example.net,2024-12-12,False,low,control,0
5872,Benjamin King,rileysteven@example.com,2025-01-02,False,high,treatment,0
5873,Krista Crane,tgreen@example.org,2026-08-11,False,low,treatment,0
5874,Patrick Holt,ybraun@example.org,2025-02-10,True,low,control,0
5875,Joel James,brendanchavez@example.net,2026-06-23,True,low,treatment,0
5876,Lisa Flores,aguilarrandall@example.net,2025-06-02,False,high,control,0
5877,Susan Howell,andrew23@example.com,2026-08-12,False,low,treatment,0
5878,Jack Williams,josephbryan@example.org,2025-09-27,False,medium,treatment,0
5879,Brenda Matthews,christopher39@example.org,2024-09-20,False,medium,treatment,0
5880,Heather Brown,torresjonathan@example.net,2026-05-15,False,medium,control,0
5881,Luis Brown,yvette52@example.org,2025-09-04,False,low,treatment,0
5882,Luke King,scooper@example.com,2025-05-04,False,low,control,0
5883,Diane Taylor,nhall@example.org,2026-04-07,False,medium,control,0
5884,Kristin Snow,kcooper@example.org,2025-02-15,True,low,treatment,1
5885,Curtis Brown,kennethclark@example.org,2025-07-22,True,low,treatment,0
5886,Matthew Clarke,linda03@example.com,2025-12-27,True,low,control,0
5887,Shelly Roberts,sanfordfelicia@example.net,2026-06-25,True,low,treatment,0
5888,Mrs. Michelle Curtis,kruegerjade@example.com,2024-12-07,False,low,control,0
5889,Brittany Cherry,christopherreyes@example.org,2026-06-25,True,medium,control,0
5890,Laura Nixon,ricenicholas@example.net,2026-01-16,False,medium,control,0
5891,Bradley Shaffer,stephensstacy@example.org,2025-01-07,True,medium,control,0
5892,Tamara Hawkins,rosborn@example.com,2026-07-14,False,medium,control,0
5893,Brenda Larsen,shannon53@example.com,2025-07-23,False,high,treatment,0
5894,Arthur Jones,michaelbrowning@example.com,2026-02-06,False,medium,treatment,0
5895,Danielle Petty,zmartin@example.org,2026-01-15,False,medium,treatment,0
5896,Michael Faulkner,brianjones@example.net,2025-05-27,False,low,control,0
5897,Frank Lawson,penachristy@example.com,2026-03-31,False,low,treatment,0
5898,Steven Gilbert,joe10@example.com,2026-05-31,False,high,treatment,0
5899,Mr. Thomas Lopez,ucordova@example.org,2026-08-11,True,low,control,0
5900,Michael Trevino,barbara68@example.net,2025-11-11,True,low,treatment,0
5901,Victor Cox,jenny20@example.org,2024-09-18,True,low,treatment,0
5902,Vicki Lyons,erika44@example.net,2026-05-30,False,high,control,0
5903,Charles Griffin Jr.,lindseymadison@example.net,2026-06-04,False,low,treatment,0
5904,William Gregory,curtispearson@example.com,2025-05-14,False,low,treatment,0
5905,Brandi Waters,audreyjohnson@example.org,2025-01-23,True,low,treatment,0
5906,Ashley Williams,wanderson@example.org,2024-10-27,False,high,treatment,0
5907,Paul Harper,caitlinroth@example.com,2025-05-13,True,low,control,0
5908,Wayne Moore,stevenschneider@example.com,2026-03-28,True,medium,treatment,0
5909,Timothy Rios,jaredjohnson@example.org,2025-01-10,False,low,treatment,0
5910,James Kim,davidmartin@example.com,2025-07-19,False,low,treatment,0
5911,Daniel Turner,anna95@example.com,2026-08-02,False,medium,control,0
5912,Austin Best,megan09@example.net,2025-11-05,False,medium,control,0
5913,Angela Evans,samantha76@example.org,2026-03-23,False,low,control,0
5914,Susan Werner,michaelbutler@example.com,2026-04-02,False,high,treatment,0
5915,Jeffrey Collins,lkim@example.com,2026-07-05,True,low,treatment,0
5916,Jonathan Sharp,david65@example.org,2025-07-03,False,medium,treatment,0
5917,Patricia Gutierrez,michelle11@example.com,2025-11-19,False,high,control,0
5918,Luis Russo,robert70@example.com,2026-06-16,False,low,control,0
5919,James Bishop,brandon80@example.com,2026-02-02,False,medium,treatment,0
5920,Aaron Crane,trobinson@example.org,2025-09-20,True,low,treatment,0
5921,Edward Butler,zrivera@example.net,2025-12-28,True,medium,treatment,0
5922,Lucas White,danielcannon@example.org,2025-11-01,False,medium,control,0
5923,Robert Griffith,holly62@example.com,2025-06-20,False,low,control,0
5924,Nathan Eaton,william49@example.com,2025-12-21,False,medium,treatment,0
5925,Brent Chambers,joshua89@example.org,2026-03-04,False,high,treatment,0
5926,Courtney Chen,martinshields@example.com,2025-11-08,True,high,treatment,1
5927,Lindsey Mendez,hamiltonmichael@example.com,2026-07-23,False,medium,treatment,0
5928,Lindsay Morgan,andreawells@example.net,2025-05-10,False,low,treatment,1
5929,Adam Steele,kelleytyler@example.com,2026-03-22,False,low,treatment,0
5930,Ralph Martinez,patricia63@example.org,2025-07-23,False,medium,treatment,0
5931,Joshua Robbins,edwardsaaron@example.net,2026-09-14,False,low,control,0
5932,Paul Reid,montgomeryshaun@example.net,2026-08-21,False,high,treatment,0
5933,Ryan Cox,hrichardson@example.org,2025-03-27,False,low,treatment,0
5934,Donna Burke,gary04@example.org,2024-09-29,True,low,treatment,0
5935,Elizabeth Davis,amyhowe@example.com,2025-05-09,False,medium,control,1
5936,Sandra Payne,markjohnson@example.com,2025-05-02,False,low,treatment,0
5937,Stephen Obrien,stephenconley@example.com,2026-09-04,False,medium,control,0
5938,Dr. Sandra Riley,bsandoval@example.net,2025-07-07,False,high,control,1
5939,Jessica Hill,kathleenvelasquez@example.org,2026-05-07,False,low,control,1
5940,Scott Harris,tiffany59@example.com,2025-10-15,False,high,treatment,0
5941,Joel Brown,iaguilar@example.org,2025-07-17,False,low,treatment,0
5942,Ashley Brooks,carly60@example.net,2026-01-01,True,low,treatment,0
5943,Caleb Smith DDS,lisa20@example.net,2026-03-28,False,low,control,0
5944,Willie Erickson,vsilva@example.com,2025-02-14,True,low,treatment,0
5945,Dean Lee,sara63@example.org,2025-08-31,False,low,treatment,0
5946,Kayla Griffith,sanchezamber@example.com,2026-06-30,False,low,control,0
5947,Shelby Rodriguez,sotoeileen@example.net,2026-01-27,True,low,treatment,0
5948,David Hogan,natalie23@example.org,2024-11-24,False,low,control,0
5949,Donald Soto,dsmith@example.org,2024-12-31,True,high,control,0
5950,Patricia Butler,juliewashington@example.net,2026-01-02,False,low,treatment,0
5951,Misty Lee,geraldwilliams@example.net,2026-08-03,True,high,control,0
5952,Anthony Campbell,donna35@example.org,2025-12-02,False,low,treatment,0
5953,Sherri Hoffman,lgilmore@example.com,2025-08-30,False,medium,control,0
5954,Amanda Carter,elizabethpeterson@example.net,2025-11-23,False,low,treatment,0
5955,Richard Chen,frank41@example.com,2024-10-18,False,low,treatment,0
5956,Robert Valdez,melissaglover@example.org,2025-09-13,False,medium,control,0
5957,Christine Johnson,francojoanne@example.com,2025-11-10,True,high,treatment,0
5958,Robert Davis,jeffreydorsey@example.net,2024-12-10,False,high,treatment,0
5959,Christopher Martin,fullermatthew@example.org,2025-12-09,False,high,treatment,1
5960,Katelyn Barnes,yvette62@example.org,2024-11-23,True,medium,treatment,0
5961,Alexa Brown,bradleytaylor@example.org,2026-05-11,False,low,treatment,0
5962,Jim Hampton,ureynolds@example.net,2025-12-26,True,high,control,0
5963,Christy Hernandez,darrenhorton@example.net,2025-05-18,True,high,treatment,0
5964,Ashlee Allen,sandra68@example.net,2026-09-02,True,low,control,0
5965,Lauren Johnson,lorimiller@example.net,2025-04-13,False,low,treatment,0
5966,Tara Scott,elizabeth94@example.net,2025-11-25,False,medium,control,0
5967,Edward Kirby,robertsjohn@example.com,2026-09-11,True,low,treatment,0
5968,Jo Ward,ashleywillis@example.com,2026-05-04,False,low,treatment,0
5969,Shane Turner,robert57@example.com,2025-09-29,False,low,treatment,0
5970,Nancy Moore,jacquelinehunt@example.net,2025-10-12,True,low,control,0
5971,Elizabeth Stewart,dyercheryl@example.org,2025-03-18,True,low,treatment,0
5972,Mrs. Kristin Moore,sheilagarcia@example.com,2026-02-12,True,high,treatment,1
5973,Kathryn Green,christinafreeman@example.com,2026-07-03,False,medium,treatment,0
5974,Richard Alexander,lutzjohn@example.org,2025-01-14,False,low,control,0
5975,Zachary Arellano,moranmelissa@example.net,2025-02-17,False,medium,treatment,0
5976,Charlotte Wells,jeromehancock@example.com,2026-07-16,False,low,treatment,1
5977,Edward Jones,ereed@example.org,2026-08-07,True,medium,treatment,0
5978,Jeffrey Martin,nhurley@example.org,2026-08-16,False,medium,control,1
5979,Willie Schmidt,tammystevens@example.com,2026-01-28,False,high,control,1
5980,Rachel White,kraymond@example.org,2025-10-07,False,high,treatment,0
5981,William Cannon,acostaangela@example.com,2026-03-30,False,medium,control,0
5982,Melissa Black,roserhonda@example.net,2025-12-14,False,low,treatment,0
5983,Bryan Meyers,justindeleon@example.org,2025-07-14,False,low,control,0
5984,Matthew Chapman,matthew43@example.org,2025-04-12,False,low,control,0
5985,Michelle Mack,aanderson@example.com,2024-10-23,True,medium,treatment,1
5986,Krystal Harding,kellyhill@example.org,2026-05-15,True,low,treatment,0
5987,Sara Johnson,salazarchristopher@example.net,2026-08-23,False,medium,control,0
5988,Brian Lee,kellyperez@example.net,2025-09-29,True,high,control,0
5989,Kathleen Yu,jonathan83@example.net,2026-03-09,False,high,control,0
5990,Barbara Taylor,michaelharvey@example.net,2026-08-06,False,low,control,0
5991,Kyle Miller,kevinrodriguez@example.net,2026-05-21,True,low,control,0
5992,Julie Martin,kelly95@example.org,2026-09-17,False,low,control,0
5993,Kenneth Fuller,kellylisa@example.net,2025-02-17,False,medium,treatment,0
5994,Raymond Ford,daniel65@example.org,2026-07-29,True,low,treatment,0
5995,Amber Watson,teresa27@example.com,2025-06-28,False,high,treatment,0
5996,Sean Walker,etaylor@example.com,2024-11-23,True,low,treatment,0
5997,Mrs. Jasmin Jenkins,thomas43@example.net,2026-04-09,False,low,control,0
5998,Dr. Cynthia Nelson,ymata@example.org,2026-03-15,False,low,treatment,0
5999,Rebecca Diaz,glennjeremy@example.org,2026-07-25,False,low,treatment,0
6000,Kevin Miller,jameslee@example.com,2026-08-28,False,low,treatment,0
6001,Brian Taylor,manningjamie@example.net,2024-11-19,False,low,control,0
6002,Christian Alexander,benjamin74@example.net,2026-02-27,True,medium,control,0
6003,Gregory Shields,barbaranguyen@example.com,2025-05-21,False,high,control,0
6004,Michele Ramirez,ewalker@example.com,2025-11-30,False,high,control,1
6005,Hector Larson,clarkmatthew@example.com,2026-09-17,False,high,control,0
6006,Stacy Moore,scottmcneil@example.com,2025-08-02,False,low,control,0
6007,James Kirk,robertwolfe@example.com,2024-11-10,False,medium,control,0
6008,Jeremiah Smith,wanda52@example.org,2025-04-20,True,medium,treatment,0
6009,Melissa Ward,jgreen@example.com,2025-04-16,True,medium,treatment,0
6010,Anthony Nelson,pmiller@example.com,2024-10-16,True,low,treatment,1
6011,Donna Christensen,ogaines@example.org,2024-12-05,False,medium,control,0
6012,Gregory Singleton,pamelaknight@example.com,2025-01-30,False,high,treatment,0
6013,Raymond Fowler,joshua24@example.org,2024-11-24,False,low,treatment,0
6014,Patrick Lewis,ycarr@example.org,2026-02-13,False,medium,treatment,0
6015,Joshua Schmidt,matthewhiggins@example.com,2026-07-01,False,low,control,0
6016,Miss Tiffany Simmons,jose87@example.com,2026-03-30,False,low,treatment,0
6017,Keith Juarez,wgreen@example.net,2025-04-18,False,medium,control,0
6018,Kevin Lucero,jason82@example.com,2025-05-13,False,medium,control,0
6019,Lauren Simpson,bryan78@example.net,2026-06-17,True,high,treatment,0
6020,Karen White,jesse81@example.com,2025-10-09,False,low,treatment,0
6021,Jennifer Gonzales,nathan19@example.org,2026-01-26,False,low,treatment,0
6022,Regina Gutierrez,brewerdawn@example.net,2025-11-24,False,low,treatment,0
6023,Christopher Gonzales,smithalan@example.org,2026-03-03,False,low,treatment,0
6024,Rebecca Oneill,elee@example.net,2026-05-29,False,high,control,0
6025,Anthony Harris,bobhiggins@example.com,2024-11-11,False,low,control,0
6026,Alicia Roberts,ghill@example.net,2026-08-18,True,low,treatment,0
6027,Justin Booker,chad03@example.com,2025-09-12,False,medium,control,0
6028,Alexis Carroll,ericblair@example.net,2025-10-05,False,medium,treatment,0
6029,Amanda Horne,mjones@example.org,2026-03-19,False,low,control,0
6030,Kari Harvey,ricerobert@example.com,2025-11-23,True,medium,control,0
6031,Karen Wolfe,orobinson@example.org,2026-08-30,False,medium,treatment,0
6032,Rebecca West,tracygutierrez@example.org,2024-11-17,False,medium,treatment,0
6033,James Lynch,druiz@example.org,2025-11-25,False,low,control,0
6034,Arthur Lewis,crystal66@example.net,2026-06-12,False,high,control,0
6035,Jamie Smith,kristin70@example.org,2025-09-17,False,low,control,0
6036,Ariel Calhoun,davidwilson@example.net,2025-07-03,False,low,control,0
6037,Shelly Raymond,floresmegan@example.org,2024-12-15,True,high,treatment,0
6038,Angela Rocha,grossashley@example.com,2026-03-01,False,high,control,0
6039,Richard Moon,egilbert@example.org,2024-10-15,True,medium,treatment,0
6040,Mrs. Elizabeth Miller,lperez@example.net,2025-01-04,True,medium,control,0
6041,Brian James,rhondastark@example.com,2025-09-22,False,medium,control,0
6042,Jeffrey Thomas,villanuevatodd@example.org,2026-05-04,True,low,treatment,1
6043,Eric Olsen,cstewart@example.org,2026-02-15,True,low,control,0
6044,Brooke Baldwin,ruthbass@example.com,2025-12-26,False,medium,control,1
6045,Michael Meza,aaron24@example.org,2026-08-25,False,medium,control,0
6046,Brenda Lewis,harry17@example.net,2025-05-09,True,low,control,0
6047,Kathleen Martinez,ericmoore@example.com,2024-11-21,True,medium,control,0
6048,Robert Anderson,danielwarren@example.com,2025-07-24,False,low,control,0
6049,Ruth Ramirez,gregoryreese@example.net,2024-09-24,True,high,treatment,0
6050,Lisa Williams,cheryl30@example.net,2025-11-13,False,medium,control,0
6051,James Cole,ythompson@example.org,2025-12-23,False,low,treatment,0
6052,Michelle Sweeney,megan91@example.net,2024-10-17,False,medium,control,0
6053,Katherine Riggs,lydia95@example.com,2026-09-08,False,medium,control,0
6054,Margaret Allison,regina57@example.com,2026-02-23,False,low,control,0
6055,Michael Mccullough,mrodriguez@example.com,2025-01-17,False,low,treatment,0
6056,Lauren Reid,adrianasweeney@example.org,2025-01-01,True,medium,control,0
6057,Carrie Mcdonald,usimmons@example.com,2026-03-23,True,medium,treatment,0
6058,Donna Porter,kayla46@example.net,2025-04-28,False,low,control,0
6059,Maria Lopez,cortezeric@example.org,2026-05-31,False,medium,treatment,0
6060,Jason Sherman,michael38@example.net,2025-01-20,False,medium,control,0
6061,Breanna Wright,jennifer35@example.com,2025-07-18,False,low,treatment,0
6062,Victoria Schroeder,xcabrera@example.com,2026-01-20,False,high,control,0
6063,Steven Hernandez,mcphersontiffany@example.net,2025-12-10,False,high,control,0
6064,Dakota Pacheco,efowler@example.net,2024-11-13,True,high,treatment,0
6065,Jesus Arellano,rochanancy@example.org,2026-07-25,False,low,control,1
6066,Raymond Rodriguez,nmonroe@example.org,2025-06-02,False,low,treatment,1
6067,Caitlyn Jones,amy65@example.org,2025-11-12,True,low,control,0
6068,Dakota Greene,andrew79@example.org,2024-12-14,True,low,treatment,0
6069,Amy Rios,browndeanna@example.com,2025-04-20,False,medium,treatment,0
6070,Charles Freeman,karenbyrd@example.com,2025-07-04,True,high,treatment,0
6071,Jeremy Gutierrez,angelaflowers@example.net,2025-01-21,False,high,control,0
6072,Taylor Savage,obutler@example.net,2025-12-29,False,low,treatment,1
6073,David Francis,mmorgan@example.net,2026-06-11,False,medium,treatment,0
6074,Karen Miller,adamstiffany@example.org,2025-07-29,True,low,treatment,0
6075,Brandi Walker,zsantiago@example.com,2026-03-05,True,low,treatment,0
6076,Diana Gonzalez,marthaluna@example.net,2024-11-02,False,low,treatment,0
6077,Michael Taylor MD,rebekah05@example.net,2025-04-12,True,medium,treatment,1
6078,David Gibbs,tracy52@example.net,2026-08-11,False,low,treatment,0
6079,Dr. Matthew Cook,jgaines@example.net,2025-10-19,True,low,control,0
6080,Robert Morgan,anthony42@example.org,2024-10-02,False,low,control,0
6081,Mark Carr,rodriguezmaria@example.com,2025-08-08,False,medium,treatment,0
6082,Douglas Clark,griffithscott@example.net,2025-10-21,False,low,control,0
6083,Carl Manning,melissalewis@example.net,2025-05-22,False,medium,control,0
6084,Timothy Conley,reesecourtney@example.org,2026-01-08,False,medium,treatment,0
6085,Terri Larson,michellewood@example.net,2025-02-14,False,low,control,0
6086,Katherine Francis,thompsonmichael@example.com,2025-06-08,False,high,treatment,0
6087,Katherine Johnson,yvonnerojas@example.org,2024-11-01,True,high,control,0
6088,John Estrada,angela62@example.com,2026-05-18,False,medium,treatment,0
6089,Becky Miller,triley@example.org,2025-10-26,True,medium,control,0
6090,Karen Ellis,hallstephanie@example.net,2025-02-21,False,low,treatment,0
6091,Maureen Becker,durhamrobin@example.com,2025-10-15,True,high,control,0
6092,Wendy Rivera,jenniferwebb@example.net,2025-07-24,False,low,treatment,0
6093,Michael Harris,jordankatrina@example.org,2025-12-31,True,medium,treatment,0
6094,Taylor Fisher,jgrant@example.net,2026-02-06,False,medium,control,0
6095,Mr. Daniel Sandoval,brandonlawrence@example.net,2026-08-08,False,low,treatment,0
6096,James Gilbert,suttondarlene@example.net,2025-10-21,False,low,treatment,0
6097,Nancy Holmes,kelly64@example.net,2025-03-08,False,medium,treatment,0
6098,Taylor Miller,tsherman@example.net,2025-05-07,False,low,control,0
6099,Carolyn Goodman,corywilliams@example.net,2026-02-05,False,low,control,0
6100,Michelle Christensen,owright@example.net,2025-06-13,True,medium,treatment,0
6101,Gabriel Jackson,pattersonmichael@example.org,2025-02-09,False,medium,treatment,0
6102,Sara Navarro,laurenrobertson@example.com,2024-11-13,True,medium,treatment,0
6103,Kayla Maldonado,kyle30@example.org,2025-08-22,True,low,treatment,0
6104,George Lowe,erojas@example.com,2024-12-14,False,medium,treatment,0
6105,Stephanie Underwood,mindy83@example.org,2025-07-07,False,low,treatment,1
6106,Christopher Richardson,janicegonzalez@example.com,2025-08-16,False,medium,treatment,0
6107,Michael Cervantes,dbaxter@example.org,2025-01-31,False,high,control,0
6108,Gabrielle Bryant,cpatterson@example.com,2025-11-11,False,low,treatment,0
6109,Alicia Zuniga,ronaldfry@example.com,2025-09-26,False,medium,control,0
6110,Gregory Boone,derekhines@example.com,2025-09-14,True,low,control,0
6111,Mariah Green,emilysmith@example.com,2025-02-06,True,low,control,0
6112,Drew Anthony,brandy60@example.org,2024-09-20,True,low,treatment,0
6113,Matthew Moore,ogarcia@example.org,2025-10-10,False,low,control,1
6114,Leslie Page,thomasknight@example.net,2025-11-24,False,low,control,0
6115,Kristin Chase,ihutchinson@example.org,2025-07-16,False,low,treatment,0
6116,Ryan Friedman,dmclaughlin@example.com,2026-03-15,False,high,treatment,0
6117,Andrew Meyer,usutton@example.net,2024-12-17,True,low,control,0
6118,Eric Patton,david89@example.org,2025-01-17,False,high,control,0
6119,Robert Bass,vrogers@example.org,2025-09-08,False,high,treatment,0
6120,Billy Miller DDS,ksantana@example.org,2024-12-10,False,high,control,0
6121,Micheal Mcguire,brhodes@example.org,2026-04-12,True,low,treatment,0
6122,Luis Farley,ehopkins@example.org,2026-06-08,False,high,control,0
6123,Erica Molina,vgarrett@example.org,2025-06-24,True,low,control,0
6124,Joy Harrison,johnathan36@example.org,2025-10-13,True,low,control,0
6125,Victoria Lee,youngmatthew@example.org,2025-02-11,True,high,control,0
6126,Micheal Collins,gsingleton@example.com,2025-05-13,False,medium,treatment,0
6127,Patrick Patterson,kevin48@example.org,2024-12-09,False,medium,control,0
6128,Sarah Freeman,danielmartinez@example.com,2026-07-10,False,medium,control,0
6129,Teresa Mullen,lori50@example.org,2026-04-02,False,medium,control,1
6130,Daniel Duran,ibrooks@example.net,2026-01-14,False,medium,treatment,0
6131,Jason Hart,onorris@example.net,2025-09-10,False,low,control,0
6132,John Vasquez,kylemartin@example.net,2025-03-10,False,low,control,0
6133,Sara Weeks,josephguerra@example.org,2025-07-23,False,low,treatment,0
6134,Samantha Taylor,yfisher@example.com,2025-07-22,True,low,treatment,0
6135,Micheal Williams,omeyers@example.org,2026-06-12,False,low,treatment,0
6136,Crystal Werner,fwyatt@example.com,2025-03-23,False,low,control,0
6137,Amanda Moss,james71@example.net,2026-04-04,False,medium,control,0
6138,Cody Bush,robinsonsally@example.com,2024-10-12,False,low,treatment,0
6139,Gabriela Campos,thomassutton@example.com,2025-02-08,False,medium,treatment,0
6140,Brandy Moyer,clarkelizabeth@example.com,2025-07-04,False,low,treatment,0
6141,Jeffrey Ward,thomas87@example.net,2026-07-11,False,high,control,0
6142,Kelly Hunt,michael87@example.net,2026-03-06,True,low,treatment,1
6143,Michael Woods,cartercarol@example.com,2026-07-19,True,medium,control,0
6144,Elaine Jones,galvanbrianna@example.org,2026-04-24,False,low,control,0
6145,Laura Gomez,ryandebra@example.net,2026-04-11,True,low,control,0
6146,Tiffany Gill,blong@example.net,2026-08-27,False,low,treatment,0
6147,Ms. Elizabeth Smith,jacobcruz@example.com,2024-10-31,False,low,control,0
6148,Anthony Stewart,josedavis@example.org,2024-10-15,True,high,control,0
6149,Jason Anthony,jasonthompson@example.net,2025-04-11,False,medium,treatment,0
6150,Jeffrey Wright,eroy@example.org,2025-10-16,True,low,treatment,0
6151,Teresa Frazier,karinagarza@example.org,2025-04-25,False,medium,treatment,0
6152,Joseph Coleman,jross@example.net,2026-03-20,False,medium,control,0
6153,John Hernandez,matthewwelch@example.com,2026-03-19,False,low,control,0
6154,Michelle Benitez MD,sarahhendricks@example.net,2025-02-03,False,high,control,0
6155,Kristin Conley,john12@example.org,2024-10-10,True,medium,treatment,0
6156,Laura Williams,comptonanthony@example.org,2025-04-09,False,medium,treatment,0
6157,Joanne Lewis,isaac37@example.net,2025-03-17,False,low,treatment,1
6158,Edwin Schultz,bryan71@example.net,2025-11-09,False,low,treatment,0
6159,Dr. Christopher Jones,ebowers@example.net,2026-06-02,False,low,control,0
6160,Morgan Meza,suzannemay@example.org,2024-11-28,True,high,treatment,0
6161,Kathleen Simpson,amber21@example.net,2025-05-24,False,high,control,0
6162,John Rogers,dennistracy@example.net,2025-07-22,True,medium,treatment,0
6163,Charles Mcdaniel,brenda19@example.com,2026-02-10,True,medium,treatment,0
6164,Emma Bishop,fjackson@example.com,2025-05-31,False,low,control,0
6165,Jeff Howe,bmaxwell@example.org,2026-05-21,False,low,treatment,0
6166,Cindy Hunt,rford@example.com,2024-12-15,False,high,control,0
6167,Kevin Ponce,vasquezjennifer@example.com,2024-09-17,False,high,control,0
6168,Veronica Walsh,martinezdeborah@example.net,2026-06-08,False,low,treatment,0
6169,Nancy Torres,scottmooney@example.com,2026-08-11,True,medium,treatment,0
6170,Wayne Robinson,wmason@example.org,2025-07-21,False,low,treatment,0
6171,Donna Villanueva,martha49@example.org,2026-01-11,False,low,control,0
6172,Jennifer Brewer,carolyn87@example.net,2025-04-03,False,medium,control,0
6173,Melissa Smith,garretttran@example.com,2025-09-18,False,medium,control,1
6174,Michael Ruiz,tara78@example.com,2026-04-14,True,medium,treatment,0
6175,John Steele,neaton@example.org,2025-11-14,True,low,control,0
6176,Troy Roberts,bartlettdaniel@example.org,2025-01-04,False,high,control,0
6177,Joe Smith,taylorrobert@example.com,2026-03-21,True,low,control,0
6178,Jacqueline Hodges,mary55@example.net,2026-01-02,False,low,treatment,0
6179,Brent Carrillo,donnacoleman@example.org,2025-01-01,False,medium,treatment,0
6180,Katherine Patterson,tinahernandez@example.net,2026-08-24,True,low,treatment,0
6181,Vernon Brown,jonathanfox@example.net,2025-10-08,False,low,control,0
6182,Denise Fuller,carlamassey@example.net,2025-09-01,False,low,treatment,0
6183,Shane Harrington,katelynsalazar@example.org,2025-03-15,False,low,control,0
6184,Craig Griffin,nspencer@example.net,2026-02-25,False,low,treatment,0
6185,Kevin Moreno,william73@example.net,2026-06-15,True,medium,treatment,0
6186,Joshua Bartlett,vbailey@example.org,2025-03-18,True,low,treatment,0
6187,Robert Reid,timothyproctor@example.org,2026-03-06,False,low,control,1
6188,Brian Munoz,bennettzachary@example.net,2025-07-09,False,medium,treatment,0
6189,Tara Hickman,brookemonroe@example.net,2026-02-28,True,medium,treatment,0
6190,James Moore,rickywelch@example.org,2025-10-12,False,high,treatment,0
6191,Joanna Alexander,idrake@example.com,2026-08-21,False,medium,treatment,0
6192,Crystal Guzman,patelcarlos@example.net,2024-10-20,False,low,treatment,0
6193,Jessica Solomon,jeffward@example.net,2025-09-07,False,low,treatment,0
6194,Jeff Villegas,paulbrown@example.org,2025-03-12,False,low,control,1
6195,Justin Kennedy,perryrodriguez@example.net,2025-04-05,False,low,control,1
6196,Lisa Colon,jmiller@example.net,2025-04-25,False,high,control,0
6197,Tony Bonilla,josephpowell@example.org,2025-11-29,False,high,treatment,1
6198,Ralph Morton,austin72@example.net,2026-07-27,False,low,treatment,0
6199,Sarah Romero,alicia00@example.net,2025-12-15,False,low,treatment,0
6200,Kayla Hamilton,kristendaugherty@example.net,2026-04-22,False,low,treatment,0
6201,Melissa Spears MD,christina48@example.com,2026-03-17,False,medium,treatment,0
6202,Lawrence Brooks,marybean@example.com,2025-03-07,False,low,treatment,1
6203,Edward Cunningham,baldwintony@example.net,2026-07-20,False,low,treatment,0
6204,Jill Thomas,donaldpatterson@example.com,2026-03-04,True,low,treatment,0
6205,William Villa,stephaniesmith@example.com,2024-09-25,False,high,control,0
6206,Jack Brown,zkirby@example.net,2025-08-26,False,high,control,0
6207,Jessica Hart,princedaniel@example.com,2025-03-11,True,high,control,0
6208,Mariah Byrd,ariaszachary@example.org,2025-01-08,True,low,treatment,0
6209,Amanda Peterson,brownrichard@example.net,2026-01-30,True,medium,control,0
6210,Holly Wilkerson,sarah39@example.net,2025-01-09,False,low,control,0
6211,David Flores,nmorgan@example.org,2024-12-18,False,low,control,1
6212,William Duke,joshua13@example.net,2026-04-26,True,low,treatment,0
6213,Jacqueline Miller,mmorales@example.org,2025-02-16,False,medium,treatment,0
6214,Juan Stewart,brenda07@example.org,2025-05-30,False,medium,control,0
6215,Pamela Harper,smithryan@example.org,2025-07-14,True,medium,control,0
6216,Richard Morton,tcarter@example.net,2026-01-03,False,low,control,0
6217,Ronald Jarvis,mlane@example.org,2026-05-18,False,medium,treatment,0
6218,Donald Anderson,zsmall@example.net,2025-11-17,True,high,control,0
6219,Stacy Sanders,adrianmay@example.net,2025-04-14,False,low,control,0
6220,Benjamin Howard,patrick08@example.org,2026-03-14,True,low,treatment,0
6221,Brittany Ortiz,jacqueline85@example.net,2026-09-17,False,medium,control,0
6222,Erika Austin,kelleyjoseph@example.org,2025-11-25,False,low,treatment,0
6223,Tony Greer,veronica71@example.net,2026-04-03,True,low,control,1
6224,Margaret Mcmahon,jon74@example.net,2025-08-27,False,high,control,0
6225,James Walker,bassphilip@example.org,2025-11-18,False,low,treatment,0
6226,Mrs. Jenna Rodriguez MD,taylorpamela@example.net,2026-04-09,False,medium,treatment,0
6227,George Butler,michele60@example.com,2024-10-08,True,medium,control,0
6228,Alex Dixon,dawn76@example.com,2025-09-06,False,low,treatment,0
6229,Christy Brock,brandymcintosh@example.com,2025-09-08,True,low,treatment,0
6230,Christian Bradley,bushmark@example.org,2024-11-16,False,low,treatment,0
6231,Patty Dennis,bmorton@example.net,2024-12-17,True,medium,control,0
6232,Jay Harrington,wjones@example.com,2025-01-31,False,medium,treatment,0
6233,Crystal Miller,libeverly@example.org,2025-08-02,True,low,treatment,0
6234,Michael Young,olee@example.net,2024-12-05,True,low,treatment,0
6235,Scott Wright,connorbaker@example.org,2025-03-18,False,medium,control,0
6236,Patricia Smith,paul32@example.net,2025-08-06,False,medium,control,0
6237,Regina Butler,jbrandt@example.com,2025-07-16,True,low,control,0
6238,Nicole Mullen,johnsonjennifer@example.net,2025-11-11,False,low,control,0
6239,Spencer Molina,murphymarilyn@example.org,2026-07-16,True,low,control,0
6240,Debra Cohen,shawn18@example.net,2024-10-23,True,low,control,0
6241,Mr. Thomas Mcbride,lloydnichole@example.net,2026-06-15,False,high,treatment,1
6242,Michael Cameron,friedmanjoseph@example.com,2024-11-23,True,low,treatment,0
6243,Linda King,adavis@example.com,2026-07-20,False,low,treatment,0
6244,Charles Foster,xherrera@example.com,2026-06-05,False,low,treatment,0
6245,Gary Waters,zrobinson@example.com,2025-07-25,True,medium,control,0
6246,Marc Bell,jacksonjeremy@example.com,2026-07-23,False,low,treatment,0
6247,Crystal Pham,davenporthenry@example.com,2025-07-27,False,low,treatment,0
6248,Ryan Austin,foxphilip@example.com,2025-06-25,True,high,treatment,0
6249,Jose Powell,amanda05@example.org,2025-02-10,False,medium,control,1
6250,Angela Gonzalez,michaelwilson@example.org,2026-08-09,False,medium,control,0
6251,Carla Hunter,tlopez@example.com,2026-09-01,False,low,control,0
6252,Cheryl Jackson,jeremyoliver@example.net,2024-12-06,True,medium,control,0
6253,Angela Hale,kgrant@example.com,2025-10-03,False,high,control,1
6254,Travis Hays,doris13@example.net,2026-02-14,False,high,treatment,1
6255,Michael Simpson,rosekyle@example.com,2024-10-07,True,high,treatment,0
6256,Leonard Hernandez,fgarcia@example.com,2025-07-11,False,high,treatment,1
6257,Kevin Patrick,cruzwilliam@example.org,2026-03-12,True,medium,control,0
6258,Gary Miller,harperjorge@example.com,2024-11-12,False,low,control,0
6259,Mary Roberts,sandra86@example.org,2025-05-02,False,high,control,0
6260,Austin Simmons,lambertbrandon@example.net,2026-01-17,False,medium,treatment,0
6261,Thomas Torres,jason37@example.net,2026-08-20,True,medium,control,0
6262,Alicia Fuentes,raustin@example.com,2026-08-05,False,low,control,0
6263,Michael Evans,bellthomas@example.org,2025-08-30,True,medium,treatment,0
6264,Kelly Smith,harrischarles@example.com,2025-09-22,True,low,treatment,0
6265,Aaron Rodriguez,timothy14@example.com,2024-11-30,False,low,treatment,1
6266,Annette Aguilar,mark38@example.com,2026-06-05,True,medium,treatment,0
6267,Andrew Wiggins,brookesimmons@example.org,2026-05-27,True,low,control,0
6268,Kimberly Allen,reyesamber@example.net,2024-12-28,True,medium,control,0
6269,Christopher Gonzalez,morrowcassandra@example.com,2026-07-27,False,medium,treatment,0
6270,Misty Cruz,matthew30@example.net,2024-09-22,True,low,control,0
6271,Deborah Reeves,craigchristina@example.net,2024-11-17,True,low,treatment,0
6272,Crystal Brown,trevorholloway@example.org,2026-02-21,False,low,treatment,0
6273,Zachary White,kimberlywalker@example.com,2025-12-09,True,low,control,0
6274,Dennis Clark,vzamora@example.net,2024-10-22,False,medium,treatment,0
6275,Howard Murphy,franktodd@example.net,2026-07-14,False,high,treatment,1
6276,Daniel Sanford,michelle97@example.org,2026-04-02,False,low,control,0
6277,Anne Rhodes,lisa96@example.com,2025-01-01,True,medium,treatment,0
6278,James Brown,bishopcindy@example.com,2025-01-09,False,medium,treatment,0
6279,Adam Edwards,diana31@example.com,2025-04-17,False,medium,treatment,0
6280,Lisa Bond,ryanbarnes@example.net,2024-10-23,False,medium,control,0
6281,Paige Wolfe,nicole26@example.org,2024-10-17,False,low,control,0
6282,Paul Andrews,garymeyer@example.org,2025-06-07,False,high,control,0
6283,Thomas Lopez,sandra45@example.net,2025-11-04,False,medium,treatment,0
6284,Arthur Olson,mmorris@example.com,2025-12-16,False,low,treatment,0
6285,James Edwards,zacharywaters@example.net,2026-01-22,False,low,control,0
6286,Felicia Graham,ronnierussell@example.com,2026-04-04,False,medium,treatment,0
6287,Bobby Smith,davidjones@example.org,2025-12-31,True,low,control,0
6288,Tracie Snyder,daniellefrazier@example.com,2025-01-25,False,low,treatment,0
6289,Omar Lewis,keith57@example.com,2025-11-03,True,medium,control,0
6290,Lori Montgomery,annamartinez@example.org,2025-06-15,False,low,treatment,0
6291,Andrew Vincent,hannah52@example.org,2025-06-01,False,high,control,0
6292,Michael Mitchell MD,bentleyryan@example.net,2026-02-28,False,medium,treatment,0
6293,Rhonda Navarro,teresascott@example.org,2026-08-21,True,low,treatment,0
6294,Frank Snow,gardnerelizabeth@example.org,2024-10-15,True,medium,treatment,0
6295,Alejandro White,baldwinjason@example.com,2026-08-20,False,medium,control,0
6296,Brent Li,derekhernandez@example.com,2026-07-15,False,medium,control,0
6297,William Walls,ofuentes@example.org,2025-07-15,False,low,control,0
6298,Mrs. Elizabeth Flores DVM,rogersbenjamin@example.com,2024-12-17,True,low,control,0
6299,Katherine Atkins,zpierce@example.org,2026-03-30,False,low,control,0
6300,Meghan Fowler,clarkroberto@example.com,2025-01-31,False,medium,treatment,0
6301,Michelle Long,michael46@example.net,2026-01-27,True,low,control,0
6302,Mitchell Carson,christopherwalter@example.com,2025-08-07,False,low,control,0
6303,Danielle Gonzalez,gomezmatthew@example.org,2025-08-14,False,low,treatment,0
6304,Kristin Harrison DDS,crystalsmith@example.org,2026-06-21,False,high,control,0
6305,Duane Archer,alexissalazar@example.net,2025-10-12,False,high,control,0
6306,Veronica Greene,alexander86@example.com,2026-08-03,True,low,control,0
6307,Laura Lawson MD,lutzwhitney@example.org,2026-06-27,True,low,control,0
6308,Donna Cordova,hnelson@example.org,2025-03-07,False,medium,treatment,0
6309,Linda Bates,thomaschristopher@example.com,2024-12-08,True,low,control,0
6310,Erin Hodges,rachelmorse@example.org,2025-05-18,True,medium,control,0
6311,Shawn Johnson,bortiz@example.net,2025-07-30,False,high,treatment,0
6312,Kim Li,jason16@example.org,2026-07-16,False,low,control,0
6313,Michael Sullivan,torreschristina@example.com,2025-02-15,False,low,control,0
6314,Jennifer Cox,kaitlyn10@example.com,2025-06-02,False,high,control,0
6315,Matthew Randolph DDS,stevenberry@example.org,2025-10-29,False,medium,treatment,0
6316,Wanda Hines,mbishop@example.org,2026-09-09,False,low,control,0
6317,Elizabeth Scott,jacobgreen@example.com,2026-04-02,True,medium,treatment,0
6318,Brian Reed,iwilliams@example.net,2026-08-26,False,low,treatment,0
6319,Marcus Hunt,flemingbrandon@example.net,2026-06-17,False,medium,control,0
6320,Monica Montgomery,stewartlauren@example.com,2026-03-15,False,medium,treatment,0
6321,Hunter Brown,alexis13@example.net,2025-03-30,False,medium,control,0
6322,Michelle Cordova,ystout@example.com,2025-03-22,False,high,control,1
6323,Carolyn Jenkins,staylor@example.com,2026-02-02,False,low,treatment,0
6324,Nancy White,jason60@example.com,2024-12-18,True,low,treatment,1
6325,Troy Chavez,devon39@example.net,2026-02-12,False,high,control,0
6326,Sarah Rice,karen27@example.com,2025-09-19,False,low,control,0
6327,Keith Kelley,martinkristopher@example.com,2025-06-28,True,low,control,0
6328,Stacey Maxwell,jacobstracy@example.org,2024-09-22,True,low,control,0
6329,Julie Mccarthy,wcraig@example.org,2026-05-17,False,low,treatment,0
6330,Lisa Jones,debra31@example.com,2024-10-27,False,medium,control,0
6331,Hayley Harris,ageorge@example.net,2025-06-28,True,medium,control,0
6332,Matthew Mcdonald,jmccall@example.com,2025-01-26,False,medium,treatment,0
6333,John Vasquez,cohenmarcus@example.org,2025-03-02,False,low,control,0
6334,Tim Lopez,zjohnston@example.com,2025-04-03,False,medium,control,0
6335,Sydney Jones,chadgarcia@example.org,2025-11-25,False,low,treatment,0
6336,Lisa Benitez,eric66@example.org,2024-11-19,True,low,treatment,0
6337,Daniel Watkins,sheadawn@example.net,2026-08-07,False,low,treatment,0
6338,Autumn Jones,mdavidson@example.net,2025-06-21,False,medium,control,0
6339,Daniel Torres PhD,markburgess@example.com,2025-05-12,True,medium,treatment,0
6340,Paul Taylor,nicolemcdaniel@example.com,2025-09-25,False,low,control,1
6341,Cody Moran,kfarmer@example.org,2026-02-19,False,medium,treatment,0
6342,Jennifer Beltran,pstewart@example.net,2025-02-25,False,low,control,0
6343,Michael Crawford,bphillips@example.com,2024-11-20,False,high,control,0
6344,Michael Buchanan,morrisblake@example.com,2025-03-27,False,low,treatment,0
6345,Dan Stephenson,awu@example.org,2025-07-06,False,low,treatment,0
6346,Mark Benjamin,ashley41@example.org,2026-01-23,False,medium,control,0
6347,Travis Fuller,lorigutierrez@example.com,2025-01-17,False,medium,treatment,0
6348,Monica Lopez,qvalentine@example.net,2025-05-04,False,medium,treatment,0
6349,James Barnes,bcarr@example.com,2026-01-11,True,medium,treatment,0
6350,Mark Mcintosh,acarlson@example.net,2025-02-06,False,low,control,0
6351,Ann Hall,davidgilbert@example.net,2026-03-09,False,low,treatment,0
6352,Krista Taylor,gallegosaaron@example.net,2026-08-12,False,medium,treatment,0
6353,Karen Morrison,mjones@example.com,2025-12-16,True,high,control,0
6354,Heather Parker,hgomez@example.com,2026-03-11,True,medium,control,0
6355,Kimberly Aguilar,theresa26@example.org,2026-05-08,False,low,control,0
6356,Catherine Moore,tknight@example.com,2024-11-08,True,low,treatment,0
6357,Nicole Cunningham,rreyes@example.com,2025-12-10,False,medium,control,0
6358,Cheryl Dennis,crose@example.net,2025-09-20,True,low,control,0
6359,Amanda Carroll,brianwarner@example.org,2025-04-13,True,medium,control,0
6360,Karen Hood,millerbrandon@example.com,2025-02-19,False,low,treatment,0
6361,Marie Mckee,danielle51@example.net,2026-02-01,False,low,treatment,0
6362,Brittany Farley,mhernandez@example.org,2026-04-17,False,high,control,0
6363,Noah Hernandez,barbarawilliamson@example.com,2024-11-05,False,high,treatment,0
6364,Tina Sims,ehines@example.org,2025-10-17,False,medium,control,0
6365,Lindsay Gonzales,cprice@example.net,2026-05-10,False,low,treatment,0
6366,Adam Arnold,ian96@example.com,2025-05-15,True,low,treatment,0
6367,Michael Hogan,rmorgan@example.org,2024-10-04,False,low,control,0
6368,Robert Reyes,parkererica@example.net,2025-12-25,True,low,control,0
6369,Lisa Martinez,lthomas@example.net,2025-09-27,True,medium,control,0
6370,Adam Smith,john39@example.org,2026-09-17,False,medium,treatment,0
6371,Lauren Dunn,haynescynthia@example.net,2025-07-13,False,medium,treatment,0
6372,Alisha Morgan,lutzkaren@example.com,2025-11-08,False,low,control,0
6373,Sean Campbell,scottpetersen@example.net,2025-01-16,False,low,control,0
6374,Marie Smith,tiffany41@example.com,2024-11-19,True,medium,treatment,1
6375,Daniel Sutton,rlamb@example.org,2025-10-01,True,low,treatment,1
6376,Erin Shields,phall@example.net,2024-12-01,True,low,treatment,0
6377,William Fitzgerald MD,charles37@example.com,2026-07-26,True,low,control,0
6378,Samuel Cook,david52@example.com,2026-07-29,False,medium,treatment,0
6379,Christine Bell,fyoung@example.net,2024-11-09,False,high,control,0
6380,Jennifer Cobb,jennifer68@example.com,2026-04-29,True,low,treatment,0
6381,Colton Cohen,sparkscraig@example.org,2026-06-27,True,medium,control,0
6382,Mariah Case,gina18@example.com,2025-10-06,False,medium,treatment,0
6383,Samantha Brown,patrick23@example.net,2025-06-14,False,medium,control,0
6384,Madeline Vargas,ghicks@example.net,2024-09-27,False,high,control,0
6385,Tonya Medina,heatherrogers@example.org,2026-05-03,True,low,treatment,0
6386,Robert Foster,shawnsanders@example.net,2025-01-26,False,medium,treatment,0
6387,Mackenzie Hawkins,rhunt@example.com,2026-08-18,True,low,treatment,0
6388,Sarah Gonzalez,kylecaldwell@example.com,2026-03-17,False,low,control,0
6389,Brandon Wong,thomas08@example.org,2025-01-30,True,high,control,0
6390,Teresa Lewis,terrymary@example.org,2025-05-02,False,low,control,0
6391,Anna Stevenson,andrewwolf@example.com,2025-06-23,False,high,treatment,0
6392,Mark Phillips,anna34@example.net,2026-07-30,True,low,treatment,1
6393,Paige Spears,ubarnes@example.net,2025-12-06,False,medium,control,0
6394,Ian Brown,montgomerychristopher@example.org,2025-02-08,True,high,control,1
6395,Alexander Parsons,ajones@example.com,2026-02-12,False,low,treatment,0
6396,Michael Morales,melissa48@example.net,2026-07-15,True,low,treatment,0
6397,Valerie Velazquez,tmartinez@example.net,2026-07-20,False,high,control,0
6398,Kayla Nichols,omunoz@example.com,2025-03-21,False,high,control,0
6399,Gabriel Gonzales,vernon72@example.org,2026-04-18,False,low,control,0
6400,Jennifer Gonzalez,thernandez@example.net,2024-11-10,False,low,control,0
6401,Matthew Nelson,stephanie72@example.org,2024-11-05,False,low,control,0
6402,Amy Brown,hhenderson@example.com,2025-03-13,False,low,control,0
6403,Brett Gardner,kristin93@example.com,2025-09-27,False,medium,treatment,1
6404,Nathan Christensen,romankevin@example.org,2026-04-09,True,low,treatment,0
6405,Melissa Davis,mariestewart@example.com,2025-06-24,False,medium,control,0
6406,Diana Becker,randall67@example.org,2025-05-20,True,medium,treatment,0
6407,Theresa Maddox,taylorsharon@example.org,2024-12-02,True,low,treatment,0
6408,Alicia Morgan,kathyhudson@example.com,2025-12-22,True,low,treatment,0
6409,Regina Henson,michaelsavage@example.org,2025-05-27,False,high,control,0
6410,Gregory Dawson,jacobwiggins@example.net,2026-04-23,False,medium,treatment,0
6411,Deanna Williams,bjones@example.net,2026-03-26,True,medium,treatment,0
6412,Kellie Huber,fuentesjames@example.org,2025-01-12,True,medium,control,1
6413,Mary Crawford,jay10@example.org,2026-02-19,False,low,control,0
6414,Kevin Cunningham,alecsmith@example.org,2024-10-21,False,low,treatment,0
6415,Robert Fisher MD,rodriguezkevin@example.com,2025-07-30,False,low,control,0
6416,Brittany Bell,vjohnson@example.net,2024-10-20,False,low,control,1
6417,Anthony Fleming,kmoss@example.org,2025-04-03,False,low,treatment,0
6418,Larry Jones,blackjames@example.net,2025-07-21,False,medium,control,0
6419,Paul Lopez,rickyblankenship@example.com,2024-11-14,False,low,control,0
6420,Jasmine Wallace,dmcclure@example.net,2025-08-17,True,low,control,0
6421,Jason Leblanc,sarah26@example.net,2024-11-28,False,medium,control,0
6422,Michelle Chen,ibuckley@example.net,2024-11-20,False,low,control,0
6423,Anne Taylor,marissa77@example.org,2025-06-08,False,low,treatment,0
6424,Regina Kennedy,blake62@example.com,2025-04-20,False,high,control,0
6425,Angela Newton,lramos@example.net,2025-06-13,True,medium,control,0
6426,Darius Berry,aliciabrown@example.com,2026-05-22,True,low,treatment,0
6427,Shawn Johnson,joshuahanson@example.net,2026-04-17,False,medium,treatment,0
6428,Christy Mercer,amyduran@example.org,2026-08-01,False,low,treatment,0
6429,Edward Thompson,rpatel@example.net,2025-02-07,False,medium,treatment,0
6430,Jeremiah Goodwin,robertmartin@example.org,2025-03-06,False,low,control,0
6431,Laura Allen,kimberly46@example.net,2025-09-17,False,high,treatment,0
6432,Danielle Juarez,brayshelly@example.org,2026-06-11,False,low,treatment,0
6433,Elizabeth Burke,dgarcia@example.net,2026-01-16,False,medium,treatment,0
6434,Steven Knight,berrycharles@example.net,2025-11-08,False,low,control,0
6435,Valerie Pearson,randy61@example.com,2024-10-01,False,medium,control,0
6436,Bailey Goodwin,jenniferbell@example.net,2026-08-26,False,high,control,0
6437,Michael Anderson,krausejessica@example.net,2024-10-11,False,low,control,0
6438,Hannah Chang,nathaniel00@example.com,2025-04-22,False,low,treatment,0
6439,Jeffery Cameron,cfrazier@example.com,2026-03-02,False,medium,treatment,0
6440,Kathleen Hamilton,andrewwilson@example.com,2025-10-17,False,low,treatment,0
6441,Thomas Lewis,floresstephen@example.org,2026-03-15,False,medium,control,0
6442,Michelle Park,levyelizabeth@example.org,2024-09-20,False,low,control,0
6443,Brittany Dennis,mariahtaylor@example.net,2025-08-23,True,low,treatment,0
6444,Sydney Fisher,rcarr@example.com,2025-06-27,False,low,control,0
6445,Christine Lopez,poncekelly@example.com,2025-01-09,False,medium,control,0
6446,Kristina Romero,clayscott@example.com,2026-06-13,False,medium,control,0
6447,Jessica Cooper,erica78@example.com,2025-07-02,True,high,treatment,0
6448,Brandon Dominguez,joshuawest@example.org,2025-03-29,False,low,control,1
6449,Bethany Delgado,christopher52@example.org,2026-01-17,False,high,control,0
6450,Stephen Nguyen Jr.,zcastillo@example.org,2025-03-25,False,low,control,0
6451,Denise Castro,cortega@example.com,2025-08-08,False,low,treatment,0
6452,Craig Griffin,finleywhitney@example.org,2024-11-05,True,medium,treatment,0
6453,Sarah Cuevas,tylerrusso@example.com,2026-08-26,False,medium,control,0
6454,Mary Wagner,tkim@example.com,2026-03-04,False,medium,treatment,0
6455,Adam Parks,ortegamaureen@example.com,2025-10-13,False,high,control,0
6456,Christopher Morrow,xclark@example.com,2025-05-16,False,high,treatment,0
6457,Jennifer Stewart,reedchristopher@example.org,2025-04-19,False,low,treatment,0
6458,Scott Joseph,courtneyshaw@example.com,2025-12-16,False,low,treatment,1
6459,Sandra Jordan,gedwards@example.net,2025-03-21,False,medium,treatment,0
6460,Rhonda Logan,snyderlauren@example.net,2025-05-30,True,medium,treatment,0
6461,Jason Johnson,mike22@example.com,2025-04-30,False,low,treatment,0
6462,Deborah Cruz,matthew95@example.net,2025-09-07,False,high,control,0
6463,Riley Fitzpatrick,danny83@example.org,2024-09-21,False,low,treatment,0
6464,Caitlin Stephenson,millerdenise@example.net,2024-10-23,False,medium,treatment,1
6465,Paul Burke,johnsonkathy@example.net,2025-03-21,False,medium,control,0
6466,Emily Nash,sean73@example.com,2026-01-31,False,medium,treatment,0
6467,Justin Perez,lopezvirginia@example.net,2026-09-17,False,low,treatment,0
6468,Samantha Allen,ucarpenter@example.com,2025-12-16,False,medium,control,0
6469,Kevin Davidson,peter87@example.org,2024-12-27,False,low,control,0
6470,Mrs. Emily Nelson,ronald71@example.net,2025-02-02,True,low,control,0
6471,Charles Melendez,hsweeney@example.com,2025-05-29,True,medium,treatment,0
6472,Lisa Johnson,graysarah@example.org,2025-11-10,True,medium,control,0
6473,Craig Brown,bthomas@example.com,2025-07-10,True,low,control,0
6474,Ms. Kim Knight,rthompson@example.com,2026-03-25,False,low,control,0
6475,Tyler Sanchez,jessicasutton@example.org,2026-02-01,False,low,control,0
6476,Travis Ellis,ginawilcox@example.net,2025-09-28,False,medium,control,0
6477,Briana Johnson,petersoncole@example.org,2026-01-01,False,low,treatment,0
6478,Angela Reyes,antonio41@example.net,2025-06-27,False,medium,control,0
6479,Zachary Freeman,mirandamichele@example.com,2025-09-16,False,high,treatment,0
6480,Lucas Potter,gregorymaynard@example.com,2024-10-06,False,high,control,0
6481,Philip Marshall,john67@example.com,2026-06-22,True,low,control,0
6482,Dillon Fields,franklisa@example.org,2024-12-28,False,low,treatment,0
6483,Ms. Mary Gomez,john67@example.org,2024-10-27,True,low,control,0
6484,Grant Thompson,rmcclure@example.com,2025-12-01,False,medium,treatment,0
6485,Kimberly Taylor,christophertaylor@example.net,2026-06-21,False,low,treatment,1
6486,Troy Diaz,jilljackson@example.org,2024-10-02,False,high,treatment,0
6487,Debra Anderson,tanner67@example.org,2025-08-17,False,low,treatment,0
6488,Michele Cross,meaganevans@example.net,2026-05-08,False,medium,treatment,0
6489,Roger Harrison,ojones@example.org,2025-06-17,True,low,treatment,0
6490,Whitney Mcbride,rclark@example.org,2024-12-21,True,medium,treatment,1
6491,Robert Stewart,kmercado@example.com,2026-08-24,True,medium,control,0
6492,Jacqueline Lewis,aguirrelauren@example.org,2025-02-04,True,high,control,1
6493,Michael Gordon,mtaylor@example.net,2025-02-01,False,high,control,0
6494,Hannah Roberson,mschultz@example.org,2025-06-28,False,low,control,1
6495,Patrick Thompson,holsen@example.net,2024-10-09,False,low,treatment,0
6496,William Peck,ashley70@example.com,2026-01-04,False,medium,treatment,0
6497,Lauren Oliver,hartrichard@example.net,2026-05-07,True,low,treatment,0
6498,Matthew Dawson,robert39@example.com,2026-04-16,False,high,treatment,0
6499,Steve Atkins,csmith@example.org,2024-10-16,False,high,control,0
6500,Cassandra Mcneil,joe20@example.net,2025-11-19,False,low,treatment,0
6501,Heather Odom,riceallison@example.com,2025-07-24,False,low,control,0
6502,Jeremy Houston,linjustin@example.net,2025-01-27,False,low,treatment,0
6503,Samantha Prince,mackrebecca@example.org,2025-11-06,True,medium,treatment,0
6504,Jennifer Brown,orobertson@example.net,2025-09-19,False,high,control,1
6505,Jeffrey Williams,mvaughan@example.org,2025-07-24,True,low,control,0
6506,William Brown,rachel50@example.com,2026-05-11,False,medium,treatment,0
6507,Beth Ford,fitzpatrickheather@example.com,2025-01-07,False,low,treatment,0
6508,Suzanne Guerrero,qfranklin@example.net,2026-03-14,False,medium,treatment,0
6509,Elijah Herrera,xowens@example.net,2026-07-30,False,medium,control,0
6510,Dawn Mendez,ramirezjennifer@example.com,2024-09-23,False,high,control,0
6511,Stuart Smith,lewisshelley@example.com,2025-03-28,False,high,treatment,0
6512,Devin Dennis,changjohn@example.org,2025-02-03,False,medium,treatment,0
6513,Frederick Cummings,jeffreysimmons@example.org,2025-12-30,False,low,treatment,0
6514,Zachary Le,mark15@example.com,2024-12-12,True,low,treatment,0
6515,Jacob Ryan MD,smiller@example.net,2024-10-23,True,low,treatment,0
6516,Gregory Miller,morenopatrick@example.net,2026-03-05,False,low,control,0
6517,Dr. Marcus Garrett II,william91@example.com,2024-10-28,False,low,treatment,0
6518,Kevin Leonard,christopherflores@example.net,2025-05-29,True,medium,treatment,0
6519,Joseph Wong,xwood@example.com,2025-08-19,False,low,control,0
6520,Michael Rodriguez,jillarnold@example.org,2025-09-11,False,medium,treatment,0
6521,Kimberly Hill,oherrera@example.com,2024-09-29,False,medium,treatment,0
6522,Lynn Miller,jennifer41@example.net,2026-08-05,False,medium,control,0
6523,Darius Tapia,vicki70@example.org,2025-08-26,False,medium,treatment,0
6524,Tonya Cole,maryfreeman@example.org,2024-11-04,True,medium,control,0
6525,Corey Williams,kristy97@example.org,2025-01-29,False,medium,treatment,0
6526,Angela Johnson,nataliemartin@example.net,2025-09-03,False,low,treatment,0
6527,Samuel Glass,hamiltonandrew@example.org,2025-09-21,False,medium,treatment,0
6528,Jasmine Bishop,patrick11@example.net,2026-06-07,True,medium,treatment,0
6529,Kenneth Boyer,benitezlawrence@example.com,2025-04-27,True,low,treatment,0
6530,Robert Johnson,mmorris@example.net,2025-06-19,False,low,treatment,0
6531,Dennis Hancock,waltervargas@example.net,2024-11-25,False,low,treatment,0
6532,Barbara Wells,ngardner@example.com,2026-07-07,True,high,control,0
6533,Rebecca Chung,elizabeth22@example.org,2025-07-18,False,medium,treatment,0
6534,Laura Wolf,matthewcooper@example.org,2024-10-26,False,medium,control,0
6535,Roy Nichols,orichardson@example.org,2025-03-21,False,medium,treatment,1
6536,Brent Gates,huntermichael@example.org,2025-04-17,False,high,treatment,0
6537,Kimberly Morse,scotthinton@example.com,2026-05-28,True,medium,treatment,0
6538,Jessica Logan,brandon93@example.org,2026-08-04,False,medium,control,0
6539,Teresa Davis,fmiller@example.com,2026-01-16,False,medium,treatment,0
6540,Darrell Williams,brandttravis@example.org,2025-08-02,False,high,treatment,0
6541,Mr. Peter Green MD,shawdanielle@example.org,2024-09-30,True,low,treatment,0
6542,Paul Walter,perezbrian@example.net,2025-12-27,False,medium,treatment,0
6543,Desiree Kelley,scottalan@example.org,2026-03-02,True,low,control,1
6544,Sandra Townsend,danielguerrero@example.net,2026-06-10,False,high,control,1
6545,Lauren Owens,rcrosby@example.com,2025-03-18,False,low,treatment,0
6546,Jason Roberts,ujones@example.net,2026-06-23,True,low,treatment,0
6547,Justin Preston,rebecca83@example.org,2026-07-15,True,low,treatment,1
6548,Lisa Ramos,ohenson@example.net,2024-12-02,False,high,control,0
6549,Natalie Watts,heidilynch@example.org,2026-06-11,True,low,treatment,0
6550,Courtney Boyd,meganbennett@example.com,2024-12-14,False,low,control,0
6551,Mark Maxwell,estephens@example.org,2025-06-19,True,low,control,0
6552,Luis Wilson,jessicaspence@example.com,2026-01-22,True,medium,control,0
6553,Kathryn Walters,ykelly@example.com,2026-07-26,False,medium,control,0
6554,Jacqueline Harper,ualvarado@example.net,2026-07-13,False,high,treatment,0
6555,Jeffrey Lewis,williamssteven@example.org,2026-03-06,False,low,control,0
6556,Casey Rios,kimberlyyoung@example.org,2025-11-04,True,medium,treatment,0
6557,Raymond Vazquez,ryanhart@example.com,2026-05-06,True,low,control,0
6558,Jeremy Newman,jose60@example.net,2026-03-14,False,medium,control,0
6559,Brad Stevens,derekwright@example.org,2025-12-27,False,medium,control,0
6560,Jessica Castro,laurenromero@example.org,2026-09-05,False,low,control,0
6561,Dr. Terri Chapman,matthew76@example.net,2026-03-24,False,low,control,0
6562,Joseph Lewis,gonzalesjessica@example.net,2024-11-06,True,medium,control,0
6563,Lindsay Barber,randerson@example.net,2026-01-04,True,low,control,0
6564,Douglas Mejia,colleen97@example.com,2026-07-01,True,medium,control,0
6565,Mark Bonilla,amber67@example.org,2024-12-07,False,low,control,0
6566,Ray Carter,maria63@example.com,2025-02-11,False,low,treatment,0
6567,Richard Ramsey,bookerjohn@example.com,2026-07-31,False,low,control,0
6568,Peggy Barton,awhite@example.net,2025-12-04,False,high,treatment,0
6569,Maurice Brown,douglasgarcia@example.com,2025-07-23,False,low,treatment,0
6570,Michael Harvey,hwilson@example.org,2025-03-31,False,low,treatment,0
6571,Leonard Pham,jenniferwilliams@example.org,2026-07-14,False,low,treatment,0
6572,Krista Barnett,hernandezchristian@example.org,2026-09-12,False,low,treatment,0
6573,Jennifer Edwards,samanthacruz@example.net,2024-11-21,True,medium,control,0
6574,Brandon Bray,rhonda46@example.com,2025-06-10,False,medium,treatment,0
6575,Robert White,michelemahoney@example.com,2025-06-10,False,medium,control,0
6576,Riley Fischer,baileyrobert@example.org,2024-10-04,True,low,treatment,0
6577,Curtis Hunt,william50@example.org,2025-08-09,True,low,treatment,0
6578,Daniel White,melanie01@example.net,2024-11-20,True,low,control,0
6579,James Murray,ncurtis@example.com,2026-05-27,True,low,control,0
6580,Meghan Washington,shortjared@example.org,2025-04-30,False,low,control,0
6581,Donald Chase,lhill@example.org,2026-01-30,False,medium,treatment,0
6582,Gregory Johnson,barnettjames@example.com,2026-03-08,False,low,control,0
6583,Joseph Williams,mhurley@example.org,2025-11-30,False,low,treatment,0
6584,Nicholas Cox,duanebryant@example.org,2024-10-12,False,low,control,0
6585,Lauren Glenn,xcannon@example.com,2026-09-02,False,medium,control,0
6586,Jose Avila,quinnann@example.net,2026-04-25,False,low,treatment,0
6587,Heidi Spears,chaneymichele@example.org,2025-11-05,False,medium,control,0
6588,Brittany Sanchez,lmartinez@example.org,2024-12-24,True,medium,treatment,1
6589,Heather Francis,rodriguezheather@example.net,2025-01-18,False,low,treatment,0
6590,Kenneth Rodriguez,aaronjohnson@example.org,2026-06-15,True,low,treatment,0
6591,Ashley Lewis,josephwilson@example.com,2025-11-08,True,low,treatment,0
6592,James Fleming MD,henrylisa@example.org,2025-08-28,True,low,control,1
6593,Suzanne Hernandez,sonyawarner@example.net,2024-12-15,False,medium,treatment,0
6594,Heather Miller,john62@example.net,2026-03-22,True,high,control,1
6595,Michelle Higgins,helen04@example.net,2026-07-28,False,high,control,0
6596,Alyssa King,laura71@example.com,2025-10-24,False,low,treatment,0
6597,Lisa Thompson,kellyhughes@example.org,2026-05-04,True,medium,control,0
6598,Cory Anderson,hsmith@example.com,2026-06-02,False,medium,control,0
6599,Sean Yu,jhumphrey@example.net,2025-01-13,False,medium,control,0
6600,Tina King,jgonzalez@example.net,2025-02-21,False,low,treatment,0
6601,Angela Peterson,carteryvette@example.net,2026-04-08,True,medium,treatment,0
6602,Kimberly Woods,ramirezsteven@example.net,2024-11-21,False,medium,treatment,0
6603,Daniel Adams,cooperbrenda@example.net,2026-03-06,False,high,control,0
6604,Frank Campos,gregorywright@example.org,2025-03-31,False,medium,treatment,0
6605,Mary Fischer,jessica19@example.net,2025-06-13,True,high,control,0
6606,Nicole Pearson,zwebb@example.com,2025-09-13,False,low,control,0
6607,Rachel Manning,bjohnson@example.com,2025-01-25,True,high,control,0
6608,April Mccarthy,jacobturner@example.net,2026-05-18,True,low,control,0
6609,Calvin Salazar,amy72@example.com,2025-09-30,False,medium,control,1
6610,Beverly Wilson,sarasavage@example.net,2026-09-01,False,low,treatment,0
6611,Frank Coleman,jessicadalton@example.net,2026-06-04,False,high,control,1
6612,Alison Wells,wheelerwyatt@example.org,2025-01-20,False,high,treatment,1
6613,Ronald Kelly,smithjade@example.net,2025-04-05,False,low,treatment,0
6614,Mark Shelton,ncunningham@example.org,2026-03-04,False,medium,control,0
6615,Richard Anderson PhD,jacksonchristopher@example.org,2026-04-21,True,low,control,1
6616,Caroline Harper,meganmonroe@example.net,2026-08-31,True,low,control,0
6617,Kayla Fox,kristina43@example.org,2025-07-29,False,low,control,0
6618,Christopher Jackson,piercemelissa@example.com,2025-08-29,False,high,treatment,0
6619,David Barton,henrykristin@example.org,2026-07-04,True,medium,control,0
6620,Brittany James,lydia20@example.net,2025-05-13,False,high,control,0
6621,Angela Lopez,chendricks@example.org,2026-08-22,True,low,treatment,1
6622,Michelle Levy,becky11@example.com,2024-12-06,True,medium,control,0
6623,Stephanie Young MD,iwright@example.net,2025-05-26,False,medium,control,0
6624,Mary Smith,thomascarrie@example.com,2025-09-21,False,low,control,0
6625,Christina Wolf,valerievelazquez@example.net,2025-08-05,False,low,treatment,0
6626,Jessica Henry,larry29@example.net,2026-03-28,False,low,treatment,0
6627,Marc Clay,linda19@example.com,2025-08-04,False,low,treatment,0
6628,Kathleen Williams,greenechristopher@example.net,2026-02-14,True,low,treatment,0
6629,Crystal Lopez,wbriggs@example.net,2025-01-03,True,low,treatment,0
6630,Julie Harris,rosariokaren@example.org,2025-06-16,True,low,control,0
6631,Mikayla Daniels,hfisher@example.net,2026-01-04,False,low,treatment,0
6632,Kimberly Brown,brownkevin@example.org,2024-12-08,False,medium,treatment,0
6633,Kelly Mason,cheryl91@example.net,2025-01-03,False,high,treatment,1
6634,Erika Carpenter,alvarezjesse@example.net,2025-06-29,True,medium,treatment,0
6635,Bryan Walker,kristinavalenzuela@example.org,2026-09-11,False,high,control,0
6636,Melissa Knight,zamoramargaret@example.org,2026-07-04,True,low,treatment,0
6637,Christopher Hill,joe65@example.com,2026-08-23,True,medium,treatment,1
6638,Morgan Miller,maytony@example.net,2026-01-15,False,low,treatment,0
6639,Ana Cole,reedmonique@example.com,2025-11-14,False,medium,treatment,0
6640,Amanda May,josephmorrison@example.com,2025-10-12,False,high,control,0
6641,Alyssa Cowan,brandon09@example.org,2024-10-11,False,low,treatment,0
6642,Kevin Morales,morrisonjacqueline@example.org,2026-08-01,False,low,treatment,0
6643,Cheryl Sanders DDS,pedrocruz@example.org,2026-03-28,False,high,control,0
6644,Cynthia Williams,aaron99@example.net,2024-10-06,False,low,control,0
6645,Diana Black,bennettdaniel@example.net,2024-12-02,True,low,control,0
6646,Jaclyn Smith,catherine08@example.com,2025-05-14,False,low,control,0
6647,Donna Nelson,jennifer39@example.org,2024-11-18,False,low,treatment,0
6648,Ryan Hamilton,jonathan93@example.com,2026-07-20,False,low,treatment,1
6649,Ashley Hernandez,gholmes@example.net,2024-12-16,False,medium,control,0
6650,Thomas Mccoy,tholder@example.net,2026-01-20,False,low,control,0
6651,Brad Marshall,andrewburton@example.net,2024-12-14,False,low,control,1
6652,Betty Hanna,markhardin@example.net,2024-12-09,False,medium,treatment,0
6653,Michelle Howell,martinscott@example.com,2024-11-28,False,medium,control,1
6654,Brandon Johnson,larry46@example.com,2025-07-31,False,high,control,0
6655,Valerie Brown,lindareed@example.com,2026-06-23,False,medium,control,0
6656,Brandon Morgan,nancy84@example.com,2025-11-06,False,low,control,0
6657,Heather Larson,kingmelissa@example.net,2024-09-30,True,medium,control,0
6658,Victoria Hopkins,anthony90@example.com,2025-04-26,False,low,treatment,0
6659,Emily Duncan,debramclean@example.org,2026-05-15,True,low,treatment,0
6660,David Berger,zvelasquez@example.net,2025-02-22,False,medium,control,0
6661,Stacey Kent,ellisrichard@example.net,2025-07-08,False,low,control,0
6662,Christian Scott,hunter31@example.com,2025-09-03,False,low,treatment,0
6663,Alexa Morse,kristen11@example.org,2025-04-07,False,low,treatment,0
6664,Rebecca Kim,ryanmurphy@example.net,2026-04-22,False,low,control,0
6665,Jorge Baxter,victoriastevens@example.com,2025-07-17,False,high,control,0
6666,Terry Lucas,henry60@example.org,2025-08-20,True,low,control,0
6667,Jillian Villarreal,matthew13@example.org,2026-04-19,False,high,treatment,1
6668,Colton Rios,sharon70@example.org,2026-01-20,False,medium,treatment,0
6669,Dr. Bethany Harris,dawnmeadows@example.org,2025-01-16,False,low,treatment,0
6670,Melinda Williams,truiz@example.org,2026-04-10,False,low,treatment,0
6671,Thomas Hays,jeffrey11@example.com,2025-07-09,False,low,treatment,0
6672,Connie Horn,stephaniemays@example.net,2026-06-23,False,medium,treatment,0
6673,Michael Frank,amy33@example.com,2025-04-15,False,low,treatment,0
6674,Gregory Hoover,hking@example.com,2026-03-20,False,low,treatment,0
6675,Cory Carr,clarkdavid@example.org,2025-07-31,False,medium,treatment,1
6676,Dr. Kayla Owens,huntmolly@example.org,2026-05-18,False,low,control,0
6677,Sherry Cook,zbaker@example.net,2024-11-20,False,medium,treatment,0
6678,Robert Richardson,dalepayne@example.net,2025-02-06,True,medium,treatment,1
6679,Matthew Harrison,watkinskevin@example.net,2026-02-17,True,high,treatment,0
6680,Sonya Woodard,wreilly@example.net,2025-06-19,False,low,control,0
6681,Jason Whitaker,washingtonkara@example.org,2025-03-02,True,low,treatment,0
6682,Melissa Mendoza,david75@example.com,2025-05-26,False,low,control,0
6683,Lisa Blackburn,virginiawilliams@example.org,2025-01-30,False,medium,treatment,1
6684,Betty Faulkner,ydavis@example.com,2025-03-02,True,medium,treatment,0
6685,Nicholas Fitzgerald,sabrina99@example.net,2025-08-13,False,low,treatment,0
6686,Tabitha Jones,dennis92@example.com,2026-03-20,False,low,treatment,0
6687,Ricky Gilbert,jessicafisher@example.com,2025-07-27,True,medium,control,0
6688,Anthony Bean,lunaclarence@example.net,2026-06-09,False,medium,treatment,0
6689,Andrew Williams,johnsonerin@example.com,2025-06-30,False,high,treatment,0
6690,Gary Wong,collinsmatthew@example.com,2026-07-05,False,medium,treatment,0
6691,Jennifer Reed,gonzalezmeagan@example.com,2025-02-17,True,low,control,1
6692,Catherine Stevens,margaretbullock@example.net,2025-11-29,False,low,control,0
6693,Richard White,allison80@example.com,2026-04-05,False,low,control,0
6694,Robert Page,steven65@example.com,2025-02-19,False,low,control,0
6695,Kyle Martin,scottjoel@example.org,2025-01-16,False,low,treatment,0
6696,Elizabeth Sutton,shawn91@example.org,2025-07-10,True,low,control,1
6697,Deborah Drake,grantdustin@example.org,2025-12-30,True,high,control,1
6698,Devin Berry,joshua48@example.com,2025-10-05,True,low,control,0
6699,Jennifer Harvey,kevin51@example.net,2025-03-27,False,low,treatment,0
6700,Jacob Taylor,scottnicolas@example.org,2025-09-02,True,low,control,0
6701,Richard Miller,rebeccaanderson@example.com,2026-04-14,False,medium,treatment,0
6702,Ashley Miranda,jessicabell@example.com,2025-06-12,False,low,control,0
6703,Marcia Thomas,jennifer13@example.com,2025-01-21,True,low,control,0
6704,Samantha Bauer,qlittle@example.org,2024-10-31,False,high,control,1
6705,Megan Hoffman,melissacarr@example.org,2025-03-22,True,medium,control,0
6706,Candace Klein,tanya39@example.org,2026-05-07,True,low,treatment,0
6707,Matthew Davidson,anamoore@example.net,2025-11-03,True,low,treatment,0
6708,Ryan Clark,alexander39@example.net,2025-04-26,False,low,treatment,0
6709,Erica Smith,myersdavid@example.org,2026-01-30,True,high,treatment,0
6710,Casey Costa,randall62@example.org,2025-08-26,False,medium,control,0
6711,Nicole Howe,lhutchinson@example.com,2025-03-04,False,low,control,0
6712,Barbara Lester,monica65@example.org,2026-02-17,False,medium,treatment,1
6713,Leslie Chavez,debrajones@example.com,2025-06-25,False,medium,treatment,0
6714,Joshua Morris,matthew01@example.org,2026-01-09,False,medium,treatment,0
6715,Terry Mccann,anita31@example.org,2026-08-28,True,low,control,0
6716,Sherri Sanchez,andrewknight@example.org,2026-01-07,True,high,treatment,0
6717,Michael Martin,natalie76@example.com,2026-07-18,True,medium,treatment,0
6718,Amber Lindsey,mharrell@example.net,2025-10-22,False,high,treatment,0
6719,Jamie Ortiz,bruce00@example.net,2026-08-08,False,medium,control,0
6720,Katherine Murphy,betty62@example.com,2026-01-16,False,low,control,0
6721,Leslie Cross,christopherdiaz@example.org,2024-10-24,False,medium,treatment,0
6722,Daniel Cohen,ryangreen@example.com,2025-11-16,False,medium,treatment,0
6723,Jeffery Walters,bevans@example.org,2025-12-21,True,high,control,0
6724,Christopher Wilson,renee57@example.org,2024-09-30,False,medium,treatment,0
6725,Jaime Hooper,craigcochran@example.net,2026-03-09,False,low,treatment,0
6726,Paula Arnold,natasha55@example.org,2025-01-07,False,medium,treatment,0
6727,Linda Lindsey,gomezalexandra@example.org,2026-03-02,False,low,control,0
6728,Christopher Galloway,kimberly93@example.net,2025-01-04,False,medium,treatment,0
6729,Kim Faulkner,gwalter@example.net,2025-10-08,True,low,control,0
6730,James Gregory,alyssamitchell@example.com,2026-03-07,False,low,treatment,0
6731,Christopher Lewis,qgarcia@example.org,2025-07-29,False,low,control,0
6732,Tracy Delgado,stevensevan@example.com,2026-02-14,False,medium,control,1
6733,Amanda Werner,brian94@example.org,2026-06-27,False,medium,treatment,0
6734,Louis Perez,jwells@example.net,2026-05-27,False,medium,treatment,0
6735,Dennis Wood,mayskelsey@example.org,2026-03-12,True,low,treatment,0
6736,Carolyn Holloway,omills@example.org,2025-04-30,True,medium,control,0
6737,Kathryn Garcia,fraziermichele@example.net,2025-08-21,True,low,control,0
6738,Olivia Boone,morrisshelly@example.net,2025-11-21,False,low,control,0
6739,Kevin Donovan,stephentate@example.org,2025-12-20,True,medium,treatment,0
6740,Joseph Craig,holly63@example.org,2024-09-25,False,high,control,0
6741,Vanessa Perkins,mschroeder@example.org,2025-04-27,False,low,control,0
6742,Martha Patrick,katiewu@example.com,2024-12-27,False,low,treatment,0
6743,Zoe Henry,bramirez@example.com,2025-03-12,False,high,treatment,0
6744,Thomas Moss,apeters@example.org,2026-01-29,False,medium,control,0
6745,Edward Sanders,davisrichard@example.net,2025-06-13,True,low,control,0
6746,Wanda Taylor,whiteheaddavid@example.net,2025-09-13,False,low,treatment,0
6747,Christopher Russell II,glenmiller@example.org,2026-06-01,True,low,control,0
6748,Matthew Lara,heatherglover@example.net,2026-01-17,False,low,control,0
6749,Billy Miller,brandonmiller@example.com,2026-05-03,False,low,control,0
6750,Michael Davis,glenda96@example.org,2026-09-13,False,medium,treatment,0
6751,Denise Anderson,lopezcarlos@example.com,2025-05-10,True,medium,treatment,0
6752,Brittany Foley,gbrady@example.org,2026-03-18,True,low,treatment,0
6753,Christopher Holmes,shane36@example.net,2025-04-15,True,high,control,1
6754,Christopher Collins,lbrown@example.com,2025-12-17,False,medium,control,0
6755,Fernando Mcguire,raymond69@example.net,2024-12-22,False,medium,treatment,1
6756,Karen Hale,yhernandez@example.org,2026-02-11,False,high,treatment,0
6757,Kelly Kim,hicksrobert@example.net,2025-03-12,False,medium,control,1
6758,Elizabeth Quinn,jerry75@example.org,2025-10-23,True,medium,treatment,0
6759,Martha Watts,pedro98@example.org,2026-08-17,False,high,control,0
6760,Diana Mahoney,shannongonzalez@example.net,2024-12-22,True,low,control,0
6761,Wayne Robbins,christine41@example.net,2026-06-18,False,low,treatment,0
6762,Rhonda Ellis,bakerstanley@example.org,2025-05-28,True,high,treatment,0
6763,Mackenzie Jackson,copelandryan@example.net,2026-04-03,False,high,control,0
6764,Danielle Holmes,rubioallen@example.net,2025-12-26,False,low,treatment,0
6765,Kimberly Fisher,jcross@example.org,2025-12-18,False,low,control,0
6766,Mark Harris,edwardcisneros@example.org,2024-12-19,False,low,treatment,0
6767,Jennifer Smith,lori32@example.net,2026-07-04,False,low,control,0
6768,Johnny Perez,devon16@example.org,2025-09-29,False,low,treatment,0
6769,Taylor Contreras,katherine99@example.com,2025-10-18,False,medium,treatment,0
6770,Wanda Martin,davidshaw@example.net,2025-04-25,False,low,treatment,0
6771,Victoria Wilson,gmiller@example.net,2024-11-24,False,high,control,1
6772,Christina Zuniga,allenjeremy@example.net,2025-05-07,True,high,control,0
6773,Savannah Miller,melvin54@example.com,2025-08-09,True,medium,treatment,0
6774,Alexis Williams,veronica99@example.com,2026-04-26,False,medium,treatment,0
6775,Carmen Thompson,christina73@example.org,2025-02-23,False,low,treatment,0
6776,Scott Diaz,warrenkrista@example.com,2026-05-23,False,medium,control,0
6777,Brianna Williams,rossadam@example.net,2026-04-11,False,low,treatment,0
6778,Mark Gibson,stephaniefrancis@example.com,2025-09-05,False,low,control,0
6779,Jordan Perkins,fconway@example.net,2026-03-07,True,medium,treatment,1
6780,Julie Young,martinwalker@example.org,2025-09-16,True,medium,control,0
6781,Tracy Lopez,kimberly05@example.com,2025-11-25,True,low,treatment,0
6782,Ronald James,cranegary@example.net,2026-06-26,False,medium,treatment,0
6783,Patrick Valenzuela,zjacobs@example.org,2025-04-09,False,low,treatment,0
6784,Kenneth Austin,ernestsandoval@example.com,2025-05-14,True,low,treatment,0
6785,Jerry Sanchez,fhernandez@example.com,2026-06-01,False,high,treatment,0
6786,Terri Brown,vmorris@example.com,2026-02-05,True,low,control,0
6787,Shane Castillo,daniel67@example.net,2025-04-26,False,medium,control,0
6788,Michael Clarke,floydtravis@example.org,2026-02-11,False,medium,control,0
6789,John Kemp DDS,younglisa@example.com,2026-09-06,False,low,treatment,0
6790,Brandy Craig,goodalec@example.org,2025-02-28,False,medium,treatment,1
6791,Joseph Trujillo,chanjasmine@example.net,2024-09-30,True,low,control,0
6792,Lisa Lee,williamchase@example.org,2025-02-03,True,medium,treatment,0
6793,Daniel Serrano,scottrobinson@example.org,2026-07-30,True,low,treatment,0
6794,Rebecca Johnson,andrea88@example.org,2026-04-03,False,low,control,0
6795,Mia Cunningham,sperez@example.org,2025-12-30,True,low,treatment,0
6796,Roy Fox,rebeccayoung@example.net,2026-01-14,True,low,treatment,0
6797,Jennifer Sawyer,sotorobert@example.org,2025-04-07,False,high,treatment,0
6798,Joe Perry,rebeccatate@example.net,2024-11-02,False,low,treatment,0
6799,Austin Duncan,amy70@example.com,2026-01-04,False,low,treatment,0
6800,Tiffany Brady,joseph49@example.org,2024-12-13,True,high,control,1
6801,Andrew Cooper,scottbonilla@example.com,2025-05-19,True,low,treatment,0
6802,Adrian Garcia,foxderek@example.net,2025-04-25,False,low,treatment,0
6803,Alice Martin,zpennington@example.org,2025-09-06,True,low,treatment,0
6804,Jacqueline Wilson,megan27@example.net,2026-08-27,False,medium,control,0
6805,Bridget Jones,haynesjeffrey@example.org,2026-03-03,True,low,treatment,0
6806,Scott Weaver,wmurray@example.com,2026-04-20,False,high,control,0
6807,John Owens,richard53@example.net,2026-07-25,False,low,treatment,0
6808,Tamara Rivera,wmitchell@example.org,2025-12-09,False,medium,treatment,0
6809,Crystal Vazquez,mharrington@example.net,2025-09-10,True,low,treatment,0
6810,Dylan Rowland,christinacunningham@example.com,2025-09-03,True,low,control,0
6811,Randy Nguyen,sloanveronica@example.org,2024-11-18,False,low,treatment,0
6812,Andrew Atkinson,hfernandez@example.net,2026-05-18,False,medium,treatment,0
6813,Jason Woods,chad87@example.net,2026-03-15,False,low,treatment,0
6814,Clifford Stewart,weberjerry@example.net,2025-01-04,False,low,control,0
6815,Shane Wong,joseph54@example.com,2026-07-15,False,high,treatment,0
6816,Jill Mcintyre,kellyrobles@example.net,2026-03-03,True,low,control,0
6817,Robert Bryant,russellphilip@example.com,2025-08-11,True,medium,treatment,0
6818,Nichole Martinez,beckernicholas@example.org,2025-08-28,False,medium,treatment,0
6819,Kim Martin,jbennett@example.org,2025-05-06,False,low,control,1
6820,Shannon Franco,rhondastephens@example.net,2026-06-07,False,medium,control,0
6821,Allen Jones MD,thompsonchristopher@example.org,2026-07-05,False,low,treatment,0
6822,Robert Maynard,diaztimothy@example.org,2025-01-21,False,medium,control,0
6823,Carolyn Fletcher,franklinjames@example.com,2024-12-21,False,medium,treatment,0
6824,Katie Roberts,tonywhite@example.net,2025-01-29,False,medium,control,0
6825,Dawn Ramsey,camachomichael@example.net,2024-12-22,False,medium,control,0
6826,David Williams,fernandezvincent@example.net,2024-12-12,False,low,treatment,0
6827,Thomas Sanders,zjordan@example.net,2025-08-24,True,medium,control,0
6828,Corey Davis,candiceadams@example.net,2025-12-06,False,high,control,0
6829,Karen Miller,rperry@example.net,2026-08-09,False,low,treatment,0
6830,Brian Doyle,marquezjill@example.com,2025-11-02,True,low,treatment,1
6831,Tracy Hawkins,carlos20@example.net,2026-02-26,False,low,control,0
6832,Marc Simmons,kristinarogers@example.net,2025-03-27,False,medium,control,0
6833,Jamie Roberts,cynthia93@example.net,2025-03-20,False,high,control,0
6834,Annette Houston,michelle87@example.net,2026-05-04,False,low,treatment,0
6835,Kara Taylor,thomas50@example.org,2026-07-13,False,high,control,0
6836,David Robbins,batesolivia@example.org,2026-08-18,True,low,control,1
6837,Derrick Mitchell,sarah03@example.net,2024-09-26,True,low,treatment,0
6838,Kimberly Rivera,charrison@example.org,2025-03-09,False,medium,control,0
6839,Michael Meyer,moyerluis@example.org,2025-07-11,False,high,control,0
6840,Jennifer White,thowell@example.org,2025-12-06,False,low,treatment,0
6841,Shannon Johnson,steventaylor@example.net,2026-08-21,False,medium,treatment,0
6842,James Patel,ricardomitchell@example.net,2026-04-02,False,medium,treatment,0
6843,Alexander Robbins,durhamcheryl@example.com,2025-05-18,False,low,treatment,0
6844,Erika Mills,chad49@example.org,2026-04-30,False,high,treatment,0
6845,Sara Marquez,fletcherdennis@example.net,2025-03-07,True,medium,control,0
6846,Austin Alvarado,natalie86@example.org,2025-07-17,False,low,treatment,0
6847,Joshua Williams,peter07@example.org,2026-01-13,False,low,control,0
6848,Deborah Rogers,tuckercatherine@example.org,2025-08-02,False,low,control,0
6849,Sergio Beard,weavermadison@example.com,2025-07-04,False,low,treatment,0
6850,Angela Wilkerson,zfleming@example.org,2026-03-31,True,low,control,0
6851,Anthony Nichols,vward@example.net,2026-05-05,False,medium,control,0
6852,John Burke,ggamble@example.org,2025-07-25,False,low,control,0
6853,Mark Hanson,christian98@example.net,2025-10-26,False,low,control,0
6854,Eric Wells,christopherbowman@example.net,2026-03-30,False,low,treatment,0
6855,Joel Woodard,cjohnson@example.net,2026-04-02,False,medium,control,0
6856,Nancy Arnold,larrymoody@example.com,2025-04-12,False,low,control,0
6857,Crystal Jackson,tmccarthy@example.org,2026-08-30,False,low,treatment,0
6858,Roger Simmons,thomaswilliams@example.org,2026-07-29,True,low,control,0
6859,Tony Reyes,wmorales@example.net,2025-11-03,False,medium,control,0
6860,Anthony Richardson,lbenitez@example.org,2024-10-06,False,low,control,0
6861,Dawn Allen,hendersonkathleen@example.com,2026-07-30,False,medium,treatment,0
6862,Amanda Cantrell,kwalters@example.org,2026-06-09,True,low,treatment,0
6863,George Neal,zacharyharris@example.org,2025-03-01,False,high,treatment,0
6864,Kevin Curtis,melissa85@example.net,2026-01-31,False,medium,treatment,0
6865,Taylor Mccoy,everettlindsay@example.com,2025-07-31,True,low,treatment,0
6866,Jonathan West,johnsonandrew@example.org,2026-05-27,False,low,control,0
6867,April Smith,julieross@example.org,2025-08-24,False,medium,treatment,0
6868,Mitchell Bryan,kyle99@example.org,2025-06-30,False,low,control,0
6869,Tiffany Neal,jreed@example.net,2025-12-06,False,medium,control,0
6870,Phillip Gomez,moorelisa@example.net,2024-12-11,True,high,control,0
6871,Isabella Bryant,theresajones@example.net,2025-08-22,True,low,treatment,0
6872,James Wilson,keithobrien@example.org,2025-02-19,False,medium,control,0
6873,Robert Williams,candrade@example.org,2025-08-03,True,low,control,0
6874,Susan Parker,ryankenneth@example.net,2026-07-14,False,medium,control,0
6875,Bruce Paul,bryantkatherine@example.org,2024-11-25,False,low,treatment,1
6876,Daniel Wilson,melissa34@example.net,2025-09-16,True,low,control,0
6877,Russell Mitchell,francotammy@example.org,2025-08-13,True,low,treatment,0
6878,Brian Ramirez,hneal@example.net,2025-11-13,True,medium,control,0
6879,Trevor Lynch,mcraig@example.net,2024-12-21,False,medium,treatment,0
6880,Amanda Burnett,heather63@example.com,2025-06-11,True,low,control,0
6881,Melvin Smith,carlburke@example.net,2026-05-01,True,low,treatment,1
6882,Michael Espinoza,david35@example.net,2025-06-11,True,high,treatment,0
6883,Angela Armstrong,joseph70@example.com,2026-04-18,False,low,control,0
6884,Donna Scott,greendylan@example.org,2024-09-20,True,medium,treatment,1
6885,Philip Gordon,csmith@example.org,2025-03-16,False,low,control,1
6886,Jessica Abbott,carlhuber@example.org,2026-04-28,False,medium,treatment,0
6887,Dustin Weaver,fgomez@example.org,2026-07-05,False,medium,control,0
6888,Kristen Edwards,michaeldavid@example.net,2025-07-30,False,high,control,0
6889,Janet Thomas,christinacisneros@example.net,2025-05-10,False,medium,control,0
6890,Robert Stevens,reedmichelle@example.com,2025-02-21,False,medium,treatment,0
6891,Lisa Wolfe,cwebster@example.com,2026-09-10,False,low,control,0
6892,Danielle Black,pthomas@example.com,2026-03-25,False,low,control,0
6893,Wendy Chang,staceychen@example.net,2026-01-17,True,low,control,0
6894,Felicia Murray,cynthia04@example.com,2025-09-05,False,low,control,0
6895,Joseph Wolfe,dmyers@example.org,2026-06-20,False,medium,treatment,0
6896,Daniel Moore,jason32@example.net,2026-05-08,True,low,treatment,0
6897,Candace Anderson,colemankristen@example.com,2025-10-09,False,medium,control,0
6898,Steven Frazier,paulahall@example.org,2024-11-08,False,high,treatment,0
6899,Jennifer Coleman,sara03@example.net,2024-10-28,False,medium,treatment,1
6900,Erin Phillips,weaverheather@example.org,2025-02-19,False,medium,treatment,0
6901,Ryan Cervantes Jr.,hilljoseph@example.org,2024-10-13,False,low,treatment,0
6902,Lauren Brown,loriwilliams@example.net,2026-05-23,False,low,treatment,0
6903,Amy Rice,zwiley@example.net,2025-04-18,False,low,control,0
6904,Jacqueline Boyd,eric52@example.com,2025-08-04,False,low,treatment,0
6905,Julie Diaz,sskinner@example.com,2026-08-26,True,low,treatment,0
6906,Kathleen Peterson,morrisondwayne@example.com,2024-12-21,False,low,treatment,0
6907,Jeremy Lynch,michelehines@example.org,2024-11-21,False,low,treatment,0
6908,Louis Vance,jamesconner@example.com,2025-12-06,False,low,control,0
6909,Michael White,simonjackie@example.net,2025-05-07,True,low,treatment,0
6910,Joanna Robinson,jonroberts@example.org,2025-09-30,False,low,treatment,0
6911,Christy Thomas,virginiagillespie@example.com,2025-12-28,True,low,treatment,0
6912,Nicholas Gonzalez,roberta76@example.org,2024-11-01,False,low,control,0
6913,Tiffany Flores,william76@example.com,2025-04-24,False,low,control,0
6914,Rebecca Gates,reeddana@example.net,2025-11-07,False,low,treatment,0
6915,Allen Sanchez,umullins@example.net,2026-07-29,True,low,treatment,0
6916,Maureen Rhodes,dana29@example.net,2026-06-03,False,low,treatment,0
6917,Joseph Ortiz,stevensandrew@example.com,2024-11-13,False,high,treatment,0
6918,Hannah Barton,linda07@example.com,2026-04-29,False,medium,control,0
6919,Barbara Boyd,fblackwell@example.com,2025-10-27,False,medium,control,0
6920,Amy Jones,lbass@example.com,2026-07-09,False,medium,treatment,1
6921,Monica Khan,darlenekelly@example.com,2025-01-18,True,medium,treatment,0
6922,Charlotte Myers,danielle11@example.com,2025-12-17,True,low,control,0
6923,Mrs. Alexandra Baker,kathryn68@example.org,2026-03-07,False,low,control,0
6924,Lindsey Mcclure,umiller@example.org,2026-02-05,False,low,treatment,0
6925,Carrie Mccarthy,shepardheidi@example.org,2024-12-18,False,low,control,0
6926,Holly Decker,maysjohn@example.org,2026-04-29,True,medium,control,0
6927,Edwin Austin,nguyenjennifer@example.org,2026-09-13,False,low,control,0
6928,Jessica Rowe,mclaughlindebbie@example.com,2026-05-24,True,high,treatment,0
6929,Randy Jones,warrenpaul@example.net,2025-08-15,True,high,control,0
6930,Austin Medina,michaelfleming@example.com,2026-07-23,False,low,treatment,0
6931,Colton Payne,teresahernandez@example.com,2026-07-08,False,low,treatment,0
6932,Timothy Carpenter,jonathangarcia@example.com,2026-01-06,False,high,treatment,1
6933,Tara Ramirez,colemelissa@example.com,2026-03-20,False,medium,treatment,0
6934,Mr. Russell Cruz,crystalnelson@example.com,2025-10-22,False,low,treatment,0
6935,Brandon Rich,karencampbell@example.net,2024-09-23,False,low,treatment,0
6936,Casey Johnson,qduran@example.net,2026-06-25,False,low,treatment,0
6937,Kelly Murphy,brian22@example.com,2026-02-25,False,high,treatment,0
6938,Melissa Anderson,hendersonryan@example.com,2024-12-18,False,low,treatment,0
6939,Kevin Potter,jonathan45@example.org,2026-02-19,False,low,treatment,1
6940,Jennifer Burns,cameronflowers@example.net,2025-02-04,False,high,control,0
6941,Nathaniel Phillips,rgarcia@example.net,2025-10-01,False,low,control,0
6942,Jeremy Acosta,whitney23@example.com,2026-09-05,False,low,control,0
6943,Michael Cunningham,tmartinez@example.net,2025-07-20,True,high,control,0
6944,Katrina Rivers,gabrielhurst@example.org,2025-05-21,False,low,treatment,0
6945,William West,zgreen@example.net,2025-11-14,True,medium,control,0
6946,Joseph Vasquez,robinsonthomas@example.org,2025-05-23,False,medium,treatment,1
6947,Sheryl Joseph,donald21@example.net,2026-06-28,True,high,treatment,0
6948,Veronica Solomon,grossalexander@example.org,2025-02-21,False,medium,treatment,1
6949,Brandi Noble,lopezerica@example.net,2025-09-01,False,low,treatment,0
6950,Eric Calhoun,michaeljohnson@example.org,2024-12-17,False,low,treatment,0
6951,Nicholas Allen,richardperry@example.com,2025-12-28,True,medium,control,0
6952,Seth Romero,christina99@example.com,2025-10-18,False,medium,treatment,0
6953,Sarah Wilson,jennakemp@example.com,2026-04-25,False,low,treatment,0
6954,Danielle Martin,mjimenez@example.com,2026-06-02,False,low,control,0
6955,Shelby Moore,christopherholland@example.net,2026-01-10,False,low,control,0
6956,Travis Ross,lisalopez@example.net,2026-05-02,False,low,control,0
6957,Anne Green,graygerald@example.net,2026-04-20,False,high,treatment,0
6958,Peter Byrd,elizabeth11@example.net,2026-07-30,False,medium,control,0
6959,Andres Savage,dawn76@example.com,2024-11-25,False,medium,control,0
6960,Zachary Olson,theresa07@example.com,2026-04-27,False,low,treatment,0
6961,Curtis Wright,robert93@example.org,2025-04-25,True,low,treatment,0
6962,Jennifer Rivera,heather22@example.net,2026-08-14,True,low,treatment,0
6963,Anthony Carson,tony05@example.net,2025-07-26,False,low,treatment,1
6964,Patrick Cox,rmiller@example.net,2026-07-18,True,low,control,0
6965,Crystal Morse,connor67@example.net,2026-05-26,False,medium,treatment,0
6966,Nancy Harris,nathanmartin@example.net,2024-11-29,False,high,control,0
6967,Kyle Frost,karenfowler@example.net,2025-01-11,True,high,treatment,0
6968,Timothy Miller,mileshaley@example.net,2025-07-22,False,low,treatment,0
6969,Stacey Baker,bwarren@example.net,2026-07-19,False,medium,control,0
6970,Aaron Brown,cantrellrichard@example.com,2025-03-19,False,high,control,0
6971,Joshua Thomas,qmcmahon@example.org,2025-09-20,True,low,control,0
6972,Melissa Reeves,jeremy98@example.net,2025-08-20,True,low,treatment,0
6973,Alisha Walton,lanebrandi@example.net,2025-11-17,True,high,control,0
6974,Melissa Ferguson,diane11@example.com,2025-04-16,True,low,control,0
6975,Eric Thomas,scollins@example.com,2024-11-15,False,high,control,0
6976,Christopher Frazier,debrajohnson@example.org,2024-10-23,False,medium,control,0
6977,Jesse Hill,hawkinstina@example.org,2024-10-08,False,medium,treatment,0
6978,Lauren White,wjohnson@example.org,2026-06-28,False,medium,control,0
6979,Kimberly Howard,zsantana@example.org,2024-11-29,True,low,control,0
6980,Jose Smith,dkim@example.com,2026-07-27,False,low,control,0
6981,Nancy Howard,ngeorge@example.com,2025-04-08,True,medium,treatment,1
6982,Ruben Nelson,jeffreyward@example.net,2025-04-09,False,low,control,0
6983,Susan Ross,medinalauren@example.com,2026-08-24,False,medium,treatment,0
6984,Melissa Campbell,christopheryoung@example.net,2025-06-21,False,high,treatment,0
6985,Steven Harris,zwilliams@example.org,2025-08-22,False,medium,treatment,1
6986,Charles Nelson,patrickrodriguez@example.net,2026-04-21,True,medium,treatment,0
6987,Amy Flores,woodardryan@example.net,2025-09-22,False,high,control,0
6988,James Turner MD,rodgersbrian@example.com,2025-03-22,False,low,treatment,0
6989,James Bishop,traceyconner@example.net,2025-06-01,False,low,control,1
6990,Barbara Drake,angela67@example.com,2025-10-07,True,low,treatment,0
6991,Nicholas Parker,zmiranda@example.org,2025-12-09,True,medium,control,0
6992,Martin Frederick,daviddennis@example.org,2026-04-13,True,low,control,0
6993,Melissa Sanders,chenjennifer@example.net,2026-04-20,False,low,control,0
6994,Casey Bonilla,michellenichols@example.com,2026-03-09,True,low,control,0
6995,Daniel Miller,piercemarc@example.net,2024-10-02,True,low,control,0
6996,Jamie Wilson,benjamincopeland@example.com,2025-04-26,True,medium,control,0
6997,Jeffrey Walker,ncurry@example.com,2025-02-06,True,low,control,0
6998,Mary Wilson,lauracochran@example.org,2025-02-18,False,low,treatment,0
6999,Duane Campos,browntravis@example.net,2026-08-28,False,low,control,0
7000,Robin Mckee,dawn79@example.net,2026-03-09,False,medium,control,0
7001,Mr. Peter Thompson II,kbass@example.net,2025-02-23,True,low,control,0
7002,John Doyle MD,whitedavid@example.net,2025-12-14,False,low,control,0
7003,Stacy Jones,scottmanning@example.com,2026-06-24,False,high,control,0
7004,Michelle Bates,brandon74@example.net,2025-12-27,False,medium,treatment,0
7005,Angela Perez,amandagonzalez@example.com,2025-11-14,False,high,control,0
7006,Lisa Payne,kendrahoffman@example.org,2025-03-10,False,high,control,0
7007,Alec Jennings,annarivas@example.com,2026-03-18,True,medium,control,0
7008,Sandra Gonzalez,ujones@example.org,2025-04-12,True,low,treatment,1
7009,Angela Roberts,pamela61@example.net,2026-02-25,False,low,control,0
7010,Kathy Brewer,sandersstephanie@example.net,2025-04-15,False,low,control,0
7011,Rebecca English,frankyoung@example.net,2025-12-14,False,low,treatment,0
7012,Lauren Buck,jennifer89@example.org,2025-12-31,False,low,control,0
7013,Austin Norton,sellerstimothy@example.org,2025-01-03,False,low,control,0
7014,Martha Macias,vevans@example.com,2025-10-01,False,low,control,0
7015,Ann Zamora,joseph08@example.net,2025-02-12,True,low,treatment,0
7016,Debra Hernandez,toddtaylor@example.net,2026-03-25,False,medium,treatment,0
7017,Jon Rivera,thomas70@example.org,2025-02-21,False,low,treatment,0
7018,Michael Lopez,morrisonneil@example.org,2025-11-27,False,medium,treatment,0
7019,Edgar Allen,thammond@example.org,2026-07-27,True,low,treatment,0
7020,Eric Davis,tonyaturner@example.com,2024-10-20,False,low,control,0
7021,Jean Rodriguez,bfarmer@example.net,2025-04-19,True,low,control,0
7022,Theresa Mcdonald,rcobb@example.net,2025-12-07,False,low,control,0
7023,John Patterson,kmiles@example.com,2024-12-17,True,low,control,0
7024,Elizabeth Tate,trichardson@example.net,2025-12-20,True,low,treatment,0
7025,Brandon Church,bryan08@example.net,2026-08-10,False,low,control,0
7026,Kevin White,hughescolin@example.com,2025-07-16,False,low,control,0
7027,Ryan Kemp,paige88@example.org,2026-09-07,False,medium,treatment,0
7028,Theodore David,joshua90@example.com,2026-05-26,True,medium,control,0
7029,Maria Matthews,dominique17@example.net,2026-07-18,False,medium,treatment,0
7030,Beth Williams,timothy08@example.com,2025-10-30,False,high,control,1
7031,Erin Martinez,eugenewiggins@example.net,2026-06-16,False,high,control,0
7032,David Shelton,andrea02@example.net,2026-07-23,False,low,control,0
7033,John Woods,thomasmarcia@example.com,2025-10-18,False,high,treatment,0
7034,Robert Dalton,tthompson@example.net,2024-11-16,False,low,treatment,0
7035,Rachel Kennedy,englishsheila@example.net,2025-02-11,False,low,control,0
7036,Jennifer Johnson,jameslarry@example.com,2026-05-23,False,low,control,0
7037,Micheal Richards,espinozadeborah@example.net,2025-11-09,False,high,control,0
7038,Samantha Beck,pdaniel@example.com,2025-12-18,True,medium,control,0
7039,Christina Hall,lisa30@example.net,2026-01-16,False,low,control,0
7040,Gina Waters,wardwilliam@example.com,2025-03-08,False,medium,treatment,0
7041,Shane Martinez,michaelmassey@example.net,2024-10-11,True,medium,control,0
7042,Regina Hill,hannadiana@example.com,2026-04-05,False,low,treatment,1
7043,Craig Lewis,lisadavenport@example.org,2026-02-08,True,low,treatment,0
7044,Scott Gomez,vparsons@example.net,2024-10-30,False,low,treatment,0
7045,Chad Little,brooksamy@example.com,2026-03-23,True,medium,treatment,0
7046,Megan Ray,shannonwood@example.org,2026-06-06,False,low,control,1
7047,Natalie Foster,paynefelicia@example.net,2024-11-28,False,high,control,0
7048,Mark Williams,billy79@example.net,2026-07-28,False,medium,control,0
7049,Aaron Underwood,solisdenise@example.net,2024-10-30,False,high,control,0
7050,Kristina Brock,kimberlydickerson@example.com,2026-04-28,False,high,control,0
7051,Lawrence Cunningham,gregoryrichardson@example.org,2026-01-05,False,medium,treatment,0
7052,Luis Marshall,james75@example.org,2026-05-07,True,low,control,0
7053,Kimberly Garcia,savannahmoore@example.org,2026-07-05,False,low,control,0
7054,Amber Taylor,troyfletcher@example.net,2024-11-17,False,low,treatment,0
7055,Andrew Williams,annbenton@example.com,2024-09-26,False,low,control,0
7056,Leslie Watson,hmcgrath@example.net,2025-03-26,False,medium,control,0
7057,Darryl Miller,zimmermanernest@example.com,2025-05-02,True,medium,control,0
7058,Eric Taylor,charles34@example.com,2025-09-11,True,low,control,0
7059,Tara Washington,vsalazar@example.org,2025-12-12,False,low,treatment,0
7060,Brittany Reed,houstonlauren@example.net,2026-01-05,False,low,control,0
7061,David Kelly,jillianhall@example.com,2025-02-24,False,low,control,0
7062,Kristi Ward,hannahblack@example.com,2025-04-17,False,low,control,0
7063,Johnathan Lynn,villegascrystal@example.org,2024-12-30,False,medium,control,0
7064,William Williams,gibbslaura@example.org,2025-12-04,False,low,treatment,0
7065,Marvin Smith,nathaniel97@example.net,2026-04-19,False,low,treatment,0
7066,Samuel Escobar,william43@example.org,2025-05-18,True,low,treatment,0
7067,Dean Mullins,wcompton@example.org,2026-04-19,False,low,control,0
7068,Daryl Thomas,glasschristopher@example.com,2026-01-07,False,low,control,0
7069,Erin Robertson,henrykylie@example.org,2026-07-13,False,low,treatment,0
7070,James Bailey,douglas46@example.net,2026-05-07,False,medium,treatment,0
7071,Thomas Klein,nthompson@example.org,2025-02-09,False,medium,control,1
7072,Christopher Martinez,collinsjose@example.org,2025-08-31,False,low,treatment,0
7073,Alyssa James,andrea92@example.com,2025-06-12,False,medium,treatment,0
7074,Carol Griffith,davidromero@example.net,2025-06-02,False,low,treatment,0
7075,Joshua Johnson,julie14@example.org,2026-01-12,True,low,control,0
7076,Casey Perez,rebecca09@example.net,2025-03-25,False,high,control,0
7077,Willie Ferguson,bowenmargaret@example.org,2025-04-21,False,low,control,0
7078,Chase Jones,tara13@example.org,2025-05-31,False,medium,treatment,0
7079,Robert Wright,jacksonkatrina@example.com,2025-05-28,False,medium,treatment,0
7080,Melissa Lee,valenzueladanny@example.net,2025-06-02,False,low,control,0
7081,Mary Vang,burgessrose@example.net,2024-12-24,True,low,treatment,0
7082,Maria Huerta,christinepatterson@example.com,2024-12-25,False,low,control,0
7083,Michele Fowler,watkinswilliam@example.org,2026-04-01,False,low,control,0
7084,Evan Chavez,robert99@example.org,2026-09-14,False,high,control,0
7085,Jeffrey Lee,thomasnorris@example.org,2025-07-17,True,low,control,1
7086,Christina Campos,tylerwhite@example.com,2025-07-02,False,low,treatment,0
7087,Anthony Shields,alyssa04@example.org,2026-04-03,False,medium,treatment,0
7088,Tammy Long,johnwilliams@example.com,2025-06-06,False,high,control,0
7089,Zachary Campbell,felicia93@example.com,2025-07-01,False,medium,treatment,0
7090,Tracy Garcia,meyerkenneth@example.org,2026-07-15,True,low,control,0
7091,Joy Ramirez,williamsonkathy@example.net,2025-11-18,True,low,treatment,0
7092,Tracy Vazquez,zramirez@example.net,2026-08-02,False,low,control,0
7093,Marc Stokes,miranda21@example.net,2025-05-12,False,low,control,0
7094,Robert Anderson,fgibson@example.net,2025-10-15,False,high,control,0
7095,Stephanie Spears,nbrown@example.com,2024-11-03,True,medium,control,0
7096,James Robinson,daviddoyle@example.com,2026-01-04,False,low,treatment,0
7097,Victoria Lawrence,evanstommy@example.net,2025-01-25,False,medium,treatment,0
7098,Gloria Snow,ysimon@example.net,2026-04-13,True,low,treatment,1
7099,Brian Graham,yross@example.com,2025-03-14,True,medium,treatment,0
7100,Taylor Mullins,benjaminarcher@example.net,2025-10-09,False,medium,treatment,0
7101,Christine Robinson,wellstracy@example.org,2026-01-15,False,high,treatment,0
7102,Jason Howell,rodriguezstacy@example.net,2026-07-05,False,medium,treatment,0
7103,James Reyes,vkim@example.net,2026-01-21,False,medium,treatment,0
7104,Heather Jennings,tlewis@example.com,2025-10-04,False,high,control,0
7105,April Oliver,qjensen@example.com,2026-03-24,False,low,treatment,0
7106,Leslie Richards,prowe@example.org,2025-06-27,True,high,control,0
7107,Christian Simon,stephensashley@example.org,2025-11-07,True,high,treatment,1
7108,Sierra Hall,foconnor@example.com,2026-05-15,False,low,treatment,0
7109,James Hall,david36@example.org,2024-09-30,True,low,control,0
7110,Heather Smith,curtisjoshua@example.net,2025-02-07,True,low,treatment,1
7111,Phyllis Berry,joneslogan@example.org,2026-04-20,False,high,treatment,0
7112,April Duke,fharper@example.com,2026-06-02,False,medium,treatment,0
7113,Mary Barber,hmartinez@example.org,2025-06-17,False,medium,treatment,0
7114,Jennifer Green,andreasmith@example.net,2024-10-06,False,low,control,0
7115,Victor Shelton,mary61@example.net,2025-07-16,True,low,treatment,0
7116,Michael Howard,lsanders@example.com,2025-06-03,True,medium,control,0
7117,Mr. Terry Stephens MD,karenthompson@example.net,2026-03-04,True,high,treatment,0
7118,Marcus Joseph,kimwu@example.org,2025-08-15,False,high,treatment,0
7119,Laura Diaz,scantrell@example.org,2025-08-07,False,low,control,0
7120,Laura Friedman,sheltonerin@example.com,2024-10-05,False,low,control,0
7121,Erica Mcdonald,mullinsdennis@example.com,2026-05-29,False,high,control,0
7122,Garrett Thomas,mstevens@example.com,2026-07-08,False,low,treatment,0
7123,Larry Giles,cortiz@example.com,2025-03-05,False,low,control,0
7124,Molly Williams,loweryashley@example.com,2025-07-07,True,medium,treatment,0
7125,Amber White,johnsonsamantha@example.net,2026-02-10,False,high,treatment,0
7126,Carlos Hunt,johnflores@example.org,2024-10-08,True,high,control,0
7127,Christopher Green,diamond62@example.net,2025-12-18,False,medium,control,0
7128,Stephen Johnson,jonathan09@example.com,2024-12-03,False,high,treatment,1
7129,Laura Powell,michael55@example.org,2025-08-08,True,high,treatment,0
7130,Jason Austin,robertcharles@example.com,2024-10-06,True,low,treatment,0
7131,Sheri Russell,fwood@example.org,2024-10-30,False,medium,treatment,0
7132,Molly Dawson,mitchelljames@example.org,2025-07-10,False,medium,control,0
7133,Robert Dixon,shelley99@example.com,2025-08-13,False,low,treatment,0
7134,Lauren Bolton,uharper@example.net,2025-10-21,False,low,treatment,0
7135,Betty French,qjones@example.com,2025-11-13,False,low,treatment,0
7136,Matthew Walker MD,nfernandez@example.org,2026-06-19,False,low,treatment,0
7137,Joseph Rose,amber03@example.net,2024-11-29,True,low,treatment,0
7138,Julia Boone,rogerssuzanne@example.net,2026-03-14,True,low,control,0
7139,Nathan Hunter,jason42@example.net,2025-08-13,True,low,treatment,1
7140,Crystal Manning,ydennis@example.com,2025-02-12,False,medium,control,0
7141,April Johnson,scottstephanie@example.org,2025-01-15,False,medium,control,0
7142,Patricia Butler,cynthia10@example.com,2026-03-30,False,medium,treatment,0
7143,Robin Huynh,englishheather@example.net,2025-10-25,False,medium,control,0
7144,Joshua Thompson,sheilagreen@example.com,2025-10-04,True,high,treatment,1
7145,Elizabeth Jackson,brownjustin@example.net,2025-04-11,False,low,treatment,0
7146,Scott Tucker,jacquelinemiller@example.net,2025-03-18,False,low,treatment,0
7147,Jason Bryant,michellethompson@example.org,2025-01-04,True,low,control,0
7148,Judy Moses,tina61@example.com,2025-04-05,False,medium,control,0
7149,Mark Harris,williamsmartin@example.com,2025-10-02,False,low,treatment,0
7150,Scott Moore,josephmyers@example.com,2026-05-02,False,medium,treatment,0
7151,Darren Ayala,tlee@example.org,2026-07-16,True,medium,treatment,0
7152,Taylor Brock,sarah89@example.org,2024-12-22,True,low,control,0
7153,Amanda Hernandez,hubbardjamie@example.com,2024-10-09,False,medium,treatment,0
7154,Rachel Williams,fbonilla@example.org,2025-12-13,True,low,control,0
7155,Jason Gordon,kelseyrogers@example.org,2025-11-10,True,low,treatment,0
7156,Lisa Craig,amandarogers@example.net,2025-06-24,True,low,control,0
7157,Dana Gray,brewereric@example.net,2025-07-24,False,low,treatment,0
7158,Michelle Nichols,xochoa@example.com,2026-02-24,False,medium,treatment,0
7159,Nichole Anderson,gaysarah@example.net,2026-05-23,True,low,control,0
7160,Evan Ayala,garciaheather@example.net,2026-03-26,False,low,treatment,0
7161,James Rodriguez,elamb@example.net,2025-10-26,True,low,treatment,1
7162,Jeremy Garcia,charles29@example.org,2025-12-22,False,medium,control,0
7163,Kelly Smith,melissapierce@example.net,2025-05-12,False,high,treatment,1
7164,Jerry Ross,kelly50@example.net,2025-05-11,False,low,control,0
7165,Joseph Rogers,hughesbrent@example.org,2025-11-14,True,low,control,0
7166,Kaylee Fernandez,christy84@example.com,2026-05-27,True,low,treatment,0
7167,Charles Price,duncanmichael@example.com,2024-10-22,True,low,control,0
7168,Brandi Daugherty,lopezaaron@example.com,2025-08-22,False,high,treatment,0
7169,Joseph Huang,riveraandrew@example.net,2025-02-25,False,high,treatment,0
7170,James Escobar,jbrown@example.net,2025-09-12,False,low,treatment,1
7171,David Parker,sharonhorton@example.net,2025-12-23,False,low,control,0
7172,Briana Robinson,donaldhoward@example.net,2025-09-24,True,high,control,0
7173,Matthew Galloway,torreschristian@example.org,2025-09-07,False,low,control,0
7174,Brent Powers,davismary@example.com,2025-04-25,True,low,control,0
7175,Matthew Robertson,alexis46@example.net,2024-11-09,True,low,control,0
7176,Andrea Collier,beardtroy@example.org,2026-06-29,True,low,control,0
7177,Mr. Patrick Hall,shelby46@example.org,2025-08-09,True,low,control,0
7178,Carolyn Parker,cynthiaeverett@example.com,2024-09-23,True,low,control,0
7179,Alex Moore,bpeters@example.net,2026-09-12,False,low,treatment,0
7180,Christine Douglas,james14@example.com,2025-06-10,False,medium,control,0
7181,Christopher Smith,christophermoore@example.com,2025-10-13,False,medium,control,0
7182,Jim Reed,reginald98@example.net,2025-02-11,False,high,control,0
7183,Phillip Hernandez,alexandra16@example.net,2026-05-23,True,low,control,0
7184,Stephen Roach,wattsthomas@example.org,2024-11-05,False,medium,treatment,0
7185,Brian Robertson,bowersjanice@example.com,2026-02-08,False,medium,treatment,0
7186,Marc Adams,xmurray@example.org,2024-11-21,False,medium,control,0
7187,Rachel Ramirez,kelsey88@example.net,2025-01-23,False,medium,treatment,0
7188,Dennis Gonzalez,bflowers@example.net,2026-02-27,False,medium,treatment,0
7189,Megan Byrd,jlewis@example.org,2025-09-11,False,medium,control,0
7190,Stephen Reeves,cassandrabanks@example.org,2025-03-04,False,low,treatment,0
7191,Aaron Long,pjennings@example.com,2025-07-09,False,medium,treatment,0
7192,Kevin Pruitt,xking@example.org,2026-07-24,True,low,treatment,0
7193,Jennifer Howard,patrickknox@example.com,2026-03-09,False,medium,treatment,0
7194,Donald Walker,moorematthew@example.org,2025-01-30,False,medium,treatment,0
7195,Caroline Greene,thomas04@example.net,2025-04-22,False,low,control,0
7196,Derek Roberts,jedwards@example.com,2024-11-07,True,medium,control,0
7197,David Phillips,johnsanthony@example.org,2025-04-28,True,medium,treatment,1
7198,Stephanie Bonilla,nixonmichael@example.net,2025-02-23,False,medium,treatment,0
7199,Lisa Castillo,stevenwoods@example.com,2026-04-19,False,low,treatment,0
7200,Courtney Kennedy,lbartlett@example.com,2026-04-04,False,low,treatment,0
7201,David Webb,kimberly12@example.net,2026-01-17,True,low,treatment,0
7202,Patricia Donaldson,andersonjill@example.org,2025-07-25,True,medium,treatment,1
7203,Douglas Klein,kwest@example.net,2026-05-26,False,low,treatment,1
7204,Sandra Wagner,heather06@example.net,2025-10-25,True,medium,control,0
7205,Jimmy Morales,cummingskelly@example.org,2025-10-30,False,low,treatment,0
7206,William Thomas,rgordon@example.net,2024-11-08,False,medium,treatment,0
7207,Christopher Stevens,zreed@example.net,2025-02-05,False,low,treatment,0
7208,Melissa Patton,estafford@example.org,2024-10-05,False,medium,control,0
7209,Henry Anderson,danielwalter@example.com,2025-08-22,False,medium,control,0
7210,Mr. Tracy Bennett,samanthadyer@example.org,2026-01-14,False,low,treatment,0
7211,Calvin Gay,pwatson@example.net,2025-10-31,False,medium,treatment,0
7212,John Watkins,mnorris@example.com,2025-04-20,False,low,treatment,0
7213,Matthew Jones,collinsamy@example.net,2026-05-03,False,medium,treatment,0
7214,Juan Combs,devin05@example.org,2024-10-28,False,low,treatment,0
7215,Rachel Francis,oconnordawn@example.com,2024-09-26,False,low,treatment,0
7216,Amanda Stewart,danielleclark@example.net,2026-08-18,False,high,treatment,0
7217,Gabrielle Rose,frankarroyo@example.com,2024-10-27,True,high,control,1
7218,Jason Curry,carellano@example.org,2026-05-07,False,low,control,0
7219,Teresa White,scottwilliam@example.com,2026-07-15,False,low,control,0
7220,Shannon Lawrence,serranotimothy@example.org,2026-08-15,False,low,control,0
7221,Tammy Esparza,tammypratt@example.net,2026-04-10,False,low,treatment,0
7222,Justin Walker,oprice@example.com,2025-04-13,True,medium,control,0
7223,John Campbell,halldawn@example.com,2026-08-07,False,low,treatment,0
7224,Paul Adams,laurie61@example.org,2026-04-01,False,low,control,0
7225,Jennifer Brewer,mmora@example.com,2025-04-29,False,high,treatment,0
7226,Jeffrey Snyder,wbutler@example.net,2026-08-28,False,low,treatment,0
7227,Joshua Lowe,scastaneda@example.net,2025-12-20,False,high,control,0
7228,Jesse Mccall,hernandezcarmen@example.net,2026-02-19,False,low,control,1
7229,Vernon Crawford,rodriguezbriana@example.net,2025-07-26,True,low,control,0
7230,Lauren Foster,laura21@example.com,2025-04-18,False,medium,treatment,0
7231,James Peters,james86@example.net,2025-04-21,False,medium,control,0
7232,Darrell Grant,randrade@example.org,2026-05-13,True,low,control,1
7233,Steven Gomez,stacey73@example.net,2026-06-11,False,low,control,0
7234,Jeff Hayes,hday@example.org,2025-05-26,False,high,treatment,0
7235,Cole Smith,melissalogan@example.com,2025-02-21,False,low,treatment,0
7236,Jennifer Welch,kimberly73@example.net,2025-08-12,False,high,treatment,0
7237,Melanie Reyes,fphillips@example.org,2025-10-11,True,high,control,1
7238,Megan Olson,josephcarpenter@example.org,2026-09-07,False,medium,treatment,0
7239,Margaret Alexander,daniel75@example.com,2026-08-12,False,high,control,0
7240,Diane Ramirez,hwilliams@example.org,2025-11-21,True,low,treatment,0
7241,Robin Cline,nmendez@example.com,2026-07-24,True,medium,control,0
7242,Reginald French,jasonpacheco@example.org,2025-06-21,True,low,control,0
7243,Johnathan Brown,lhogan@example.com,2025-02-05,True,low,treatment,0
7244,Theresa Webster,williamsthomas@example.net,2025-12-10,True,medium,treatment,0
7245,Jimmy Esparza,orichards@example.com,2026-02-28,True,low,control,0
7246,Walter Jones,stephaniesaunders@example.net,2026-04-02,False,medium,control,0
7247,Eileen Johns,bhill@example.com,2026-01-31,True,low,treatment,0
7248,Aaron Bowman,kreed@example.net,2025-05-17,False,low,control,0
7249,Andre Murphy,gneal@example.com,2025-10-12,False,low,control,0
7250,Lisa Hernandez,michellebray@example.org,2026-04-02,False,low,control,0
7251,Hannah Shelton,tlucas@example.net,2024-12-10,False,high,treatment,1
7252,Mark Miller,clarkjustin@example.org,2024-09-17,True,medium,treatment,0
7253,Nicholas Dunn,carlosporter@example.com,2026-05-20,True,low,treatment,0
7254,Joseph Kennedy,haleylinda@example.net,2025-10-29,False,low,treatment,1
7255,Lisa Thomas,sosatimothy@example.org,2025-03-07,False,medium,treatment,0
7256,Michael Romero,mdrake@example.net,2025-10-16,False,medium,control,0
7257,Megan Bowen,wsantiago@example.net,2026-05-06,True,low,treatment,0
7258,Danny Lindsey,garymoyer@example.org,2025-10-19,False,low,control,1
7259,Melinda Taylor,michaelafletcher@example.com,2024-10-04,False,low,control,0
7260,Jane Young,todd34@example.net,2025-10-21,False,low,control,0
7261,Jennifer Todd,jordanwallace@example.org,2026-09-11,False,high,treatment,0
7262,Michael Turner,lancemitchell@example.org,2026-01-20,False,low,treatment,0
7263,Jacob Patterson,mdavis@example.com,2025-01-30,False,low,treatment,0
7264,William Young,christinesmith@example.net,2026-08-13,False,low,control,0
7265,Rhonda Miller,dennisgarcia@example.com,2026-06-01,False,low,treatment,0
7266,Abigail Hawkins,nicholasalvarez@example.org,2026-06-16,False,high,control,1
7267,Bill Wilson,megannichols@example.net,2024-11-01,True,low,control,0
7268,Glenn Dixon,eortega@example.org,2025-11-30,False,low,treatment,0
7269,Tom Smith,kimberlyjohnson@example.net,2025-06-11,False,low,treatment,0
7270,Gregory Mendoza,millerandrea@example.com,2025-05-31,False,low,control,0
7271,Thomas Lopez,mooreperry@example.com,2026-03-02,False,medium,control,0
7272,Tonya Black,brownsheila@example.net,2025-06-02,True,low,treatment,0
7273,Wanda Fuller,erikbaker@example.org,2026-02-03,False,low,treatment,0
7274,Rickey Baker,freynolds@example.com,2025-11-10,False,medium,treatment,1
7275,Carl Williams,swilcox@example.net,2025-04-07,False,medium,control,0
7276,Andrea Lopez,michaelbeard@example.net,2025-11-20,False,low,treatment,0
7277,Christopher Jones,ericksongeorge@example.com,2025-06-19,False,high,control,0
7278,Gregory Hunt,rosebenjamin@example.com,2024-12-09,True,low,control,0
7279,Teresa Smith,msellers@example.com,2025-02-27,False,medium,treatment,0
7280,Elizabeth Atkins,tonimoore@example.org,2026-06-28,False,low,control,0
7281,Heather Brown,ryancarroll@example.com,2025-11-15,False,low,control,0
7282,Alexander Luna,vwilkinson@example.net,2025-01-09,False,medium,control,0
7283,Dennis Jordan,mosleypamela@example.org,2026-03-03,False,low,control,0
7284,Brady Hinton,swilliams@example.com,2026-02-28,False,high,control,1
7285,Brandon Pruitt,fwhite@example.org,2025-01-05,False,low,treatment,0
7286,Angela Floyd,bmartin@example.net,2025-02-14,True,high,treatment,0
7287,Sandra Smith,torresjeremy@example.org,2026-05-22,False,high,control,0
7288,Robert Villanueva,caseylaurie@example.org,2026-09-10,False,low,treatment,0
7289,Michelle Black,jerryolson@example.org,2024-11-14,False,medium,treatment,0
7290,Brenda Weaver,hvelasquez@example.com,2026-07-28,True,low,control,0
7291,Thomas Dudley,turnermelissa@example.net,2025-08-25,False,low,control,0
7292,Steven Harmon,smithsheena@example.net,2026-03-10,False,low,treatment,0
7293,Diane Robbins,mmclaughlin@example.com,2025-10-09,False,low,treatment,0
7294,Jake Wilkinson,lopezalexandra@example.com,2026-08-11,False,low,treatment,0
7295,Scott Stevens,john51@example.net,2025-06-06,False,low,treatment,0
7296,Christopher Walker,jonathan25@example.net,2025-10-28,False,high,treatment,0
7297,Heidi Rivera,smithalicia@example.org,2025-12-24,False,medium,treatment,0
7298,Brendan Smith,uhill@example.org,2024-11-14,False,medium,control,0
7299,Lynn Hartman,zmitchell@example.net,2024-09-25,False,high,treatment,0
7300,Melanie Holloway,john77@example.com,2025-03-08,False,high,treatment,1
7301,Victoria Wilson,ibauer@example.org,2025-06-13,True,low,control,0
7302,John Miller,smithsamantha@example.org,2026-04-19,True,low,treatment,0
7303,William Meyer,sscott@example.com,2025-11-15,False,high,treatment,0
7304,Mrs. Kristin Davis,erica16@example.com,2025-12-11,False,medium,treatment,0
7305,Alicia Williams,rebecca51@example.net,2026-02-04,False,medium,control,0
7306,Kenneth White,jamesstephanie@example.org,2026-05-31,False,medium,control,0
7307,Alexis Mendoza,kimberly42@example.com,2025-01-12,False,medium,control,0
7308,Sarah Nielsen,greenebryan@example.net,2026-07-16,False,high,control,1
7309,Elizabeth Murillo,gracejohnson@example.net,2025-09-02,True,low,treatment,0
7310,Joseph Elliott,fernandonelson@example.org,2025-05-15,False,low,control,0
7311,Stephanie Bryan,ruth13@example.org,2025-03-01,False,low,control,0
7312,Tasha Newton,rebecca32@example.org,2025-01-29,False,high,control,0
7313,Daniel Kelly,jwilliamson@example.net,2026-04-18,False,medium,treatment,0
7314,Kathleen Colon,whogan@example.org,2025-04-30,False,low,treatment,0
7315,Yolanda Chase,donald16@example.net,2025-12-17,False,low,control,0
7316,Douglas Kelly,kristinetrevino@example.org,2025-10-02,False,medium,treatment,1
7317,Dalton Adams,zwalls@example.com,2026-03-12,True,medium,treatment,1
7318,Tara Torres,mlong@example.net,2026-03-02,False,low,control,0
7319,Daniel Robertson,aperkins@example.net,2026-08-11,True,low,control,0
7320,Brent Barnett,pthompson@example.org,2025-11-06,False,medium,treatment,1
7321,Monica Mora,neallisa@example.com,2025-12-19,False,medium,treatment,0
7322,Stephen Martin,amandaestrada@example.com,2026-03-07,False,medium,control,0
7323,Roberto Jones,hensonjohn@example.net,2026-07-26,False,low,treatment,0
7324,Wendy Reynolds,theresa69@example.com,2026-08-09,False,medium,treatment,0
7325,Vincent Mcgee,huntlance@example.com,2025-12-31,False,medium,treatment,0
7326,Daisy Johnson,huntallison@example.net,2025-08-19,True,medium,treatment,0
7327,James White,michael33@example.com,2025-07-11,False,medium,treatment,1
7328,Mary Finley,jeffreythomas@example.net,2026-04-15,False,medium,treatment,0
7329,Mr. Cesar Wu Jr.,susanberry@example.org,2024-10-06,False,medium,control,0
7330,Angela Moore,bishopmichael@example.net,2025-10-02,True,high,control,0
7331,Zachary Garrett,tcontreras@example.com,2025-06-19,False,medium,control,0
7332,Steven Johnson,stephen76@example.net,2025-10-06,False,medium,control,0
7333,Christina Moody,rlindsey@example.com,2025-09-21,True,medium,control,0
7334,Deanna Franco,oclark@example.org,2024-10-17,True,medium,control,0
7335,Denise Garcia,jburnett@example.org,2025-04-12,False,low,control,0
7336,Holly Mcgee,holdenregina@example.net,2025-10-06,False,high,treatment,0
7337,Ann Roberts,rodriguezderek@example.com,2024-12-24,True,medium,control,0
7338,Nathan Garcia MD,connor65@example.com,2026-05-13,True,low,treatment,1
7339,Joanne Snyder,katie37@example.org,2026-03-30,True,medium,control,0
7340,Jacob Scott,susan55@example.net,2025-03-28,False,high,control,0
7341,Beth Becker,stephen66@example.org,2024-10-28,False,low,treatment,1
7342,Dr. Steven Ray,lucasoscar@example.net,2025-03-01,False,low,control,0
7343,Jackie Evans,cindy40@example.org,2025-05-02,False,low,treatment,0
7344,Lisa Morales,qsmith@example.com,2025-11-02,False,medium,treatment,0
7345,Dillon Garrison,kgarner@example.com,2026-08-17,False,low,treatment,1
7346,Jeffrey Humphrey,martinkelly@example.org,2026-09-06,False,low,control,0
7347,Erin White,khananthony@example.org,2025-06-05,False,medium,control,0
7348,Mr. Nathan Nelson,garciajulie@example.com,2024-12-25,True,low,control,0
7349,Kevin Walker,jacobholmes@example.org,2025-04-22,True,low,treatment,0
7350,Angela George,steven87@example.org,2025-04-16,True,medium,treatment,0
7351,Cynthia Griffin,benjaminwarner@example.org,2025-05-05,False,low,control,0
7352,Daniel Moss,kowens@example.com,2025-09-27,False,medium,treatment,0
7353,Heather Manning,rebecca25@example.net,2025-05-08,False,medium,control,0
7354,Fernando Reid,david41@example.com,2025-03-17,False,low,treatment,0
7355,Donna Kelley,pamelayoung@example.net,2025-09-26,True,low,control,0
7356,Jennifer Johnson,debra44@example.net,2025-01-07,False,low,control,0
7357,Stacey Williams,priley@example.com,2025-05-17,False,low,treatment,0
7358,Mr. Brian Huber,riceaaron@example.com,2025-02-11,False,low,treatment,0
7359,Dwayne Nelson,burtonpenny@example.net,2026-01-01,False,high,control,0
7360,Lindsey Cooper,qwilliams@example.com,2025-07-14,True,low,control,0
7361,Amy Tran,ukelley@example.org,2025-06-03,False,low,treatment,0
7362,Cynthia Parker,whitemichael@example.com,2025-12-24,False,low,treatment,0
7363,Belinda Hill,andrew36@example.net,2025-03-14,False,high,treatment,0
7364,Elizabeth Moore,martinezjoseph@example.com,2026-03-20,False,medium,control,0
7365,Lori Bass,paul65@example.org,2026-07-11,False,high,control,0
7366,Christy Oliver,mcamacho@example.com,2025-12-02,False,low,control,0
7367,Sean Brooks,trevor39@example.org,2025-03-26,True,medium,control,0
7368,Edward Butler,lindalee@example.net,2026-09-08,False,low,treatment,1
7369,Christine Wolfe DDS,petersdavid@example.org,2025-02-22,True,high,control,0
7370,Corey Acosta DVM,beasleystacey@example.net,2025-09-17,False,low,treatment,0
7371,Lindsay Underwood,trevinohayley@example.net,2026-04-06,False,medium,control,0
7372,Adam Buckley,gpugh@example.net,2025-09-22,False,low,treatment,0
7373,Samantha Hurley,mflores@example.net,2025-02-20,True,low,treatment,0
7374,Andrea White,kristinaobrien@example.org,2024-12-05,False,medium,treatment,0
7375,Amy Torres,joshuamccarty@example.net,2025-11-30,True,high,control,0
7376,Matthew Robertson,john53@example.com,2025-01-25,True,low,treatment,0
7377,Joseph Davis,kelli58@example.com,2025-11-08,False,medium,treatment,0
7378,Alan Harris,austinsmith@example.net,2025-12-05,False,medium,control,0
7379,Joshua Stein,hbrown@example.com,2025-03-03,False,medium,control,0
7380,Michael Cox,reedconnie@example.org,2026-05-13,False,low,treatment,1
7381,Julie Rhodes,fwalls@example.com,2025-01-11,False,high,control,0
7382,Brenda Torres,wsimpson@example.net,2024-09-19,True,low,treatment,0
7383,Randall Davis,masonbrian@example.org,2025-12-31,False,low,control,0
7384,Donald Garcia,diana74@example.net,2025-11-24,False,high,control,0
7385,Deborah Watson,nmorgan@example.org,2025-08-06,True,low,control,0
7386,Taylor Smith,scottfrey@example.com,2025-05-26,False,high,treatment,0
7387,Daniel Gonzalez,james48@example.net,2025-12-05,False,medium,control,0
7388,Allison Guerra,glassgary@example.org,2024-10-03,False,medium,control,0
7389,Regina Cole,yconner@example.com,2026-09-11,True,low,treatment,0
7390,Michael Wood,sstephens@example.com,2024-12-07,False,high,treatment,1
7391,Jonathan Mason,clarencekaufman@example.org,2026-09-14,False,high,control,0
7392,Dr. Zachary Hernandez,brian47@example.net,2026-02-27,False,medium,control,0
7393,Megan Harris,erodriguez@example.net,2025-07-19,False,medium,treatment,0
7394,Olivia Barnett,chenpatrick@example.org,2026-02-03,False,medium,treatment,0
7395,Beth Hobbs,christopher55@example.org,2025-11-22,True,high,control,0
7396,Phillip Gonzalez,morrisonadrienne@example.org,2025-02-26,False,low,control,0
7397,Candice Hill,reneepayne@example.net,2025-01-08,False,medium,control,0
7398,Lucas Sims,joshuabrowning@example.com,2026-06-21,True,medium,treatment,0
7399,Elizabeth Green,ashley59@example.org,2025-03-18,True,low,control,0
7400,Benjamin Strickland,maryball@example.net,2025-10-10,False,medium,control,0
7401,Perry Kelly,martinronald@example.net,2025-11-01,False,medium,treatment,0
7402,Andrew Sandoval,jesseyoung@example.com,2024-11-29,False,low,control,0
7403,Kevin Page,marcusbaker@example.net,2026-04-21,True,medium,control,1
7404,Alec Miller,ggardner@example.org,2026-05-08,True,medium,control,0
7405,Wendy Valdez,joshuabrown@example.com,2025-02-01,False,high,treatment,0
7406,Ebony Ramirez,scottkim@example.com,2026-02-16,True,low,control,0
7407,Wendy Blake,lutzscott@example.org,2026-03-24,False,low,treatment,0
7408,Austin Morgan,mary76@example.com,2025-08-11,False,low,treatment,0
7409,Ruben Doyle,fishersarah@example.com,2025-05-20,False,low,treatment,0
7410,Anna Gonzales,eking@example.org,2025-07-31,True,medium,control,0
7411,Karen Davis,kpruitt@example.org,2026-05-06,False,low,treatment,0
7412,Victor Pope,mark19@example.com,2026-02-15,False,low,treatment,0
7413,James Sparks,kelleyalexis@example.com,2025-03-31,False,low,treatment,0
7414,Joseph Barber,ortegacatherine@example.org,2024-09-30,False,medium,control,0
7415,Mrs. Lisa Steele,valenciachristina@example.net,2025-10-18,False,medium,treatment,0
7416,Erin Johnston,perezdaniel@example.com,2024-10-03,False,medium,control,0
7417,Tammy Stevens,cookrebekah@example.net,2025-11-18,False,low,control,0
7418,Jennifer Tucker,bibarra@example.com,2024-10-22,False,low,control,1
7419,Stephanie Jordan,david68@example.org,2024-10-03,False,medium,control,0
7420,Wendy Gallegos,dianadiaz@example.net,2025-04-23,True,low,treatment,0
7421,Sergio Rogers,sarah15@example.org,2025-07-05,True,low,treatment,0
7422,Kristin Davis,millererika@example.com,2026-09-06,True,medium,treatment,0
7423,Christina Dixon,hansenluke@example.net,2025-03-20,False,medium,treatment,0
7424,Sharon Chavez,shopkins@example.com,2025-11-08,False,high,control,0
7425,Charles Davis,kathleenmitchell@example.org,2026-01-31,False,low,treatment,0
7426,Lisa Maxwell,wmatthews@example.com,2024-11-25,False,medium,treatment,0
7427,Steven Walters,steven01@example.com,2025-10-21,False,low,treatment,0
7428,Austin Thomas,nicole02@example.org,2025-10-01,False,high,control,0
7429,Timothy Mendez,bradleymedina@example.com,2026-03-04,False,medium,control,0
7430,Roger Hill,lbaxter@example.net,2026-07-16,False,medium,control,0
7431,Justin Martin,kimberly95@example.org,2025-08-06,True,medium,treatment,0
7432,Scott Ramsey,james72@example.com,2026-04-26,True,medium,control,0
7433,Amanda Sanders,tara90@example.com,2026-08-03,False,low,treatment,0
7434,Dr. David Morris II,nicholas08@example.net,2025-09-29,False,low,treatment,0
7435,James Hoover,zachary70@example.com,2026-08-07,True,low,control,0
7436,Katherine Silva,seanharvey@example.org,2026-07-14,True,low,control,0
7437,Jessica Valentine,shannongilbert@example.org,2024-10-13,False,medium,control,0
7438,Jillian Smith,veronicalane@example.net,2026-07-20,False,medium,control,0
7439,April Hoffman,ealvarez@example.com,2026-01-17,True,high,treatment,1
7440,Elizabeth Thompson,justin10@example.org,2025-12-14,False,low,control,0
7441,Charles Smith,wendyruiz@example.com,2026-05-07,False,low,treatment,0
7442,Cody Blair,dylan09@example.net,2025-02-21,False,low,control,0
7443,Kayla Martinez,youngjoshua@example.org,2026-07-17,False,high,control,0
7444,Rodney Patton,nicolerandolph@example.net,2026-09-11,False,low,treatment,0
7445,Richard Gibbs,sandrawalsh@example.net,2026-06-28,False,high,control,0
7446,Michelle Stone,larsontrevor@example.net,2025-10-25,False,low,control,0
7447,Elizabeth Rios,amy22@example.org,2025-01-19,True,medium,control,0
7448,Tracy King,alan64@example.com,2024-11-24,True,low,control,0
7449,Sarah Graves,ycarter@example.com,2026-05-05,False,low,control,0
7450,Stephanie Evans,poncerichard@example.org,2026-07-15,True,low,control,0
7451,Alexander Jones,cochraneric@example.net,2025-04-02,True,low,treatment,0
7452,Ashley Spencer,vazquezbrian@example.com,2025-01-25,True,low,control,0
7453,Kevin Cabrera,rileywhite@example.com,2025-11-01,False,medium,control,1
7454,Nicholas Moore,ylee@example.com,2024-11-05,False,medium,control,0
7455,Kevin Campbell,hunterhoward@example.com,2024-09-20,True,low,control,0
7456,Jeffrey Schmidt,kmitchell@example.com,2026-03-15,True,medium,treatment,0
7457,Katherine Wang,isolomon@example.com,2026-01-23,False,medium,control,0
7458,Scott Hudson,hamiltonbrandon@example.com,2025-06-28,False,low,treatment,0
7459,Jeremy Velazquez,thomas99@example.org,2026-01-17,False,low,treatment,0
7460,Christina Hale,kingstephanie@example.org,2025-04-08,False,medium,control,0
7461,Justin Jones,tammyalvarado@example.com,2025-11-27,False,high,treatment,0
7462,Alexandra Brown,melindacarter@example.com,2024-12-09,False,medium,control,0
7463,Monica Thomas,qbrown@example.com,2026-01-16,False,low,treatment,0
7464,Bethany Anderson,wyates@example.org,2025-07-21,False,low,control,0
7465,Amber Johnson,lynn41@example.com,2025-02-26,True,low,control,0
7466,Ronnie Warner,roy66@example.org,2025-12-02,True,medium,control,0
7467,Jonathan Pittman,jessicawilliams@example.org,2025-03-12,False,low,control,0
7468,Kathleen Fields,mharvey@example.com,2025-05-05,True,high,treatment,0
7469,Henry Ramirez,zcrawford@example.com,2026-04-28,False,medium,control,0
7470,Michelle Robinson,longbreanna@example.net,2026-08-16,False,medium,treatment,0
7471,Christy Turner,evanhenderson@example.net,2025-03-23,False,low,control,0
7472,Michael Brennan,jennifer42@example.org,2025-04-28,True,low,treatment,0
7473,Alan Armstrong,leslieoliver@example.org,2025-05-19,True,high,control,0
7474,Pamela Frye,robertojones@example.com,2025-07-06,True,low,control,0
7475,Kurt Miller,timothygomez@example.net,2025-08-17,False,low,control,0
7476,Amanda Ellis,kathydavis@example.net,2024-10-23,False,low,control,0
7477,Warren Garza,barrettsusan@example.com,2025-04-04,False,low,control,0
7478,Ashley Bartlett,benjamin94@example.org,2026-08-26,False,medium,treatment,0
7479,Robert Ortega,brenda03@example.org,2024-12-31,False,medium,treatment,0
7480,Sara Ward,autumn59@example.org,2026-07-16,False,low,control,0
7481,Michael Rodriguez,zmorgan@example.org,2025-06-21,False,medium,control,1
7482,Joshua Rodriguez,nwang@example.org,2025-10-22,False,low,treatment,0
7483,Brittany Kelly,randywalter@example.com,2026-08-30,False,medium,control,0
7484,Lisa Harrison,madelinepena@example.com,2024-11-09,False,low,control,0
7485,Victoria Martinez,garciastacy@example.com,2026-07-05,False,medium,control,0
7486,Jonathan Thompson,wilsonjimmy@example.org,2025-01-21,False,low,treatment,0
7487,Joshua Gallagher,michael35@example.com,2025-12-19,True,low,control,1
7488,Tammy Walker,elizabethhernandez@example.org,2026-04-27,True,medium,treatment,0
7489,Angela Bowen,kylescott@example.net,2025-06-22,False,low,control,0
7490,Bethany Jacobs,sandratrujillo@example.org,2024-11-13,False,medium,treatment,0
7491,Donald Dalton,hinesaaron@example.com,2025-07-20,True,low,control,0
7492,Carlos Cooper,caitlin44@example.com,2025-06-16,False,low,treatment,0
7493,Jessica Brown,gphillips@example.org,2026-05-31,False,low,control,0
7494,David Yu,stephaniekerr@example.com,2024-11-02,False,medium,control,0
7495,Brian Johnson,westmichael@example.com,2025-10-13,False,high,control,0
7496,Garrett Dixon,williamhansen@example.com,2024-11-20,False,medium,treatment,0
7497,Zachary Peterson,vlynch@example.org,2025-09-02,True,low,control,0
7498,Michael Carlson,kglenn@example.com,2026-08-16,False,medium,treatment,0
7499,Emily Good,paulpowell@example.org,2024-11-27,True,low,control,0
7500,Nicole Yang,hannahsanders@example.org,2025-10-20,False,low,control,0
7501,Eric Johnson,whitejustin@example.net,2025-06-06,False,medium,control,0
7502,Natalie Woodard,ashleymartin@example.com,2026-09-07,False,low,treatment,0
7503,Nichole Hernandez,macknicole@example.com,2026-03-14,True,low,control,0
7504,Janet Carter,angelamarshall@example.com,2025-08-19,True,medium,control,0
7505,Janice Daniels,johnporter@example.org,2025-12-12,False,low,treatment,0
7506,Brittney Grimes,sarah35@example.org,2025-07-10,True,low,treatment,0
7507,Cindy Vargas,elizabethvelasquez@example.net,2025-06-28,False,low,control,0
7508,Charles Henderson,jerryrodriguez@example.org,2025-11-18,False,medium,treatment,0
7509,Michael Shaw,yramirez@example.com,2026-04-28,False,medium,control,0
7510,Michael Shaffer,elizabethbanks@example.net,2025-07-14,True,medium,treatment,0
7511,Janice Aguilar,mharper@example.com,2026-07-26,True,medium,treatment,1
7512,Mark Obrien,sphillips@example.net,2026-05-19,True,medium,treatment,1
7513,Julia Martinez,cassandra19@example.net,2025-11-20,True,high,treatment,0
7514,Nathaniel Ross,erin72@example.net,2024-11-26,False,medium,control,1
7515,Yolanda Roy,grossdarren@example.com,2025-08-09,False,low,treatment,0
7516,Kristie Faulkner,suttonkristi@example.org,2025-08-27,False,high,control,0
7517,Jose Payne,grace27@example.org,2025-12-28,True,high,control,0
7518,Alyssa Ward,braysara@example.net,2025-11-04,False,medium,control,0
7519,Brian Wilcox,worr@example.net,2026-07-15,False,low,treatment,0
7520,Tara Rubio,petermartinez@example.net,2025-02-23,False,low,control,0
7521,Allison Ellis,jameschavez@example.org,2026-01-09,False,low,treatment,0
7522,Alexander Hartman,danielhuber@example.org,2026-07-27,True,medium,control,0
7523,Scott Richardson,deleonteresa@example.net,2025-12-21,False,medium,treatment,0
7524,William Guerrero,deanmeredith@example.net,2026-08-18,True,low,treatment,1
7525,Michaela Brooks,anthony58@example.net,2025-08-23,False,low,treatment,1
7526,Preston Larson,kimberly52@example.org,2025-11-29,False,medium,treatment,0
7527,Karen Johnson,crystal84@example.com,2025-10-31,True,high,control,0
7528,Ernest Mitchell,mckenziemorris@example.net,2026-09-01,False,medium,treatment,0
7529,Jodi Thompson,lopezwilliam@example.net,2026-06-22,True,medium,control,1
7530,Jo Wright,erica37@example.org,2026-05-26,True,low,treatment,0
7531,Daniel Harris,simsscott@example.net,2026-08-30,True,low,treatment,0
7532,Tracy Kelly,mnorton@example.org,2025-11-26,True,low,control,0
7533,Ronald Long,wmartinez@example.net,2025-07-23,True,medium,treatment,0
7534,Kaitlyn Flynn,sharris@example.com,2024-10-24,True,medium,treatment,0
7535,Christy Long,dcontreras@example.org,2025-06-26,True,high,treatment,0
7536,Samantha Becker,savannah40@example.com,2025-03-01,False,low,treatment,0
7537,Kim Arnold,amy22@example.net,2025-09-27,False,low,control,0
7538,Nicholas Griffin,anelson@example.org,2024-09-24,False,medium,treatment,0
7539,Ann Farmer,lindahayes@example.org,2025-06-16,True,low,control,0
7540,Kevin Adams,ascott@example.org,2025-12-02,True,low,treatment,0
7541,Derek Guerrero,brent71@example.net,2025-01-21,False,low,control,0
7542,Robert Donaldson,davismegan@example.com,2025-12-18,False,low,treatment,0
7543,Shawn Soto,staceycastro@example.net,2026-03-02,True,low,treatment,0
7544,Ivan Brown,sandyenglish@example.net,2026-07-02,False,low,treatment,0
7545,Cheryl Jones,uwalsh@example.net,2026-02-01,False,low,control,0
7546,Heather Anderson,joseconner@example.org,2026-05-17,True,medium,treatment,0
7547,Jenny Mcdaniel,vglover@example.org,2025-09-08,False,low,treatment,0
7548,Janet Morton,sandovalann@example.org,2025-06-24,False,low,treatment,0
7549,Anthony Cooper,dawsonkeith@example.com,2024-11-25,False,medium,treatment,0
7550,Cassandra Blair,careyjulie@example.net,2025-04-19,False,low,treatment,0
7551,Jesse Smith,rhondariddle@example.org,2025-05-09,False,low,treatment,1
7552,Connor Thomas,ryan55@example.org,2025-01-08,True,medium,treatment,0
7553,Angela Wright,christian81@example.org,2025-07-17,False,high,control,0
7554,Brandi Short,amber35@example.net,2025-01-22,True,low,treatment,0
7555,Daniel Mccarty,ifrench@example.com,2025-07-12,False,low,treatment,0
7556,Jennifer Meadows,mark68@example.net,2026-05-29,False,medium,control,0
7557,Tyler Christian,harveytravis@example.net,2025-11-22,False,low,treatment,0
7558,Brian Sheppard,brookeking@example.com,2026-05-08,True,medium,control,0
7559,Patricia Franklin,adampearson@example.net,2025-04-30,False,high,treatment,1
7560,Ronald Baker,mossgary@example.org,2024-10-29,True,medium,control,0
7561,Kara Johns,diana50@example.net,2026-09-17,False,low,control,0
7562,Kristi Smith,murillowilliam@example.com,2025-07-12,False,medium,control,0
7563,Andrea Dixon,nealkatelyn@example.com,2025-10-07,True,low,control,0
7564,Andrew Stevens,joshua44@example.com,2026-06-05,False,low,control,0
7565,William Nunez,richard21@example.net,2024-11-03,False,low,control,0
7566,Evelyn Rubio,smithjoseph@example.net,2026-01-31,True,high,treatment,0
7567,Jennifer Villanueva,chadpeterson@example.org,2025-04-24,False,low,treatment,0
7568,Michael Delacruz,smithzoe@example.net,2026-03-18,False,low,treatment,0
7569,Tamara May,julie14@example.org,2025-08-17,True,low,treatment,0
7570,Christopher Hunter,sheri69@example.net,2026-01-30,True,medium,treatment,0
7571,Pedro Elliott,justin81@example.net,2024-10-19,False,high,control,0
7572,Christina Ford,garzatina@example.net,2024-10-16,False,low,control,0
7573,John Wright,smithgeorge@example.com,2026-02-03,False,high,control,1
7574,Jesse Hopkins,jaredayers@example.com,2024-12-09,False,medium,control,0
7575,Mary Garrett DDS,becktroy@example.com,2026-06-15,False,low,control,0
7576,Darren Ellis,garciatanya@example.org,2024-11-26,False,high,treatment,0
7577,Nicole Gonzales,nguyentiffany@example.net,2026-07-21,False,low,control,0
7578,Kimberly Schultz,cmcknight@example.com,2024-12-31,False,medium,control,0
7579,Jeffrey Mcdonald,pmendoza@example.org,2026-05-24,True,medium,treatment,0
7580,Laurie Reyes,lglover@example.net,2025-12-24,True,low,control,0
7581,Paul Simpson,jasonjohnson@example.com,2024-12-11,False,medium,treatment,0
7582,Jamie Skinner,ywhite@example.net,2026-07-04,False,low,control,0
7583,Patricia White,josephmills@example.org,2026-01-07,True,low,control,0
7584,James Nguyen,kelly06@example.net,2025-10-07,True,low,treatment,0
7585,Jonathan Jacobs,traceyjones@example.org,2026-01-20,False,medium,treatment,0
7586,Crystal Gross,kenneth17@example.net,2025-05-12,True,low,treatment,0
7587,Tyler Patel,robert50@example.com,2025-05-03,False,low,control,1
7588,Alexander Rowe,wendy16@example.org,2024-11-23,False,medium,control,0
7589,Michelle Potter,megan70@example.org,2024-11-01,False,low,treatment,0
7590,Kevin Scott,ibaker@example.org,2024-12-22,False,low,control,0
7591,Jessica Russo,rsmith@example.net,2024-10-06,True,low,treatment,0
7592,Pamela Barnes,goodwinjennifer@example.net,2025-11-16,False,medium,control,0
7593,Amy Beard,gonzalesdonald@example.org,2026-08-13,True,medium,treatment,0
7594,David Nixon,jpitts@example.org,2025-06-21,False,medium,treatment,0
7595,Patricia Lowery,nperez@example.com,2026-06-29,True,medium,treatment,0
7596,Toni Graham,davismark@example.org,2024-10-19,False,low,control,0
7597,Justin Blake,josephhannah@example.com,2024-11-05,True,low,control,0
7598,Rachel Richards,thomascameron@example.net,2026-08-16,True,low,control,0
7599,Jared Webb,qruiz@example.net,2025-07-28,False,high,treatment,0
7600,Michael Francis,btaylor@example.org,2026-04-04,True,medium,treatment,0
7601,Matthew Edwards,steven33@example.org,2026-01-16,False,medium,treatment,0
7602,Meredith Bush,jonkeith@example.org,2024-09-30,False,low,treatment,0
7603,Michael Yu,xjohns@example.net,2026-07-21,False,low,control,0
7604,Mary Sanchez,adrianhawkins@example.org,2026-08-01,False,medium,treatment,0
7605,Mr. Thomas Smith DVM,edavis@example.org,2025-07-31,True,low,treatment,1
7606,Teresa Brown,julia16@example.org,2025-10-08,False,medium,control,1
7607,Charles Horton,bnguyen@example.com,2026-04-05,False,low,control,0
7608,Alan Jones,hoffmanangie@example.org,2026-08-20,False,medium,treatment,0
7609,Elizabeth Reeves,llucas@example.com,2024-11-03,False,low,treatment,0
7610,Matthew Wilcox,hgolden@example.net,2026-01-24,True,low,control,1
7611,Arthur Olsen,carlmiller@example.net,2026-04-17,False,high,control,0
7612,Rachel Lewis,cclark@example.net,2025-06-26,False,high,control,0
7613,Marie Montoya,sguzman@example.com,2026-08-10,True,low,control,0
7614,Patrick Murray,vdodson@example.net,2026-07-30,True,low,control,0
7615,Maria Smith,mitchell07@example.org,2026-08-25,False,high,treatment,0
7616,William Garner,tylerbaker@example.com,2026-02-06,True,medium,control,0
7617,David Johnson,jessica52@example.net,2026-07-19,False,low,control,0
7618,Erica Mullen,lisa28@example.com,2026-09-16,True,low,control,0
7619,Deanna Orozco,jdoyle@example.com,2026-06-22,False,medium,treatment,0
7620,Jessica Rodriguez,jessicapennington@example.org,2024-09-24,False,low,treatment,0
7621,Robert Fuller,danielmartinez@example.net,2026-02-10,False,medium,treatment,0
7622,Tom Horton PhD,sharrison@example.net,2024-10-26,False,high,control,0
7623,Trevor Landry,jessica22@example.org,2026-05-04,True,low,control,0
7624,Jose Johnson,elainewilliams@example.com,2025-11-18,False,low,control,0
7625,Daniel Williams,lopezlinda@example.net,2024-11-16,False,low,control,0
7626,Kristina Gay,bshort@example.org,2024-09-30,True,medium,control,0
7627,Stephanie Hernandez,qsandoval@example.net,2025-09-22,True,medium,control,0
7628,Bryan Young,sandra86@example.org,2026-09-06,False,high,control,0
7629,Tommy Wagner,coxamy@example.com,2025-09-07,False,low,treatment,0
7630,Leslie Mason,frussell@example.net,2024-10-24,False,medium,treatment,0
7631,Jason Hill,dianadonovan@example.net,2026-02-27,False,medium,treatment,0
7632,Jane Robertson,vaughnstacey@example.net,2025-01-30,False,low,treatment,0
7633,Alyssa Thomas,aguirrerebecca@example.com,2026-09-06,False,low,treatment,0
7634,Tanya House,angela80@example.org,2025-04-25,True,medium,treatment,0
7635,Kenneth Rowe,mallorylee@example.net,2025-12-04,True,low,treatment,1
7636,Steven Myers,hbutler@example.net,2026-08-10,True,medium,treatment,0
7637,Richard Davenport,paige45@example.org,2025-07-22,False,medium,control,0
7638,Stacey Lopez,rebeccalee@example.com,2025-05-26,False,low,treatment,0
7639,Jonathon Jones,lhoward@example.com,2025-07-12,False,medium,treatment,0
7640,Michael Torres,hprice@example.net,2025-03-31,False,high,treatment,0
7641,Kelly Obrien,thomas07@example.org,2025-06-24,False,medium,treatment,0
7642,Sean Mcmillan,donnamckenzie@example.com,2026-07-02,False,low,control,0
7643,Jennifer Bennett,abigail52@example.org,2026-06-28,False,medium,treatment,0
7644,Rebekah Cox,keith60@example.net,2025-04-03,False,high,control,0
7645,Victoria Ferguson,ecortez@example.net,2024-12-05,False,high,treatment,0
7646,Jeffrey Stewart,imills@example.com,2026-01-06,False,medium,control,0
7647,Linda Shelton,pruittbianca@example.com,2026-08-07,False,medium,control,0
7648,Mariah Williams,nkelly@example.net,2026-06-08,False,medium,control,0
7649,John Coleman,jason40@example.net,2026-02-15,False,low,treatment,0
7650,Frank Rogers,rodriguezterri@example.org,2025-02-15,False,low,treatment,0
7651,Terry Carter,julieholden@example.com,2026-03-01,False,low,treatment,0
7652,Katelyn Roberts,gdominguez@example.net,2026-09-03,True,low,treatment,1
7653,Patrick Smith,petermartinez@example.net,2024-10-22,False,low,treatment,0
7654,Joseph Flores,patrickorr@example.org,2026-07-21,False,high,control,0
7655,Michael Gibbs,terry88@example.com,2025-07-20,False,low,control,0
7656,Jacqueline Roberts,bradychristopher@example.net,2025-07-20,False,medium,treatment,0
7657,Carrie Martin,juliawilliams@example.net,2025-10-20,True,low,control,0
7658,Jeffrey Moran,daniel18@example.net,2026-06-12,True,medium,control,0
7659,Matthew Best,hamptonkaren@example.net,2025-04-02,True,low,control,0
7660,Joshua Duran,operry@example.com,2025-02-17,False,medium,treatment,0
7661,Jessica Watson,patelheather@example.net,2025-07-07,False,medium,control,1
7662,Christina Ewing,dsanford@example.com,2025-05-18,True,high,control,0
7663,Roy Werner,qlopez@example.net,2026-03-14,True,medium,control,0
7664,Christina Liu,ramosdavid@example.org,2025-07-23,False,low,control,0
7665,Melinda Ramsey,michael23@example.com,2025-03-15,False,low,treatment,0
7666,Jodi Beck,nelsondakota@example.net,2025-05-20,True,high,treatment,0
7667,Kim Gutierrez,ralphlee@example.org,2025-06-12,False,medium,control,0
7668,Tami Johnson,davidwagner@example.com,2025-05-09,False,medium,control,0
7669,David Chaney,benjamin04@example.org,2024-11-05,True,low,control,0
7670,Trevor Cohen,hgarza@example.net,2025-05-19,False,low,control,0
7671,Aaron Shelton,qmoran@example.com,2026-02-01,False,low,treatment,0
7672,Samantha Knight,trevormedina@example.org,2025-06-28,True,low,control,0
7673,Shawna Padilla,mperkins@example.org,2026-02-21,False,medium,treatment,0
7674,Nancy Walls,lisaporter@example.net,2025-11-12,False,medium,control,0
7675,Theresa Lyons DDS,rodriguezkatherine@example.com,2026-06-21,True,medium,treatment,0
7676,Jonathon Lee,kristy26@example.com,2026-04-06,True,low,treatment,0
7677,Dr. Timothy Jenkins,jessicafranco@example.org,2026-08-01,False,high,treatment,0
7678,Erin Diaz,howens@example.net,2026-05-16,False,medium,control,0
7679,Shane Kirby,waltonpatricia@example.net,2025-05-17,False,high,control,0
7680,Christopher Johnson,jeffreyyates@example.org,2026-01-13,False,low,treatment,0
7681,Anna Phillips,melissamitchell@example.net,2025-09-19,False,low,control,0
7682,Rachel Sanchez,lcline@example.net,2025-04-04,True,low,treatment,0
7683,Juan Phillips,pattonlaura@example.com,2025-12-04,False,low,control,0
7684,John Rice,jesus75@example.org,2025-01-23,False,low,control,0
7685,John Miller,laura80@example.com,2025-06-24,True,low,control,0
7686,Clinton Adams,halldanielle@example.net,2024-11-17,True,medium,treatment,1
7687,Monica Lee,brownamanda@example.org,2025-12-11,False,low,treatment,0
7688,William Hernandez,annrosales@example.com,2025-06-11,True,medium,treatment,0
7689,Kevin Thompson,johnsonjasmine@example.net,2024-12-23,False,medium,control,0
7690,Stephen Adams,robinsoncourtney@example.org,2024-09-17,False,low,treatment,0
7691,Matthew Tucker,david36@example.com,2024-09-18,False,low,control,0
7692,Janet Rowland,mary18@example.org,2025-01-27,True,medium,treatment,0
7693,Danny Joseph,julieray@example.org,2024-11-12,False,medium,control,0
7694,Christopher Humphrey,jennifermolina@example.org,2025-02-22,True,low,treatment,0
7695,Melanie House,sara81@example.com,2026-09-04,False,high,control,0
7696,Evan Jackson Jr.,kimberly91@example.com,2026-05-29,True,medium,control,0
7697,Philip Greene,jeffrey21@example.org,2025-05-15,True,medium,treatment,0
7698,Martin Cooke,lisachase@example.net,2025-10-16,False,low,treatment,0
7699,Tara Hancock,mary94@example.net,2026-02-15,False,medium,treatment,0
7700,Laura Acevedo,washingtonjohn@example.net,2024-12-03,False,medium,control,0
7701,Nicole Roberson,rodriguezjoshua@example.org,2026-03-05,False,low,treatment,0
7702,Melissa Key,contrerasdaniel@example.org,2026-08-04,False,low,control,0
7703,Megan Winters,lisarussell@example.net,2025-05-29,False,low,treatment,0
7704,Maria Johnson,jensenjacob@example.org,2026-02-14,False,low,treatment,0
7705,Randall Thomas,chelseaanderson@example.net,2026-03-04,False,low,control,0
7706,Patrick Walsh,sbell@example.net,2025-08-22,False,medium,control,0
7707,Shirley Coleman,englishdouglas@example.net,2025-05-02,False,low,treatment,1
7708,Albert Perez,tiffany72@example.com,2026-04-23,False,medium,control,0
7709,Paul Collins,dshaffer@example.net,2025-02-08,True,low,treatment,0
7710,Jeffery Kelley,bmaynard@example.org,2025-11-10,False,low,control,0
7711,Samantha Dawson,lorithomas@example.net,2025-05-26,False,medium,treatment,0
7712,Adrian Powell,pattersonpeter@example.net,2026-01-09,True,medium,treatment,1
7713,Antonio Flores,igoodman@example.org,2025-05-25,False,medium,control,0
7714,Kelly Dean,russellkelly@example.net,2026-03-18,False,low,control,0
7715,Michelle Dunn,rachel05@example.net,2026-03-13,False,low,treatment,0
7716,Ricardo Byrd,hthomas@example.org,2025-07-06,False,high,control,0
7717,Emily Sanchez,stephanie53@example.org,2025-10-19,False,medium,treatment,0
7718,Alisha Walsh,gguzman@example.net,2026-01-06,False,low,control,0
7719,Anthony Joseph,gordongrace@example.org,2025-12-30,False,low,control,0
7720,George Mills,jonathanwilliams@example.net,2026-04-30,False,low,treatment,0
7721,Nicholas Olsen,silvathomas@example.com,2026-02-09,False,low,treatment,0
7722,Patricia Hahn,vanessa44@example.net,2026-09-04,False,medium,control,0
7723,Stacy Taylor,watkinsjoshua@example.com,2025-04-02,False,low,control,0
7724,Catherine Fox,davenportlinda@example.net,2025-11-07,False,low,control,0
7725,Steven Carter,regina28@example.org,2024-12-28,False,low,control,1
7726,Frances Mason,sfritz@example.org,2025-08-03,False,low,treatment,1
7727,Stephanie Greene,afigueroa@example.com,2025-12-10,False,medium,control,0
7728,Matthew Johnson,teresa86@example.net,2025-04-13,True,low,control,0
7729,Christina Tran,williamhull@example.org,2026-09-16,False,low,treatment,0
7730,Michelle Elliott MD,martindavid@example.net,2025-11-23,False,medium,treatment,0
7731,Jane Sanchez,nixonryan@example.com,2025-06-13,True,medium,control,0
7732,Jackie Walker,aparrish@example.org,2026-08-01,False,low,treatment,0
7733,Michael Lee,bianca01@example.com,2025-07-03,False,medium,treatment,0
7734,Jimmy Huang,mary56@example.net,2025-04-13,False,medium,treatment,0
7735,Timothy Daugherty,vbright@example.net,2026-08-16,False,medium,control,0
7736,Jonathan Bowen,xburnett@example.com,2026-06-15,True,medium,control,0
7737,Brian Long,xknapp@example.com,2026-02-01,False,low,treatment,0
7738,Stephanie Morales,sandersjohn@example.com,2025-05-23,False,low,control,0
7739,Jermaine Miller,ahudson@example.com,2025-11-08,False,medium,control,0
7740,Lisa Costa,patricia62@example.org,2025-05-02,False,low,control,0
7741,Kyle Jackson,christopher62@example.net,2025-10-07,False,low,control,1
7742,Ms. Diane West MD,odoyle@example.net,2025-03-16,False,medium,control,0
7743,Amy Brown,bfry@example.com,2025-06-24,False,medium,treatment,1
7744,Holly Campbell,benjamin58@example.net,2026-04-10,False,low,control,0
7745,Michael Aguirre,samantha98@example.net,2026-07-14,False,medium,control,0
7746,Michael Rodriguez,patrick87@example.com,2024-09-21,False,low,control,0
7747,Tina Foley,ztorres@example.org,2025-02-12,False,low,control,0
7748,Shawn Stanley,david66@example.org,2024-12-31,False,medium,control,0
7749,Marc Burton,bryantrobert@example.net,2026-08-10,False,low,control,1
7750,Jennifer Hall,grayerin@example.org,2026-07-29,True,high,treatment,0
7751,Kathleen Simpson,sarawade@example.com,2025-06-17,False,medium,treatment,0
7752,Benjamin Green,sjenkins@example.net,2026-09-10,False,high,control,0
7753,Bruce Scott,ericrodriguez@example.net,2026-01-11,False,medium,treatment,0
7754,Sabrina Scott,lisa57@example.org,2025-03-30,False,low,control,0
7755,William Gibson,amanda26@example.org,2025-04-25,False,low,control,0
7756,Angel Lane,samantha78@example.org,2026-08-22,True,medium,treatment,0
7757,Joseph Juarez,ocooley@example.net,2025-03-10,False,medium,control,0
7758,James Butler,msmith@example.org,2026-01-03,False,low,control,0
7759,Amanda Norman,greenejames@example.net,2025-06-25,True,low,control,0
7760,James White,robert91@example.org,2024-10-18,False,medium,treatment,1
7761,Tony Guerra,hbaxter@example.com,2025-02-19,True,high,control,0
7762,Pamela Fitzpatrick,romankayla@example.org,2026-07-30,False,medium,control,0
7763,Jared May,harrisadam@example.org,2025-05-14,False,low,control,0
7764,Cheryl Walls,sotokaren@example.org,2025-04-17,False,medium,treatment,0
7765,Alicia Hoffman,edwardsdenise@example.com,2026-09-14,False,medium,control,0
7766,Kelly Dawson,alyssa40@example.org,2025-04-24,True,medium,control,0
7767,Kathryn Jones,amandageorge@example.org,2025-08-18,False,low,control,0
7768,Gina Campbell,gina58@example.net,2026-06-21,True,high,treatment,0
7769,Gloria Navarro,denisenixon@example.net,2026-03-16,True,medium,treatment,0
7770,James Miranda,laura78@example.org,2026-05-16,False,medium,treatment,0
7771,Mark Coleman,wlewis@example.org,2024-12-27,False,low,treatment,0
7772,Jennifer Rivas,fperez@example.com,2025-03-13,True,medium,treatment,0
7773,Christina Brennan,randy36@example.net,2026-03-29,False,medium,control,1
7774,Andrew Daniel,leonmark@example.org,2026-05-25,False,low,control,0
7775,Dan Carney,lhernandez@example.org,2026-03-02,True,medium,control,0
7776,Caleb Allen,johnbenjamin@example.org,2026-04-06,False,low,treatment,0
7777,Steve Morris,christina13@example.net,2025-10-12,True,low,treatment,0
7778,Jonathan Schmidt,ymiranda@example.net,2026-01-15,False,medium,control,0
7779,Charles King,scollins@example.com,2026-06-22,False,high,control,0
7780,Bryan Cameron,lsanders@example.net,2024-10-27,False,high,control,0
7781,Ralph Nunez,kwilliams@example.com,2025-08-22,False,low,treatment,0
7782,Matthew Morris,joshuabenton@example.com,2026-07-21,False,low,control,0
7783,Michael Bentley,natasha63@example.org,2025-06-28,True,low,treatment,0
7784,Tyler Smith,anthonygina@example.org,2024-11-06,False,low,treatment,0
7785,Darren Ross,ronaldcampbell@example.org,2026-09-16,True,low,treatment,0
7786,Brandon Wheeler,gonzalezanthony@example.net,2026-03-16,False,medium,control,0
7787,Amanda Thomas,jessica04@example.org,2025-04-18,False,low,control,0
7788,Erin Kaufman,fullerdonna@example.net,2026-02-25,True,medium,treatment,0
7789,Lauren Jones,wileykristine@example.net,2025-06-19,False,medium,treatment,0
7790,Kelsey Hall,paul76@example.net,2025-07-05,False,medium,treatment,0
7791,Daniel Riddle,aclark@example.org,2026-07-07,False,low,control,0
7792,Rebecca Roberts,rsweeney@example.org,2025-09-23,True,medium,control,0
7793,Joseph Phelps,emily04@example.com,2026-07-06,True,low,treatment,0
7794,Phyllis King,michaelhunt@example.com,2025-12-20,True,low,treatment,0
7795,Anthony Adams,baileyjuan@example.com,2026-05-25,True,low,control,0
7796,Monica Mcgee,adamwilson@example.com,2026-05-11,False,medium,treatment,0
7797,Alyssa Baldwin,krystal39@example.org,2026-01-12,False,medium,treatment,0
7798,Kristen Ward,whayes@example.com,2026-04-12,True,low,treatment,0
7799,Shannon Padilla,timothylawrence@example.org,2025-12-01,True,medium,control,0
7800,William Carter,crystal38@example.net,2026-09-11,False,low,control,0
7801,Holly Spears,chall@example.net,2024-11-14,False,high,treatment,0
7802,Mrs. Kathryn Scott PhD,zpearson@example.net,2024-11-01,False,medium,treatment,0
7803,Rebekah Collins,kristin92@example.com,2025-09-28,True,low,treatment,0
7804,Lauren Mitchell,hansenjonathan@example.net,2025-01-21,False,medium,control,0
7805,Laura Davis,reedpamela@example.com,2026-03-31,False,medium,treatment,0
7806,Kyle Scott,rjones@example.org,2025-06-24,False,medium,treatment,0
7807,Amy Garcia,rmccullough@example.com,2026-03-28,True,low,control,0
7808,Patricia Love,murphyrobert@example.org,2025-07-14,False,low,control,0
7809,Donald Robinson,whitekatrina@example.net,2026-01-29,False,medium,control,0
7810,Kimberly Perry,matthewarnold@example.com,2025-06-29,False,low,treatment,0
7811,Jessica Maxwell,samanthagrimes@example.org,2025-12-27,False,medium,treatment,0
7812,Destiny Hoffman,howardjoshua@example.net,2025-11-13,False,medium,treatment,0
7813,Stacy Nolan,gardnermichael@example.net,2025-11-25,False,low,control,0
7814,Melissa Castillo,ydavid@example.net,2025-11-21,False,high,control,0
7815,Charles Robinson,johnsonbrittany@example.org,2026-08-30,False,low,treatment,0
7816,Michael Hicks,sean32@example.com,2026-04-15,False,low,control,0
7817,Dominic Hale,ileblanc@example.net,2026-02-20,False,medium,control,0
7818,Jeffery Cooper,nellison@example.net,2026-05-28,False,low,treatment,1
7819,Austin Richardson,adamsrebecca@example.com,2025-08-05,False,low,control,0
7820,Janet Wilson,christina38@example.org,2025-11-25,False,medium,control,0
7821,Matthew Orr,hgilmore@example.org,2025-10-01,False,low,treatment,1
7822,Kylie Hansen,kendra40@example.org,2025-07-31,False,low,treatment,0
7823,Amber Hunt,marvinpeters@example.net,2025-10-18,True,high,treatment,0
7824,Diane Bowman,debbie08@example.com,2026-04-06,False,medium,control,0
7825,Caitlin Smith,courtney92@example.net,2025-09-14,True,low,treatment,0
7826,Mckenzie Hamilton,jeremy86@example.com,2025-10-31,True,low,treatment,0
7827,Wayne Kidd,karipetersen@example.net,2025-04-29,False,low,control,0
7828,Scott Flynn,tracylopez@example.org,2026-08-22,False,low,treatment,0
7829,Sara Meyer,kyle89@example.org,2026-04-01,False,high,treatment,0
7830,Joseph Taylor,nhall@example.net,2024-12-05,True,low,treatment,0
7831,Anna Alvarez,qmontoya@example.net,2025-04-06,False,low,treatment,0
7832,Nicole Elliott,kmiller@example.org,2026-04-17,False,low,control,0
7833,Michael Dixon,johnsonbailey@example.com,2025-01-10,False,medium,control,0
7834,Zachary Watson,fullerkristi@example.org,2025-06-01,False,low,control,0
7835,Dylan Murray,marycisneros@example.net,2026-09-11,False,low,control,0
7836,Jason Bell,samantha67@example.org,2026-07-23,False,medium,treatment,0
7837,Anthony Williams,knightrobin@example.com,2026-08-28,True,medium,treatment,0
7838,Karen Maddox,rebekahbeard@example.net,2024-12-20,False,medium,control,0
7839,Michael Peters,stephenhester@example.com,2026-01-02,False,medium,treatment,0
7840,Michael Hutchinson,melissa69@example.org,2026-02-02,False,low,treatment,0
7841,Kaitlyn Hoover,masontony@example.com,2026-07-18,False,low,control,0
7842,Ann Pierce,ricerebecca@example.org,2025-03-08,True,medium,treatment,0
7843,Joseph Brown,xjones@example.com,2024-11-13,False,medium,treatment,0
7844,Victoria Rich,smithbrandon@example.org,2025-03-24,False,low,treatment,0
7845,Dr. Richard Fischer,hamiltonmark@example.com,2025-09-29,True,high,treatment,0
7846,Amanda Brown,idorsey@example.com,2026-09-13,True,medium,treatment,1
7847,Tammy Turner,briannabrown@example.com,2025-12-24,False,low,control,0
7848,John Hanna,seanbanks@example.org,2026-07-07,True,medium,treatment,0
7849,Sean Hill,keyteresa@example.com,2026-01-31,False,medium,control,0
7850,Sophia Mckee,whitneyanderson@example.com,2025-11-20,False,low,control,0
7851,Jasmine Williams,braunjesse@example.org,2026-06-13,True,low,treatment,0
7852,Jordan Porter,anthonybush@example.net,2025-07-02,False,low,control,0
7853,Jonathan Miller,harrisbrianna@example.net,2025-10-02,True,low,treatment,0
7854,Jacob Jones,sara26@example.org,2025-09-15,False,low,control,0
7855,Diane Warren,kennethjennings@example.org,2025-12-05,False,medium,control,0
7856,Mr. Daniel Carroll DDS,jamesanderson@example.net,2025-01-10,True,high,control,1
7857,Lisa Padilla,fflores@example.org,2026-06-23,True,high,treatment,0
7858,Jaime Flores,anthony54@example.com,2025-05-11,True,high,treatment,1
7859,Edward Rodriguez,robertflowers@example.org,2026-05-03,True,medium,treatment,0
7860,Samuel Hardy,brandy14@example.net,2024-12-02,False,medium,treatment,0
7861,Sharon Kennedy,apalmer@example.com,2026-03-19,False,low,control,0
7862,Melissa Herman,hillkimberly@example.com,2026-03-19,False,low,control,0
7863,Jonathan Campbell,ohensley@example.com,2025-02-20,False,low,treatment,0
7864,Steven Sweeney,james24@example.com,2025-04-05,False,medium,control,0
7865,Misty Martinez,nicholasvargas@example.org,2025-04-17,False,low,treatment,0
7866,Stephanie Butler,sandrawilliams@example.net,2024-11-26,False,medium,control,0
7867,Gregory Drake,joe40@example.org,2025-11-30,False,low,control,0
7868,Katie Johnston,williammueller@example.net,2025-08-28,False,low,treatment,0
7869,Mary Johnson,veronicasnyder@example.net,2025-11-11,True,medium,control,0
7870,Kristin Anderson,rebeccajames@example.org,2025-03-28,False,low,treatment,0
7871,Gary Hendricks,danielvelez@example.com,2026-01-17,False,medium,treatment,0
7872,Lisa Downs,benjamin51@example.com,2025-11-18,False,medium,control,0
7873,Jennifer Brown,robert27@example.org,2026-06-30,False,medium,control,0
7874,Matthew Williams,washingtondaniel@example.net,2025-12-20,False,low,control,0
7875,Chase Mercado,vwebb@example.com,2024-09-21,True,low,treatment,0
7876,Kelly Wells,ncox@example.org,2026-04-12,False,medium,control,1
7877,Heidi Garrison,sheryl16@example.com,2025-02-20,False,low,treatment,0
7878,Martin Rice,paulclarke@example.com,2026-08-24,False,medium,control,0
7879,Jesse Allison,iarnold@example.net,2026-02-01,False,low,treatment,0
7880,Tammy Cross,lpennington@example.net,2026-09-17,True,low,treatment,0
7881,Samantha Walters,brettgonzales@example.net,2026-07-24,True,low,treatment,0
7882,Sandra Russell,graymichele@example.com,2024-11-29,False,low,control,0
7883,Sara Johnson,sarahmartin@example.com,2025-04-18,True,low,treatment,0
7884,Jason Patterson,christinamason@example.com,2026-04-10,False,medium,treatment,0
7885,Elizabeth Miller,whitewesley@example.net,2026-02-09,False,low,control,0
7886,Jamie Bowen,thompsonlarry@example.net,2026-06-16,False,low,control,0
7887,Sandra Cannon,hallmichael@example.net,2026-06-29,True,high,treatment,0
7888,Jeffrey Day,gravesscott@example.org,2025-11-16,False,medium,treatment,0
7889,Cathy Mcdonald,rogerwerner@example.net,2024-12-04,False,medium,control,0
7890,Gabriel Robinson,devon00@example.org,2025-12-25,True,high,treatment,0
7891,Ashley Lopez,samanthacastillo@example.net,2025-10-06,True,medium,treatment,0
7892,Kristina Brown,sotogarrett@example.org,2025-03-28,True,low,treatment,0
7893,Reginald Fleming,ibell@example.org,2024-10-30,False,low,control,0
7894,Robert Nelson,rebeccawilliams@example.com,2026-02-13,True,low,control,0
7895,Thomas Miller,gwilson@example.org,2025-09-25,False,high,control,0
7896,Caleb Bonilla,hoodmelissa@example.com,2024-10-03,False,low,treatment,0
7897,Ashley Mckenzie,brian11@example.org,2026-07-10,True,medium,treatment,0
7898,Phillip Rivera,randallpham@example.org,2025-11-04,True,low,control,0
7899,Danielle Smith,mitchellstephanie@example.com,2026-07-15,False,high,treatment,0
7900,Lindsay Johnson,daniel14@example.com,2026-02-13,True,low,control,0
7901,Yvonne French,karen10@example.net,2025-05-30,False,low,treatment,0
7902,Wayne Ryan,matthewcarlson@example.org,2025-08-24,False,low,treatment,0
7903,Toni Mcgee,sandra79@example.net,2026-03-14,False,low,control,0
7904,Phillip Vega,thomas09@example.org,2026-07-02,True,medium,treatment,0
7905,Heather Fisher,rconrad@example.org,2026-09-07,False,low,treatment,0
7906,Maureen Rose,william11@example.net,2025-06-15,True,low,control,0
7907,Bradley Holden,xbridges@example.com,2025-07-25,False,medium,control,0
7908,Susan Downs,zjones@example.net,2025-06-29,False,medium,treatment,0
7909,Dominique Strickland,wrightthomas@example.net,2026-03-07,False,high,treatment,0
7910,James Thomas,morrismaria@example.com,2025-10-14,True,low,control,0
7911,John Roy,bwu@example.net,2024-09-17,True,high,treatment,1
7912,Emily Green,dmurphy@example.net,2025-08-03,False,medium,control,0
7913,Ariana Evans,joel94@example.com,2025-07-14,True,low,control,0
7914,Jennifer Thompson,candicecooper@example.net,2026-08-23,True,medium,treatment,0
7915,Michelle Perez,jacobsloan@example.net,2026-01-01,True,low,control,0
7916,Emma Rogers,audreyrichard@example.net,2025-01-11,False,low,treatment,0
7917,Wyatt Chavez,mikewilliamson@example.net,2025-07-14,False,low,control,0
7918,Jenna Brown,dansanchez@example.net,2025-12-18,False,medium,control,0
7919,Andrea Harding,ybarrett@example.com,2026-01-16,False,low,control,0
7920,Sarah Martin,brianbrown@example.com,2026-08-13,False,high,control,0
7921,Francisco Evans,obrienadam@example.com,2026-08-08,False,high,treatment,0
7922,Allison Osborn,ricky66@example.org,2025-05-19,False,low,control,0
7923,April Black,mayerrachael@example.com,2026-03-12,True,medium,treatment,0
7924,Shannon Meyer,ogonzalez@example.net,2025-03-28,False,medium,treatment,0
7925,Adam Stephenson,thompsonjoseph@example.org,2025-07-13,True,low,control,0
7926,Theresa Simpson,jamesjimenez@example.net,2025-08-04,True,medium,control,0
7927,Keith Smith,lisalee@example.org,2024-12-10,True,high,control,0
7928,Erin Charles,bcampbell@example.com,2025-10-08,True,low,treatment,0
7929,Emily Jackson,wrightshannon@example.net,2025-04-19,False,low,control,1
7930,John Wyatt,nhoward@example.com,2024-11-28,True,low,control,0
7931,Michelle Johnson,gscott@example.org,2026-06-30,True,high,control,0
7932,Joshua Serrano,thomasdrew@example.org,2026-07-14,False,low,treatment,0
7933,Jennifer Chase,webbsandra@example.com,2026-01-30,False,low,control,0
7934,Michelle Vasquez,wgarcia@example.net,2025-07-30,False,high,control,1
7935,Virginia Taylor,romanryan@example.net,2025-08-23,False,low,control,0
7936,Todd Robertson,bridget23@example.org,2025-12-23,False,low,treatment,0
7937,Adam Glass,drakewilliam@example.org,2026-09-15,False,medium,treatment,1
7938,Jimmy Escobar,garzajames@example.com,2025-07-24,False,high,control,0
7939,William Ward,foxwilliam@example.org,2026-04-27,True,low,treatment,0
7940,Vanessa Fisher,wjones@example.com,2026-02-02,True,low,treatment,0
7941,Hailey Baker,chelsealang@example.com,2026-08-17,True,medium,control,0
7942,Russell Barnes,muellersue@example.com,2026-07-29,False,low,treatment,1
7943,Daniel Brown,gwendolyn59@example.net,2026-08-19,False,low,control,0
7944,Jesus Rodriguez,maria63@example.com,2025-09-10,False,low,control,0
7945,Cory Yang,ryankathleen@example.org,2025-01-13,False,high,treatment,0
7946,Tyrone Harris,smurphy@example.org,2025-08-08,True,medium,control,0
7947,Carlos Long,aliciastevens@example.org,2024-12-23,False,medium,control,0
7948,Jill Davis,kylenichols@example.com,2025-12-31,True,low,treatment,0
7949,Brent Garcia,xanderson@example.org,2024-11-13,False,high,treatment,0
7950,Erik Vasquez,kelseyrogers@example.org,2026-06-12,True,low,control,0
7951,Adam Moreno,bhenderson@example.com,2026-06-06,False,low,treatment,0
7952,David Campbell,newmanjason@example.com,2025-03-31,True,low,treatment,0
7953,Cheryl Evans,esimpson@example.org,2026-05-11,True,low,treatment,0
7954,Elizabeth Tran,treynolds@example.org,2025-05-10,False,low,control,0
7955,Sean Newton,davidwright@example.org,2026-02-07,True,low,treatment,0
7956,Danielle Hendrix,leahpitts@example.org,2025-01-18,False,medium,treatment,0
7957,Caitlin Hayes,lhardy@example.org,2025-09-14,False,low,treatment,0
7958,Patricia Day,staceyjohnson@example.net,2026-02-19,False,low,treatment,0
7959,Jason Potter,lori49@example.org,2025-09-13,True,medium,treatment,0
7960,John Ramirez,slopez@example.com,2025-08-13,False,medium,control,0
7961,Laura Rivera,joseph68@example.com,2025-08-30,False,high,treatment,0
7962,Melissa Williams MD,racheldavis@example.com,2024-12-06,True,low,control,0
7963,William Lawrence,joseph28@example.org,2025-11-16,True,high,control,0
7964,Ronald Nelson,leachkyle@example.net,2026-01-28,True,high,treatment,0
7965,Tracy Ayers,vickie71@example.org,2024-10-23,False,low,control,0
7966,William Davis,herreraoscar@example.net,2025-01-27,True,low,treatment,0
7967,Luke Burke,emyers@example.com,2025-02-08,False,low,control,0
7968,Laura Herrera,piercejacqueline@example.com,2025-12-04,False,low,treatment,0
7969,Jonathan Turner,silvadeborah@example.net,2025-05-01,False,low,control,0
7970,Jason Phillips,jonesallison@example.org,2026-05-24,True,high,treatment,1
7971,Jennifer Williams,hendersonkaren@example.net,2025-02-20,False,low,control,0
7972,Katherine Dixon,hodgesrandy@example.com,2026-05-31,False,low,treatment,0
7973,Jessica Jones,benjamin22@example.com,2024-11-03,True,medium,control,0
7974,Angel Campbell,cheryl59@example.org,2026-03-23,True,medium,treatment,0
7975,William Hoover,halealan@example.com,2025-06-11,False,medium,treatment,0
7976,Kevin Allen,skelley@example.org,2025-01-05,False,low,control,0
7977,John Jones,john87@example.net,2026-07-26,False,low,control,0
7978,Cynthia Willis,odonnellmadison@example.net,2026-01-21,True,medium,treatment,0
7979,Angela Tran,pramirez@example.org,2024-10-27,False,low,control,0
7980,Danny Thomas Jr.,jason37@example.com,2024-10-17,False,low,control,0
7981,Sarah Flores,lburch@example.com,2025-04-04,False,medium,control,0
7982,Robert Jackson,ericcoleman@example.com,2025-01-04,False,low,treatment,0
7983,Maria Robinson,ericgray@example.net,2026-01-21,False,low,control,0
7984,Chris Griffin,pgarcia@example.com,2025-10-07,False,low,treatment,0
7985,Dillon Meadows,nrobinson@example.net,2026-04-26,False,medium,treatment,0
7986,Monica Robertson,higginsautumn@example.org,2025-04-16,False,low,treatment,0
7987,Mary Ramirez,carolzavala@example.com,2026-05-02,False,medium,control,0
7988,Christopher Hunt MD,anthonyharvey@example.net,2025-09-10,False,high,treatment,0
7989,Joshua Roth,cherylrussell@example.com,2025-10-12,False,medium,treatment,0
7990,Desiree Bailey,kayla94@example.com,2025-04-04,True,low,treatment,0
7991,Richard Burke,fmorse@example.org,2025-07-27,False,high,treatment,0
7992,Ricky Harris,amanda37@example.net,2025-06-02,False,medium,treatment,0
7993,Jillian Chen DVM,travispeterson@example.org,2026-08-26,False,low,treatment,0
7994,Steven Rodriguez,hrivera@example.org,2026-06-07,False,low,treatment,0
7995,Gregory James,wwallace@example.com,2024-10-12,False,medium,control,0
7996,Roberto Mendoza,christy18@example.org,2026-07-12,False,low,treatment,0
7997,Courtney Diaz,kelseyvaldez@example.com,2025-05-21,False,medium,treatment,0
7998,George Arnold,hodgesbrian@example.net,2025-03-13,False,low,treatment,0
7999,Blake Hall,lydiataylor@example.net,2025-12-25,False,medium,control,0
8000,Andrew Cherry,iperez@example.org,2026-05-31,False,high,control,0
8001,Patricia Williams,oryan@example.net,2026-02-07,True,low,treatment,0
8002,Jennifer Smith,nsmith@example.com,2026-04-29,False,low,control,0
8003,Kimberly Lang,bedwards@example.net,2026-08-10,False,low,control,1
8004,Lori Juarez,millerandrew@example.net,2026-08-02,False,low,control,0
8005,Matthew Fox,luisochoa@example.org,2025-01-02,False,low,treatment,0
8006,Connor Williamson,gobrien@example.net,2025-07-03,True,low,control,0
8007,Mary Brown,anthonyjessica@example.org,2026-05-29,False,high,treatment,0
8008,Phyllis Harris,carolinetapia@example.net,2024-11-07,True,medium,treatment,0
8009,Justin James,pollardmatthew@example.net,2025-06-25,False,medium,treatment,0
8010,Patricia Short,mrobles@example.org,2025-02-04,False,high,treatment,1
8011,James Donovan,bhoffman@example.net,2024-09-30,False,medium,treatment,0
8012,April Gibson,jacobbutler@example.net,2024-09-26,True,low,control,0
8013,Patricia Schmidt,robertamiller@example.net,2026-09-07,False,medium,treatment,0
8014,Danielle Ibarra,rasmussenjason@example.net,2025-10-08,False,medium,control,0
8015,Connie Farmer,collinsnatalie@example.com,2025-01-12,True,high,control,0
8016,Sabrina Allen,cmartinez@example.org,2024-10-02,False,low,treatment,0
8017,Susan Hernandez,jenniferjackson@example.org,2026-05-28,False,low,treatment,0
8018,Anna Davis,katherine06@example.org,2026-06-01,False,medium,treatment,0
8019,Rhonda Turner,srhodes@example.net,2025-12-28,False,medium,control,0
8020,Lauren Nunez,zbass@example.com,2026-01-20,False,low,control,0
8021,Wesley Williams,matthew19@example.net,2026-06-06,True,high,treatment,0
8022,Lynn Taylor,patrickpaul@example.org,2025-01-15,True,high,control,0
8023,Stephen Olson,dawnreed@example.com,2026-08-07,False,medium,control,0
8024,Christina Weiss,xkent@example.org,2025-11-16,False,low,treatment,0
8025,Eric Andrade,xavier17@example.net,2026-09-03,False,medium,treatment,0
8026,Sherri Lewis,esmith@example.com,2024-11-15,False,medium,treatment,0
8027,Kara Reese,bwalker@example.com,2025-02-10,False,medium,control,1
8028,Ryan Sandoval,qwatson@example.net,2025-03-12,False,medium,control,0
8029,Bryan Holloway,carsonkristin@example.net,2025-10-29,False,high,treatment,0
8030,Charles Morris,ipeters@example.org,2026-09-10,False,low,treatment,0
8031,William Byrd,alyssa23@example.com,2026-09-04,False,low,treatment,0
8032,Carlos Holloway,douglasturner@example.org,2024-12-14,True,low,control,0
8033,Tiffany Thomas,coxlynn@example.com,2026-03-22,True,medium,treatment,0
8034,Adam Hubbard,chenedward@example.org,2025-09-07,True,low,treatment,0
8035,Christopher Johnson,jimmy98@example.net,2026-07-30,True,low,control,0
8036,Melissa Bradley,janetgraham@example.com,2025-03-26,True,medium,control,0
8037,Jose Cannon,margaretlong@example.net,2025-10-27,False,high,control,0
8038,Justin Rodriguez,griffinnicole@example.net,2026-08-14,False,low,control,0
8039,Jessica Hernandez,zfrye@example.net,2025-06-18,True,low,control,0
8040,Kristen Floyd,tgray@example.com,2025-11-02,False,low,treatment,0
8041,Holly Byrd,whitestephanie@example.com,2026-05-25,False,low,treatment,0
8042,Edward Mendez,victoria82@example.com,2026-02-20,True,high,treatment,1
8043,Julie Sanchez,lisa82@example.org,2024-10-21,False,medium,control,0
8044,Matthew Hunt,sara28@example.org,2025-03-07,False,high,treatment,0
8045,Dennis Wiley,fryrobert@example.com,2025-03-02,False,high,control,0
8046,Brooke Rios,hooperlisa@example.com,2024-12-24,True,medium,control,0
8047,Jordan Pierce,romanbrandon@example.net,2026-03-16,False,low,treatment,0
8048,Derrick Gonzalez,bford@example.net,2024-10-07,False,high,control,0
8049,Thomas Larsen,henryshaw@example.com,2024-11-01,False,low,control,0
8050,Gina Morgan,fbass@example.org,2025-10-29,False,high,treatment,0
8051,Curtis Larson,justin80@example.com,2025-06-28,False,low,treatment,0
8052,Jane Mccarthy,ntaylor@example.net,2026-08-22,False,low,treatment,0
8053,Vanessa Marquez,bryan51@example.org,2026-09-14,False,low,treatment,0
8054,Sean Sloan,timothynelson@example.net,2024-11-03,False,medium,treatment,0
8055,Jack Young,zgonzales@example.net,2025-09-12,True,low,treatment,0
8056,Alexander Bradley,joseph50@example.com,2025-12-26,False,low,treatment,0
8057,Gilbert Wells,elizabethrobertson@example.net,2024-12-11,False,high,control,0
8058,Fred Phillips,taradelgado@example.com,2024-10-21,False,high,control,0
8059,Aaron Snyder,obrown@example.org,2025-12-21,False,low,treatment,0
8060,David Young,ibarnes@example.org,2025-03-12,True,low,control,0
8061,Lee Ramos,colecatherine@example.com,2026-07-04,False,medium,treatment,0
8062,Alison Rogers,jodisilva@example.com,2025-11-10,True,low,treatment,0
8063,Donald Austin,delgadopaul@example.com,2025-12-12,False,medium,treatment,0
8064,Justin Lynch,robertthompson@example.com,2025-05-20,False,low,treatment,0
8065,Stephen Ibarra,harveyjose@example.com,2026-09-15,False,low,control,0
8066,Amanda Schultz,hamiltonangel@example.com,2025-03-06,False,high,treatment,0
8067,Matthew Mckinney,fwiley@example.com,2025-11-04,False,low,control,0
8068,Timothy Cline,nicholascarter@example.org,2025-10-12,True,low,treatment,0
8069,Daniel Thompson,rscott@example.com,2026-04-12,False,medium,control,0
8070,Eric Beltran,ylozano@example.com,2026-06-19,False,low,control,0
8071,Jennifer Wilson,wardsteven@example.net,2026-03-20,False,low,treatment,0
8072,Melissa Matthews,gonzalesheather@example.net,2026-09-02,False,high,treatment,1
8073,Alan Gross,taylorscott@example.org,2025-07-01,False,low,control,0
8074,Luis Bowen,josephpierce@example.net,2025-08-03,False,medium,treatment,0
8075,Anthony Ortiz,charlotte50@example.org,2026-04-06,False,high,treatment,0
8076,Catherine Wilson,xoliver@example.net,2025-07-22,False,medium,treatment,0
8077,Jill Curtis,fbates@example.com,2025-05-24,False,low,treatment,0
8078,Eric Jenkins,robert95@example.org,2024-12-28,False,low,treatment,0
8079,Javier Solis,warrensoto@example.org,2025-06-23,False,low,treatment,1
8080,Robert Grimes,samanthahess@example.net,2025-04-18,True,low,control,0
8081,Kevin Boyd,clarksusan@example.org,2025-12-04,False,medium,control,0
8082,Kimberly Davidson,jessica35@example.net,2025-10-24,False,low,control,0
8083,Andrew Little,sarahcole@example.org,2025-12-07,False,medium,treatment,1
8084,Derek Garcia,wallerchelsea@example.com,2025-10-03,False,high,control,1
8085,Kathy Jones,stephanieschultz@example.net,2026-07-26,False,medium,control,0
8086,Scott Horton,ayalavicki@example.com,2025-11-18,True,medium,treatment,0
8087,John Jones,claireraymond@example.org,2024-12-05,False,high,control,0
8088,Cynthia Friedman,dennisglass@example.org,2024-12-14,False,low,treatment,0
8089,Timothy Allison,millermonique@example.com,2025-09-05,False,low,control,0
8090,Melissa Soto,scottclaire@example.net,2026-02-01,False,low,control,0
8091,Mary Everett,christianatkins@example.org,2024-09-29,False,high,treatment,0
8092,Emily Hall,monica43@example.net,2025-01-17,False,low,control,0
8093,Hannah Newman,marybeck@example.net,2025-02-16,True,medium,treatment,0
8094,Joseph Dixon,chasekim@example.net,2026-07-05,False,high,control,0
8095,William Hayes,gregory30@example.org,2025-11-18,False,medium,control,1
8096,Paul Patel,xbrown@example.com,2025-12-26,False,low,treatment,1
8097,Lori Gonzalez,lisabrown@example.org,2025-06-19,False,medium,control,0
8098,Tara Miller,cfernandez@example.com,2025-03-12,False,medium,treatment,0
8099,Joseph Briggs,oware@example.net,2025-12-29,False,low,control,0
8100,John Jones,jordanrebecca@example.com,2025-12-31,False,medium,treatment,0
8101,Jessica Henson,joshuamosley@example.org,2024-10-23,False,medium,control,0
8102,Michael Snyder,ijones@example.com,2025-08-08,True,high,control,0
8103,Leslie Knight,jonathon31@example.net,2025-12-19,False,low,control,0
8104,Anna Jones,hgarza@example.com,2026-04-07,False,low,treatment,1
8105,Marissa Wilson,barbara93@example.org,2026-08-01,False,low,treatment,1
8106,Megan Hill,ericperkins@example.com,2026-04-22,False,low,control,0
8107,Julie Soto,xshort@example.org,2024-12-11,False,low,control,0
8108,Andrew Williams,bradforderic@example.com,2025-03-04,False,medium,treatment,0
8109,Melissa Morales,elizabeth71@example.net,2025-05-20,True,medium,control,0
8110,Karen Bradley,josephdelgado@example.net,2025-07-19,False,medium,control,0
8111,John Villegas,deborahhernandez@example.com,2025-01-19,False,low,treatment,1
8112,Rebecca Johnson,maxbenson@example.org,2025-01-09,False,medium,control,0
8113,Ian Bates,johnsoncarmen@example.net,2024-12-05,True,high,treatment,0
8114,Leah White,alexandra61@example.org,2026-01-30,True,high,control,0
8115,Colton Nguyen,gibsonmindy@example.org,2024-10-28,True,medium,treatment,0
8116,Carol Pineda,jennifer93@example.net,2025-08-30,True,low,control,0
8117,Thomas Bennett,marco54@example.com,2025-10-21,False,low,control,0
8118,Jason Thompson,patriciasharp@example.org,2024-09-23,False,medium,control,0
8119,Crystal Gonzalez,timothy08@example.org,2025-05-17,True,high,control,0
8120,Sandra Mckinney,isimpson@example.org,2025-02-20,False,medium,control,0
8121,Cody Brown,randy55@example.com,2025-05-31,False,medium,control,0
8122,Antonio Williams,victoriacline@example.net,2025-12-06,False,low,treatment,0
8123,Ryan White,sean14@example.net,2025-11-26,False,low,treatment,0
8124,Zachary Bailey,sheltonmichael@example.net,2026-05-08,False,medium,treatment,0
8125,Desiree King,estradajennifer@example.com,2025-10-25,False,low,control,0
8126,Timothy Fox,sara27@example.org,2025-06-07,False,low,treatment,0
8127,Ricardo Wiggins,marycummings@example.org,2025-04-05,True,low,control,0
8128,Brenda Johnson,taylornicole@example.net,2025-11-15,True,high,control,1
8129,Jeremiah Waller,tonya10@example.org,2026-05-22,False,low,treatment,0
8130,Laura Wilson,emilylawrence@example.org,2026-06-20,True,medium,treatment,0
8131,Bryan Serrano,claire19@example.org,2026-07-26,False,medium,treatment,0
8132,Edward Wood,rodriguezbrittany@example.com,2026-06-27,False,medium,treatment,0
8133,Jocelyn Vega,paigedean@example.org,2026-03-21,True,medium,control,0
8134,Lisa Norton,xschneider@example.com,2025-08-21,False,medium,control,0
8135,Tyler Nelson,nalexander@example.org,2026-02-06,False,low,control,0
8136,Bruce Cannon,lbridges@example.org,2026-01-03,False,medium,treatment,0
8137,Terri Webb,kleinbrian@example.net,2025-09-26,False,medium,treatment,0
8138,Ryan Roberts,therring@example.com,2026-01-13,False,low,control,0
8139,Cheryl Hooper,flee@example.org,2026-06-15,True,medium,control,1
8140,Nicholas White,uharrison@example.com,2026-04-19,True,medium,treatment,1
8141,Emily Walker,frankherrera@example.net,2025-06-17,True,medium,control,0
8142,Dale Porter,nataliespence@example.net,2025-01-01,False,low,treatment,0
8143,Michelle Pollard,bondtasha@example.com,2026-01-29,True,medium,control,0
8144,Vanessa Johnson,keithfrank@example.org,2026-03-25,False,medium,treatment,0
8145,John Howell,fgarcia@example.net,2026-07-20,True,low,control,0
8146,Dawn Miller,tracyhorton@example.org,2025-06-06,False,low,control,0
8147,Katherine Park,nwalters@example.com,2024-11-16,False,medium,control,0
8148,Mrs. Amanda Brown DVM,xrandall@example.org,2026-05-23,True,low,control,0
8149,Christopher Hunter,mayjennifer@example.net,2026-04-29,True,high,control,0
8150,Marcus Camacho,mccormickjason@example.com,2025-03-03,False,medium,treatment,0
8151,Brandon Molina,hellis@example.net,2025-08-04,False,medium,control,0
8152,Jessica Mata,ywarren@example.org,2025-07-07,False,low,treatment,0
8153,Peter Brown DDS,richardnorris@example.net,2025-09-12,False,medium,control,0
8154,Daniel Martin,lutzdevin@example.org,2026-01-18,True,low,control,0
8155,Angela Gomez,bpreston@example.net,2026-05-26,False,low,control,0
8156,Judy Rodriguez,qwells@example.net,2025-12-14,False,high,control,0
8157,Deanna Reynolds,cmoss@example.net,2026-05-27,True,low,control,0
8158,Eric Bailey,andersonricky@example.org,2026-03-09,True,medium,control,0
8159,Karen Wright,rodriguezjoseph@example.net,2026-06-01,False,medium,treatment,0
8160,Joy Garcia,alicia92@example.com,2025-10-27,True,medium,control,0
8161,Nicholas Mcdaniel,jasonriggs@example.net,2025-11-02,False,high,treatment,0
8162,Stacy Ortega,robertfisher@example.com,2025-01-11,False,medium,control,0
8163,Bobby Chandler,ajones@example.net,2026-03-06,False,low,control,0
8164,Kelsey Hernandez,qstewart@example.com,2025-02-03,True,low,control,0
8165,Kristina Lewis,opatterson@example.net,2025-08-24,False,high,control,0
8166,Brooke Webster,wanda26@example.net,2025-07-17,True,medium,treatment,0
8167,Daniel Miller,loripeterson@example.org,2025-09-07,False,high,control,0
8168,Debra Campbell,vjones@example.net,2025-07-10,False,high,treatment,0
8169,Karina Graham,srice@example.com,2025-10-03,False,low,control,0
8170,Ethan King,perezjeanette@example.com,2025-07-07,False,low,treatment,0
8171,Amanda Hernandez,tthomas@example.com,2024-12-12,True,medium,control,0
8172,Mrs. Jennifer Burke,jonesjorge@example.net,2024-09-27,False,medium,control,0
8173,Amy Patterson,michelle50@example.org,2025-12-29,False,medium,control,0
8174,Melanie Thomas,tiffanywells@example.org,2025-05-20,False,low,treatment,0
8175,Lynn Clark,jennifersmith@example.org,2025-09-04,False,low,treatment,0
8176,James Miles,justinbrown@example.net,2025-09-29,True,medium,control,0
8177,Robin Larson,jennifer87@example.net,2024-10-26,True,high,control,0
8178,Paul Ruiz,williamsmark@example.com,2024-10-17,False,high,control,0
8179,Jerry Torres,alicia79@example.com,2026-01-22,True,medium,treatment,0
8180,Alexander Herrera,mary55@example.org,2025-08-14,False,medium,control,0
8181,Jason Torres MD,michellearmstrong@example.org,2025-04-27,False,low,treatment,0
8182,Laura Collins,jennifer04@example.org,2025-07-06,False,low,control,0
8183,Frank Garza,josephmegan@example.org,2024-10-23,True,low,control,0
8184,Charles Simmons,regina67@example.net,2025-12-13,False,low,control,0
8185,Chad Perez,rachel17@example.net,2026-09-10,False,low,control,0
8186,Eric Byrd,medinajanet@example.com,2025-06-07,False,medium,control,1
8187,Tammy Reyes,richard21@example.net,2024-11-12,False,low,treatment,0
8188,Sabrina James,echristensen@example.com,2026-09-08,True,low,treatment,0
8189,Christopher Romero,rtucker@example.com,2025-03-31,True,low,treatment,0
8190,Regina Ryan,donna39@example.org,2025-03-21,False,high,treatment,0
8191,Katie Russell,logangraves@example.net,2025-09-04,True,medium,control,0
8192,John Willis,larsonjessica@example.net,2024-11-02,False,medium,treatment,0
8193,Matthew Cabrera,stephanielewis@example.org,2026-02-24,False,low,control,0
8194,Christopher Coleman,qterry@example.org,2025-07-25,True,medium,treatment,0
8195,Jenna Casey,kirbykaren@example.org,2026-02-16,False,low,control,0
8196,Erin Torres,flowersjennifer@example.net,2024-12-22,True,low,treatment,0
8197,Andrew Harrington,hensleymatthew@example.com,2026-02-25,False,low,control,0
8198,Timothy Griffin,brewercalvin@example.org,2025-05-02,False,low,control,0
8199,Shane Herrera,broberts@example.net,2026-08-06,False,high,treatment,0
8200,Travis Montgomery,sarah52@example.com,2024-10-07,True,high,treatment,0
8201,Ashley Singh,marie64@example.org,2026-06-12,False,medium,treatment,0
8202,Dr. Justin Garcia,jasonturner@example.net,2025-10-11,False,low,treatment,0
8203,Jennifer Gordon,charlenerichardson@example.net,2025-05-26,False,high,control,0
8204,Kristy Khan DVM,zmurphy@example.org,2026-06-05,True,low,control,0
8205,Robert Burns,reeddonald@example.net,2025-04-16,False,high,control,1
8206,Cheryl Harrington,christyjohnson@example.net,2024-11-20,False,medium,control,0
8207,Andrew Davenport,rthompson@example.org,2025-11-04,False,medium,treatment,1
8208,Richard Goodman,ydavis@example.org,2025-05-12,False,low,treatment,0
8209,Steven Smith,oscott@example.net,2026-01-31,False,medium,control,0
8210,Chris Smith,gmcfarland@example.com,2024-10-13,False,low,control,0
8211,Kathleen Anthony,seth15@example.com,2026-04-14,False,low,treatment,0
8212,Charles Vaughn,tyler46@example.net,2025-12-11,True,medium,treatment,0
8213,Sandy Bryant,christine09@example.com,2024-12-13,False,medium,treatment,1
8214,Tammy Johnson,candace05@example.com,2024-09-29,True,medium,control,0
8215,Carl Larsen,iduran@example.net,2026-02-06,False,medium,treatment,0
8216,Amy Davis,anthonymcdonald@example.org,2025-03-10,True,medium,control,0
8217,Travis Hill,abuckley@example.net,2025-12-17,False,low,control,0
8218,Matthew Mccall,bdennis@example.com,2024-11-21,False,medium,treatment,0
8219,Victoria Dean,smithdiana@example.net,2025-12-09,False,medium,control,0
8220,Christopher Campbell,michael57@example.org,2026-08-04,False,low,treatment,0
8221,William Mcguire,gonzalesnicole@example.net,2024-10-23,False,low,control,0
8222,Mark Cooper,coconnell@example.com,2026-06-24,True,medium,treatment,0
8223,Daniel Fitzpatrick,mary43@example.net,2025-09-08,True,high,control,1
8224,Anthony Clark PhD,jason92@example.net,2025-07-05,False,high,treatment,0
8225,Timothy Pearson,johnathancraig@example.org,2026-04-30,False,low,control,0
8226,Jason Gibbs,dgomez@example.com,2026-08-11,False,low,control,0
8227,Michael Collier,reedbruce@example.net,2025-07-09,True,medium,control,1
8228,Brett Dixon,jbond@example.org,2025-08-16,True,high,control,1
8229,Phillip Hatfield,sabrinawright@example.org,2025-11-15,False,medium,control,0
8230,Stephanie Moore,davisthomas@example.com,2025-06-01,True,medium,treatment,0
8231,Todd Allen,kleon@example.org,2024-12-02,True,medium,treatment,1
8232,Ralph Sparks,lorireese@example.org,2025-07-20,True,medium,treatment,0
8233,Kathleen Harrison,michael31@example.org,2026-04-23,True,low,treatment,0
8234,Laura Patterson,mlee@example.com,2024-11-29,False,low,treatment,0
8235,Michael Kennedy,nicholas74@example.com,2025-03-18,False,low,treatment,0
8236,Katherine Lawson,wendy25@example.com,2025-02-16,False,medium,treatment,0
8237,Andrea Johnson,danielbrown@example.net,2026-09-17,True,low,treatment,0
8238,Carlos Lee,collinsmary@example.org,2025-03-14,False,low,treatment,0
8239,Dillon Cooper,jking@example.com,2025-06-14,True,low,control,0
8240,Chad Jones,theresasmith@example.com,2025-04-05,False,medium,control,0
8241,Elaine Holmes,charlenecaldwell@example.com,2025-09-23,False,medium,control,1
8242,Carlos Gordon,marcus81@example.org,2026-03-29,True,low,control,0
8243,Susan Hamilton,hodgeheather@example.net,2026-06-13,False,medium,treatment,0
8244,Alyssa Riley,jessicaweaver@example.com,2024-10-17,False,medium,treatment,0
8245,Billy Richardson,pateljoseph@example.com,2026-08-21,False,low,treatment,0
8246,Robert Brown,jon31@example.net,2025-01-13,True,low,treatment,0
8247,Ronald Evans,jeffreyramos@example.com,2025-12-24,False,low,treatment,0
8248,Madeline Howard,suarezjeffrey@example.net,2026-07-05,True,low,control,0
8249,Jeff Ramirez,isaac32@example.com,2025-02-09,False,low,treatment,0
8250,Matthew Rowe,danielleblake@example.org,2025-06-22,True,high,treatment,0
8251,Daisy Cooper,michael46@example.org,2025-06-28,False,medium,treatment,0
8252,Darryl Clements,michael85@example.net,2025-11-21,False,low,control,0
8253,Sarah Moreno,robinsonjoseph@example.com,2026-01-30,True,low,treatment,0
8254,Patrick Ray,jason91@example.org,2026-03-21,False,low,control,0
8255,Andrea Mcdowell,dustinhuff@example.org,2026-07-06,True,low,control,0
8256,Ruben Simmons,wbarnes@example.org,2026-03-26,False,low,control,0
8257,Christine Shelton,hernandezdana@example.net,2025-09-30,False,low,control,1
8258,Colleen Davis,znguyen@example.org,2026-01-07,False,medium,treatment,0
8259,Willie Leach,laurie98@example.net,2026-01-13,False,high,treatment,0
8260,Angela Smith,alexandra04@example.org,2026-06-16,False,low,control,0
8261,Sherry Brown,vortiz@example.net,2026-08-15,True,medium,control,0
8262,Ryan Howell,pmoore@example.org,2026-08-01,False,medium,control,0
8263,Janice Ayala,joseph46@example.com,2026-02-07,False,medium,control,0
8264,Susan Thomas,kevin88@example.com,2024-10-24,False,medium,treatment,0
8265,Brittany Ford,ortizdonna@example.net,2026-01-28,True,high,control,0
8266,Stephanie Martin,michaelclark@example.org,2024-10-16,False,medium,treatment,0
8267,Jennifer Thomas,matthewjohnson@example.org,2024-11-06,False,low,control,0
8268,Alexandria Pierce,alvarezsharon@example.net,2025-09-26,False,medium,treatment,0
8269,John Shelton,brittany31@example.com,2025-09-27,False,low,treatment,0
8270,John Carson,dharris@example.com,2025-03-06,False,medium,treatment,0
8271,John Benson,abryant@example.net,2025-02-01,True,low,control,0
8272,Mr. Colton Knight,jgiles@example.net,2026-05-16,False,medium,treatment,0
8273,Jeremy Martinez,gabrielle50@example.org,2025-01-31,False,medium,control,0
8274,Karen Thomas MD,terri97@example.org,2026-07-24,False,low,treatment,0
8275,Anthony Hernandez,claudialowe@example.com,2025-05-03,False,low,treatment,0
8276,Joshua Wells,oalexander@example.com,2025-05-22,True,low,treatment,0
8277,Desiree Mason,nicholastodd@example.org,2025-10-18,True,high,treatment,0
8278,Tammy Warren,willisjames@example.org,2025-08-03,False,low,treatment,0
8279,Eduardo Rose,alvarezmichael@example.com,2026-08-20,False,medium,treatment,0
8280,Sandy Hall,simskathryn@example.com,2025-05-10,False,medium,treatment,0
8281,Alyssa Johnson,brentjohnston@example.com,2026-07-23,True,medium,treatment,0
8282,Karen Ortiz,thomasholmes@example.org,2026-08-15,False,medium,control,0
8283,Danielle Ware,masseymatthew@example.net,2026-04-05,False,high,control,0
8284,Christine Gonzalez,williamcooper@example.net,2026-06-11,False,medium,treatment,0
8285,Devon Moyer,gjohnson@example.net,2025-12-13,False,low,treatment,0
8286,Daisy Taylor,randolphscott@example.com,2024-09-21,False,low,treatment,0
8287,Amanda Garza,edavila@example.net,2026-04-27,False,medium,treatment,0
8288,Megan Price,charles31@example.net,2024-12-15,True,high,treatment,0
8289,Carla Russell,kimberlygriffin@example.com,2026-04-24,False,high,treatment,0
8290,Jasmine Harris,ephillips@example.org,2026-07-05,True,medium,treatment,0
8291,Kimberly Todd,shannonatkinson@example.com,2025-12-14,False,medium,treatment,0
8292,Gabriel Dillon,jeffreygreene@example.com,2026-02-23,False,medium,control,0
8293,Mr. Brian Moses,boydkathleen@example.com,2025-07-18,False,medium,treatment,0
8294,David Clark,danieljimenez@example.net,2024-10-21,True,low,treatment,0
8295,Charles Wilkins,darlene09@example.net,2025-03-21,True,low,treatment,0
8296,Victoria Beltran,brianevans@example.com,2025-01-02,False,medium,control,0
8297,Madison Gonzalez,daniellehuber@example.com,2026-01-02,False,low,control,0
8298,Sarah Gonzalez,margaretmoore@example.org,2026-04-22,False,low,control,0
8299,Warren Brown,courtneyjones@example.net,2025-07-13,True,medium,control,0
8300,Nicholas Hill,ogarcia@example.com,2026-01-02,False,medium,treatment,0
8301,Shawn Alvarado Jr.,jacobharrington@example.org,2026-01-30,False,medium,control,0
8302,Samantha Williams,erikacraig@example.com,2025-03-11,False,high,control,0
8303,Victoria Carter,trevinojessica@example.com,2025-02-17,True,medium,treatment,1
8304,Jordan Smith,brian76@example.org,2025-08-24,False,high,treatment,1
8305,Tommy Jackson DDS,johnrobinson@example.com,2025-03-23,True,medium,treatment,0
8306,Norma Harris,adkinserin@example.net,2024-12-06,False,medium,control,0
8307,Robert Daniel,thomascox@example.com,2025-05-22,True,low,treatment,0
8308,Karen Hernandez,nicole63@example.com,2024-10-27,False,low,control,0
8309,Drew Miller,bennettdavid@example.com,2026-06-19,True,low,treatment,1
8310,Dr. Jean Campbell,stephanie20@example.org,2026-01-29,True,high,control,0
8311,Austin Martinez,jon16@example.org,2026-09-08,False,medium,treatment,0
8312,Jason Wright,jsmith@example.org,2026-03-15,False,high,control,0
8313,Lisa Holmes,lindawhite@example.org,2025-01-18,False,medium,control,0
8314,Dana James,bgonzales@example.net,2025-10-24,False,medium,treatment,0
8315,Christina Evans,michaelschroeder@example.com,2024-10-30,False,low,treatment,0
8316,Michael Mason,gregorydavid@example.com,2026-07-22,True,medium,control,0
8317,Whitney Baker,michellegolden@example.net,2025-08-28,False,low,treatment,0
8318,Peter Powell,parkersherri@example.org,2024-12-01,False,medium,treatment,0
8319,Dr. Ana Anderson MD,colemandavid@example.net,2026-04-15,False,low,control,0
8320,Paula Price,shelby97@example.com,2025-09-25,False,medium,control,0
8321,Kenneth Lee,ulindsey@example.net,2026-09-01,False,low,control,1
8322,Elizabeth Young,scott90@example.net,2025-05-24,False,low,control,0
8323,Stephen Miller,vrodriguez@example.com,2025-04-18,False,high,treatment,0
8324,Jamie Young,jennifermaxwell@example.net,2025-06-26,False,low,treatment,0
8325,Joseph Walters,samantha99@example.com,2024-09-18,True,low,treatment,0
8326,Michele Brewer,paulking@example.org,2025-11-28,True,low,control,0
8327,Alec Campbell,johnathanrodriguez@example.com,2025-01-01,False,high,control,0
8328,Daniel Rodriguez,hopkinslori@example.com,2025-03-10,False,medium,control,0
8329,Mario Mitchell,qgarcia@example.org,2025-05-24,False,low,treatment,0
8330,Virginia Richards,osaunders@example.net,2024-10-31,True,low,control,0
8331,James Griffin,marygarcia@example.net,2026-04-05,False,low,treatment,0
8332,Maria Ferguson,bryantlaura@example.com,2025-03-03,False,medium,control,0
8333,Susan Buchanan,courtney34@example.com,2025-12-13,True,low,control,0
8334,Taylor Black,vzimmerman@example.net,2025-10-24,False,high,control,0
8335,Amy Riggs,sandra27@example.org,2025-12-14,False,low,treatment,0
8336,Savannah Brooks,zwiley@example.org,2024-10-12,False,low,treatment,0
8337,Amber Morris,robertdunn@example.net,2026-02-25,False,medium,control,0
8338,Kristen Reynolds,lawrenceklein@example.org,2026-05-25,False,low,control,0
8339,Brian Harrison,fhayes@example.org,2026-06-18,False,low,treatment,0
8340,Tammy Whitney,snowmitchell@example.net,2024-09-18,True,low,treatment,1
8341,Brittany Snyder,ballardjames@example.com,2025-07-06,False,medium,control,0
8342,Vincent Brewer,tylergreen@example.com,2025-08-15,True,high,treatment,0
8343,Keith Friedman,xruiz@example.org,2025-08-14,True,low,control,0
8344,David Moore,dean55@example.com,2026-02-04,True,medium,treatment,0
8345,Gerald Wallace,rodriguezmary@example.org,2024-10-13,False,low,treatment,0
8346,Ryan Parks,sharon04@example.org,2025-09-04,False,low,treatment,0
8347,Christina Blackwell,alyssamoore@example.net,2025-08-11,False,low,control,0
8348,Matthew Ward,jeremyharvey@example.org,2025-04-14,False,medium,treatment,0
8349,Elijah Spencer,johnhernandez@example.net,2024-09-26,False,low,treatment,0
8350,Amy Sanders,ewarren@example.net,2026-04-28,False,low,control,0
8351,Jeffrey Patrick,amysilva@example.net,2026-05-26,False,low,control,0
8352,Patricia Lee,shelly71@example.org,2026-05-20,True,medium,treatment,1
8353,Robert Chang,karen58@example.net,2025-08-22,False,low,control,0
8354,Sean Moss,bradleylisa@example.net,2026-01-06,False,high,treatment,0
8355,David Lee,bradleymark@example.net,2025-07-16,False,low,control,0
8356,Ryan Torres,leonardtammy@example.net,2026-03-03,False,low,treatment,0
8357,Nicole Barnett,johngonzalez@example.com,2026-01-26,False,high,control,1
8358,Mr. David Mcgee,nguyenrebecca@example.org,2025-12-08,False,high,control,0
8359,Laurie Schmidt,ashley81@example.com,2026-08-15,True,low,control,0
8360,Erica Gilbert,bellrobert@example.com,2025-07-08,True,low,treatment,0
8361,Wyatt White,brianperry@example.com,2025-04-19,False,low,control,0
8362,Robert Mendoza,mary80@example.com,2026-07-26,False,medium,control,0
8363,Valerie Rodriguez,christineberger@example.com,2025-08-06,False,medium,control,0
8364,Mark Gibson,williamspears@example.com,2026-04-13,True,low,control,0
8365,Ryan Gonzalez,ajordan@example.com,2025-11-23,False,medium,treatment,0
8366,Annette Snyder,vsmith@example.com,2025-11-14,False,low,treatment,0
8367,Jo Garcia,dennistony@example.org,2026-09-01,True,medium,treatment,0
8368,Carol Grimes,michael84@example.org,2026-09-17,False,high,control,0
8369,Charles Anderson,robinsonheidi@example.net,2025-07-25,False,medium,control,1
8370,Nichole Peters,egrimes@example.org,2025-12-11,False,medium,control,0
8371,Michael Perkins,qmoore@example.org,2026-07-24,False,high,control,0
8372,Natalie Sosa,michael36@example.net,2026-08-23,False,high,treatment,0
8373,Angela Williams,james40@example.com,2025-02-26,True,medium,control,1
8374,Dustin White PhD,bobfernandez@example.org,2025-08-27,False,low,control,0
8375,Stephanie Bradford,michael51@example.org,2025-11-22,False,low,control,0
8376,John Contreras,tgibson@example.net,2026-05-23,False,medium,treatment,0
8377,Monique Mendez,loganberry@example.net,2024-11-13,True,low,control,0
8378,Sarah Valdez,timothystewart@example.org,2025-08-13,False,medium,treatment,0
8379,Dr. Christopher Taylor,wgonzalez@example.net,2026-08-13,False,high,treatment,0
8380,Zachary Rodriguez,leetracey@example.org,2025-05-22,False,medium,control,0
8381,Johnathan Davis,eric50@example.org,2025-05-04,True,high,treatment,1
8382,Kimberly Richardson,charleswilson@example.net,2026-06-18,True,medium,treatment,0
8383,Marisa Mccoy,zmontgomery@example.org,2025-05-01,False,low,treatment,0
8384,Alexander Murphy,tmunoz@example.org,2024-11-16,False,low,control,0
8385,Christopher Page,rodriguezerika@example.com,2025-07-31,False,medium,treatment,0
8386,Andrew Wood,alecpena@example.org,2024-10-05,False,high,treatment,0
8387,Jennifer Reed,jacobwilliams@example.org,2026-05-19,False,medium,treatment,1
8388,Caitlin Blackwell,alester@example.com,2025-01-09,False,low,control,0
8389,Wendy Mason,brandon13@example.com,2025-09-04,False,high,control,0
8390,Alejandro Gilbert,jennifermathis@example.net,2025-05-06,False,low,control,0
8391,Krista Colon,emorris@example.net,2025-03-01,False,low,treatment,0
8392,Edward Stanley,jeffrey02@example.net,2024-12-10,True,low,control,0
8393,Brandy Elliott,hdelgado@example.org,2025-12-21,False,medium,treatment,0
8394,Mathew Hendricks PhD,htaylor@example.net,2025-11-25,False,medium,treatment,0
8395,Kenneth Jensen,angela29@example.com,2025-10-01,False,high,control,0
8396,Charles Shaw Jr.,gbell@example.com,2025-09-01,False,low,treatment,0
8397,Ryan Johnson,ferrellnicole@example.net,2026-05-27,False,medium,control,0
8398,Heather Lee,acollins@example.net,2026-09-10,False,low,control,0
8399,Kristin Wilson,smithashlee@example.net,2026-01-05,True,low,treatment,0
8400,Kyle Daniel,scott59@example.com,2025-04-21,True,high,control,0
8401,Stephanie Hansen,nicole37@example.org,2024-11-05,False,medium,treatment,0
8402,Christine Parker,petersandre@example.net,2025-04-23,False,medium,control,0
8403,Randy Smith,robert08@example.com,2025-03-05,False,high,treatment,0
8404,Connie Jackson,kathy34@example.org,2026-09-04,False,high,treatment,0
8405,Katelyn Horn,courtneyanderson@example.org,2025-09-22,False,low,control,0
8406,Douglas Parker,janeclarke@example.net,2025-11-29,False,medium,treatment,0
8407,Rhonda Gomez,kristinamoreno@example.com,2024-10-09,False,low,treatment,0
8408,Melissa King,laurabriggs@example.com,2025-12-28,False,low,control,0
8409,David Anderson,scarroll@example.org,2025-01-30,False,low,treatment,1
8410,Breanna Lopez,jimmygarner@example.net,2024-09-23,False,medium,treatment,0
8411,Mark Santos,aliciabeltran@example.net,2026-03-01,True,medium,control,0
8412,Megan Cowan,ojohnson@example.com,2024-12-27,True,low,control,0
8413,Philip Johnson,daniel06@example.net,2026-07-14,False,low,control,0
8414,Kara Day,jacob23@example.net,2025-07-01,False,low,treatment,1
8415,Kari Harris,jsimon@example.org,2025-08-06,True,medium,treatment,0
8416,William Bond,kmartin@example.net,2026-02-25,False,low,treatment,0
8417,Robin Adams,randydavis@example.net,2025-04-20,False,medium,treatment,0
8418,Nancy Spencer,changdeborah@example.com,2025-12-01,False,low,treatment,0
8419,William Mills,blankenshipkevin@example.com,2026-02-12,False,medium,control,0
8420,Patricia Little,bdalton@example.com,2026-07-28,True,high,control,0
8421,Carrie Gonzalez,jmejia@example.com,2025-04-14,False,high,treatment,0
8422,James Munoz,druiz@example.org,2026-08-09,False,medium,treatment,0
8423,Megan Jones,stephaniekeller@example.com,2026-01-09,False,medium,treatment,0
8424,Renee Reynolds,shannon68@example.net,2025-11-27,False,medium,treatment,0
8425,Matthew Jones,jonesrobin@example.net,2025-05-29,False,low,treatment,0
8426,Adam Todd,justin70@example.org,2026-07-03,False,low,treatment,1
8427,Steven Davis,timothy90@example.com,2025-12-08,False,high,treatment,0
8428,Joseph Harris,jwright@example.org,2024-10-05,False,high,treatment,0
8429,Jeremy Hernandez,warnersteven@example.com,2026-07-17,False,low,treatment,0
8430,Lindsey Martinez,lauren52@example.net,2026-01-05,False,low,treatment,0
8431,Jessica Wood,sarah39@example.com,2026-08-06,False,low,treatment,0
8432,Diane Anderson,jessicarichards@example.net,2026-05-18,True,low,treatment,0
8433,Rebecca Thomas,robertmcdowell@example.com,2025-03-22,False,medium,treatment,0
8434,Abigail Rodriguez,bradfordwendy@example.com,2026-01-09,False,low,treatment,0
8435,Kendra Price,larsondana@example.com,2026-04-13,True,medium,treatment,0
8436,James Porter,ipowell@example.org,2026-04-17,False,high,treatment,0
8437,George Barker,bcollier@example.com,2024-12-02,True,high,treatment,0
8438,Jennifer Bell,jacksonkevin@example.org,2024-12-23,False,medium,control,0
8439,Stephen Becker,brandonsmith@example.com,2025-07-02,True,low,control,0
8440,Laura Rosario PhD,alexa34@example.org,2026-03-30,True,low,control,0
8441,Julie Vincent,ofrancis@example.com,2026-02-15,False,medium,treatment,0
8442,Jennifer Wright,awilson@example.com,2026-08-18,False,medium,treatment,0
8443,Mrs. Patricia Olson,brian95@example.org,2025-07-03,False,low,treatment,0
8444,Maria Jackson,currycassandra@example.net,2026-07-30,False,medium,treatment,0
8445,Matthew Patterson,christinataylor@example.net,2025-10-27,True,low,control,0
8446,Jennifer Green,ingramjoseph@example.com,2025-08-26,False,medium,control,0
8447,Stephanie Hawkins,kristin02@example.net,2026-08-11,True,medium,treatment,0
8448,Tonya Ashley,rharris@example.org,2025-03-29,False,medium,control,0
8449,Evan Novak,hannahobrien@example.net,2026-08-29,True,low,treatment,0
8450,Elijah Jones,kirbycarl@example.net,2024-10-04,False,high,control,0
8451,John Golden MD,ericagibson@example.net,2026-08-13,True,low,treatment,0
8452,Julie Martinez,matthew49@example.net,2026-03-27,False,low,control,0
8453,Katie Turner,stonecharles@example.org,2025-06-04,False,high,control,0
8454,Christopher Smith,ahenderson@example.com,2025-10-04,False,low,control,0
8455,Ashley Schmidt,mroberts@example.org,2025-09-29,False,low,treatment,0
8456,Damon Williams,tcarson@example.com,2025-07-06,False,medium,control,0
8457,Mrs. Julie Ellis,john96@example.com,2024-11-13,False,low,control,0
8458,Ann Castillo,timothy98@example.net,2024-09-27,True,low,treatment,0
8459,Charles Mendez,markbarrera@example.org,2025-01-07,False,low,treatment,0
8460,Kerry Benitez,matthew67@example.net,2024-10-28,False,medium,treatment,0
8461,Hector Kelley,wilkinscory@example.org,2026-04-15,False,low,control,0
8462,Victoria Ellis,joshuapennington@example.org,2025-06-30,False,medium,treatment,0
8463,Angela Davis,brianwatson@example.com,2026-03-21,False,high,control,1
8464,Brenda Buchanan,williamsjessica@example.com,2026-07-01,True,low,treatment,0
8465,Jennifer Hartman,christopher62@example.net,2025-05-02,True,medium,control,0
8466,Kyle Baker,paul05@example.com,2025-11-14,False,low,control,0
8467,Matthew Brown,ashleycastillo@example.net,2025-10-16,True,low,treatment,0
8468,Christina Obrien,markmartinez@example.com,2024-12-08,True,low,control,0
8469,John Hubbard,iyoung@example.net,2025-11-16,True,low,control,0
8470,Joseph Montgomery,robert79@example.com,2026-06-27,False,medium,control,0
8471,Dale Watts,patrick80@example.net,2026-08-07,False,low,control,0
8472,Michael Hopkins,jkim@example.org,2026-08-03,False,low,treatment,0
8473,Colleen Watts,alicia86@example.net,2025-04-01,True,low,treatment,0
8474,Shelly Johnson,riveradarren@example.org,2025-09-21,False,high,treatment,1
8475,Brenda Mcgee,hleblanc@example.net,2024-09-20,True,low,treatment,1
8476,Stephen Diaz,marcroberson@example.com,2025-12-25,False,low,control,0
8477,Kelly Dominguez,michaelbennett@example.org,2026-03-01,False,high,control,0
8478,Troy Beck,scottmaddox@example.org,2025-08-01,False,low,control,0
8479,Amanda Thomas,conradchristopher@example.net,2025-08-27,True,low,control,0
8480,Carol Powell,davisstephanie@example.net,2026-02-16,False,high,control,0
8481,Robert Buck,cobbdeborah@example.net,2025-03-09,False,medium,treatment,0
8482,Charles Lee,psteele@example.com,2026-02-07,False,medium,treatment,0
8483,Mikayla Mccarty,pottervictoria@example.com,2025-02-20,False,medium,treatment,0
8484,Randy Johnson,monicajackson@example.org,2025-07-02,False,low,treatment,0
8485,Katherine Caldwell,montgomerymelissa@example.net,2025-11-06,False,low,control,0
8486,Dana Downs,obrienmatthew@example.com,2025-03-14,True,medium,control,0
8487,Kevin Wright,patricksalinas@example.com,2024-12-27,False,high,control,0
8488,Nicholas Mooney,ylevine@example.org,2025-11-22,True,medium,treatment,0
8489,Joan Anderson,nhenderson@example.net,2026-07-26,True,high,treatment,0
8490,Carrie Rose,smithmadison@example.net,2025-08-28,True,medium,control,0
8491,Samantha Gregory,zsmith@example.net,2025-02-06,False,low,treatment,0
8492,Jimmy Sanchez,perrymoore@example.net,2025-02-23,False,high,control,0
8493,Kimberly Scott,elizabeth97@example.com,2026-05-09,True,low,control,0
8494,Melanie Rogers,kendramaldonado@example.net,2025-11-11,True,low,control,0
8495,Alex Moody,ebryant@example.org,2024-12-29,False,high,control,0
8496,Olivia Cole,rileynicole@example.org,2025-03-11,True,low,treatment,0
8497,Emily Rocha,parkmark@example.org,2025-02-25,False,low,control,0
8498,Kristina Franco,heatherli@example.com,2025-06-07,False,low,control,0
8499,Alexis Thompson,wagnerdenise@example.net,2025-12-08,False,medium,control,0
8500,Elizabeth Burke,wrightmelissa@example.org,2026-03-30,False,low,treatment,0
8501,Timothy Bentley,delgadonatasha@example.com,2025-07-12,False,medium,treatment,0
8502,Jane Lloyd,ereed@example.org,2024-12-08,False,low,treatment,0
8503,Sarah Kennedy,nwashington@example.com,2026-05-30,False,high,treatment,0
8504,Ms. Tamara Gonzales,timothywalter@example.net,2025-02-09,False,low,control,0
8505,Joshua Norris,downsjared@example.net,2025-04-23,False,medium,control,0
8506,Ashley Barrera MD,danielmorse@example.net,2025-09-21,False,medium,control,0
8507,Sarah Gonzalez,xray@example.net,2026-03-13,False,low,control,0
8508,Miguel Anderson,riverarichard@example.org,2026-08-21,True,high,control,0
8509,Ian Serrano,ycole@example.com,2026-06-23,False,low,control,0
8510,Teresa Sherman,brooksdebra@example.org,2026-04-24,False,medium,treatment,0
8511,Adam Smith,courtney05@example.org,2024-09-18,True,low,treatment,1
8512,Steven Higgins,aaron98@example.net,2025-08-26,False,low,treatment,0
8513,Shane Thomas,butlerstanley@example.org,2026-05-29,False,low,treatment,0
8514,David Farmer,mary15@example.com,2026-03-05,False,medium,control,0
8515,Jon Lopez,jkaiser@example.net,2025-05-12,False,low,control,0
8516,Lori Perkins,christina74@example.com,2026-09-11,False,low,control,1
8517,Joseph Henderson,nicholas16@example.org,2026-04-19,False,medium,control,0
8518,Justin Spencer,emily97@example.net,2026-05-15,False,medium,treatment,0
8519,Ashley Marks,wmartinez@example.org,2026-02-04,True,low,treatment,0
8520,Joseph Taylor,sheltonallison@example.org,2024-11-27,False,medium,treatment,0
8521,Matthew Espinoza,michaelwilliams@example.net,2024-12-18,False,medium,treatment,0
8522,Nicole Charles,robertsellen@example.net,2026-02-07,True,medium,treatment,0
8523,John Thompson,joel67@example.net,2024-09-17,True,medium,control,0
8524,Jill Guerrero,debra61@example.com,2024-11-05,False,high,control,0
8525,Christian Martinez,hamiltonivan@example.com,2026-08-03,False,low,control,0
8526,Karen Avila,ethanyoung@example.org,2026-07-21,False,low,treatment,1
8527,Rhonda Mitchell,ricardo17@example.net,2026-03-04,True,low,treatment,0
8528,Elizabeth Acosta,rvelasquez@example.org,2025-08-05,False,low,control,0
8529,Luis Scott,debra15@example.org,2025-06-26,False,high,control,1
8530,George Jones,charlesclayton@example.org,2024-11-25,False,low,treatment,0
8531,Ashley Bennett,tmorton@example.net,2024-12-01,True,medium,control,0
8532,Russell Smith,glassdavid@example.org,2025-08-23,False,low,treatment,0
8533,Michael Bell,swiley@example.net,2026-06-26,False,medium,treatment,0
8534,Ryan Roberts,rogerskathy@example.net,2026-08-27,False,high,treatment,0
8535,Edward Garcia,waynejackson@example.com,2026-04-11,False,high,control,0
8536,Dennis Moore,rodriguezroberto@example.com,2026-04-30,False,medium,treatment,0
8537,Shane Alvarez,alicia32@example.com,2026-04-22,False,low,treatment,0
8538,Eric Arnold,mullinsterri@example.org,2026-07-17,False,low,control,0
8539,Kenneth Gonzalez,michael82@example.org,2025-10-22,True,low,treatment,0
8540,John Sanders,patrick75@example.com,2025-11-01,False,high,treatment,1
8541,Mary Taylor,kylelindsey@example.com,2025-10-01,False,medium,treatment,0
8542,Gary Bates,okelly@example.org,2025-02-02,True,high,control,0
8543,Donald Lopez,jrios@example.org,2025-02-22,False,medium,treatment,0
8544,Adam Hernandez,lori94@example.com,2025-08-22,False,low,control,0
8545,Rachel Taylor,marcus76@example.net,2025-11-20,False,high,control,0
8546,Susan Edwards,weberallison@example.org,2026-01-23,True,medium,control,0
8547,Jennifer Beasley,christinavelasquez@example.com,2026-09-15,False,low,control,0
8548,Mrs. Denise Wilson,esimpson@example.net,2025-03-25,False,high,treatment,0
8549,Erin Cox,cmiller@example.net,2026-07-01,False,low,control,0
8550,Robert Miller,dakota26@example.com,2026-05-11,False,low,treatment,0
8551,Steven Stuart,tiffanywalker@example.org,2024-12-24,False,medium,treatment,0
8552,Kevin Tucker,nguyenspencer@example.org,2025-09-24,False,low,treatment,0
8553,Robert Khan,davidgraham@example.com,2025-12-12,True,medium,control,0
8554,Robert Armstrong,daniellebishop@example.com,2025-12-30,False,high,treatment,0
8555,Michael Wheeler,holmesalex@example.com,2026-04-14,False,medium,control,0
8556,Amber Zimmerman,whouse@example.net,2025-10-08,False,medium,treatment,1
8557,Rebekah Smith,lisabutler@example.org,2024-10-05,False,high,control,0
8558,Jason Sanchez,dvincent@example.net,2025-08-13,False,low,treatment,0
8559,Joshua Martin,howeerik@example.net,2025-10-23,True,low,control,0
8560,Samantha Ortiz,smithashley@example.net,2025-08-16,False,low,control,0
8561,Tyler Evans,vvasquez@example.com,2025-10-16,True,medium,control,0
8562,Kendra Webster,woodwardpatricia@example.com,2026-06-10,True,medium,treatment,0
8563,Adam Robinson,taylorsteven@example.org,2024-12-08,False,medium,control,0
8564,John Shelton,ericaherrera@example.net,2026-03-31,True,low,treatment,0
8565,Joshua Hansen,josephmurray@example.net,2026-04-11,False,medium,treatment,0
8566,Michael Murphy,ramseyamy@example.net,2026-07-28,False,low,control,0
8567,Cindy Patterson,scott59@example.net,2025-03-28,False,low,control,0
8568,Shannon Owens,jacquelinejohnson@example.net,2025-12-22,False,high,control,0
8569,Catherine Reid,nicholas88@example.net,2025-11-10,False,medium,control,0
8570,Ryan Warren,cmiller@example.net,2025-01-31,False,medium,control,0
8571,Sandra Wilson,brian34@example.net,2026-02-09,False,high,control,1
8572,William Chen,jasonramos@example.net,2025-03-05,False,medium,treatment,0
8573,Sarah Peterson,chambersrobert@example.net,2026-06-10,False,medium,treatment,0
8574,Jonathan Lang,karenvaughn@example.org,2026-06-12,False,low,treatment,0
8575,Lisa Lamb,zfrank@example.net,2025-04-10,False,low,treatment,0
8576,Joseph Garrison,pamelakelly@example.com,2025-03-15,False,low,control,0
8577,Stephanie Hubbard,henrysmith@example.com,2026-07-30,False,medium,treatment,0
8578,Lauren Kennedy,ctucker@example.net,2026-05-05,False,low,control,0
8579,Lauren Wagner,hayessamuel@example.net,2024-12-28,False,medium,treatment,0
8580,Brandon Brown,molly36@example.net,2025-03-14,False,low,control,1
8581,Anita Walls,nicholas21@example.com,2026-03-05,False,medium,treatment,0
8582,Shannon Gross,amandadelgado@example.com,2026-01-24,False,high,control,0
8583,Matthew Green,huffdiana@example.com,2026-05-05,False,high,treatment,0
8584,Maria Mccall,erin18@example.com,2026-02-10,False,high,treatment,0
8585,Amy Thompson,debradavis@example.net,2026-04-10,False,low,control,0
8586,Michael Harmon,hudsonrobert@example.org,2025-05-01,False,low,treatment,0
8587,Amy Rodriguez,julia59@example.com,2026-04-13,True,low,control,0
8588,Marc Brown,thomas73@example.net,2024-10-21,True,medium,control,0
8589,George Parker,robert24@example.com,2025-04-15,False,low,treatment,0
8590,Ian Reynolds,gmurphy@example.org,2026-03-21,False,medium,control,0
8591,Adam Guzman,gabrielle17@example.net,2025-08-28,False,medium,control,0
8592,Kylie Anderson,bethperez@example.net,2025-04-11,False,low,control,1
8593,Karen Ryan,robert73@example.org,2025-08-13,True,low,treatment,0
8594,Matthew Foster,pgriffin@example.com,2025-12-21,False,high,treatment,0
8595,Ariana Stone,steven66@example.net,2025-11-28,True,low,treatment,0
8596,Cheryl Armstrong,wallacechristopher@example.com,2026-07-08,True,medium,treatment,0
8597,Amy Frey,sreyes@example.org,2026-06-21,False,low,treatment,0
8598,Hannah Thompson,kathleen18@example.org,2025-02-01,True,low,treatment,0
8599,Rachel Rose,drakemary@example.net,2026-05-24,True,medium,control,0
8600,Antonio Mitchell,dawn26@example.org,2025-11-23,True,medium,control,0
8601,Sheri Johnson,dstewart@example.net,2026-04-06,False,medium,treatment,0
8602,Richard Sampson,lisabryant@example.org,2025-07-15,False,low,control,0
8603,Ronald Rosales Jr.,alexandersims@example.com,2025-02-12,True,medium,control,0
8604,Rachel Villarreal,david63@example.org,2025-08-02,False,low,treatment,0
8605,Laurie Villegas,matthew96@example.com,2025-08-17,False,medium,treatment,0
8606,Joshua Clayton,sandovalwilliam@example.com,2026-01-22,False,low,control,0
8607,Savannah James,williammoore@example.com,2024-10-29,False,low,treatment,1
8608,Donna Jones,eford@example.org,2026-06-21,False,low,treatment,0
8609,Preston Jones,bakerrobert@example.com,2026-06-25,True,high,control,0
8610,Lauren Hernandez,rubengonzalez@example.org,2025-01-02,False,low,control,0
8611,Omar Jackson,gburke@example.org,2026-04-13,True,medium,control,0
8612,Christy Evans,juliewilliams@example.net,2025-07-31,False,medium,control,0
8613,Kimberly Mclean,ewebb@example.net,2025-07-29,False,low,control,0
8614,Robert Mooney,allenclaire@example.net,2026-07-22,False,medium,treatment,0
8615,Mr. Kyle Phillips,christinaramos@example.com,2026-05-08,False,low,control,1
8616,Daniel Pierce,jasonbennett@example.org,2026-07-10,False,medium,treatment,1
8617,William Bass,bellchristopher@example.net,2025-10-16,False,medium,treatment,0
8618,Kristie Fletcher,kwilliams@example.net,2026-05-18,False,medium,control,0
8619,Jonathan Brown,mwilliams@example.com,2025-03-31,True,low,control,0
8620,Matthew Graham,ashleyturner@example.net,2024-11-18,False,high,treatment,0
8621,Kathleen Archer,jenna27@example.com,2025-06-13,True,medium,treatment,0
8622,Ronald Munoz,stevenhenson@example.org,2024-11-16,False,low,control,0
8623,Dawn Bennett,cheryl79@example.net,2025-06-23,False,medium,control,0
8624,Bryan Hickman,burkeluis@example.com,2024-10-09,True,medium,treatment,0
8625,Susan Butler,ricetasha@example.com,2024-10-23,False,high,control,0
8626,Yesenia Foster,markroberts@example.net,2026-08-25,True,medium,treatment,0
8627,Stephen Rivera,leonard42@example.net,2025-12-23,False,low,control,1
8628,Brandi Nelson,mreed@example.net,2026-05-21,False,medium,control,0
8629,Lorraine Aguilar,donnadavis@example.net,2025-01-03,True,high,treatment,0
8630,Carol Hanna,michaelarmstrong@example.net,2025-11-29,False,medium,control,0
8631,Valerie Morris,hbutler@example.org,2025-07-07,False,low,control,0
8632,Timothy Ross,millertheresa@example.org,2025-03-09,False,low,control,0
8633,Juan Solis,nunezgina@example.org,2025-07-18,False,low,treatment,0
8634,Heather Allison,zcastillo@example.org,2025-12-28,True,medium,control,0
8635,Jeffrey Williams,jessica38@example.org,2026-07-19,False,low,treatment,0
8636,Jessica Sanchez,troytaylor@example.org,2025-07-22,False,high,treatment,0
8637,Ashley Morrison,cbates@example.org,2026-05-15,False,low,treatment,0
8638,Brett Reyes,wattskathleen@example.org,2025-07-29,True,low,treatment,0
8639,Joshua Johnson,uwhite@example.org,2025-05-16,False,medium,control,0
8640,Amanda Salazar,william17@example.org,2026-07-06,True,low,control,0
8641,Matthew Bell,shelley50@example.net,2026-06-26,False,low,treatment,1
8642,Joanne Rice,solomonbrian@example.com,2026-07-29,False,medium,treatment,0
8643,Pamela Thomas,michaelbeck@example.org,2026-01-02,False,medium,treatment,1
8644,Christopher Ayala,deannamiller@example.org,2026-01-24,False,low,treatment,0
8645,Adam Rivera,johnsmith@example.com,2025-12-20,False,medium,treatment,0
8646,Charles Henry,agross@example.com,2026-05-11,False,medium,treatment,0
8647,Karen Pena,tyler30@example.net,2025-12-23,True,high,control,0
8648,Barbara Johnson,ublankenship@example.net,2024-09-26,False,medium,control,0
8649,Kristin Barnes,tcastillo@example.com,2025-02-14,False,medium,treatment,0
8650,Donna Curtis,michaelparsons@example.net,2025-04-22,False,medium,control,0
8651,Richard Shelton,gonzalezjudith@example.com,2026-06-13,False,medium,treatment,0
8652,Daniel Thornton,andrew05@example.org,2025-02-25,True,low,treatment,0
8653,Tanya Davis,fosterlauren@example.net,2026-01-12,False,low,control,0
8654,Paul Franco,erin73@example.com,2026-05-03,True,medium,treatment,0
8655,Stephen Allen,josephsantos@example.com,2026-04-13,True,low,treatment,0
8656,Jeremiah Young,richardjensen@example.org,2026-08-07,False,medium,control,0
8657,Mark Marshall,jackturner@example.org,2024-09-28,False,medium,treatment,0
8658,Erin Bradford,smithjacob@example.org,2025-12-03,False,medium,control,0
8659,Deborah Smith,dbell@example.net,2025-11-06,False,medium,treatment,0
8660,James Merritt,catherine81@example.com,2024-11-02,False,low,treatment,0
8661,Amanda Martin,kristencarter@example.org,2026-02-25,False,low,treatment,0
8662,Joshua Doyle,davidtownsend@example.org,2026-03-30,False,low,treatment,1
8663,Maria Roberts,christinebennett@example.org,2024-10-08,False,medium,control,0
8664,Cristian Smith,monica72@example.org,2025-01-19,False,low,control,0
8665,Heather Williams,marklong@example.org,2024-11-17,False,low,treatment,0
8666,Mrs. Michelle Walker,bakeralison@example.com,2025-04-25,False,medium,control,0
8667,David Bell DVM,fanderson@example.com,2025-03-08,True,high,treatment,0
8668,Kevin Chung,xduran@example.net,2025-01-31,True,high,control,1
8669,Matthew Lawson,xtucker@example.com,2025-10-23,True,low,control,0
8670,Travis Davis,moniquehall@example.com,2025-06-08,True,low,control,0
8671,Tony Brown,john40@example.org,2025-03-07,False,medium,control,0
8672,Kaitlyn Hoffman,tammyrichardson@example.net,2026-04-10,False,low,control,0
8673,Julia Robertson,pam28@example.com,2024-09-25,False,medium,treatment,0
8674,Lori Hines,robert38@example.org,2025-01-28,False,medium,control,0
8675,Gabriela Jones,williamsjustin@example.org,2025-07-09,False,low,control,0
8676,Stacy Graves,callahanmicheal@example.net,2026-06-05,False,medium,control,0
8677,Thomas Carey,mollytaylor@example.org,2025-09-30,False,low,treatment,0
8678,Louis Luna,fred35@example.net,2025-03-29,True,low,treatment,0
8679,Robert Jenkins,whiteheadandrea@example.org,2025-05-25,True,low,treatment,0
8680,Michael Maddox,douglascohen@example.com,2026-04-03,False,medium,treatment,0
8681,Felicia Jenkins,elizabeth72@example.org,2025-05-22,False,low,treatment,0
8682,Bradley Castillo,sramirez@example.net,2025-04-21,False,low,control,0
8683,Melanie Mcdonald,beth44@example.com,2024-11-28,False,high,control,0
8684,Darrell Brown,sheryl70@example.com,2026-02-27,False,high,treatment,0
8685,Aaron Yang DDS,ojohnson@example.net,2025-08-15,False,low,control,0
8686,Allison Cantrell,gsherman@example.org,2025-07-27,True,low,control,0
8687,Anthony Gallagher,dustinkelly@example.net,2025-07-04,True,medium,treatment,0
8688,Lori Hicks,brownamy@example.org,2025-04-13,True,medium,control,0
8689,Mark Collins,jose12@example.com,2026-09-14,False,low,treatment,0
8690,Charles Jenkins,colemanchristine@example.org,2026-04-14,False,low,control,0
8691,Nicholas Wells,judyweber@example.org,2026-02-01,False,medium,treatment,0
8692,Jessica Holmes,jasonorozco@example.net,2025-07-11,True,medium,treatment,0
8693,Nathan Jenkins,brenda86@example.org,2025-08-11,False,medium,control,0
8694,Martin Moreno,brittany71@example.org,2026-04-02,False,low,treatment,0
8695,Karen Anderson,morenoscott@example.com,2025-02-09,False,low,control,0
8696,Joshua Bryant,ahernandez@example.com,2026-02-26,False,high,treatment,0
8697,James Stone,robertrogers@example.net,2026-03-06,False,medium,control,0
8698,Eric Webb,sanderson@example.net,2026-05-12,False,high,treatment,0
8699,Kimberly Herring,olsoncrystal@example.net,2026-09-09,False,medium,treatment,0
8700,Luis White,christopher32@example.com,2025-05-26,True,high,control,0
8701,Ashley Anderson,mitchellfelicia@example.com,2025-01-18,False,medium,treatment,0
8702,Kelly Cooper,susan51@example.com,2025-02-24,True,medium,treatment,0
8703,Timothy Reed,rosejessica@example.net,2025-12-02,False,medium,treatment,0
8704,Beth Johnson,brownjohn@example.org,2025-06-07,True,low,treatment,0
8705,Zachary Norman,jenniferdaniels@example.com,2025-11-14,True,low,control,0
8706,David Decker,scottbarnes@example.com,2025-09-04,True,low,control,0
8707,Angela Burke,jfoster@example.org,2025-07-03,True,low,treatment,0
8708,Katherine Huff,youngmonica@example.com,2025-01-21,True,high,treatment,0
8709,Benjamin Stevens,tmatthews@example.org,2026-03-28,False,low,control,0
8710,Tina Garcia,johnsonfrancisco@example.com,2026-06-07,False,medium,control,1
8711,Marc Davis,ejefferson@example.org,2026-05-24,False,low,control,0
8712,Kimberly Meadows,seanjohnson@example.net,2025-04-03,True,high,control,0
8713,Heather Wilson PhD,hmartinez@example.com,2026-02-26,False,low,treatment,1
8714,Matthew Morales,richardsonjohn@example.net,2025-10-18,True,low,treatment,0
8715,William Cruz,deborah45@example.com,2025-11-11,False,low,control,0
8716,Paul Arias,aprilperez@example.net,2026-01-12,False,high,treatment,0
8717,Eric Jackson DDS,ricesusan@example.com,2026-08-23,False,low,control,0
8718,Angela Neal,xhall@example.com,2025-02-03,True,low,control,1
8719,David Wilson,gloriaburns@example.org,2025-08-02,False,medium,control,0
8720,Erica Castillo,pennyduncan@example.net,2025-11-05,False,high,control,0
8721,Samuel Wells,smithbill@example.org,2025-02-28,False,medium,control,1
8722,Lee Sullivan,jennifer29@example.com,2025-07-05,False,low,control,0
8723,Jeffrey Campbell,harperkatherine@example.net,2026-03-22,True,low,control,0
8724,Mr. Mike Miller,reyesjoyce@example.com,2024-10-03,True,medium,treatment,0
8725,Christopher Perry,vanessa40@example.net,2025-09-20,False,low,treatment,0
8726,Ashley Parker,kelly13@example.net,2026-07-29,False,low,treatment,0
8727,Emily Banks,kimberlybell@example.org,2025-06-30,False,low,treatment,0
8728,David Cannon,fduran@example.com,2025-12-12,False,medium,treatment,0
8729,Amanda Rosales,amandamiller@example.org,2024-09-24,False,low,treatment,0
8730,Aaron Hahn,anthony61@example.com,2024-09-20,True,low,control,0
8731,Jeffrey Mcdonald,ecarlson@example.org,2026-09-13,True,low,control,0
8732,Charles Rodriguez,brianhowell@example.org,2025-04-08,False,low,treatment,0
8733,Lindsay Wilson,bpeters@example.net,2026-08-25,False,medium,control,0
8734,Kayla Guzman,nhowell@example.net,2026-05-21,False,low,control,0
8735,James Bonilla,oguzman@example.com,2025-12-24,False,low,control,0
8736,Jeffery Walker,aprilmoore@example.org,2026-01-29,False,low,treatment,0
8737,Mark Martin,nathanielellis@example.com,2026-01-26,False,low,control,0
8738,Mrs. Amanda Salazar,anthony18@example.net,2026-05-22,False,low,treatment,0
8739,Angel Jensen,michelle77@example.com,2025-09-07,False,high,control,0
8740,Stacy Payne,amartinez@example.net,2025-12-18,False,low,treatment,0
8741,Kathryn Morrison,aaronwilliams@example.net,2025-07-24,False,high,control,1
8742,George Romero,tgomez@example.net,2026-08-06,False,low,control,0
8743,Priscilla Sanchez,obond@example.org,2025-07-29,False,low,treatment,0
8744,Michael Burgess,alan38@example.org,2026-05-03,False,medium,control,1
8745,Maria Scott,davismelissa@example.org,2025-06-02,False,high,treatment,0
8746,Alexandra Ward,nathanlee@example.net,2025-10-18,False,low,treatment,0
8747,Kristen Hartman,mark14@example.org,2026-09-16,False,low,treatment,0
8748,Joseph Robinson,gprice@example.net,2026-03-15,True,medium,treatment,0
8749,Richard Woods,sheppardpatrick@example.com,2026-02-07,False,medium,treatment,0
8750,Maria Diaz,emily69@example.org,2026-03-24,False,high,treatment,0
8751,David Baldwin,ashley90@example.com,2026-03-12,True,low,control,0
8752,Michelle Jones,samanthapope@example.net,2026-04-29,False,low,treatment,0
8753,Angela Reese,joe24@example.com,2026-06-29,False,medium,treatment,0
8754,Michael Serrano,debra59@example.com,2025-12-21,False,medium,control,0
8755,Christopher Powell,douglas38@example.org,2024-12-01,True,high,treatment,0
8756,Christian Reyes,derek00@example.net,2025-08-17,True,low,control,0
8757,Andrew Harris,melinda70@example.net,2026-03-29,True,medium,treatment,1
8758,Scott Norton,edgarcampos@example.org,2025-01-28,False,high,treatment,0
8759,Frederick Boyd,nicole57@example.org,2025-11-25,False,medium,treatment,1
8760,John Jackson,wsmith@example.com,2024-10-19,False,low,treatment,1
8761,Mrs. Paige Brooks,adamserica@example.org,2026-05-25,False,medium,treatment,0
8762,Richard Cardenas,richard17@example.org,2026-08-11,False,medium,control,0
8763,David Park,thomasprice@example.org,2024-11-26,True,medium,control,0
8764,Catherine Stark,taylorrobbins@example.org,2024-12-15,False,high,treatment,0
8765,Joshua Ferguson,howardautumn@example.net,2026-05-30,False,medium,treatment,0
8766,Keith Brown,matthewmorris@example.net,2025-08-17,False,low,treatment,0
8767,Sean Gonzalez,mercerandrew@example.org,2026-06-11,False,high,control,0
8768,David Malone,sarahreed@example.org,2026-06-05,False,high,control,0
8769,David Parks,kimberly01@example.com,2025-04-08,True,high,control,0
8770,Victoria Stevens,elizabeth60@example.net,2026-07-02,False,low,control,0
8771,Jonathan Oliver,ugomez@example.org,2024-10-02,False,medium,control,0
8772,Melissa Cisneros,likeith@example.com,2025-03-26,False,high,control,0
8773,Kristy Miranda,glennpacheco@example.org,2026-04-17,False,medium,treatment,0
8774,Troy Gomez,michelle19@example.org,2025-08-02,False,low,treatment,0
8775,Katrina Ramos,andrew47@example.net,2026-02-11,False,medium,control,0
8776,Willie White,lisa01@example.com,2026-05-05,False,low,control,0
8777,Billy Jennings,spencesarah@example.org,2026-05-29,False,medium,treatment,0
8778,Connie Ibarra,danielle70@example.com,2026-08-28,False,low,control,0
8779,Alicia Hamilton,trevor65@example.org,2025-08-28,False,low,treatment,0
8780,Rachel Heath,tammysimon@example.org,2026-03-05,False,high,treatment,0
8781,Jonathan Moore,robertsoncarla@example.com,2026-04-17,False,medium,control,0
8782,Troy Vega,joseph16@example.net,2026-08-06,False,low,control,0
8783,John Sanchez,bryanelizabeth@example.net,2025-08-30,False,medium,treatment,0
8784,Bryan Reeves,theresagarrett@example.net,2025-04-17,False,high,control,0
8785,Teresa Klein,vincentcraig@example.net,2025-06-21,False,medium,treatment,0
8786,Kevin Hardin,ortizbrian@example.net,2025-05-06,False,high,control,0
8787,Paul Austin,kbrown@example.com,2024-10-31,False,low,treatment,0
8788,Linda Lee,kristinasmith@example.org,2026-05-03,False,medium,control,0
8789,Charlene Thomas,jason84@example.com,2026-04-17,True,low,treatment,1
8790,Christine Berry,madeline75@example.org,2026-05-24,True,medium,treatment,0
8791,Brianna Bennett,clarkeric@example.org,2025-10-05,False,low,control,0
8792,Phillip Bauer,powersnathan@example.com,2024-11-04,True,medium,treatment,0
8793,Justin Soto,mnicholson@example.com,2025-01-26,False,low,treatment,0
8794,Wendy Roberts,bgallagher@example.com,2024-10-01,False,medium,treatment,0
8795,James Jones,mark74@example.org,2026-08-17,False,medium,treatment,0
8796,Keith Garcia,katherine59@example.com,2024-12-09,True,medium,control,0
8797,Alexis Morris,grahamkevin@example.com,2025-10-06,True,low,control,0
8798,Lisa Turner,zlloyd@example.org,2026-07-27,False,medium,control,0
8799,Sharon Oneill,asalas@example.com,2025-04-01,True,low,treatment,0
8800,Kristen Pacheco,perryandrea@example.org,2026-06-17,False,medium,control,1
8801,Ashley Wood,zmurray@example.com,2025-01-30,False,medium,treatment,0
8802,Mrs. Holly Mcbride,connienavarro@example.com,2026-08-27,True,medium,control,0
8803,Travis Hayes,kristopher88@example.net,2024-11-27,True,low,treatment,0
8804,Jacob Allen,xhenry@example.net,2026-07-03,True,low,control,0
8805,Eric Flores,crawfordkenneth@example.org,2024-12-09,False,low,control,0
8806,Corey Mcknight,zpaul@example.com,2024-09-25,True,low,control,0
8807,Frank Frederick,johngill@example.org,2026-03-25,False,low,treatment,0
8808,Taylor Baker,freemanjason@example.net,2025-05-14,False,low,treatment,0
8809,Cheryl Wiley,norriskevin@example.com,2024-09-25,False,medium,control,0
8810,Mike Rodriguez,carla33@example.org,2026-09-03,False,low,control,0
8811,Cory James,solomonmichael@example.com,2025-01-03,True,medium,control,0
8812,Meghan Harris,wardemily@example.net,2025-07-15,False,high,treatment,0
8813,Jennifer Thompson,wesleysimmons@example.net,2024-12-22,False,low,control,0
8814,Alexander Davis,ghuffman@example.org,2025-02-02,False,medium,treatment,0
8815,Megan Mills,eric34@example.org,2026-03-06,False,high,control,0
8816,Johnny Watson,mary69@example.net,2025-02-28,False,low,control,0
8817,Chelsea Short,parkamy@example.org,2025-01-14,False,medium,control,0
8818,Adriana Montes,mcdonaldheidi@example.org,2025-11-11,False,low,treatment,0
8819,Chelsea Freeman,bryantmatthew@example.com,2025-10-01,True,low,treatment,1
8820,Kristina Montoya,fmartinez@example.net,2025-08-12,False,medium,control,0
8821,Natalie Chaney,lance56@example.com,2025-08-11,True,medium,control,0
8822,Stephen Robles,vstafford@example.net,2025-10-07,False,low,treatment,0
8823,Joseph Lewis,wagneralexis@example.org,2026-08-20,False,high,control,1
8824,Holly Shaw,logan35@example.org,2025-06-29,True,medium,treatment,0
8825,Jeremy Wolfe,melissa91@example.org,2024-12-04,False,high,treatment,0
8826,Thomas Watson,ucollins@example.com,2025-06-04,False,low,control,0
8827,Douglas Clark,baileyyoung@example.org,2025-07-22,False,medium,control,0
8828,Peter Scott,ashleyanderson@example.org,2025-02-06,True,medium,treatment,0
8829,Matthew Spears,david39@example.org,2026-01-26,True,high,control,0
8830,Charles Alexander,jgarcia@example.com,2026-04-09,True,high,treatment,0
8831,Bradley Kent,lsteele@example.org,2025-03-10,False,low,control,0
8832,Katie Rowland,georgeolson@example.com,2024-10-06,False,high,treatment,0
8833,Stephen Dean,danielmichelle@example.org,2025-03-31,False,low,control,0
8834,Elizabeth Avery,daniellegonzales@example.net,2025-03-30,False,medium,treatment,0
8835,Monica Hoffman,darrenhardy@example.com,2024-12-24,False,medium,control,0
8836,Earl Velasquez,diana68@example.com,2024-12-16,True,medium,treatment,0
8837,Austin Vaughn,gina69@example.org,2025-08-12,False,low,treatment,0
8838,Caitlyn Salazar,walkermelissa@example.com,2024-12-14,False,medium,treatment,1
8839,Bradley Mccullough,burnskevin@example.com,2026-02-18,False,low,treatment,0
8840,Matthew Kaiser MD,devans@example.com,2024-12-25,False,low,treatment,1
8841,Julie Smith,porterjohn@example.com,2026-04-01,False,medium,treatment,1
8842,Bobby Shelton,hendersonbeth@example.net,2026-08-09,False,low,control,0
8843,Sandra Hayes,perkinsdiane@example.com,2025-07-31,False,high,control,0
8844,Tiffany Jones,dcruz@example.com,2025-03-30,True,high,control,0
8845,Joshua Frazier,kristie44@example.net,2024-12-25,False,medium,control,0
8846,Steven Quinn,wcarter@example.org,2025-09-19,True,low,treatment,0
8847,Virginia Carter,jacksonmark@example.org,2025-09-12,False,low,treatment,0
8848,Travis Wallace,stacycooper@example.org,2025-05-06,True,medium,control,0
8849,Michael Gallegos,reneedavis@example.org,2025-06-21,True,medium,treatment,0
8850,Ashley Gutierrez,andrew63@example.com,2025-05-13,False,high,control,0
8851,Megan Butler,esellers@example.org,2025-04-16,False,low,treatment,1
8852,Jamie Duke,ryanhale@example.com,2025-01-24,False,medium,control,0
8853,Daniel Jensen,bsmith@example.com,2024-12-25,False,high,control,0
8854,Daniel White,markblackburn@example.com,2024-12-11,False,low,control,0
8855,Austin Scott,tammy87@example.com,2025-01-08,False,low,treatment,0
8856,Mark Collins,phamcasey@example.net,2025-06-18,True,medium,control,0
8857,James Mccoy,rachelwhite@example.org,2024-10-04,False,medium,control,0
8858,Sean Lowe,ryanlynch@example.org,2025-12-09,True,low,treatment,0
8859,Julie Campbell,jacksonjennifer@example.org,2025-12-25,False,low,control,0
8860,David Lin,erin96@example.org,2026-04-26,True,medium,control,0
8861,Maxwell Black,sbrown@example.net,2026-08-27,False,low,treatment,1
8862,Wayne Boyd,stewartmarcus@example.org,2025-02-05,True,medium,treatment,0
8863,Nicole Williams,thomas51@example.net,2024-09-21,False,high,treatment,1
8864,Ricky Flores,phillip89@example.net,2025-02-16,True,low,control,1
8865,Robert Woods,jfrost@example.net,2025-06-07,False,medium,control,1
8866,Sherry Nelson,andrew47@example.com,2026-08-28,False,medium,treatment,0
8867,Todd Moore,oliverdominic@example.com,2026-03-15,True,low,treatment,0
8868,Aaron Johnson,laura40@example.net,2025-09-15,False,low,control,0
8869,Tiffany Young,hicksterri@example.com,2025-08-11,False,low,treatment,0
8870,Devin Cox,myersrachel@example.net,2024-10-12,False,low,control,0
8871,Anna Moss,foxkim@example.net,2025-12-02,False,low,control,0
8872,Justin Banks,christopherdavid@example.org,2026-01-05,False,medium,treatment,0
8873,Robert Diaz,kristin33@example.org,2025-11-01,False,low,control,0
8874,Natasha Donaldson,dylan69@example.org,2024-11-30,False,low,treatment,0
8875,Stephen Howell,vaughnmark@example.org,2026-07-12,True,low,control,0
8876,Michael Greene,nicholasmorrison@example.net,2025-12-07,False,low,control,0
8877,Melissa Navarro,stafforddanielle@example.org,2025-07-12,False,low,control,0
8878,Keith Marquez,cooperjennifer@example.org,2024-11-10,True,low,treatment,0
8879,Kevin Foster,lopezluis@example.com,2024-09-25,False,medium,control,0
8880,Jennifer Brown,lisajohnson@example.org,2025-05-16,True,low,treatment,0
8881,Anthony Manning,dthornton@example.net,2026-06-07,False,medium,treatment,0
8882,Robert Black,wnelson@example.net,2026-02-04,False,medium,treatment,0
8883,Gerald Ray,jonpreston@example.com,2025-11-06,True,low,treatment,0
8884,Joshua Smith,stephanieortega@example.com,2025-07-22,True,medium,control,0
8885,Dakota Erickson,xroach@example.net,2026-06-28,False,medium,treatment,0
8886,Jason Parks,nbaker@example.org,2025-04-24,False,medium,control,0
8887,Stephanie Hernandez,keithmccall@example.net,2026-06-14,True,low,treatment,0
8888,Joel Lopez,ehunt@example.com,2025-03-02,False,medium,treatment,0
8889,Janet Lynch,christyjames@example.net,2025-03-04,False,low,control,0
8890,James Donovan,bennettjeff@example.net,2025-04-10,False,medium,control,0
8891,Bryan Hernandez,matthewthompson@example.com,2025-09-03,True,medium,treatment,0
8892,Shannon Logan,kylewalters@example.net,2025-06-19,False,low,treatment,0
8893,Jose Garrett,rosemichael@example.org,2024-10-12,True,low,treatment,0
8894,Leroy Jacobs,chelseygarrett@example.com,2024-10-25,True,medium,control,0
8895,Kimberly Garner,matthewmontes@example.com,2024-11-27,True,low,control,0
8896,Mr. Daniel Dixon,bryantcharles@example.org,2025-04-24,False,low,control,0
8897,Gina Hayes,jmccarthy@example.org,2024-09-25,False,medium,control,0
8898,Chad Green,tuckererika@example.net,2024-11-16,False,low,control,0
8899,Shelly Rocha,jason12@example.com,2025-12-24,False,medium,control,0
8900,Adam Smith DDS,joycejohn@example.net,2024-11-29,False,medium,treatment,0
8901,Bruce Brooks,orobbins@example.com,2026-07-03,False,high,control,1
8902,Jennifer Huffman,josephwatson@example.org,2026-06-28,True,low,treatment,0
8903,Gregory Lopez,jamie79@example.org,2025-09-23,False,low,control,0
8904,Robert Ortiz,barnesderrick@example.net,2025-07-17,True,medium,treatment,0
8905,Susan Pierce,tschroeder@example.net,2026-08-27,True,low,treatment,0
8906,Robert Santos,jeffreycervantes@example.org,2026-01-16,False,low,treatment,0
8907,Anthony Robinson,kevinlamb@example.com,2025-04-29,True,low,control,0
8908,Thomas Raymond,iwaller@example.com,2024-11-18,False,low,treatment,0
8909,Norman Hall,clarkmichael@example.net,2025-11-15,False,medium,control,0
8910,Linda Camacho,hansenwilliam@example.com,2024-11-29,False,low,treatment,0
8911,Jennifer English,christinashannon@example.com,2025-11-26,False,low,treatment,0
8912,Nancy Khan,lisa20@example.org,2024-10-24,False,low,treatment,0
8913,Carla Brown,wilsonlori@example.com,2025-10-08,True,medium,control,0
8914,Stephen Abbott,johnlewis@example.com,2025-02-09,True,low,control,0
8915,Victoria Andrews,lauradominguez@example.net,2026-03-31,False,medium,control,0
8916,Lisa Freeman,williamsjoshua@example.com,2025-07-04,True,low,treatment,0
8917,Kristi Cook,sawyerjohn@example.org,2026-08-03,True,low,control,0
8918,Andrea Hill,stevensonanthony@example.net,2026-02-09,False,low,control,0
8919,Mary Anderson,riceangela@example.com,2025-12-09,True,low,control,0
8920,Ryan Gordon,rodriguezdeborah@example.org,2024-11-07,False,medium,control,0
8921,Rhonda Jackson,qthomas@example.com,2024-11-02,False,low,control,0
8922,Alex Barnett,udeleon@example.com,2026-09-01,False,low,control,0
8923,Rodney Smith,sherry56@example.net,2026-05-14,False,low,treatment,0
8924,Darryl Walker,jeffrey29@example.org,2026-05-26,False,low,treatment,0
8925,David Anderson,kimberlyclark@example.net,2025-12-06,False,medium,treatment,0
8926,Donald Dawson,kendrapatterson@example.net,2025-04-02,False,high,control,0
8927,Steven Farmer,ashleyfisher@example.org,2025-08-07,False,low,control,0
8928,Vanessa Vincent,adamalvarez@example.org,2026-01-23,True,high,control,0
8929,Cynthia Mitchell,smithhaley@example.net,2026-08-16,False,medium,treatment,0
8930,Mary Smith,rachel67@example.com,2025-06-11,False,medium,control,0
8931,Charles Paul,karina29@example.org,2026-09-07,False,low,control,0
8932,James Fitzgerald,gcarter@example.com,2025-11-19,True,low,treatment,0
8933,Benjamin Nicholson,robinsonann@example.com,2026-08-11,False,low,treatment,0
8934,Kevin Taylor,kimberlyharris@example.com,2026-08-22,True,low,control,0
8935,Jeff Johnson,grayashley@example.net,2024-10-25,False,low,control,0
8936,Patricia Nelson,testes@example.com,2025-07-12,True,high,treatment,0
8937,Gary Davis,heatherhaas@example.org,2026-09-07,False,low,control,0
8938,Christina Gibbs,rhondaadams@example.com,2025-05-17,False,medium,treatment,0
8939,Sheri Alvarez,lisagregory@example.org,2026-06-16,True,low,control,0
8940,Michael Faulkner,joseph00@example.org,2024-09-19,False,low,control,0
8941,Jessica Braun DDS,dwells@example.org,2026-08-04,True,medium,control,0
8942,Sandra Mckee,itorres@example.net,2025-01-06,False,medium,treatment,1
8943,Samantha Aguilar,heatherreynolds@example.com,2025-11-17,True,medium,control,0
8944,Robert Young,vincent59@example.com,2026-08-25,False,medium,treatment,1
8945,Isaac Martinez,jennystewart@example.net,2025-07-08,False,medium,control,0
8946,Willie Watkins,edwardsluis@example.org,2026-09-14,False,medium,control,0
8947,Paul Parker,lward@example.com,2026-09-07,False,medium,control,0
8948,John Hudson MD,padilladwayne@example.org,2026-04-30,True,medium,treatment,0
8949,Scott Stone,ramosalexandra@example.net,2026-06-05,True,high,treatment,0
8950,Karen Ramsey,lauraalvarado@example.org,2025-06-16,False,low,treatment,0
8951,Michael Buchanan,shaun22@example.org,2025-01-29,True,low,treatment,0
8952,Jennifer Johnson,swinters@example.org,2025-07-01,False,low,control,0
8953,Michelle Meyer,garymcintyre@example.net,2025-11-10,False,high,treatment,0
8954,Brandy Hernandez,andrea90@example.net,2025-07-19,False,low,treatment,0
8955,Debra Rivera,gthomas@example.com,2025-09-02,False,low,control,0
8956,Michael Baldwin,angela77@example.org,2025-04-01,True,low,treatment,0
8957,Daniel Chapman,deandavid@example.net,2025-08-06,False,high,control,0
8958,Daniel Moore,alex31@example.com,2025-11-22,True,low,control,0
8959,Nancy Yates,jorgemedina@example.org,2026-08-19,False,medium,control,0
8960,Sheena Griffin,wwhitaker@example.com,2026-08-30,True,high,control,0
8961,Antonio Davis,vdougherty@example.net,2025-10-31,True,high,control,0
8962,Eric Diaz,prussell@example.net,2025-07-12,False,medium,control,0
8963,Lisa Dunn,samantha30@example.org,2024-12-30,False,medium,control,0
8964,Jacob Rivera,james72@example.org,2026-04-02,True,low,control,0
8965,Dr. Erika Gutierrez,fieldsjeanette@example.com,2026-05-31,False,high,control,0
8966,Christopher Thomas,ashley39@example.com,2025-08-22,False,medium,treatment,0
8967,Robert Garrison,williamsjasmin@example.org,2026-08-02,False,low,control,0
8968,Angela Hall,walkerfrancis@example.net,2025-01-11,False,medium,treatment,1
8969,Eric Gonzalez,qle@example.com,2025-02-15,False,low,treatment,0
8970,Ryan Ross,peterbush@example.org,2026-06-03,False,high,treatment,0
8971,James Sanford,johnsilva@example.com,2026-07-21,False,low,treatment,0
8972,Tyler Barr,sthomas@example.net,2026-05-07,False,medium,control,0
8973,Jeffrey Doyle,harperbrianna@example.net,2024-10-26,False,low,control,0
8974,Connor Cline,baileycody@example.net,2024-10-09,False,medium,treatment,0
8975,Mark Brown,gutierrezmargaret@example.com,2025-02-10,False,low,treatment,0
8976,Laura Guerrero,jessica15@example.net,2026-08-04,False,medium,control,0
8977,Brittney Espinoza,angelavaldez@example.org,2025-04-03,True,low,control,0
8978,Margaret Rivera,florestammy@example.net,2026-03-03,False,medium,treatment,0
8979,Alexis Acosta,hbaker@example.com,2024-12-15,False,high,control,0
8980,Jillian Bryant,rebeccalowe@example.com,2025-07-08,True,high,treatment,0
8981,Jennifer Adams,stacygillespie@example.com,2025-02-11,True,low,control,0
8982,Marie Ray,garciajennifer@example.com,2025-11-07,False,low,treatment,1
8983,Sandra Johnson,sean42@example.net,2025-04-15,False,medium,treatment,0
8984,Charles Hart,merrittpatricia@example.org,2025-05-21,False,low,treatment,0
8985,Christopher Foster,washingtonamanda@example.com,2025-01-09,False,low,treatment,0
8986,Cody Allen,hawkinsronnie@example.org,2026-09-08,True,medium,treatment,0
8987,Crystal Jenkins,wilsonhenry@example.org,2025-04-21,True,medium,treatment,0
8988,Nicole Clark,clayrobert@example.net,2026-01-21,False,low,treatment,0
8989,Curtis Porter MD,aprilevans@example.com,2025-08-23,False,low,treatment,1
8990,Roger Hernandez,usolis@example.com,2025-09-12,False,medium,control,0
8991,Chelsea Hale,john12@example.org,2025-06-27,False,low,treatment,0
8992,Frederick Barrett,lisa18@example.com,2026-05-02,False,low,control,0
8993,Tyler Reed,oliverlori@example.org,2024-11-03,False,low,treatment,0
8994,Charles Brooks,glennwhite@example.org,2026-02-15,False,high,control,0
8995,Stacey Franco,cynthia74@example.net,2025-02-09,False,low,control,0
8996,Stephen Russell,melaniethomas@example.net,2026-03-22,True,high,control,0
8997,Desiree Mcmillan,taylordaniel@example.org,2025-02-18,True,medium,control,0
8998,Jay Smith,brendawhite@example.org,2025-11-02,False,medium,treatment,0
8999,Dr. Rebecca Mason,pricesheila@example.net,2025-09-26,False,medium,control,0
9000,Natalie Taylor,ppowell@example.org,2025-09-29,False,medium,treatment,0
9001,Jordan Sanchez,austinpeter@example.org,2026-04-14,False,low,treatment,0
9002,James Copeland,jimenezjesse@example.net,2024-12-05,False,medium,control,0
9003,Gail Howell,pstevens@example.org,2025-05-31,False,low,control,0
9004,Deanna Williams,wendy33@example.org,2026-01-01,False,high,control,1
9005,Nancy Galloway,melissamurphy@example.org,2025-07-01,False,low,treatment,0
9006,Patricia Shields,jefferyholmes@example.org,2025-01-12,False,high,control,0
9007,Kathryn Davis,thomasstephens@example.com,2025-06-20,False,medium,control,1
9008,Kristen Fritz,ycochran@example.net,2026-02-03,True,high,treatment,0
9009,Kyle Sanders,jennifer12@example.com,2026-03-31,False,high,treatment,0
9010,Brandon Rose,robertfoster@example.org,2026-04-24,False,low,control,1
9011,Misty Smith,matthew56@example.net,2025-05-21,False,low,treatment,0
9012,Mario Hood,sandrahale@example.net,2025-07-19,False,high,control,0
9013,Emily Franklin,walkerdenise@example.org,2025-01-08,False,high,treatment,1
9014,Jose Adams,milleralbert@example.org,2026-01-20,False,medium,treatment,0
9015,Hailey Beck,jessica81@example.com,2025-04-27,False,medium,treatment,0
9016,Michael Cherry,johnsonjessica@example.net,2025-03-01,False,medium,control,0
9017,Brian Henry,raymondcarter@example.com,2025-06-05,False,low,treatment,0
9018,Ryan Moore,ibutler@example.net,2026-02-24,False,high,treatment,0
9019,Joseph King,danderson@example.com,2024-10-18,False,medium,treatment,0
9020,Janet Johnson,ronnieturner@example.net,2025-08-01,False,medium,control,0
9021,Johnny Figueroa,brandonriley@example.com,2025-07-07,False,high,control,0
9022,Glenn Whitaker,tdean@example.net,2025-03-05,False,low,control,1
9023,Linda York,fwallace@example.org,2025-07-06,False,medium,control,0
9024,Christina White,teresahansen@example.org,2026-06-09,False,low,treatment,1
9025,Angela Alvarez,nicoleharmon@example.net,2026-05-11,True,high,treatment,0
9026,Raymond Odom,ewalters@example.com,2026-08-23,True,medium,control,0
9027,Richard Norman,bthomas@example.com,2024-11-08,False,medium,treatment,0
9028,Joseph Barr,qwade@example.net,2025-05-20,True,medium,treatment,0
9029,Amber Richards,john34@example.org,2024-12-01,False,low,treatment,0
9030,Sheryl Evans,psteele@example.net,2025-05-12,False,low,treatment,0
9031,James Norris,sanderskatherine@example.com,2025-08-19,True,high,treatment,1
9032,Gilbert Erickson,thomassmith@example.net,2025-07-13,False,high,treatment,0
9033,John Williams,cromero@example.net,2024-11-02,False,medium,control,0
9034,Crystal Blair,angelazimmerman@example.com,2025-09-09,True,medium,control,0
9035,Kelly Hamilton,cindybailey@example.net,2026-06-03,False,high,control,0
9036,Amy Edwards,smiller@example.com,2026-04-25,False,high,treatment,0
9037,Anne Fox,rcampbell@example.net,2025-11-04,False,high,treatment,0
9038,Michael Randolph,sandovalryan@example.org,2025-10-28,True,medium,control,0
9039,Travis Cox,michellecortez@example.org,2024-09-18,False,low,treatment,1
9040,Ryan Johnson,bburton@example.org,2026-07-09,True,medium,control,0
9041,Olivia Diaz,johnsonlisa@example.com,2025-12-26,False,low,control,0
9042,Ian Castillo,joyzhang@example.net,2024-12-14,False,high,treatment,1
9043,Anthony Yu,kristinefox@example.org,2026-03-22,False,low,control,1
9044,Kimberly Henry,kelli74@example.org,2026-06-21,False,low,control,0
9045,Jason Johnson,tarahenderson@example.net,2025-08-04,False,low,control,0
9046,Paul Cruz,david06@example.org,2026-06-10,False,medium,control,0
9047,Joseph Shaw,francokaren@example.org,2025-05-29,True,low,control,0
9048,Paul Bailey,edward05@example.org,2026-05-02,False,medium,control,0
9049,Joseph Hall,stephaniegarcia@example.com,2026-04-07,True,high,treatment,0
9050,Shawn Brown,jennifer67@example.org,2025-02-02,True,low,control,0
9051,Matthew Roberts,daniel50@example.com,2024-11-07,True,medium,control,0
9052,Christine Stanton,carl63@example.com,2025-04-17,True,low,control,0
9053,Jacob Ramirez,olivia76@example.org,2024-09-18,False,medium,control,0
9054,Samantha Mann,kimberly67@example.org,2025-08-16,True,low,treatment,0
9055,Cathy Mann,hmyers@example.com,2026-05-14,False,low,control,0
9056,Ricky Turner,castillolauren@example.org,2025-06-07,False,low,control,0
9057,Gregory Lamb,andrew82@example.net,2025-11-18,True,medium,control,0
9058,Lisa Smith MD,nicholasbooth@example.net,2026-01-27,True,low,control,0
9059,Thomas Garcia,westjesse@example.com,2025-11-01,False,high,control,0
9060,Elizabeth Atkins,hendersonaaron@example.net,2025-08-30,False,medium,control,0
9061,Ana Patel,mthompson@example.com,2024-10-21,False,high,control,0
9062,Anthony Watson,elizabethjackson@example.com,2026-07-11,False,medium,control,0
9063,Leah Burton,christinawolf@example.com,2025-04-17,False,low,treatment,0
9064,John Watkins,albertgates@example.org,2024-12-02,False,high,treatment,0
9065,Jordan Hebert,johndavis@example.net,2026-06-25,False,medium,control,0
9066,Kevin Dunn,osnow@example.net,2026-04-06,False,low,treatment,0
9067,John Thompson,robert19@example.com,2025-02-04,False,medium,control,0
9068,John Murphy,brendagrant@example.org,2025-03-16,False,medium,control,0
9069,Wayne Estes,kelly46@example.net,2024-10-17,False,high,treatment,0
9070,Christina Myers,tracy68@example.net,2025-10-07,True,high,treatment,1
9071,Ronald Ellis,nixonjillian@example.net,2025-06-30,False,low,control,0
9072,James Mcintosh,thomasmitchell@example.net,2025-04-26,False,low,control,0
9073,Phillip Ruiz,larsenmelissa@example.org,2026-02-18,True,low,treatment,0
9074,Eric Rivera,leecraig@example.org,2026-02-17,False,low,treatment,0
9075,Sandra Soto,kristincarr@example.org,2026-02-24,False,medium,treatment,0
9076,Amanda Griffin,pamela85@example.net,2026-04-26,False,high,control,0
9077,Angelica Jensen,davidheath@example.com,2026-09-15,False,low,control,0
9078,Dr. Rebecca Pineda MD,joseburch@example.net,2025-07-28,False,low,treatment,0
9079,Javier Miller,pwilson@example.net,2024-10-25,False,low,treatment,0
9080,Alison Smith,tina90@example.net,2025-09-16,False,medium,control,0
9081,Andrea Kirk,andrew76@example.com,2024-10-01,False,medium,treatment,0
9082,Matthew Smith,randalllee@example.com,2026-01-21,False,medium,treatment,0
9083,Jaime Taylor,bradley74@example.com,2025-08-01,False,low,treatment,0
9084,Joshua Andrews,sherridaniels@example.org,2026-03-14,False,medium,treatment,0
9085,David Jones,annette07@example.org,2025-11-22,True,low,control,0
9086,John Wilson,sjones@example.net,2024-10-05,False,high,control,0
9087,Christopher Olsen,melanie67@example.org,2026-07-10,True,low,control,0
9088,Brian Williams,acruz@example.org,2025-08-04,False,high,treatment,1
9089,Casey Perry,joshua98@example.net,2025-06-11,True,low,control,0
9090,Angela Perez,kennethmartinez@example.org,2025-03-13,False,low,control,0
9091,Gerald Mack,danielalvarez@example.net,2024-12-20,False,low,treatment,0
9092,Ivan Aguilar,millerjill@example.com,2026-04-07,True,low,control,0
9093,Nicole Mays,cbass@example.net,2026-09-02,True,low,treatment,0
9094,Gloria Carey,ilawson@example.org,2025-06-29,True,medium,control,0
9095,Steven Caldwell,josejones@example.net,2026-05-28,True,high,control,0
9096,Johnathan Robinson,beckerjulia@example.org,2025-05-14,False,medium,treatment,1
9097,Rebecca Ramirez,claytonquinn@example.org,2024-11-25,True,low,control,0
9098,Tracy White,brendagreen@example.com,2026-06-22,False,medium,treatment,0
9099,Matthew Flores,robin32@example.org,2025-01-07,False,medium,control,0
9100,Heather Shepherd,james44@example.net,2025-02-21,False,low,control,0
9101,Carrie Hays,montoyamark@example.org,2026-05-22,False,medium,treatment,1
9102,Melissa Harper,jessica08@example.net,2026-03-11,False,medium,treatment,0
9103,Zachary Martin,richardsanchez@example.org,2026-03-10,True,low,treatment,0
9104,Daniel Brooks,lisa34@example.net,2025-02-19,False,medium,treatment,1
9105,Stephen Vargas,cooperpatricia@example.org,2026-06-29,False,medium,control,0
9106,Brendan Hill,robert78@example.org,2024-12-14,True,low,treatment,0
9107,Mr. Gabriel Perez,smithjacob@example.org,2025-11-23,True,medium,control,0
9108,Anne Koch,nicholashernandez@example.org,2026-03-29,False,low,treatment,0
9109,Joshua Rodriguez,cwatkins@example.com,2026-08-06,False,low,control,0
9110,Christina Moreno,benjamin90@example.net,2025-12-24,True,medium,treatment,0
9111,James Moore,normanmary@example.net,2026-02-07,False,medium,control,0
9112,Alicia Thompson,ashleypetersen@example.org,2026-03-21,False,high,control,1
9113,Renee Mendez,daniel58@example.org,2024-12-27,True,low,treatment,0
9114,Sharon Mullins,charles08@example.net,2026-06-29,False,medium,control,0
9115,Larry Cunningham,hugheslaurie@example.net,2026-04-15,False,low,treatment,0
9116,Gloria Wall,michelle08@example.net,2024-11-27,True,medium,control,0
9117,Betty Day,ismith@example.net,2025-01-09,False,low,treatment,0
9118,Patrick Baker,housejohn@example.net,2026-03-02,True,medium,control,0
9119,Edward Cantu,donna89@example.com,2025-07-05,True,low,treatment,0
9120,Bryan Johnson,sfoster@example.org,2026-02-05,True,low,control,0
9121,Justin Johnson,baileysara@example.com,2024-10-25,False,low,control,0
9122,Danielle Roy,daniel67@example.net,2026-09-07,True,low,control,1
9123,Alexander Torres,wmarshall@example.net,2025-11-14,True,medium,treatment,0
9124,Wendy Velazquez,isanchez@example.net,2025-04-24,True,medium,treatment,0
9125,Veronica Flores,christopher12@example.com,2025-03-25,True,low,control,0
9126,Marie Garcia,robertcasey@example.net,2025-06-13,True,low,control,0
9127,Allison Patterson,ssmith@example.net,2025-11-03,False,low,treatment,0
9128,Cheryl Humphrey,johnstonkatrina@example.com,2025-06-17,False,low,treatment,0
9129,William Schmidt,robert02@example.net,2025-08-07,True,low,treatment,0
9130,Robert Howell,fmcguire@example.org,2025-09-22,False,low,treatment,0
9131,Dr. Audrey Anderson MD,cbaldwin@example.org,2026-08-13,False,low,control,0
9132,Crystal Barnes,williamselizabeth@example.org,2024-11-03,True,high,treatment,1
9133,Eugene Hawkins,logannelson@example.org,2025-01-29,False,medium,control,0
9134,Margaret Kelly,gibsonkelly@example.net,2026-08-29,False,medium,treatment,0
9135,Hayden Russell,thomasromero@example.org,2024-11-21,True,medium,treatment,0
9136,Lydia Osborn,cohensamuel@example.com,2025-03-13,True,low,control,0
9137,Jacqueline Kirby,lfischer@example.com,2025-03-30,False,medium,treatment,0
9138,Nicole Smith,frederick28@example.com,2024-11-19,False,medium,control,0
9139,Beth Thomas,bennetttimothy@example.net,2025-01-11,True,low,control,0
9140,Susan Cannon,lthomas@example.com,2024-12-02,True,medium,treatment,0
9141,Morgan Mclean DDS,chunter@example.com,2025-01-18,False,low,treatment,0
9142,Kayla Carlson,linda86@example.com,2026-02-04,True,low,control,0
9143,Barbara Obrien,sarah57@example.org,2025-08-30,False,medium,treatment,0
9144,Keith Ford,lindsayhaney@example.org,2025-06-06,True,high,treatment,0
9145,Phillip Cook,rebecca46@example.com,2025-12-04,False,low,control,1
9146,Ana Gonzalez,wheelerbrooke@example.com,2025-03-03,False,low,treatment,0
9147,Kenneth Wilkinson,brennanwendy@example.net,2025-03-17,False,low,treatment,0
9148,Jorge House,jose33@example.net,2025-09-19,False,medium,control,0
9149,Jonathan Munoz,xmitchell@example.org,2025-09-27,True,high,control,0
9150,Lori Mcgee,egray@example.org,2026-05-18,True,medium,treatment,0
9151,Mary Delacruz,kevincabrera@example.org,2025-12-09,False,low,control,0
9152,Kelly Rodriguez,diamondnorman@example.net,2025-03-04,True,high,control,0
9153,Debbie Ortega,lori00@example.com,2025-04-28,False,medium,control,0
9154,Ryan Chen,stevensonroy@example.org,2024-09-22,False,medium,treatment,0
9155,Dr. Michael Stone II,rhall@example.net,2025-07-06,False,low,treatment,0
9156,Jeffrey Gardner,zguzman@example.org,2025-04-18,False,high,treatment,0
9157,Mark Spencer,amybaker@example.org,2026-09-03,False,low,control,0
9158,Jeremy Ruiz,michellelee@example.org,2026-03-30,False,medium,control,0
9159,Austin Hunter,bwelch@example.net,2024-10-18,True,high,treatment,0
9160,Christopher Dawson,wellsscott@example.com,2025-04-04,False,low,treatment,0
9161,Jennifer Smith,natalie42@example.org,2025-05-26,True,medium,treatment,0
9162,Kim Macias,browndesiree@example.com,2026-08-04,False,low,treatment,0
9163,Cathy Mckay,gilbertalan@example.com,2026-05-18,True,low,control,0
9164,Sonya Brady,aguilarlaura@example.org,2025-03-15,False,low,treatment,0
9165,Nancy Bruce,janebailey@example.com,2025-05-22,True,medium,treatment,0
9166,Deborah Johnson,svargas@example.org,2025-12-31,False,medium,treatment,0
9167,Brenda Smith,benjamincolleen@example.com,2026-04-12,False,low,treatment,0
9168,Robert Valenzuela,matthewrobinson@example.com,2025-07-21,False,high,treatment,0
9169,Matthew Harrington,haleyharrison@example.org,2026-04-13,False,low,treatment,1
9170,Robert Torres,fowlerrobyn@example.com,2025-01-06,False,medium,control,0
9171,Gabriel Elliott,erin84@example.com,2026-01-02,False,low,control,0
9172,Paul Armstrong,robertchandler@example.com,2026-01-24,False,medium,treatment,0
9173,William Powers,xnichols@example.org,2026-06-21,False,high,control,0
9174,Bruce Diaz,hullcynthia@example.com,2026-06-18,False,medium,control,0
9175,Douglas Smith,washingtonjake@example.org,2025-08-17,False,low,control,0
9176,Ann Walsh,olyons@example.org,2026-03-27,True,high,treatment,0
9177,Christine Morgan,ajohnson@example.org,2024-11-27,False,high,control,0
9178,Leonard Garner,lynn42@example.com,2026-02-05,True,medium,treatment,0
9179,Chad Ward,tsmith@example.org,2024-10-08,True,medium,treatment,1
9180,Heather Poole,denise44@example.org,2025-10-23,True,low,control,0
9181,Kevin Stewart,diamondstone@example.org,2026-01-01,True,medium,control,0
9182,Shannon Riley,alopez@example.net,2025-03-08,False,low,treatment,0
9183,Karen Mendoza,daniel88@example.org,2025-02-05,False,low,treatment,0
9184,Leslie Sanchez,fritzgregory@example.com,2025-02-28,False,low,treatment,0
9185,Jennifer Vargas,kenneth99@example.net,2025-09-06,False,medium,treatment,0
9186,Scott Roberts,amandaatkins@example.org,2025-03-12,False,medium,control,0
9187,Amanda Martinez,hamptontiffany@example.net,2025-05-09,False,high,treatment,0
9188,Virginia Torres,vanessathomas@example.com,2025-10-08,True,high,control,0
9189,Jessica Carpenter,cbennett@example.com,2025-11-11,False,medium,control,0
9190,Amber Kelly,danielkim@example.org,2025-11-15,False,medium,treatment,0
9191,Christina Sims,nnewton@example.com,2025-06-05,True,low,treatment,1
9192,Mr. Richard Valdez,aliciacurry@example.net,2025-04-15,False,medium,control,0
9193,Laurie Jones,megan75@example.net,2026-02-24,False,medium,control,0
9194,Joseph Ortiz,richardsonheather@example.com,2025-05-03,False,low,control,0
9195,Christopher Ford,bonillajoy@example.net,2024-11-18,False,medium,control,0
9196,Martha Johnson,aaronwilliams@example.com,2026-01-12,True,high,control,0
9197,Karen Maddox,hreid@example.com,2025-02-26,True,low,control,0
9198,Eric Pittman,shumphrey@example.net,2026-09-10,True,medium,control,0
9199,Jessica Todd,robbinsbobby@example.org,2025-12-05,False,low,control,0
9200,Mathew Wood,jessica28@example.org,2025-04-21,False,low,control,0
9201,Brian Sawyer,maryharrison@example.org,2025-10-28,False,medium,control,1
9202,Jose Simpson,danielcraig@example.net,2025-10-17,False,medium,treatment,0
9203,Jeffrey James,kimberly87@example.net,2025-04-15,True,low,treatment,0
9204,Jesse Gonzalez,davidrussell@example.org,2025-04-08,False,medium,treatment,0
9205,Amanda Levine,vmitchell@example.net,2026-01-26,False,medium,treatment,0
9206,Daniel Pope,wayneburns@example.com,2026-08-16,False,high,control,0
9207,William Roberts,sanfordmark@example.org,2025-04-14,False,high,treatment,0
9208,Sandra Gomez,jenniferlynn@example.com,2025-05-29,False,high,control,0
9209,Roy Cochran,alexander26@example.net,2025-01-21,True,medium,treatment,0
9210,Melissa Phelps,ronaldruiz@example.org,2025-06-11,False,high,treatment,0
9211,Joseph Stephens,nicolethompson@example.net,2025-09-22,False,low,treatment,0
9212,Charles Roy,fchristensen@example.org,2025-12-01,False,medium,treatment,0
9213,Carolyn Moore,brendawagner@example.com,2026-05-17,True,low,treatment,0
9214,Wayne Newman,cody22@example.com,2025-07-21,False,low,control,0
9215,April Heath,ahess@example.com,2024-09-22,False,low,treatment,0
9216,Michael Roberts,kathleendurham@example.org,2025-09-12,False,medium,control,0
9217,Todd Wood,jenniferodonnell@example.org,2025-01-22,True,medium,control,0
9218,Kathryn Wilson,amoss@example.com,2025-04-01,False,low,control,0
9219,Benjamin Garcia,nicholastaylor@example.com,2025-04-02,False,medium,control,0
9220,Linda Solomon,fmorales@example.com,2025-06-26,False,medium,treatment,1
9221,Alexander Hayes,carrolljesse@example.org,2025-05-20,False,low,control,0
9222,Madeline Wade,judy11@example.com,2025-04-28,False,low,control,0
9223,Deborah Vazquez,michelle04@example.com,2026-07-19,False,low,treatment,0
9224,Cindy Bridges,kevin22@example.net,2025-11-01,False,low,treatment,0
9225,Michele Fisher,ashleyholland@example.net,2026-03-16,True,low,control,0
9226,Patricia Johnson,stephen68@example.com,2026-01-19,True,medium,control,0
9227,Daniel Cooper,garciaandrea@example.com,2025-07-02,False,low,control,0
9228,Anthony Khan,mhuff@example.org,2025-01-14,False,low,treatment,0
9229,Theresa Coleman,john81@example.net,2026-05-18,True,medium,treatment,0
9230,Krista Weiss,gharvey@example.net,2025-08-06,False,low,treatment,0
9231,Joseph Hawkins,cynthiahawkins@example.com,2025-05-27,True,medium,treatment,0
9232,Ashley Waters,patriciapowell@example.com,2025-03-08,False,low,treatment,0
9233,Kimberly Smith,ricegerald@example.com,2026-04-03,False,medium,control,0
9234,Johnathan Ramirez,williamskaren@example.org,2025-06-11,False,low,treatment,0
9235,Sarah Young,mccannlaura@example.org,2026-03-07,False,low,treatment,1
9236,Debra Wood,ppark@example.org,2026-06-08,False,medium,treatment,1
9237,Sherry Walker,gilmorejohn@example.org,2026-04-22,False,low,control,0
9238,James Hooper III,ryan59@example.org,2024-10-06,False,medium,control,0
9239,Christopher Andrews,gdouglas@example.com,2026-01-15,False,low,treatment,1
9240,Denise Nunez,noblenatalie@example.org,2025-09-20,False,medium,control,0
9241,Fred Solomon,charlessmith@example.com,2026-02-21,False,high,control,0
9242,Wanda Perez,elizabeth99@example.com,2024-12-15,False,medium,treatment,0
9243,Jeremy Roy,sreyes@example.org,2026-07-01,False,low,treatment,0
9244,James Thompson,james45@example.com,2025-08-15,True,low,control,0
9245,Brenda Orr,shawcandice@example.org,2025-09-13,False,low,treatment,0
9246,Gregory Cabrera,myersamanda@example.net,2025-02-10,False,low,control,0
9247,Ethan Rodriguez MD,molinabrandon@example.org,2025-09-15,False,medium,control,0
9248,Cynthia Russo,sgomez@example.com,2025-07-04,False,high,control,0
9249,Rachel Ward,lisathompson@example.net,2026-07-03,False,low,control,0
9250,Emily Gonzalez,kevin78@example.net,2024-10-27,True,low,control,0
9251,Jeffrey Sandoval,yphillips@example.net,2026-02-21,False,low,control,0
9252,Jose Boyd,wball@example.com,2025-08-10,False,low,control,0
9253,Todd Sutton,kbernard@example.net,2024-11-15,False,medium,treatment,0
9254,Harold Gates,haroldgonzalez@example.org,2025-03-28,False,medium,control,0
9255,Maria Daniel,farmermadeline@example.com,2025-03-29,True,low,treatment,0
9256,Erin Elliott,kristen65@example.com,2025-05-16,False,low,treatment,0
9257,Brittany Olson,stephenlopez@example.com,2024-12-09,False,high,control,0
9258,Laurie Lynch,gary18@example.com,2026-07-31,False,low,control,0
9259,Kevin Brown,fsmith@example.org,2026-06-05,False,low,treatment,0
9260,Victoria Krause,anthony28@example.org,2026-08-07,True,low,treatment,0
9261,Timothy Johnson,taylorhall@example.com,2025-01-06,True,low,control,0
9262,Sara Mathis,jjohnson@example.net,2026-08-13,False,high,treatment,0
9263,Brooke Weaver,tracy15@example.com,2025-09-11,False,high,control,0
9264,Tiffany Murphy,cperez@example.net,2026-04-03,True,low,control,0
9265,Amanda Long,john68@example.org,2025-01-11,False,medium,control,0
9266,Mary Donaldson,laguilar@example.com,2025-08-05,True,low,treatment,1
9267,Travis Clark,schwartzanthony@example.com,2025-06-20,False,low,control,0
9268,Frank Wheeler,hsingleton@example.org,2026-01-09,False,medium,control,0
9269,Emily Schneider,rosevega@example.org,2026-09-16,True,high,treatment,0
9270,Mary Lambert,reesedavid@example.org,2025-05-13,True,medium,treatment,0
9271,Robert Glass DVM,fergusonjason@example.com,2026-07-19,False,high,treatment,0
9272,Jamie Lopez,elawrence@example.org,2026-09-01,False,medium,control,0
9273,Shannon Watkins,brianphillips@example.org,2025-07-11,False,medium,treatment,0
9274,David Hinton,timothy01@example.com,2025-10-19,False,low,treatment,0
9275,Wanda Russell,carrollmichael@example.net,2025-07-30,False,low,treatment,0
9276,Michael Martin,alam@example.net,2025-10-06,False,high,treatment,0
9277,Brenda Lowe,annaoconnor@example.net,2026-03-25,False,low,treatment,0
9278,Christopher Smith,harrissharon@example.org,2026-05-21,False,high,treatment,0
9279,Christine Willis,douglasmichael@example.com,2025-09-06,True,medium,control,0
9280,Gina Vega,davidgrimes@example.net,2025-04-05,False,high,control,0
9281,Melissa Walker,watkinsjose@example.net,2024-10-07,False,medium,control,0
9282,Tyler Bray,joshuamelton@example.org,2025-12-29,True,low,control,0
9283,Jason Thomas,rshelton@example.org,2026-04-28,True,high,control,0
9284,Ashley Fletcher,jessicaharmon@example.org,2025-08-24,False,medium,control,0
9285,Carrie Black,amanda09@example.org,2026-01-09,False,medium,control,0
9286,Terry Ford,eileen98@example.com,2024-12-22,True,low,treatment,0
9287,Jason Bautista,rsanchez@example.org,2025-12-19,True,medium,control,0
9288,Amy Watson,michaelmeyer@example.org,2026-09-05,True,medium,control,0
9289,Amy Taylor,jonesphillip@example.com,2025-06-13,False,low,treatment,0
9290,Benjamin Baker,wrasmussen@example.org,2025-03-13,True,low,treatment,0
9291,William Jordan,ncampbell@example.net,2026-01-10,False,medium,control,0
9292,Mackenzie Stout,robinsonmichael@example.com,2025-06-23,True,medium,treatment,0
9293,Amber Barajas,floresdennis@example.com,2025-05-30,False,low,treatment,0
9294,Jenna Wright,xpetersen@example.net,2025-09-18,False,medium,control,0
9295,Maurice Barajas,imccullough@example.org,2025-11-20,False,low,treatment,1
9296,Lisa Travis,heather63@example.net,2026-08-26,True,low,control,0
9297,David Perkins,pjones@example.com,2025-02-25,False,medium,treatment,0
9298,Bruce Walker,qespinoza@example.net,2025-08-24,False,high,treatment,0
9299,Jennifer Austin DVM,zunigadanielle@example.net,2025-08-23,True,low,treatment,0
9300,Jennifer Cruz,josephmiller@example.com,2026-06-02,False,low,control,0
9301,John Rhodes,david74@example.org,2024-10-12,False,medium,treatment,0
9302,Jessica Roth,gregory71@example.com,2026-07-29,True,medium,treatment,0
9303,Jeffrey Cooper,jcain@example.com,2026-05-13,False,medium,control,0
9304,Ashley Wilcox,ihill@example.net,2026-06-28,False,low,control,0
9305,Angela Murray,andradewilliam@example.com,2026-02-03,False,medium,treatment,0
9306,Amy Moore,frostangela@example.org,2025-10-29,False,low,control,0
9307,Jennifer Jackson,rhonda34@example.com,2024-11-06,False,low,treatment,0
9308,Patricia Haley,gregjones@example.net,2024-12-24,False,medium,treatment,0
9309,Mark Berry,eduardorose@example.net,2026-07-31,False,high,treatment,0
9310,Patrick Harper,amcintosh@example.org,2025-03-12,False,low,treatment,0
9311,Suzanne Walker,wintersalexander@example.org,2025-01-19,False,medium,control,0
9312,Carla Thomas,williamsmary@example.org,2025-04-02,False,low,control,0
9313,Mr. Joseph Williams,ladams@example.net,2025-09-26,False,medium,control,0
9314,Danielle Vazquez,fieldstammy@example.net,2024-09-28,True,low,treatment,0
9315,Julie Willis,wilcoxlori@example.com,2024-10-21,False,medium,treatment,1
9316,Charlotte Hood,kimmiranda@example.net,2026-06-16,False,low,control,0
9317,Joyce Martin,vmartin@example.com,2025-02-20,False,medium,treatment,0
9318,Melissa Burns,jeremiah40@example.org,2026-03-16,True,medium,treatment,1
9319,Derek Austin,robert32@example.net,2024-09-23,False,low,control,0
9320,Evelyn Dean,davidtravis@example.net,2025-03-10,False,medium,control,0
9321,Stacy Thompson,yfranklin@example.net,2026-08-04,False,medium,control,0
9322,Sara Torres,qyoung@example.net,2026-03-13,False,low,control,0
9323,Daniel Khan,ryanzuniga@example.org,2025-07-18,False,low,control,0
9324,Catherine Johnson,harpersteven@example.net,2026-03-17,True,medium,control,0
9325,Makayla Gilbert,duane04@example.com,2026-04-08,True,medium,control,0
9326,Matthew Brown,robertvasquez@example.net,2026-01-03,False,low,treatment,0
9327,Theresa Newman,pramsey@example.org,2025-12-23,False,medium,treatment,0
9328,Karen Reyes,kelly00@example.org,2026-05-06,False,medium,treatment,1
9329,Christopher Fletcher,jcarrillo@example.net,2026-04-21,False,medium,treatment,0
9330,Ashley Woods,anthonytracy@example.net,2025-01-11,False,high,treatment,0
9331,Alex Frazier,aprilwhite@example.org,2024-10-26,True,high,control,0
9332,Claudia Smith,rodriguezangie@example.org,2025-11-05,False,medium,control,0
9333,Justin Jackson,gonzalezsusan@example.net,2025-09-03,True,medium,control,0
9334,Brian Roberts,kgordon@example.com,2025-06-12,False,high,control,0
9335,Rebecca Salas,sthompson@example.org,2025-11-25,False,high,control,0
9336,Stephanie Richardson,williamwilliams@example.com,2026-08-13,False,high,treatment,0
9337,Matthew Moore,samanthagarner@example.org,2025-06-06,False,high,control,0
9338,Theresa Erickson,terrancehorton@example.net,2026-07-17,True,medium,treatment,0
9339,David Bishop,hunteranthony@example.com,2026-07-24,False,high,control,0
9340,Anthony Washington,william22@example.org,2026-05-22,False,medium,control,1
9341,Brian Carter,bestsylvia@example.com,2025-12-29,True,medium,treatment,0
9342,Monica Mclaughlin,qbanks@example.net,2025-03-14,False,low,treatment,0
9343,Brian Haley,sarajohnson@example.net,2026-05-03,True,low,control,0
9344,Ryan Harris,vincent15@example.org,2026-08-17,False,low,treatment,0
9345,Vanessa Martinez,sharonwright@example.org,2026-01-30,False,low,treatment,1
9346,Ashley Miller,scott39@example.net,2026-06-20,False,medium,treatment,0
9347,Danny Carpenter,higginsdonna@example.com,2026-05-12,False,medium,control,0
9348,Mike Hughes,deborah18@example.org,2025-07-23,False,low,control,0
9349,Chelsea Wilson,melissathomas@example.org,2025-12-23,False,low,treatment,0
9350,Laura Ford,jacquelineberry@example.net,2025-03-03,True,medium,treatment,1
9351,Sherri Adams,rogersluis@example.net,2025-06-26,False,medium,treatment,0
9352,Angie White,smithkathryn@example.com,2026-04-07,False,medium,control,0
9353,Natasha Barr,aspencer@example.org,2026-05-23,True,low,treatment,0
9354,Paula Evans,cbarnes@example.net,2025-09-08,False,medium,treatment,1
9355,Jordan Silva MD,kcohen@example.net,2025-07-16,False,low,control,0
9356,Colleen Gonzalez,lori25@example.net,2025-09-26,False,medium,control,0
9357,Matthew Holt,garrett58@example.org,2026-06-17,False,medium,treatment,0
9358,Rachel Walker,leah13@example.org,2025-02-19,True,medium,control,0
9359,Andrea Cummings,dorothy51@example.com,2025-03-31,False,low,control,0
9360,Theresa Obrien,sarahmccoy@example.org,2024-11-13,True,high,control,0
9361,Jo Watts,dancox@example.org,2025-07-26,False,medium,treatment,0
9362,Cody Mora,amclaughlin@example.org,2025-11-07,False,medium,control,0
9363,Tammy Baker,ghurst@example.org,2025-07-23,True,low,control,0
9364,Robin Washington,rebecca54@example.net,2026-05-24,True,low,treatment,0
9365,Jennifer Newman,bob85@example.com,2024-12-07,True,medium,control,0
9366,Mark Harrington,huffmanjames@example.com,2026-01-31,False,high,treatment,0
9367,John Brown,steven70@example.org,2025-12-19,False,high,control,0
9368,Paul Davis,danielle71@example.org,2024-10-31,False,high,control,0
9369,James Jordan,hamiltonedwin@example.net,2026-03-18,False,low,treatment,0
9370,Kristin Juarez,jennifer56@example.net,2024-10-31,False,low,treatment,0
9371,Sharon Benton,riverakaren@example.com,2025-01-26,False,low,control,0
9372,Mary Franklin,bennettdana@example.com,2025-02-08,False,high,treatment,0
9373,Sonya Myers,kim16@example.org,2025-02-25,True,high,control,0
9374,Dr. Abigail Parker,kimberly20@example.net,2026-03-21,True,low,treatment,0
9375,Aaron Rivas,vhunt@example.net,2026-01-31,True,medium,treatment,0
9376,Rachel Hall,robertsrichard@example.net,2025-09-23,True,medium,control,0
9377,Joshua Pruitt III,barrettsara@example.org,2026-06-16,True,low,treatment,0
9378,Karen Williams,monicagarrett@example.com,2025-10-18,False,low,treatment,1
9379,Beth Cannon,gonzalezalexis@example.net,2026-06-30,True,low,control,0
9380,Alison Hanson,cookderek@example.net,2025-05-02,False,medium,control,1
9381,David Richards,rodriguezdarin@example.com,2025-11-22,True,low,treatment,0
9382,Stephanie Miller,emily23@example.com,2024-09-22,False,low,treatment,0
9383,Jason Young,heidicarlson@example.com,2024-12-01,False,medium,treatment,0
9384,Cody Suarez,maria40@example.net,2025-02-06,False,low,treatment,1
9385,James Dixon,rberry@example.net,2024-10-27,False,medium,control,0
9386,Robert Watson,mmcdaniel@example.org,2026-03-02,False,medium,treatment,1
9387,Lisa Wright,vflores@example.com,2026-04-28,False,medium,treatment,0
9388,Janice Miller MD,jerrydonaldson@example.com,2025-03-08,False,medium,control,0
9389,David Davis,toddbarber@example.org,2025-05-28,True,medium,control,0
9390,Cheryl Mcgrath,laura49@example.org,2026-03-24,False,medium,control,0
9391,Maria Davis MD,dylan61@example.net,2025-07-02,False,low,treatment,1
9392,David Taylor,agarner@example.org,2025-06-12,True,medium,treatment,0
9393,Julie Thomas,mriddle@example.org,2025-06-03,False,medium,treatment,0
9394,Adam Palmer,danielrobinson@example.com,2025-05-01,True,high,control,1
9395,Cindy Herman,sharon82@example.org,2025-12-03,False,low,control,0
9396,Patricia Brewer,mcknighttaylor@example.net,2025-09-29,False,medium,treatment,0
9397,Victoria Orozco,maydylan@example.net,2025-11-04,False,high,treatment,0
9398,Shawn Williams,wjackson@example.com,2025-04-26,True,medium,treatment,0
9399,Christopher Johnson,benjaminfitzgerald@example.com,2026-06-29,False,high,control,0
9400,Charles Jimenez,jefferybeck@example.com,2025-09-21,False,high,treatment,0
9401,Patricia Ingram,gonzalezsamuel@example.org,2026-05-08,False,medium,treatment,0
9402,Justin Simpson,davidthompson@example.com,2026-03-11,False,low,control,0
9403,Kimberly Chavez,phillipsstephen@example.com,2025-11-17,True,medium,treatment,1
9404,Jeffery Kelly,kathleen07@example.net,2025-01-09,False,low,treatment,0
9405,Jeffery Wheeler,claudia53@example.org,2025-03-27,True,medium,control,1
9406,Patricia Miller,devans@example.com,2025-03-16,False,high,treatment,1
9407,Maria Harvey,mendozaaaron@example.org,2025-12-17,True,low,control,0
9408,Amy Suarez,ashleyfreeman@example.com,2026-09-16,False,low,control,0
9409,Penny Smith,elizabethhinton@example.net,2025-07-19,True,low,treatment,0
9410,Cynthia Aguilar,barbara46@example.net,2025-03-13,True,low,control,0
9411,Tyrone Klein,brandybyrd@example.net,2024-10-23,False,low,treatment,0
9412,Kathryn Smith,kyoung@example.org,2025-10-01,False,high,treatment,0
9413,Lori Martinez,austinheather@example.com,2026-07-05,False,medium,control,0
9414,Amanda Vega,gibsonjessica@example.com,2025-04-17,False,medium,control,0
9415,Alicia Walsh,sarah68@example.net,2025-07-26,False,medium,treatment,0
9416,Richard Crawford,normanbrian@example.net,2025-02-02,False,medium,treatment,0
9417,Kim Johnston,lrandolph@example.org,2025-03-18,True,high,control,0
9418,Bruce Freeman,beverly46@example.com,2025-11-22,False,high,treatment,0
9419,Robert Sampson,driley@example.net,2025-11-04,True,low,control,0
9420,Lauren Myers,alicia33@example.net,2025-06-17,False,low,treatment,1
9421,Michael Rojas,crystal05@example.net,2025-04-17,False,high,treatment,0
9422,Eric Khan,jennifer31@example.net,2026-07-21,False,medium,treatment,0
9423,Hannah Grant,andrew64@example.org,2024-12-27,False,high,control,0
9424,Ann Hunter,jasonjames@example.org,2024-09-30,False,medium,control,1
9425,Scott Rogers,thomas91@example.com,2025-06-15,False,medium,control,0
9426,Christopher Chapman,rickythomas@example.net,2024-10-07,False,low,treatment,0
9427,Mark Thomas,esmith@example.com,2024-11-20,True,low,control,0
9428,William Parker,cookamy@example.org,2026-05-28,False,medium,treatment,0
9429,Amy Ruiz,mshelton@example.net,2025-12-16,True,high,control,0
9430,Laura Austin,robleskaren@example.net,2025-09-29,False,low,treatment,0
9431,Laura Thompson,xwhite@example.net,2025-03-02,True,medium,treatment,1
9432,Vanessa James,brian65@example.com,2026-09-13,True,low,control,0
9433,Robert Parrish,brandicampos@example.com,2024-10-05,False,low,treatment,0
9434,Steven Lee,jason17@example.com,2024-10-30,True,medium,treatment,0
9435,Melissa Vasquez,plarson@example.com,2026-03-02,True,low,control,0
9436,Becky Greene,bradleyabbott@example.com,2025-06-19,True,low,treatment,0
9437,Taylor Vasquez,wscott@example.com,2026-03-23,False,low,control,1
9438,Craig Cain,erin19@example.org,2024-11-20,False,high,control,0
9439,Wendy Riley,james94@example.org,2026-04-01,True,high,treatment,1
9440,Deanna Brown,michael72@example.org,2025-05-28,True,low,treatment,0
9441,Christopher Keith,kaitlynsoto@example.org,2025-08-22,True,low,control,0
9442,Martha Duncan,gellis@example.org,2026-07-01,False,low,control,0
9443,Kelsey Fletcher,pattersonlauren@example.org,2026-04-06,False,medium,control,0
9444,Carl Hunter,jenningswendy@example.org,2025-02-08,False,medium,control,0
9445,Mrs. Catherine Newton,kellymelissa@example.org,2025-07-30,False,low,treatment,0
9446,Caroline Porter,johnsonjason@example.net,2026-04-11,False,low,treatment,0
9447,Sandra Adams,clarkmichael@example.net,2025-06-15,False,medium,treatment,0
9448,Joseph Blanchard,gregorybishop@example.net,2025-08-06,False,medium,control,0
9449,Ashley Wood,joseph98@example.org,2024-12-10,False,medium,treatment,1
9450,Alexis Hansen,rkim@example.org,2026-02-28,True,low,control,0
9451,Krista Liu,baldwineric@example.org,2025-04-23,False,low,control,0
9452,Mr. Juan Phillips,rodrigueztina@example.com,2026-05-06,False,low,treatment,1
9453,Terry Sexton,jamespeterson@example.com,2026-05-23,True,low,control,0
9454,Shawn Stevens,lee09@example.com,2026-06-19,False,medium,treatment,0
9455,Jillian Miller,arichards@example.net,2026-06-21,False,low,treatment,0
9456,Jeremy Henderson,rbrown@example.com,2026-03-07,False,medium,treatment,0
9457,Mitchell Castillo,nathan79@example.com,2026-03-22,False,medium,treatment,0
9458,Ronald Pierce,saguirre@example.org,2026-02-17,False,low,treatment,0
9459,Kristina Ingram,david95@example.net,2025-10-14,False,medium,control,0
9460,Colleen Young,brent37@example.com,2025-07-01,False,high,control,0
9461,Ronald Parrish,bruce84@example.net,2025-08-03,False,low,treatment,0
9462,Abigail Barnes,elee@example.com,2025-03-17,False,low,control,0
9463,Todd Calhoun,heatherbrown@example.net,2024-12-13,True,low,control,0
9464,Dylan Gomez,gkelly@example.org,2024-10-09,False,low,control,0
9465,Ryan Walker,bennetttanya@example.net,2024-12-09,True,medium,control,1
9466,Gerald Taylor,zhubbard@example.com,2026-01-02,False,high,control,0
9467,Joyce Chan,mmiller@example.com,2025-10-10,False,medium,treatment,0
9468,David Hughes,tammylee@example.com,2025-11-01,True,medium,control,0
9469,Mary Roberts,alicia22@example.net,2026-07-20,False,high,treatment,0
9470,Richard Rivera,kfriedman@example.net,2026-06-14,True,low,control,0
9471,David Miller,caseyzoe@example.com,2026-04-24,False,low,treatment,1
9472,Joseph Bates,sherri52@example.com,2026-09-08,False,high,control,0
9473,Jill Holt,foxbilly@example.net,2026-05-15,False,high,treatment,0
9474,Ryan Mendoza,lauragordon@example.net,2025-11-28,True,medium,control,0
9475,Robert Torres,taylorvillarreal@example.org,2026-09-13,False,medium,control,0
9476,Brent Gonzales,opennington@example.org,2025-12-20,False,low,control,0
9477,Tammy Day,brownrobert@example.com,2024-11-10,False,medium,control,0
9478,Renee Simmons,crystalatkins@example.net,2026-07-20,True,high,treatment,0
9479,Sean Avila,amber47@example.org,2025-03-08,False,medium,control,1
9480,Eric Boyer,william36@example.net,2026-07-22,False,high,treatment,0
9481,Carl Rogers,hartjay@example.net,2026-07-21,False,low,treatment,0
9482,Matthew Chan,theodoreadams@example.org,2025-04-27,False,low,treatment,0
9483,Paul Johnson,david10@example.com,2025-07-08,False,low,control,0
9484,Marc Watkins,richardrodriguez@example.net,2025-04-22,True,low,control,0
9485,Thomas Manning,zcaldwell@example.org,2026-02-12,False,low,control,0
9486,Richard Gonzalez,reedchristian@example.com,2026-07-30,False,low,control,0
9487,Larry Chase,shawn54@example.net,2026-02-07,False,medium,treatment,0
9488,Ethan Mullins,zmartinez@example.com,2025-06-10,False,high,treatment,0
9489,Jacob Thomas,garciaapril@example.net,2026-06-12,False,medium,control,0
9490,Adam Decker,geraldfrederick@example.net,2025-02-06,True,low,control,0
9491,Christopher Hayes,jennifer48@example.org,2025-06-02,False,medium,control,0
9492,Michelle Vargas,nlopez@example.com,2025-10-01,True,low,treatment,0
9493,Taylor Rogers,williamsjohn@example.org,2025-12-05,False,medium,control,0
9494,Teresa Larson,xsutton@example.net,2026-06-19,False,low,treatment,0
9495,Jamie Armstrong,nicholemurphy@example.org,2025-04-01,False,low,treatment,0
9496,Anthony Fowler,laurenwilson@example.org,2026-05-14,False,low,control,0
9497,Pamela Smith,brentrodriguez@example.org,2025-03-14,False,medium,control,0
9498,David Harper,lrobertson@example.com,2025-07-25,False,low,control,1
9499,Karen Levy,jill15@example.net,2025-03-11,True,low,treatment,0
9500,Rebekah Miller,paulamiller@example.org,2025-03-21,False,medium,treatment,0
9501,Patricia Conway,bartlettrobert@example.org,2025-03-31,False,low,treatment,0
9502,Richard Miles,jonathan69@example.com,2025-04-26,True,low,control,0
9503,Michelle Smith,nsmith@example.net,2024-10-19,False,low,treatment,0
9504,Mark Johnson,robertbeasley@example.net,2024-11-21,False,medium,control,0
9505,Mark Peters,johnsonandrew@example.com,2025-04-07,True,low,control,0
9506,Peter Irwin,kperez@example.net,2025-11-14,False,medium,control,0
9507,Eric Shea,jessica97@example.net,2024-10-20,False,low,control,0
9508,Mary Walters,markbrown@example.com,2024-12-06,True,low,treatment,0
9509,Jorge Baldwin,cglass@example.org,2025-07-16,True,low,control,0
9510,Sara Rubio,curtislopez@example.net,2024-10-05,False,low,treatment,0
9511,Tiffany Calhoun,eoconnell@example.net,2026-02-16,True,high,treatment,0
9512,Jonathan House,schroederlisa@example.net,2026-05-23,False,high,control,0
9513,Laura Harris,sarahsuarez@example.net,2025-03-07,False,medium,treatment,0
9514,Martin Poole,parsonsjacqueline@example.net,2024-11-29,True,medium,treatment,0
9515,Joe Bishop,justin57@example.org,2025-10-16,True,low,treatment,0
9516,Brian Lopez,grahamrachel@example.net,2024-11-27,False,medium,treatment,0
9517,Pamela Andrade,jason10@example.com,2025-09-17,False,low,treatment,0
9518,James Chapman,lhooper@example.com,2026-02-15,False,low,treatment,0
9519,Sarah Wells,harrisonjohn@example.org,2025-07-04,False,medium,treatment,0
9520,Michelle Humphrey,eferguson@example.org,2026-04-14,False,low,control,0
9521,Kathryn Roberts,solsen@example.net,2026-04-26,False,low,control,0
9522,Angel Mason,nathan56@example.com,2025-06-20,True,medium,treatment,0
9523,Mr. Matthew Smith,sandra11@example.com,2026-01-16,False,low,control,0
9524,Linda Davis DVM,keithrichmond@example.com,2024-12-31,True,low,control,0
9525,Jeff Cameron,lstanley@example.com,2025-11-07,False,low,control,0
9526,Jennifer Simmons,williamstanner@example.org,2025-09-19,True,low,control,0
9527,Jennifer Kaufman,danny37@example.net,2026-06-11,False,high,control,0
9528,Denise Williams,jwilliams@example.org,2025-04-27,False,high,control,0
9529,Benjamin Garcia,michael70@example.org,2025-10-15,False,low,control,0
9530,Michael Kennedy,cheyenne08@example.org,2026-03-19,True,high,treatment,0
9531,Jamie Sutton DDS,samantha20@example.org,2026-08-05,False,medium,treatment,1
9532,Brittany Colon,jamesmack@example.org,2026-01-04,False,low,treatment,0
9533,David Hayes,melissahubbard@example.com,2026-08-23,True,low,treatment,1
9534,Christopher Owens,andersondaniel@example.com,2026-07-14,True,low,treatment,0
9535,Emily Davidson,xhall@example.org,2025-05-10,False,low,treatment,1
9536,Vicki James,chamilton@example.net,2026-09-11,True,low,control,0
9537,John Thomas,keithrojas@example.net,2026-05-08,False,low,control,0
9538,Deborah Murphy,rpeterson@example.com,2026-05-21,False,medium,treatment,0
9539,Sara Johnson,earldavidson@example.com,2025-12-26,False,low,control,0
9540,Jeffrey Spears,jonesmary@example.net,2025-10-01,True,high,treatment,0
9541,Mitchell Curry,claire78@example.org,2026-06-27,False,medium,control,0
9542,Cynthia Ferguson,oholloway@example.com,2025-05-07,True,medium,treatment,1
9543,Ryan Jones,holdenpatrick@example.org,2025-05-04,False,medium,control,1
9544,Jose Cantu,frederickhernandez@example.org,2025-06-21,True,high,control,0
9545,Joshua Velasquez,vmathis@example.org,2026-09-05,False,medium,control,0
9546,Elizabeth Gardner,dustin79@example.org,2026-03-09,True,medium,treatment,0
9547,Kathryn Davis,cray@example.net,2025-04-23,True,low,control,0
9548,Sydney Henson,caitlinmiller@example.com,2025-10-12,False,low,treatment,1
9549,Kathleen Myers,hojonathan@example.net,2025-10-01,False,medium,treatment,0
9550,Matthew Mccoy,sellersscott@example.org,2026-09-05,True,medium,treatment,0
9551,Mrs. Andrea Lopez,fishermichael@example.com,2025-12-01,False,low,control,0
9552,Eric Griffin,brittany56@example.net,2025-04-02,False,low,control,0
9553,Michelle Anderson,jared54@example.org,2025-03-26,False,low,control,0
9554,Mark Solis,guy73@example.com,2025-02-04,False,low,control,0
9555,Steven Lang,john04@example.net,2025-02-27,False,medium,control,1
9556,Doris Walker,bartongeorge@example.net,2024-10-20,False,low,control,0
9557,Edward Sparks,dharper@example.org,2026-08-14,False,low,treatment,0
9558,Frank May,tiffany91@example.com,2025-01-04,False,low,treatment,0
9559,Rodney Thomas,lynchcarolyn@example.com,2025-01-20,True,low,control,0
9560,Larry Fernandez,mmedina@example.org,2025-03-06,False,medium,control,0
9561,Jackson Hanna,ewise@example.org,2025-06-04,True,low,treatment,0
9562,Charles Wolfe,rhondamora@example.com,2025-12-14,True,high,control,0
9563,John Tapia,johnsonlisa@example.net,2024-10-20,False,medium,treatment,1
9564,Nicholas Castaneda,chavezdebra@example.com,2025-10-21,False,low,control,0
9565,Krista Walker,daviswilliam@example.com,2025-10-24,False,low,treatment,0
9566,Andrew Taylor,dawn40@example.net,2026-06-23,True,medium,control,1
9567,Glenn Parker,rhondahumphrey@example.org,2024-10-23,False,medium,treatment,0
9568,Gabrielle Smith,cookgabriella@example.com,2026-07-31,False,medium,treatment,0
9569,Raymond Warner,mjackson@example.net,2026-07-08,True,low,treatment,0
9570,Candice Smith,williamflores@example.org,2024-11-24,False,high,treatment,0
9571,Justin Stone,eric09@example.com,2024-11-24,False,medium,treatment,0
9572,Donald Reynolds,tiffanywilliams@example.org,2025-04-29,False,medium,treatment,0
9573,Kathryn Hutchinson DDS,flee@example.org,2026-07-08,True,low,treatment,1
9574,Tiffany Petersen,rodriguezwilliam@example.net,2026-09-14,True,high,treatment,0
9575,Patricia Newman,elizabethwalker@example.net,2024-10-13,True,high,control,0
9576,Joseph Cooper,mflowers@example.org,2025-03-06,False,medium,treatment,0
9577,Bradley Jordan,arroyologan@example.com,2025-07-26,True,low,control,0
9578,Joy Yang,dbennett@example.com,2026-09-11,False,low,treatment,0
9579,Julie Cross,ochandler@example.com,2026-08-21,True,low,control,0
9580,Veronica Young,robert57@example.org,2025-05-30,True,low,control,0
9581,Melissa Davis,markcortez@example.com,2025-09-25,False,low,control,0
9582,Vanessa Robinson,markbrown@example.org,2025-12-27,False,low,control,0
9583,Matthew Wilkins,diana52@example.com,2026-06-25,False,medium,treatment,0
9584,Jessica Frazier,suzannebraun@example.org,2025-01-25,True,low,control,0
9585,Christopher Lee,marianoble@example.org,2025-01-30,True,medium,control,0
9586,Cody Patton MD,albert00@example.com,2025-06-03,False,high,control,0
9587,Donald Li,loriporter@example.net,2026-07-09,True,low,treatment,0
9588,Brandi Jones,timothyhill@example.org,2025-02-08,True,low,treatment,0
9589,Christopher Smith,justin76@example.org,2025-12-27,False,low,control,0
9590,Gabrielle Richardson,lauren48@example.org,2026-03-17,False,medium,control,0
9591,Hannah Hughes,caitlin76@example.net,2026-03-17,False,low,treatment,0
9592,Paige Wright,sanfordsharon@example.org,2025-09-22,False,high,treatment,1
9593,Rebecca Gonzales,hendersonjeffrey@example.net,2026-01-03,False,medium,treatment,1
9594,Daniel Rodriguez,emilybaker@example.com,2026-05-20,False,medium,control,0
9595,Megan Carpenter,ykhan@example.net,2026-01-15,True,medium,control,0
9596,Michael Smith,snyderdeborah@example.com,2026-04-24,False,high,control,0
9597,Zachary Young,perkinsdaniel@example.org,2025-08-19,False,low,control,0
9598,Michael Huff,xtrujillo@example.net,2025-05-01,False,high,treatment,0
9599,Angela Hawkins,gabriel54@example.net,2025-12-26,True,low,control,0
9600,Timothy Richardson,joseph41@example.com,2025-09-26,False,low,control,0
9601,Kyle Peterson,thompsoneric@example.net,2025-05-15,True,low,treatment,0
9602,Nancy Bates,gpace@example.org,2024-11-10,False,low,control,0
9603,Heather Calderon,collinsbryan@example.net,2025-08-05,False,medium,treatment,0
9604,Autumn Watson,angela00@example.com,2026-03-04,False,high,treatment,0
9605,Jessica Ingram,warrenalexander@example.net,2025-01-08,False,high,treatment,0
9606,Monica Thomas,ashley93@example.com,2024-12-22,True,medium,treatment,0
9607,Debra Guzman,stephen22@example.net,2026-04-17,False,low,treatment,0
9608,Billy Sullivan,christina37@example.org,2025-11-23,False,low,control,0
9609,Thomas Randolph,austinclark@example.org,2025-07-09,False,low,control,0
9610,Ronnie Mathews,mwood@example.net,2026-03-30,False,low,treatment,0
9611,Oscar Villegas,peter85@example.net,2026-04-30,True,high,control,0
9612,Jason Johnson,barrettmelissa@example.com,2025-08-26,False,high,control,0
9613,Stephanie Ruiz,jillbird@example.net,2026-01-23,True,low,control,0
9614,Joseph Garrett,howellbilly@example.com,2025-09-18,False,low,treatment,0
9615,Jennifer Howard,beverlymiller@example.net,2025-11-18,True,medium,treatment,0
9616,Joseph Diaz,brentcruz@example.net,2024-12-26,False,low,treatment,0
9617,Sue King,raymondthomas@example.com,2025-04-06,False,medium,control,0
9618,Anna Robbins,christina27@example.com,2025-03-18,False,low,control,0
9619,Jennifer Landry,amber07@example.org,2024-11-04,False,low,treatment,0
9620,Elizabeth Yates,markstewart@example.org,2025-04-07,False,high,treatment,0
9621,Natalie Watson DDS,chungmadison@example.net,2026-09-14,False,low,treatment,0
9622,Jordan Newman,aaronsantos@example.org,2025-03-23,False,medium,control,0
9623,Isaiah Bender,sbarker@example.net,2026-01-08,False,high,treatment,0
9624,Marvin Edwards,stephaniejohnson@example.org,2025-12-11,False,low,control,0
9625,Gabriella Foster,xtaylor@example.net,2024-12-25,False,medium,control,0
9626,Mike Hahn,nathanielmartinez@example.com,2025-11-15,False,low,treatment,0
9627,Tanya King,shannonpatel@example.net,2026-07-09,False,low,control,0
9628,Rebecca Smith,tina52@example.com,2026-07-22,True,low,control,0
9629,Adam Doyle,elizabeth18@example.net,2025-12-31,False,low,control,0
9630,Christy Burgess,scruz@example.net,2025-04-23,True,low,treatment,0
9631,Leslie Gibson,paulwalton@example.net,2025-11-15,False,high,treatment,1
9632,Jared Waters,jenkinselizabeth@example.com,2025-06-23,True,low,treatment,0
9633,Claire Graham,elizabethfitzgerald@example.net,2025-10-18,False,high,control,0
9634,Jessica Underwood,sreyes@example.org,2025-04-19,True,medium,treatment,0
9635,Elizabeth Anthony,longpamela@example.com,2025-02-26,False,medium,treatment,0
9636,Franklin Schwartz,mark40@example.com,2026-09-09,False,high,control,0
9637,Jennifer Nichols,davidbaker@example.org,2026-01-19,True,low,control,0
9638,Julie Douglas,glenneric@example.org,2026-07-26,False,low,control,1
9639,Donald Jackson,regina12@example.com,2025-02-27,False,medium,control,1
9640,Tina Stevenson DDS,anthonyburgess@example.net,2026-05-23,True,low,treatment,0
9641,Mariah Cruz,vdavis@example.org,2025-06-21,False,high,control,0
9642,Zachary Parker,david85@example.net,2026-08-16,False,medium,control,1
9643,Emily Palmer,heatherdavis@example.org,2024-10-05,False,medium,control,1
9644,Thomas Newton,xhunt@example.net,2026-05-03,False,low,control,0
9645,Christopher Singh,umclean@example.net,2026-05-23,False,medium,control,0
9646,Jonathan Grimes,teresa39@example.org,2026-04-27,False,high,control,0
9647,Eric Moran,zporter@example.org,2025-01-15,False,medium,control,0
9648,Keith Brock,hoganwilliam@example.org,2025-04-06,False,low,treatment,0
9649,Joel Caldwell,erica21@example.org,2025-11-18,False,medium,treatment,1
9650,Lauren Brown,gwatts@example.com,2025-02-07,False,medium,treatment,0
9651,Sandra Davis,paula94@example.org,2026-01-30,False,medium,treatment,0
9652,Kayla Ayers,rthomas@example.org,2026-09-14,False,low,treatment,0
9653,Crystal Miller,ryan13@example.com,2026-09-06,False,medium,control,0
9654,Ashley Vargas,zholland@example.com,2025-12-19,False,low,treatment,0
9655,Susan Vega,ipierce@example.net,2025-05-25,False,medium,control,0
9656,James Green,owhite@example.org,2026-07-07,False,medium,control,0
9657,Matthew Wolfe,nhall@example.org,2026-02-25,True,low,control,0
9658,Thomas Ford,collin29@example.net,2025-07-27,False,high,control,0
9659,Michele Wells,wyattjonathon@example.com,2026-04-12,True,high,treatment,0
9660,Karen Johnson,trevorstein@example.org,2024-11-27,False,high,control,0
9661,Sarah Hammond,jestrada@example.net,2026-07-07,False,high,control,0
9662,Christian Osborne MD,katiepeterson@example.org,2026-06-06,False,low,control,0
9663,Patrick Cantu,monica83@example.com,2025-07-21,True,high,control,0
9664,Luke Henry,susanosborne@example.net,2025-05-14,True,medium,control,0
9665,Benjamin Rogers,jacob39@example.net,2026-05-24,True,low,treatment,0
9666,Gina Zimmerman,haydenmichael@example.org,2025-10-19,True,high,treatment,0
9667,Mrs. Karen Logan,kbuchanan@example.net,2026-08-07,False,high,control,0
9668,Justin Rodriguez,hsmith@example.net,2025-10-30,False,high,treatment,0
9669,Thomas Walker,garciavictoria@example.org,2026-07-01,False,medium,treatment,0
9670,Alex Foster,jeremyhill@example.com,2026-06-08,False,low,treatment,0
9671,Jennifer Morrow MD,schaefercarrie@example.net,2025-04-14,False,medium,control,0
9672,Robert Jacobs,fowlerdaniel@example.org,2025-02-21,False,medium,treatment,0
9673,Daisy Perkins,nelsonmercedes@example.org,2024-09-20,True,medium,control,0
9674,Dr. Shirley Barr,jasonharvey@example.net,2026-01-12,True,medium,treatment,0
9675,John Clark,tylermelissa@example.net,2026-03-21,False,high,treatment,0
9676,Scott Murphy DDS,phillipsrebecca@example.org,2024-09-19,True,low,treatment,0
9677,Austin Rich,wjohnson@example.org,2024-12-26,True,low,control,0
9678,John Sanchez,james42@example.net,2025-03-15,False,medium,treatment,0
9679,Daniel Saunders,nathan49@example.org,2024-12-17,False,high,control,0
9680,Janet Bryan,kevinmiller@example.net,2025-05-19,False,low,treatment,0
9681,Ashley Gilbert,ymorris@example.net,2025-05-22,True,high,control,1
9682,Veronica Underwood,deborahmiller@example.com,2024-12-12,False,medium,treatment,0
9683,John Lawson,henry28@example.org,2024-11-04,False,low,treatment,0
9684,Ryan Cole,ischmidt@example.org,2024-12-31,False,low,treatment,0
9685,Stephanie Rodriguez,nicholas75@example.org,2026-08-26,False,low,control,0
9686,Ernest Tucker,michael01@example.com,2025-03-15,True,medium,treatment,0
9687,Alison Miranda,nchavez@example.net,2026-07-22,False,medium,treatment,0
9688,Jorge Hill,alan28@example.org,2024-12-19,False,medium,control,0
9689,Alexander Jacobs,christopher84@example.org,2026-04-13,False,medium,treatment,0
9690,Lisa Russell,aphillips@example.org,2026-02-27,True,medium,control,0
9691,Tracy Harris,robert21@example.org,2025-12-22,False,low,treatment,0
9692,Steven Barber,alexander55@example.org,2025-07-31,False,medium,treatment,1
9693,Betty Jacobs,jsloan@example.net,2024-11-06,False,high,control,0
9694,Philip Gill,sarahramirez@example.com,2024-11-19,False,medium,control,0
9695,Jennifer Kelley,brianrichard@example.net,2026-06-04,False,low,control,0
9696,Sarah Madden,bmorgan@example.com,2026-04-13,False,medium,control,0
9697,Janice Patel,nicolegaines@example.com,2024-11-14,True,medium,treatment,0
9698,Peter Lee,hlee@example.com,2026-08-29,False,medium,treatment,0
9699,Jonathan Madden,oellis@example.org,2026-04-19,False,medium,control,0
9700,Barbara Weaver DDS,anne67@example.org,2026-08-29,False,low,treatment,0
9701,Emily Lee,mendozaanna@example.net,2026-05-28,False,low,treatment,0
9702,Jessica Fritz,vsmall@example.net,2025-06-19,False,medium,treatment,0
9703,Lisa Rodriguez,xdaniel@example.com,2026-09-11,False,low,treatment,0
9704,Lucas Wilson,karla82@example.org,2025-04-06,True,low,treatment,0
9705,Caroline Oliver,jkaiser@example.org,2026-01-22,False,low,control,1
9706,Sarah Barber,davidvalenzuela@example.org,2026-02-18,False,low,treatment,0
9707,Joseph Steele,urobinson@example.net,2026-07-21,False,low,treatment,0
9708,Victoria Williams,mistyharper@example.com,2025-06-04,False,low,treatment,0
9709,Jonathon Obrien,jorge28@example.org,2026-04-02,True,high,control,0
9710,Linda Craig,michael77@example.net,2024-10-03,True,medium,control,0
9711,Benjamin Malone,ashley50@example.com,2025-03-18,False,medium,treatment,0
9712,Janice Mclean,clambert@example.com,2025-10-28,False,low,treatment,0
9713,Crystal Campbell,jamesmary@example.com,2025-11-07,False,low,treatment,0
9714,Jacob Taylor,murphytimothy@example.org,2025-04-15,True,low,control,0
9715,Jane Long,robert39@example.net,2026-07-13,False,medium,treatment,0
9716,Julie George,mosssara@example.org,2025-04-10,False,low,treatment,0
9717,Anthony Villarreal,erin26@example.net,2024-11-30,False,low,control,0
9718,Breanna Evans,gonzaleznicole@example.com,2025-01-12,False,medium,treatment,0
9719,Michael Blevins,harveychristian@example.com,2026-03-10,False,low,control,0
9720,Jennifer Hart,kenneth89@example.org,2026-02-14,False,high,treatment,0
9721,Christopher Joseph,bakeranthony@example.net,2024-11-18,False,medium,control,0
9722,Joseph Morales,alexandrahall@example.net,2025-11-18,True,low,treatment,0
9723,Ryan Carter,luisjefferson@example.org,2025-01-29,True,low,control,0
9724,Daniel Jones,edwardwagner@example.net,2026-03-04,False,medium,treatment,0
9725,Chad Mcdonald,qbailey@example.org,2025-07-10,True,low,control,0
9726,Timothy Frazier,igross@example.com,2025-04-27,False,medium,control,0
9727,Joe Duran,perryjoseph@example.net,2026-06-11,False,low,treatment,0
9728,Justin Jackson,xrobinson@example.com,2026-02-05,False,low,control,0
9729,William Cabrera,nguyenjason@example.com,2025-06-10,True,low,treatment,0
9730,Valerie Hess,anna04@example.net,2025-12-23,True,low,control,0
9731,Pamela Page,jacobsonchristian@example.net,2025-12-10,False,medium,treatment,0
9732,Julie Newman,bduncan@example.com,2026-06-30,False,medium,control,0
9733,Joanna Gonzalez,brittanyberg@example.net,2025-06-23,False,low,control,0
9734,Jacqueline Mullen,banksjames@example.com,2026-02-23,False,low,control,0
9735,Derek Rodgers,hamptonjacob@example.net,2025-05-15,False,low,treatment,0
9736,William Williams,cody97@example.com,2025-09-13,True,high,control,0
9737,Travis Patel,gwright@example.com,2026-04-19,True,low,control,0
9738,Cynthia Davis,brandon47@example.net,2025-10-31,False,low,control,0
9739,Heidi Parks,lopezamber@example.org,2026-03-25,True,low,control,0
9740,Ryan Hernandez,wdennis@example.org,2025-08-05,True,high,control,0
9741,Sonya Johnson,victor08@example.net,2025-08-08,False,low,treatment,0
9742,Earl Miller,eortega@example.net,2025-02-03,False,high,control,0
9743,Chris Horton,dawn79@example.com,2026-06-28,True,low,control,1
9744,Brenda Smith,johnsonbenjamin@example.net,2026-04-18,False,low,treatment,1
9745,Daniel Rogers,fgarner@example.com,2025-04-08,False,low,control,0
9746,Haley Klein,glennlewis@example.com,2024-09-23,False,high,treatment,1
9747,Melissa King PhD,randerson@example.com,2025-11-14,False,low,treatment,0
9748,Brooke Garcia,david95@example.net,2026-06-14,False,low,control,0
9749,Robert Sims,lisa81@example.net,2025-09-25,False,high,control,0
9750,Larry Guerrero,mcleanbrittany@example.org,2026-02-12,False,medium,control,0
9751,Eric Taylor,charris@example.org,2025-04-26,True,low,treatment,1
9752,Monica Decker,james89@example.com,2025-03-16,False,low,treatment,0
9753,Sharon Fisher,trevor05@example.com,2026-01-31,False,low,treatment,0
9754,Tristan Duncan,walkerhayley@example.net,2026-01-21,False,high,control,0
9755,Jessica Ward,ruizjeffrey@example.net,2025-09-19,False,medium,treatment,0
9756,Mary Romero,erik24@example.com,2026-08-18,False,low,treatment,0
9757,Kristy Lee,rebecca17@example.org,2025-08-23,False,medium,control,0
9758,Kristen Anderson,donovantamara@example.org,2025-08-07,False,medium,control,0
9759,Nathan Harris,smithkathryn@example.net,2025-05-19,False,low,treatment,0
9760,Elizabeth Smith,wking@example.org,2025-02-23,True,medium,control,0
9761,Jeremy Richardson,qharris@example.com,2024-12-08,False,medium,control,0
9762,Travis White,roger20@example.net,2025-04-03,False,low,treatment,1
9763,Dominique Davidson,mackangela@example.org,2025-10-06,False,medium,treatment,0
9764,Daniel Shaw,james72@example.org,2024-11-09,False,low,treatment,0
9765,Thomas Jones,pamela75@example.net,2025-03-12,False,medium,treatment,0
9766,Lisa Mendoza,greenjasmine@example.com,2026-04-16,False,low,treatment,0
9767,Annette Hernandez,renee29@example.net,2026-05-14,False,high,treatment,0
9768,Vincent Sweeney,gregorymclean@example.com,2026-02-12,True,medium,treatment,0
9769,Holly Guerrero,ocastaneda@example.net,2025-12-29,False,medium,control,0
9770,Daniel Collins,aosborn@example.com,2026-03-13,True,low,treatment,0
9771,Rhonda Cox,lmccarthy@example.com,2025-05-04,False,medium,treatment,0
9772,Patricia Nichols,sheltontammy@example.com,2025-03-19,True,low,control,0
9773,Mary Williams,porterlaura@example.com,2025-03-07,False,low,treatment,0
9774,Taylor Montgomery,henrythomas@example.net,2026-08-17,False,low,control,0
9775,Bruce Zhang,jamesparks@example.net,2025-04-27,False,medium,control,0
9776,Michael Bonilla,davidroy@example.com,2025-08-10,False,low,control,0
9777,Jesse Davis,brad41@example.net,2026-09-13,False,low,control,0
9778,Courtney Johnson,esmith@example.org,2026-05-17,False,low,treatment,0
9779,Tonya Chavez,shaunbass@example.net,2026-02-24,False,low,control,0
9780,Jacqueline Fields,bbeck@example.net,2025-02-21,False,low,treatment,0
9781,Barbara Clark,marquezsherri@example.net,2025-12-03,False,low,treatment,0
9782,Christopher Perez,kaitlyn80@example.org,2024-10-23,True,low,treatment,0
9783,Ralph Kim,marie63@example.com,2025-10-11,False,high,control,0
9784,Joseph Beck,johnsoncrystal@example.net,2026-05-29,False,medium,treatment,0
9785,Patricia Baker,christinelevine@example.com,2024-09-24,True,medium,control,0
9786,Daniel Rodgers,wgonzalez@example.com,2025-01-06,False,high,treatment,1
9787,Kevin Hernandez,thomascarpenter@example.org,2026-08-12,False,low,control,0
9788,Matthew Herrera,terri83@example.org,2026-08-16,False,low,control,0
9789,Adrienne George,weberjacob@example.org,2026-06-27,False,low,control,1
9790,Christopher Myers Jr.,williambailey@example.com,2025-06-05,False,low,treatment,0
9791,Michele Bright,peggybenson@example.org,2026-05-13,False,low,treatment,0
9792,Joshua Morton,taylormark@example.com,2025-12-16,False,medium,treatment,0
9793,Jade Richards,gmoore@example.org,2025-10-13,True,medium,control,0
9794,Edward Marshall,gina18@example.net,2025-06-12,False,high,control,0
9795,Kyle Jefferson,james52@example.org,2026-05-13,False,medium,treatment,0
9796,Holly Rodriguez,ebooth@example.net,2024-11-14,False,low,control,0
9797,Isabella Larson,vfitzgerald@example.net,2025-04-10,True,low,treatment,0
9798,Travis Sanchez,damon24@example.org,2025-07-16,False,low,control,0
9799,Katie Gross,nicholaswilson@example.com,2025-07-15,False,low,control,0
9800,Heather Fischer,perezrichard@example.org,2025-12-15,False,medium,control,0
9801,Nicholas Bennett,caleb65@example.com,2026-08-26,True,low,control,0
9802,Dr. Kristopher Perkins,aaronlee@example.com,2026-06-28,False,medium,control,0
9803,Jamie Webb,christopherhammond@example.net,2025-09-30,False,low,treatment,0
9804,Austin Stein,dbutler@example.org,2026-07-25,False,low,treatment,0
9805,Juan Lewis,gmunoz@example.org,2026-06-16,False,medium,treatment,0
9806,Thomas Moore,wjones@example.org,2025-02-22,True,low,treatment,0
9807,Claudia Reynolds,davistracy@example.net,2025-02-03,True,low,treatment,0
9808,Jonathan Clayton,ktate@example.org,2025-10-16,False,low,control,0
9809,Andrew Garcia,rangelfelicia@example.org,2025-07-09,False,low,treatment,0
9810,Devin Lucas,igrimes@example.org,2025-03-23,False,medium,control,0
9811,Brandi Schultz,qcherry@example.net,2026-02-15,False,medium,control,0
9812,Julie Baker,douglas03@example.org,2026-09-08,True,medium,control,1
9813,William Byrd,nortonchristopher@example.com,2025-04-27,True,low,treatment,0
9814,David Foster,fweber@example.org,2025-09-27,True,medium,treatment,0
9815,Dustin Gilbert,patrick47@example.org,2025-06-03,False,medium,treatment,0
9816,Robert Coleman,lee05@example.net,2026-03-22,False,low,treatment,0
9817,Joseph Carpenter,luisbarnes@example.net,2024-12-15,False,medium,control,1
9818,Mark Glass,odaniels@example.org,2026-02-23,False,medium,treatment,0
9819,Linda Lozano,austin41@example.org,2026-07-03,True,low,control,0
9820,Kathryn Williams,wmarshall@example.org,2025-05-08,False,low,control,0
9821,Rebecca Warner,fwhite@example.org,2024-09-27,True,high,treatment,0
9822,Ray Jones,cherylyoder@example.org,2026-05-26,False,low,treatment,0
9823,Paula Macias,sylviagibbs@example.net,2025-10-19,False,high,control,0
9824,Jacob Woodward,travisramirez@example.com,2025-12-01,True,medium,treatment,0
9825,Kelly Gomez,emilykelley@example.net,2026-04-20,False,low,control,0
9826,Todd Salinas,sloanconnie@example.com,2026-04-19,True,low,treatment,0
9827,Karen Cortez,jaredwheeler@example.net,2025-10-16,False,low,treatment,0
9828,Mario Reed,mollyhiggins@example.org,2026-02-25,False,medium,control,0
9829,Dale Barnes,alexa82@example.net,2025-03-26,False,high,treatment,0
9830,Antonio Nelson,allengriffin@example.net,2024-10-15,False,low,treatment,0
9831,Lori Barnes,beverlymills@example.org,2025-12-22,False,low,treatment,0
9832,Michael Jimenez,sschneider@example.net,2025-02-13,True,low,treatment,1
9833,Scott Pham,antonioweeks@example.com,2025-01-13,False,medium,treatment,0
9834,Joshua Sanchez,collinskathryn@example.net,2025-10-17,False,low,treatment,0
9835,Edwin Johnson,natalietaylor@example.net,2025-02-18,True,high,control,0
9836,Michael Le,rojascatherine@example.net,2025-11-02,False,medium,control,0
9837,Kevin Sanchez,michaelbennett@example.com,2024-11-25,False,medium,treatment,0
9838,Angela Clay,elizabeth13@example.org,2024-10-10,True,low,control,1
9839,Michael Jones,anthonymiller@example.net,2025-05-18,False,medium,treatment,0
9840,Monica Yang,foleyjon@example.com,2026-04-17,True,high,control,0
9841,Ricky Griffith,johnalvarado@example.org,2026-08-04,False,low,treatment,0
9842,Becky English,makayla63@example.net,2024-09-28,False,high,control,1
9843,Jordan Rogers,erica19@example.org,2026-05-24,True,medium,treatment,0
9844,Victoria Phillips,phillipsbobby@example.org,2025-09-02,False,low,treatment,0
9845,Elizabeth Rodriguez,jgomez@example.net,2025-10-28,False,low,treatment,0
9846,Christina Spencer,tgreen@example.net,2025-10-14,True,low,control,0
9847,Jennifer Friedman,scott77@example.net,2026-03-26,True,low,treatment,0
9848,Benjamin Fitzgerald,nchavez@example.org,2026-02-15,False,low,treatment,0
9849,Eugene Reynolds,shannonboyer@example.org,2025-04-16,False,medium,treatment,0
9850,James Wood,murphytaylor@example.net,2025-10-17,True,medium,treatment,0
9851,Jessica Robinson,brian14@example.org,2024-11-28,False,low,treatment,0
9852,Luis Boyd,jeffreyhuff@example.org,2025-01-06,False,medium,control,0
9853,Charles Esparza,joanna29@example.net,2024-10-28,False,low,treatment,0
9854,Christopher Thomas,anthonydeleon@example.org,2026-01-19,False,low,control,0
9855,Rebecca Harrison,jeffreythomas@example.net,2025-12-28,True,medium,control,0
9856,Stephen Ramirez,craig74@example.net,2025-10-19,False,low,treatment,0
9857,Hunter Scott,williamstaylor@example.org,2026-06-12,False,low,treatment,0
9858,Ruth Banks,kirk30@example.net,2026-02-12,False,low,control,0
9859,Candice Gonzalez,pamelabailey@example.net,2025-01-17,True,medium,treatment,0
9860,Catherine Bowers,edwinwilliams@example.net,2025-07-17,False,low,control,0
9861,Travis Patrick,randallmitchell@example.com,2024-10-26,False,low,control,0
9862,Judith Alexander,mezajeffrey@example.net,2026-08-26,False,low,control,0
9863,Dr. Eric White,tonypreston@example.org,2024-09-23,True,medium,treatment,0
9864,Amy Curry,williammartin@example.net,2026-08-17,True,low,control,0
9865,Sheryl Henson MD,christopherbenton@example.com,2025-12-30,False,medium,treatment,0
9866,Travis Fry,shannon26@example.org,2026-04-02,False,low,control,0
9867,Robert Villarreal,hendersonmichael@example.net,2025-12-19,False,low,treatment,0
9868,Rachel Gonzales,taylorkara@example.com,2026-04-01,False,low,treatment,0
9869,Joseph Smith,markdillon@example.com,2026-09-13,False,medium,treatment,0
9870,Bethany Ray,david21@example.org,2026-08-14,False,low,treatment,0
9871,Jennifer Navarro,omiller@example.com,2024-11-18,False,low,treatment,1
9872,Kyle Graves,zblake@example.org,2026-09-15,False,low,control,0
9873,Ryan Vang,richardelizabeth@example.org,2026-08-01,False,medium,control,0
9874,Kayla Fox,eporter@example.com,2024-11-09,False,medium,treatment,0
9875,Kevin Williams,stephaniedelgado@example.org,2024-09-24,False,medium,treatment,0
9876,Lori Chaney,melissa31@example.com,2025-12-02,False,low,treatment,0
9877,Shawn Spencer,wintersvirginia@example.org,2025-06-06,True,medium,treatment,0
9878,Rachel Oliver,leachjoe@example.com,2025-07-29,False,low,treatment,0
9879,Tiffany Williams,sarahhall@example.com,2025-08-15,True,medium,treatment,1
9880,Rachel Osborne,chadreed@example.net,2026-06-15,False,low,treatment,1
9881,Jennifer Kennedy,william85@example.net,2026-06-26,False,high,control,0
9882,Mary Diaz,natalie33@example.net,2026-04-25,False,low,treatment,0
9883,Brittney Melendez,karen42@example.net,2025-02-21,False,low,control,0
9884,Lisa Howe,millerjennifer@example.net,2026-04-10,False,low,control,0
9885,Kathryn Espinoza,nataliedavis@example.org,2025-09-09,False,low,control,0
9886,Diane Fernandez,arthurcrawford@example.com,2026-01-12,False,high,control,0
9887,Douglas Hunt,palmerrandy@example.net,2025-11-21,True,high,control,0
9888,Dylan Lynn,jonesjudith@example.org,2026-07-12,False,medium,treatment,0
9889,Ariel Davis,paulachen@example.com,2025-07-08,False,medium,treatment,0
9890,Anthony Armstrong,mariabauer@example.com,2025-11-19,False,medium,treatment,0
9891,Brittany Burns,brandon33@example.net,2025-01-11,True,medium,control,0
9892,Christian Clark,ortizjulia@example.net,2025-03-26,True,low,control,1
9893,Anthony Flores,paul93@example.com,2024-12-16,False,medium,treatment,0
9894,Aaron Franklin,maria20@example.net,2026-09-05,False,low,control,0
9895,Randy Valdez,lauracollins@example.org,2025-10-18,False,medium,treatment,1
9896,Meredith Davis,madisonwalker@example.com,2026-07-26,True,medium,treatment,0
9897,Gina Mckinney,jacqueline46@example.net,2026-01-17,False,low,treatment,0
9898,Pamela Webster,robert90@example.org,2026-07-08,False,medium,treatment,0
9899,Gregory Stewart,walshtimothy@example.org,2025-04-24,False,low,treatment,0
9900,Jacqueline Phillips,ericharris@example.org,2026-05-04,False,low,control,0
9901,Tina Brown,geraldholland@example.org,2026-04-20,False,low,treatment,0
9902,Tyrone Gibson,nelsonjason@example.net,2025-07-21,False,medium,control,0
9903,Travis Hansen,jaimemurray@example.org,2025-03-19,True,medium,treatment,0
9904,Robert Parker,austinsheila@example.net,2025-01-13,False,low,control,0
9905,Joshua Peck,douglasjustin@example.org,2026-01-08,False,low,control,1
9906,Karla Cooley,estewart@example.net,2025-08-19,True,high,treatment,0
9907,Katherine Irwin,michaelwilliams@example.net,2024-11-20,False,low,treatment,0
9908,Jonathan Webb,kjones@example.com,2026-06-20,False,low,treatment,0
9909,Debbie Vasquez,npeterson@example.org,2025-06-23,False,high,control,1
9910,Rachael Austin,jordannoah@example.net,2025-12-11,False,medium,treatment,0
9911,Heather Rogers,brian28@example.net,2025-01-03,False,low,control,0
9912,Eddie Cook,zacevedo@example.com,2025-10-31,False,medium,control,0
9913,Carla Everett,robert45@example.com,2025-04-04,False,medium,treatment,1
9914,Shari Aguirre,usaunders@example.net,2025-06-12,True,low,treatment,1
9915,Kenneth Knox,clarencebailey@example.org,2025-11-24,False,medium,treatment,0
9916,Jason Reyes,janicekelly@example.com,2025-08-04,False,low,control,0
9917,Aaron Murphy,deborah43@example.net,2025-07-14,False,high,treatment,0
9918,Traci Aguilar,wtorres@example.com,2025-11-13,False,low,control,0
9919,Kathy Wells,xweaver@example.org,2025-09-27,False,low,control,0
9920,Teresa Forbes,pattersontodd@example.net,2025-06-11,True,high,treatment,0
9921,Jennifer Haynes,patriciavang@example.com,2025-10-28,False,medium,control,0
9922,David Robinson,prattkimberly@example.com,2024-12-29,False,high,treatment,0
9923,David Trujillo,andrewsjamie@example.com,2026-04-24,False,low,treatment,0
9924,Brian Bryant,sotoandrew@example.org,2026-02-03,True,low,treatment,0
9925,Lisa Munoz,brandonbean@example.com,2025-05-06,True,low,treatment,0
9926,Peter Taylor,melanie40@example.org,2025-12-12,False,low,treatment,0
9927,Carl Anderson,jmartin@example.com,2025-02-28,True,medium,control,0
9928,Steven Butler,floresamanda@example.net,2024-12-30,True,medium,control,0
9929,Anthony Ross,erinmitchell@example.org,2025-11-14,True,medium,control,0
9930,George Reyes,dustinsmith@example.net,2025-10-11,False,medium,treatment,0
9931,Jillian Watson,hpark@example.net,2026-04-28,False,high,control,0
9932,April Williams,tanya94@example.net,2026-03-31,True,high,treatment,0
9933,Brandon Watson,zachary88@example.org,2026-07-01,False,medium,treatment,0
9934,Sheri Jones,katrinabrown@example.net,2026-01-12,False,medium,treatment,0
9935,John Murphy,schneiderjoshua@example.com,2025-09-28,False,medium,treatment,0
9936,Randall Powell,ggalloway@example.org,2025-01-21,False,low,control,0
9937,Gary Taylor,ibaker@example.net,2025-06-30,False,low,control,0
9938,Bruce Munoz,thompsontheresa@example.net,2025-06-20,True,low,control,0
9939,Richard Griffin,paynestacey@example.net,2025-08-19,True,low,control,0
9940,Mr. John Knox MD,brittneyoconnor@example.com,2025-06-01,False,low,control,0
9941,James Carey,tylerespinoza@example.net,2026-04-18,False,medium,control,0
9942,Darlene Bowen,rodriguezjustin@example.org,2025-12-08,False,low,treatment,0
9943,Sara Daniels,qpatrick@example.org,2026-01-06,False,medium,treatment,0
9944,Jason Carlson,tristan41@example.org,2025-09-29,False,medium,treatment,0
9945,Jeff Martinez,kaiserphillip@example.com,2025-01-24,False,high,control,0
9946,Lisa Graham,raymond10@example.net,2026-01-18,True,low,control,0
9947,Emma Knight,ijohnson@example.com,2026-08-01,False,low,control,0
9948,Dr. Carol Johnson DDS,mistyarnold@example.net,2026-07-17,True,medium,treatment,0
9949,Michelle Hicks,fmccormick@example.com,2024-10-25,True,medium,treatment,0
9950,Sharon Garrett,kanediane@example.com,2024-11-15,False,low,treatment,0
9951,Joanne Johnson,ycarter@example.com,2024-12-23,True,low,control,0
9952,Elizabeth Lee,millerkyle@example.org,2026-08-31,True,low,control,0
9953,David Evans,rickey24@example.org,2024-12-01,True,low,control,0
9954,Tracy Vazquez,zblankenship@example.com,2025-07-21,False,medium,treatment,0
9955,Donna Ibarra,milesjill@example.com,2026-07-12,False,medium,treatment,0
9956,Ronald Stephens,kevincastillo@example.net,2026-04-20,False,low,treatment,0
9957,Danny Sawyer,lawrencehanson@example.net,2025-05-15,False,low,control,0
9958,Philip Zimmerman,bennettjessica@example.com,2026-03-20,True,medium,control,0
9959,Peter Smith,dharper@example.net,2026-08-01,False,low,control,0
9960,Leonard Cisneros,austinbeck@example.org,2024-11-04,False,high,treatment,0
9961,Jeffrey Meadows,marialopez@example.net,2024-10-21,False,low,treatment,1
9962,Patrick Campbell,pearsonjillian@example.net,2026-09-17,False,medium,control,0
9963,Megan Gibson,zmcgee@example.org,2026-08-17,True,medium,control,0
9964,Carrie Smith,robert21@example.net,2026-01-20,False,low,treatment,0
9965,Karen Bailey,michaelking@example.net,2024-10-31,False,high,control,0
9966,Christine Howell,joseph25@example.org,2026-07-16,True,medium,treatment,0
9967,Barbara Anderson,xburton@example.net,2026-06-21,True,medium,control,0
9968,Keith Mendoza,jensenjason@example.com,2025-12-20,False,low,treatment,1
9969,Jill Morales,jonathan51@example.org,2026-08-13,False,medium,treatment,0
9970,Rhonda Moore,lori36@example.org,2024-12-16,False,low,control,0
9971,Matthew Rose,gsmith@example.com,2025-07-25,True,medium,treatment,0
9972,Timothy Calderon,andersonrichard@example.net,2025-05-11,False,medium,control,1
9973,William Stevens,matthew99@example.org,2024-10-11,False,medium,control,0
9974,Brandy Harper,colemannicole@example.com,2026-07-03,True,low,control,0
9975,Brenda Hall,ispencer@example.com,2024-09-21,False,low,control,1
9976,Edward Schroeder,millertaylor@example.com,2025-08-10,False,high,treatment,0
9977,Adam Valencia,bennettnicholas@example.org,2024-12-29,False,medium,treatment,0
9978,Cody Green,sheryllevy@example.net,2026-07-31,True,high,control,0
9979,Jonathan Owen,kdonovan@example.com,2026-06-08,False,high,treatment,0
9980,Dawn Williams,meredithcampbell@example.org,2026-09-04,False,medium,treatment,1
9981,Lauren Richards,arose@example.org,2026-06-04,False,low,control,0
9982,Matthew Johnson,itaylor@example.org,2025-06-28,False,high,control,1
9983,Yesenia Blanchard,nicolewatkins@example.net,2026-09-13,True,low,control,0
9984,Rebecca Downs,ptaylor@example.net,2026-08-07,False,low,control,0
9985,Phyllis Lester,angelascott@example.net,2026-04-01,False,medium,treatment,0
9986,Pamela Thompson,johngarcia@example.org,2024-11-13,False,medium,control,1
9987,Lauren Ellis,taylorbryan@example.net,2025-05-30,False,high,treatment,0
9988,Corey Gomez,tmercado@example.net,2025-06-19,False,high,control,0
9989,James Parker,vhenry@example.net,2025-04-13,True,low,control,1
9990,Elizabeth Lutz,christopher61@example.net,2026-07-27,True,low,treatment,0
9991,Ray Stewart,stephen23@example.org,2025-03-01,False,low,treatment,0
9992,Patricia Bennett,stephanie45@example.com,2026-07-10,False,low,control,0
9993,Susan Simpson,petersonbrittany@example.net,2025-09-02,False,high,treatment,0
9994,Adrian Harris,paula16@example.org,2025-04-26,False,medium,control,1
9995,Carol Williams,vjohnson@example.org,2024-11-11,True,high,treatment,0
9996,John Cox,richardrichardson@example.org,2026-04-07,False,medium,treatment,0
9997,Robert Miller,robertjackson@example.com,2025-11-29,True,low,control,0
9998,Lori Yang,steven59@example.com,2026-03-24,False,high,control,0
9999,Lindsay Calderon,matthewgreen@example.org,2026-09-13,True,low,treatment,0
10000,Billy White,durhamlaura@example.com,2024-12-04,False,low,treatment,0
