user_id,name,email,signup_date,is_new_user,user_value_segment,pre_experiment_purchases,pre_experiment_avg_session_minutes
1,Allison Hill,donaldgarcia@example.net,2026-07-02,False,low,2,4.5580825844002755
2,Javier Johnson,jesseguzman@example.net,2025-02-10,True,medium,3,9.021030569613053
3,Kimberly Robinson,lisa02@example.net,2025-07-23,False,low,1,5.632890161902655
4,Daniel Gallagher,daviscolin@example.com,2025-12-03,True,low,0,0.9522480047682782
5,Monica Herrera,smiller@example.net,2025-12-14,False,low,0,9.118976062075586
6,Laura Bush,stanleykendra@example.org,2026-06-05,False,low,0,4.788466043759202
7,Jamie Chavez,francisco53@example.net,2025-04-01,False,low,2,4.582068002524364
8,Maria Lynch,amandasanchez@example.com,2025-06-22,True,low,1,2.7288805194507217
9,Margaret Hawkins DDS,perezantonio@example.com,2025-07-08,True,high,11,8.981829314269785
10,Thomas Bradley,jason76@example.net,2025-08-19,False,low,0,0.833411572926225
11,David Hoffman,julie69@example.com,2025-06-09,False,low,0,5.164245589426079
12,Brenda Snyder PhD,hernandezernest@example.net,2025-07-23,False,medium,1,8.775496919186715
13,James Ferrell,tasha01@example.net,2026-06-26,False,low,1,3.64453575745869
14,Patricia Peterson,ryan70@example.net,2026-06-20,False,low,2,3.179233382627399
15,Jonathan White,harrellkenneth@example.net,2025-09-24,False,low,2,10.744592507253346
16,James Martin,georgetracy@example.org,2026-07-29,True,low,0,2.1592183898652486
17,Sandra Parker,allenashley@example.org,2024-11-19,False,low,0,5.807064981251685
18,Mr. Philip Cannon,donnaarroyo@example.org,2025-03-30,False,low,1,4.0380006621243
19,Jenny Lewis,jenniferross@example.net,2026-01-06,True,low,0,5.830804235404148
20,Joseph Martinez,calebsmith@example.net,2025-03-05,True,medium,5,7.657502219319369
21,Benjamin Welch,carlosjohnson@example.com,2024-11-08,False,low,2,0.5
22,Michael Lewis,jenniferkhan@example.net,2025-08-29,True,low,0,4.691035887777533
23,Rhonda Lee,hopkinsmichael@example.com,2025-08-25,False,high,9,11.120460419882052
24,Megan Joyce,brownjessica@example.org,2025-03-18,True,low,1,8.926484224970572
25,Jerry Henderson,steven17@example.net,2024-11-28,False,low,1,6.285645629030041
26,Kimberly Smith,housemelinda@example.org,2025-07-12,False,low,0,5.503866065373549
27,Dr. Steven Martin,gallowayjoseph@example.com,2025-04-14,False,medium,1,6.013135035593347
28,Monica Logan,smoore@example.org,2026-08-27,True,low,2,5.846325216683906
29,Kimberly Adkins,williamsthomas@example.net,2025-01-11,True,medium,3,5.433493415327526
30,Angela Lopez,leonardjoe@example.org,2026-08-07,False,high,7,10.35587696758865
31,Lauren Williams,barnesbrandy@example.net,2025-05-07,False,high,8,11.45257653899775
32,Michael Edwards,randy47@example.com,2026-07-29,True,low,1,5.694802865153278
33,Alexandra Howell,jonesjason@example.com,2024-12-23,False,low,2,2.050636659545357
34,Benjamin Sanchez,eric84@example.net,2026-09-07,False,low,2,5.574169207484904
35,Kendra Contreras,sarah12@example.com,2024-12-11,True,medium,2,6.845796581171792
36,Juan Nelson,jenniferharris@example.net,2026-06-03,False,high,7,11.682303949633287
37,Danielle Odonnell,davisrodney@example.com,2024-10-20,True,medium,4,6.751735222236681
38,Carlos Whitney,joycearnold@example.com,2025-11-02,False,high,10,12.480681635895476
39,Tony Vazquez,amydavenport@example.net,2025-10-26,False,medium,3,9.166102486350553
40,Andrew Diaz,nolanjason@example.org,2026-01-18,True,low,4,6.1076041040698055
41,Justin Baxter,sarayoung@example.org,2026-09-01,False,medium,5,7.330045596218677
42,Sierra Johnson,kimberly63@example.com,2025-01-12,False,low,1,2.2881421643412647
43,Janet Williams,dwalker@example.com,2025-04-29,True,medium,0,6.056136268421133
44,Crystal Johnson,raymondramirez@example.org,2026-08-25,False,low,1,6.177901193934733
45,Martin Ross,sheila14@example.org,2025-11-16,True,medium,1,11.28788817865065
46,Mrs. Linda Reed,samuel81@example.com,2026-07-07,False,medium,3,8.267838044636022
47,Andrew Graham,michaeljones@example.net,2026-07-23,True,low,0,2.45636184448649
48,Mary Martinez,william65@example.com,2026-02-09,True,low,0,7.322603461216309
49,Cheryl Ortega,lbyrd@example.net,2025-11-08,False,medium,5,3.961260068091973
50,Roy Torres,russellcarpenter@example.net,2025-05-11,False,low,0,3.0315318542674974
51,Michael Dixon,donnacampbell@example.net,2025-12-24,True,low,0,4.887638856292456
52,Robert Potter,jeffrey32@example.org,2024-10-21,True,low,1,5.5492681068586736
53,Miss Patricia Gibson,jennifercruz@example.com,2025-03-15,False,low,1,3.1199110266060326
54,Abigail Potter,osbornejeffery@example.net,2025-10-01,False,low,2,4.2614811545721825
55,David Charles,danderson@example.net,2025-10-11,True,low,1,5.294325393574088
56,Emily Fischer,usalazar@example.net,2025-07-26,False,medium,7,7.252189655648058
57,Jill Moore,wcole@example.org,2026-05-24,True,low,0,4.561983735470065
58,Richard Washington,joshuajones@example.com,2025-03-08,False,low,1,2.754600960358812
59,Steven Miller,jessebenson@example.net,2025-02-21,True,medium,3,8.62572423767792
60,Gary Owens,clarkrobert@example.net,2026-08-10,True,low,3,5.259257683847224
61,Spencer Johnston,wsmith@example.com,2026-03-22,False,low,0,7.105719551678652
62,Tiffany Barnes,tracynelson@example.com,2024-10-09,True,medium,5,6.120964249051445
63,Michael Powell,marycalhoun@example.net,2025-10-13,False,low,0,4.648332704976884
64,Leslie Alvarado,dayderek@example.com,2025-01-28,False,high,8,10.73971389126463
65,Garrett Gibson,kathleen64@example.com,2025-03-21,True,low,1,3.3818149816061567
66,Alec Ryan,jeffrey10@example.org,2026-08-13,True,low,2,5.6076261027525165
67,Alex Hernandez,thomaswilson@example.org,2025-08-23,False,low,0,5.118218405229055
68,Jacob Obrien,stricklandfrank@example.com,2024-12-06,True,low,2,5.745083182860959
69,Eric Byrd,tsanders@example.org,2024-11-12,False,medium,3,7.621815131196009
70,Lori Garcia,melissa91@example.net,2026-04-13,False,low,0,6.950712433899104
71,Jeffrey Wood,alexander67@example.org,2025-07-31,True,low,1,6.542276451961829
72,Steven Stevens,ryangross@example.net,2025-04-03,False,medium,3,8.541726202928078
73,Kimberly Webb,lpetersen@example.com,2025-05-11,True,high,6,11.049020348517885
74,Timothy Ramirez,dsanchez@example.net,2025-12-08,False,medium,4,7.995996582490899
75,Allen Rosales,tonykelly@example.com,2025-05-24,False,low,2,2.3205563156384477
76,Meredith Hill,blackjames@example.org,2026-02-26,False,low,1,2.8012147091119557
77,Peter Vaughn DDS,bwest@example.org,2025-04-21,False,high,14,10.852777768416187
78,David Beck,thomas85@example.com,2026-09-16,False,medium,2,6.435557622025577
79,Heather Chavez,john13@example.com,2024-12-14,False,high,10,10.37395258356712
80,Pamela Lopez,joannahill@example.net,2026-09-01,False,low,1,0.8017530549250345
81,Diane Garcia,kennethward@example.com,2024-09-28,False,medium,1,7.484667372166225
82,Denise Mccann,heidi27@example.org,2026-06-17,False,medium,5,11.094797842260476
83,Julie Alexander,tammyking@example.com,2024-12-10,False,low,2,6.116848973699176
84,John Ray,hernandezlisa@example.com,2024-11-19,False,low,1,0.5
85,Justin Butler,kimberlyjames@example.com,2025-04-23,False,medium,4,6.970563482730126
86,Jessica Carroll,lynchjody@example.org,2025-12-19,False,low,2,5.592810859392653
87,Brad Allen,moorericky@example.net,2025-11-26,True,medium,1,7.733196492193697
88,David Mann,ojones@example.com,2026-04-16,False,low,2,2.1202404273452897
89,Mary Peck,owilson@example.net,2025-01-04,True,low,0,2.9394847632551184
90,Charles Brown,brooke94@example.com,2024-12-17,True,low,0,2.4142543354753117
91,Melissa Bender,mkim@example.org,2026-06-30,True,low,0,7.929450265832779
92,Lindsey Johnson,suzannehuff@example.net,2025-11-21,False,low,1,4.070527103943458
93,Phillip Underwood,hinesgregory@example.net,2026-01-07,False,high,5,10.449896605696711
94,Catherine Richards,ecosta@example.com,2025-07-13,False,medium,2,2.3961576705288303
95,Brian Martin,ssteele@example.net,2026-08-09,False,low,2,3.7441648170384667
96,Krista Gibson,johnny16@example.net,2026-05-14,True,medium,2,5.088919118799149
97,Sean Murray,lopezmichael@example.com,2025-12-19,True,low,0,7.3742832701451295
98,Christina Dunn,samuel71@example.org,2026-08-30,False,medium,1,8.763279513898901
99,Cynthia Moore,tranchristopher@example.org,2025-08-21,False,medium,2,9.791463871857129
100,Ronnie Jimenez,william46@example.com,2026-09-04,False,medium,3,4.380701419976203
101,Juan Reyes,michellehill@example.com,2025-05-24,True,low,0,2.8152121515222617
102,Debra Smith,mary97@example.org,2025-08-10,False,low,0,2.2720184606403677
103,Mr. Phillip Bennett,molly39@example.com,2025-03-07,False,medium,2,5.846457338863335
104,Amanda Garner,qhughes@example.net,2026-09-04,False,low,2,5.510782451651512
105,Andrew Shaw MD,sawyerscott@example.net,2026-07-15,False,low,0,2.4734816869149663
106,Charles Pitts,charlesharrington@example.com,2025-05-23,True,medium,2,3.390235798670962
107,Marie Christian,ofinley@example.net,2026-06-28,True,medium,2,5.279173269432095
108,Joshua Williamson II,wendy16@example.org,2026-03-27,False,low,0,3.230888911540349
109,Ashlee Jackson,rebecca05@example.org,2025-04-20,True,medium,5,7.339458568780747
110,Charles Schmidt,georgemiller@example.com,2025-12-15,True,low,2,4.178787838291299
111,Thomas Thomas,dlittle@example.com,2026-01-18,False,low,0,3.3630429786993212
112,Julie Roberts,charleslandry@example.net,2025-04-24,False,medium,5,6.3618859578673135
113,Melissa Bryant,james67@example.org,2025-03-10,False,low,0,4.036836758379104
114,Laura Haney,andrew64@example.org,2025-11-05,False,low,1,7.352874624550566
115,Natasha Williams,swall@example.org,2025-12-05,False,high,7,11.363732510116991
116,Mark Oliver,courtneyberger@example.net,2024-10-16,False,low,0,4.496441172600672
117,Amanda Diaz,christopherphillips@example.net,2025-07-18,True,medium,5,9.573949927699188
118,Richard Walter,alyssa42@example.com,2026-07-18,True,low,2,3.11072488350872
119,Tracy Phillips,linda71@example.org,2026-03-23,False,medium,2,7.341188407161726
120,Michael Craig,zcoffey@example.net,2025-06-12,False,low,1,5.671130796699808
121,Alexis Herrera,vrichardson@example.net,2025-03-28,False,medium,1,10.564327237072158
122,Mark Watson,thomasharvey@example.net,2025-05-15,False,high,8,12.180549238123577
123,Maria Reid,tblankenship@example.net,2025-07-13,False,high,6,13.14199293441051
124,Tracy Torres,pwilson@example.net,2024-12-26,False,low,1,2.834398797174005
125,Michael Paul,umatthews@example.org,2026-06-27,False,high,6,5.606226714116857
126,Sandra Gilbert,antonio53@example.com,2025-08-09,False,high,4,10.891410266964376
127,Jack Pollard,amy50@example.com,2025-04-07,True,high,5,9.43491258953104
128,Tiffany Holloway,batesdarlene@example.net,2026-08-28,True,high,4,12.34856093749355
129,Gavin Zhang,caseyhubbard@example.org,2025-11-20,False,medium,4,7.579684528336936
130,Crystal Schroeder,ramireztracey@example.org,2025-10-17,False,high,4,10.49035746325527
131,Ashley Delacruz,alexistyler@example.org,2025-11-22,False,medium,0,5.591059793080941
132,Derek Martinez,vfox@example.org,2025-09-01,True,medium,2,5.543369700104229
133,Kayla Rodriguez,soniawilliams@example.net,2025-10-04,True,medium,1,8.421919936406983
134,Victor Brown,bboone@example.net,2024-12-05,False,medium,2,7.88852662297208
135,Jill Lam,charlene12@example.com,2025-12-18,True,high,2,11.652266044484236
136,Michelle James,shawn96@example.org,2026-04-20,False,low,1,1.4977728472293936
137,Matthew Rich,russellbeasley@example.com,2025-05-23,False,low,1,1.4391412950074338
138,Jason Davis,qedwards@example.com,2026-08-16,False,medium,3,10.50958836396873
139,Kara Davis,daviscolin@example.net,2025-06-17,False,high,6,9.754290993797433
140,Anthony Frye,elizabeth65@example.net,2026-08-06,False,medium,2,6.163713931981457
141,Thomas Williams,caroline51@example.net,2025-09-23,False,low,0,0.7408140280473456
142,John Boone,megan51@example.com,2025-11-11,False,medium,2,8.103727310619002
143,Sarah Villegas,lynchdiane@example.net,2025-04-01,False,low,2,1.9924842168732586
144,Michael Parker,michael22@example.net,2026-01-11,False,high,5,12.020592779164646
145,Patrick Bonilla,reesejason@example.com,2025-08-15,True,medium,2,5.048253494045334
146,Eric Nguyen,wareeric@example.net,2024-10-24,False,medium,4,9.10728359321568
147,Jeremy Coleman,nperry@example.net,2024-12-10,False,low,0,9.12016907653759
148,Douglas Gregory,trose@example.org,2025-02-26,False,low,0,3.8078802005507004
149,Mrs. Christine Dougherty,kathrynroberts@example.org,2024-09-23,False,low,1,0.8840953646466643
150,Casey James,vincentwhitaker@example.com,2024-11-09,False,medium,3,6.199237279633364
151,Amanda Smith,atkinsbarbara@example.net,2025-07-10,False,low,0,3.8511331417999073
152,Donna Sullivan,george97@example.net,2026-07-22,False,low,3,5.241344195101356
153,Ryan Sanchez,zwarren@example.com,2026-03-17,False,medium,2,8.63696946927708
154,Richard Jones,schmidtjames@example.com,2025-06-01,False,low,0,4.267695308492
155,Maria Hernandez,thomasjames@example.net,2025-01-07,False,high,8,8.915030251545723
156,Angela Bean,kmarshall@example.net,2025-08-12,True,medium,3,9.55585365847633
157,Kristy Reid,michelle52@example.com,2024-11-06,False,medium,2,7.164567978550848
158,Eric Hill,bellcharles@example.com,2025-08-14,False,high,12,13.130960750130702
159,Ronald Jones,gilbertwilliam@example.com,2025-11-16,False,low,0,1.9917184664958643
160,Nancy Williams,marcalvarez@example.org,2026-08-19,True,low,2,2.464404869791743
161,Robert Monroe,wagnergerald@example.org,2026-02-17,True,medium,3,11.619445510812373
162,Kelly Bishop MD,paul59@example.org,2026-04-17,False,low,0,2.6722061729066686
163,Andrea Davis,umitchell@example.net,2026-08-23,False,high,5,9.725225745386965
164,Brittany Miller,sabrinacollins@example.net,2026-02-10,False,low,3,6.378033062215104
165,Kurt Hurley,angelica52@example.net,2026-02-13,False,low,1,2.895553911438057
166,Yolanda Gaines,lucasrodney@example.com,2024-10-01,False,low,1,5.265863635511022
167,Trevor Peterson,ilee@example.org,2024-11-13,False,low,0,5.086998205578683
168,Ashley Wise,stanleynancy@example.net,2024-12-22,True,medium,2,9.16721930781094
169,Christopher Guerra,jenniferwilliams@example.com,2026-01-25,False,medium,1,5.964777401927657
170,Jeremy Mitchell,pyoung@example.com,2026-08-24,False,high,15,11.447575903277796
171,Stephanie Lee,smurray@example.com,2025-09-20,False,medium,3,6.665763839366291
172,Christopher Gonzalez,moniquewilliams@example.com,2026-06-18,False,low,0,4.293427372866645
173,Ashley Singleton,mitchellkathryn@example.com,2025-08-12,False,medium,1,8.6355053917521
174,Sandra Davis,lisawilkerson@example.org,2025-07-18,False,high,9,8.021213880701389
175,James Hughes,brooksanthony@example.org,2026-05-24,True,high,5,7.380082198038588
176,Raven Taylor,samantha72@example.net,2025-08-26,True,medium,6,8.93002992212646
177,Susan Smith,marydunn@example.net,2025-12-07,False,low,2,0.5980128961224929
178,Ricardo Young,williamsrobert@example.net,2025-08-18,False,high,5,10.187014246607475
179,Taylor Carlson,chenbailey@example.net,2024-12-31,False,medium,2,8.300402355917322
180,Lucas Allen,qlopez@example.org,2025-10-05,False,low,1,3.801648272441234
181,Troy Stephens,myerstheodore@example.net,2025-06-27,False,high,4,12.90100551056525
182,Paul Kelly,cooperjessica@example.net,2024-12-02,False,low,0,3.3140483433947416
183,Nicole Anderson,amy27@example.net,2025-09-02,False,high,7,10.820528611425546
184,Chad Baldwin,mjohnson@example.org,2026-04-19,True,low,1,6.880234430898946
185,Emily Collins,ihays@example.com,2025-03-22,False,low,0,0.8171907050074232
186,Cheryl Kelly,glennmartin@example.org,2026-04-25,False,medium,1,8.129402125072312
187,James Gonzales,lmorgan@example.com,2026-02-05,False,low,1,6.04704304493132
188,Robert Adams,acostachristian@example.net,2026-09-15,False,high,3,8.812742107873209
189,Edward Garcia,donna47@example.net,2026-02-24,True,high,5,9.247362664051638
190,Jeremy West,christina64@example.net,2026-09-04,True,low,0,4.075320466335875
191,Angela Walsh,william20@example.org,2026-05-31,True,low,2,3.0130743672719684
192,Jessica Martinez,kimberlydiaz@example.com,2026-08-13,False,low,1,3.1100333572522807
193,Christian Cole,nathan19@example.org,2025-10-10,True,high,11,11.80268725404958
194,Matthew Wright,johnsonjacob@example.net,2025-06-27,True,medium,1,11.365014048354174
195,Deborah Green,nlewis@example.com,2026-02-07,False,low,0,5.0456709760709995
196,Mrs. Brandy Jones MD,zosborn@example.net,2026-08-26,False,medium,6,5.852599992122842
197,Miss Michelle Pierce,patricia22@example.com,2025-09-24,True,medium,0,6.48524692515331
198,Curtis Taylor,jjohnson@example.net,2025-06-14,False,high,7,7.66283185224482
199,Kristen Salazar,jonesraymond@example.net,2026-02-25,False,low,3,5.304645756826839
200,Patricia Morrow,martinezlogan@example.org,2025-08-12,True,high,9,7.847215686031501
201,Haley Humphrey,katrinaanderson@example.net,2026-07-15,False,high,7,8.41063704855819
202,Caleb Hernandez,fernandodonovan@example.org,2025-05-28,True,medium,3,9.321653574757038
203,Stephanie Singleton,james84@example.org,2025-12-18,False,low,0,3.481499114839549
204,Anna Davidson,georgeweber@example.net,2025-05-22,False,low,1,6.467373842752071
205,Amanda Shields,williamsdarlene@example.net,2025-03-30,True,low,2,4.763870904463107
206,Kenneth Montgomery,jimenezcourtney@example.com,2025-12-31,False,medium,1,7.8600832943821395
207,David Aguirre,eevans@example.net,2024-10-31,True,low,2,3.7381680544605014
208,John Harris,larryhiggins@example.net,2026-09-10,False,high,5,8.930090270935734
209,James Hodges,floressteven@example.com,2025-08-12,False,high,6,13.216365633475032
210,Anthony Dougherty,kwright@example.com,2026-08-01,False,low,1,1.9201881457489383
211,Cheryl Moore,tjimenez@example.com,2024-10-04,False,medium,6,8.92593105822826
212,Kathy Levy,brandywilliams@example.com,2025-09-14,True,medium,5,7.615241510902104
213,Martha Ruiz,booneryan@example.com,2026-03-03,True,medium,2,6.871723306814014
214,Holly Morales,michaelroberts@example.com,2025-09-21,False,high,11,11.657524820606962
215,Diana Hays,andersoncolin@example.com,2026-04-22,True,medium,2,5.229673002000305
216,Todd Fischer,carriemorales@example.org,2024-10-21,True,low,1,7.105123630979284
217,Gary Wells,ghernandez@example.org,2025-05-15,False,low,2,5.963530973983189
218,Carla Ewing,brittney88@example.net,2025-09-11,False,medium,0,6.350337232982755
219,Karen Smith,emily69@example.com,2026-04-23,False,low,1,8.65723801684313
220,Melissa Johnson,pbaker@example.net,2025-11-14,False,medium,2,8.450302798763483
221,Lauren Jackson,rhernandez@example.org,2024-10-11,True,low,2,3.6222066244310493
222,Ashley Smith,robert63@example.com,2025-09-19,False,low,0,5.106146552880959
223,Kaitlyn Charles,thorntonapril@example.net,2025-05-13,False,low,2,7.029035125179163
224,Kelly Edwards,stevepatel@example.net,2025-06-03,False,low,0,5.546166378355053
225,Michelle Schneider,chelsea33@example.com,2025-10-30,False,low,0,7.6932530016609455
226,William Evans,janet75@example.com,2025-05-30,False,low,0,4.4445654349165675
227,Rebecca Hill,berryamy@example.com,2026-05-09,False,high,9,8.194789456400613
228,Regina Roberts,stephanie15@example.com,2026-01-10,False,medium,3,10.499153486373878
229,Cindy Clayton,sarah42@example.org,2025-12-12,False,medium,2,11.44539125827015
230,Dana Santiago,danawilliams@example.com,2025-05-17,False,low,1,1.524358111825768
231,Michael Taylor,richarddonovan@example.com,2025-09-02,True,low,2,2.885016429984333
232,Victor Morris,velezchristopher@example.net,2025-03-06,False,medium,3,4.2603940408418435
233,Sarah Johnson,robertmonroe@example.org,2026-09-16,False,low,2,4.6053706979919715
234,Jon Zuniga,nancy04@example.net,2025-12-02,True,medium,1,5.931703300623807
235,Frances Gibson,ismall@example.net,2025-08-26,True,high,5,9.756363398987217
236,Brian Martin,twong@example.org,2024-09-28,False,medium,3,8.402746129678446
237,Edward Craig,gregorychase@example.com,2026-05-15,False,medium,4,8.116653825043445
238,Angie Caldwell,tinawoods@example.org,2024-09-22,False,low,0,4.152010782824823
239,Jeremy Adams,kevin90@example.com,2026-01-08,True,medium,6,4.815374470654842
240,Amy Wilson,erik84@example.net,2024-12-12,False,high,8,10.367183100610395
241,Elizabeth Mendez,susanmendoza@example.com,2026-03-18,True,medium,2,3.327589253793407
242,Jennifer Dunn,ztodd@example.net,2026-05-14,False,low,1,5.015982653825088
243,Melanie Larson,foxallison@example.com,2024-11-14,False,high,11,10.650080486609182
244,Amy Kelley,ashleyhernandez@example.com,2026-06-04,False,low,0,2.4885096810143104
245,Michael Love,gdavis@example.com,2026-05-02,False,high,9,10.256574193414199
246,Jose Bryant,hansenemily@example.com,2026-02-28,True,low,0,2.0153734679278115
247,Robert Reese,williamsmelvin@example.org,2025-10-18,False,high,7,14.061501664687395
248,Steven Andersen,ajohnson@example.org,2026-04-03,True,low,1,6.437523703394634
249,Veronica Brewer,ybrooks@example.com,2026-06-15,False,low,0,2.8727019451473153
250,Jaime Vega,desireebailey@example.org,2026-09-13,False,low,0,3.178137687401632
251,Cameron Irwin,avilatiffany@example.com,2026-01-23,True,medium,5,1.8921577301960903
252,Kim Morrow,stevenmoore@example.org,2026-08-04,False,low,1,5.868639822478547
253,Ashley Pacheco,bmendez@example.org,2025-02-15,False,low,3,2.846979198546561
254,Andrew Harper,sanchezbradley@example.com,2025-03-08,True,low,1,0.5
255,Scott Brown,jim95@example.net,2025-11-29,True,medium,0,5.011787533915615
256,Erica Turner,valerieboyd@example.com,2025-04-25,False,medium,2,6.938122005688752
257,Travis Hobbs,conniesimmons@example.com,2024-10-22,False,low,1,1.2561977141372873
258,Mason James,heather62@example.com,2025-06-20,False,low,3,0.7728772042465177
259,Kara Atkinson,meredith27@example.org,2025-11-03,False,medium,2,6.82331468198181
260,Kristin Anderson,jonathanrivera@example.org,2026-07-24,False,medium,3,8.842699205972993
261,Anna Hardy,brettbennett@example.net,2025-12-02,True,medium,3,7.473922831424085
262,Chelsea Gill,timothybooth@example.com,2025-04-27,True,low,0,3.0903593682230937
263,Christy Lee,burgesskaren@example.org,2026-02-08,False,high,6,11.565087052213586
264,Jennifer Allen,kimberly67@example.net,2026-01-05,True,medium,0,5.584294646513634
265,Ian Andrade,ugarcia@example.com,2026-03-28,False,low,0,5.214262201567237
266,Dale Edwards,hartjeffrey@example.org,2024-09-29,True,low,0,6.62231777263621
267,Lauren Cortez,elijah53@example.com,2025-11-08,False,medium,2,9.911237380162234
268,Juan Harding,jonathan77@example.com,2025-01-18,False,medium,2,10.598543150038
269,Caroline Cortez,iwhite@example.net,2026-08-18,True,high,7,11.614813395618201
270,Sara Jones,duranrobert@example.net,2025-03-06,False,low,3,5.6314744250785935
271,Alexa Wagner,bruce97@example.net,2025-09-09,False,medium,5,7.799375903505283
272,Juan Smith,amanda40@example.net,2026-05-05,True,medium,6,5.697286212416342
273,Renee Browning,hullalice@example.org,2025-02-05,False,medium,4,6.58195348542795
274,Robin Adams,zmiller@example.com,2025-11-05,True,medium,3,5.2989590915814
275,Courtney Sutton DVM,davisnicholas@example.net,2025-08-31,False,low,1,2.43020337383552
276,Michele Miller,vnewman@example.net,2026-09-02,False,high,9,12.296560867687718
277,Stephanie Ellison,jasonparrish@example.net,2025-08-31,False,low,1,0.9486873708598105
278,Benjamin Frost,whitemelissa@example.org,2026-08-21,True,medium,3,9.525168206854364
279,Nicole Marquez,thickman@example.org,2025-11-04,False,medium,4,6.985914402150529
280,Sarah Rhodes,patrick21@example.net,2026-03-16,True,low,0,6.624817243485264
281,Brent Hall,petersonkayla@example.net,2025-07-04,False,medium,3,5.56635535879439
282,Alyssa Nelson,whenry@example.net,2026-08-06,True,low,4,0.5
283,Michael Guerrero,bartonkenneth@example.org,2026-02-21,False,low,1,6.294818660383212
284,Christian Dawson,jodistewart@example.org,2024-11-23,False,low,1,3.3915522376563723
285,Jill Juarez,andersonjacob@example.com,2025-10-30,False,low,0,4.281772493822408
286,Ashley Davis,carlsonkristen@example.com,2024-09-27,False,low,0,0.5
287,Richard Hardy,ashleyjackson@example.com,2025-01-19,False,low,1,3.61577789455712
288,Derrick Thomas,ryanfisher@example.com,2026-04-13,True,low,0,6.780999562481494
289,Tony Le,mwheeler@example.com,2024-12-05,False,medium,3,5.003229121623417
290,Travis Cook,vbrock@example.com,2025-05-20,False,medium,2,7.6035837996389315
291,Shannon Mccann,kevinmorrison@example.net,2025-02-11,True,low,0,3.5470422161969464
292,Vincent Novak,jessica79@example.org,2025-05-14,False,low,1,4.734731013632356
293,Richard Diaz,brittanygardner@example.net,2026-04-02,False,low,0,4.203288575379021
294,Nicholas Hahn,samuelcarter@example.net,2024-11-07,False,low,1,1.7379472170161137
295,Rebecca Chambers,cynthiaallen@example.net,2025-01-08,False,medium,2,3.8749082862269146
296,James Cole,iaguilar@example.net,2026-07-25,False,medium,2,5.941894645307411
297,Jennifer Johnson,jacqueline89@example.net,2026-07-18,False,medium,3,6.146485766235292
298,David Ortega,deborahwilliams@example.net,2026-01-26,False,low,1,2.916330024662717
299,Paul Sheppard,grodriguez@example.com,2025-02-27,False,low,1,4.758964114331015
300,Kristin Watts,seanmyers@example.net,2025-11-22,False,low,1,7.623009625187033
301,Haley Johnson,phillipssamantha@example.org,2024-12-11,False,high,8,9.70807164175093
302,Brenda Collins,hmueller@example.com,2025-05-30,False,low,2,2.401615986699493
303,Nathan Chavez,evanslisa@example.org,2024-10-04,False,high,6,12.766219554294318
304,Brian Marsh,zacharyarnold@example.com,2025-11-01,False,medium,3,6.8443256059743955
305,Crystal Sullivan,jacobsandoval@example.com,2024-10-09,False,medium,2,7.7251416300529705
306,Christina Vargas,nsmith@example.org,2025-04-09,False,medium,3,9.73684390894535
307,Rebecca Ray,michaelgonzalez@example.org,2025-03-28,False,medium,5,5.906985210982491
308,Kelsey Fowler,lcarr@example.org,2025-05-30,False,high,8,9.968565860133996
309,Lisa Cervantes,samantha91@example.net,2024-12-24,False,high,5,13.374772103129501
310,Eric White,williambarnes@example.org,2025-11-12,False,medium,2,12.179127284037227
311,John Medina,angelaburns@example.org,2025-02-01,False,high,10,12.681240053009105
312,Lisa Glenn,washingtonjames@example.com,2026-08-23,True,low,0,5.093467136402759
313,Kathleen Cohen,cmckinney@example.com,2025-01-18,False,low,2,5.996621796295921
314,Rebecca Walker,hillamanda@example.org,2026-04-11,False,low,1,3.136759374563903
315,Patricia Simpson,armstrongjoseph@example.net,2026-05-12,False,medium,1,7.566575743092284
316,Rodney Williams,bpayne@example.org,2026-03-10,False,low,0,3.482190052591845
317,Danielle Golden,colemichael@example.org,2025-08-04,False,medium,2,8.02781569931783
318,Patricia Young PhD,michelle96@example.org,2025-12-12,False,high,10,11.359163563879196
319,Robin Trujillo,amanda98@example.org,2025-05-12,False,low,0,2.9293436280921545
320,Donna Adams,taylorkaren@example.com,2026-07-21,False,medium,4,6.818933435391679
321,Sharon Martinez DVM,dustinmorris@example.org,2026-03-28,True,medium,4,7.734574626802681
322,Katherine Ray,courtney67@example.org,2025-12-25,True,low,0,7.676367353590244
323,Anna Robertson,heather57@example.com,2025-05-15,False,low,1,6.100221192217829
324,Raymond Oconnor,sreid@example.com,2026-06-01,False,low,2,2.2720975571583883
325,Jennifer Donaldson,troymorris@example.com,2025-05-22,True,high,3,11.140104326226362
326,Kylie Washington,patricia00@example.org,2025-12-19,False,low,1,6.3237566052163805
327,Alexis Noble,scottsmith@example.com,2025-02-12,False,low,3,0.5
328,Bonnie Santos,nancymcdowell@example.org,2026-01-09,False,low,3,5.3557506390618155
329,Jacob Mckee,brettgarrett@example.net,2026-02-11,False,medium,4,6.486824139635653
330,Matthew Padilla,lewischristian@example.net,2025-03-02,False,medium,4,2.1944921302006257
331,Alexandra Dominguez,mcneilrobert@example.org,2025-09-02,False,low,1,3.14139555096548
332,Brandon Shaffer,edwardsnicole@example.org,2025-06-24,False,high,6,9.615158040252288
333,Shelly May,caseyelliott@example.net,2026-01-06,True,low,0,3.381581845900273
334,Nathan Fuller,samanthajensen@example.com,2026-06-08,False,medium,4,5.495687188818834
335,Brian Goodwin,bbell@example.com,2026-04-19,True,medium,6,5.583186466179074
336,Matthew Wright,kimberly04@example.org,2025-10-01,False,low,3,0.9725712147743457
337,Nicole Phillips,bowerslaura@example.org,2025-09-14,False,medium,1,6.033877896633121
338,Jonathan Wheeler,hatfieldsarah@example.org,2025-06-27,True,low,2,4.293586023971098
339,Jennifer Payne,kathrynbest@example.org,2024-09-30,False,low,1,7.042796995663844
340,Dennis Williams,fryraymond@example.com,2025-12-21,True,low,0,3.0181251002572695
341,Jennifer Miles,davidsonamanda@example.org,2025-04-08,False,high,5,12.90627326782649
342,Jorge Harris,amandamyers@example.net,2026-03-29,True,medium,2,7.574248330403648
343,Maria Collins,pblair@example.org,2025-03-15,True,low,1,9.356219747276786
344,Audrey Salazar,parkerjudith@example.net,2025-01-24,True,low,1,3.028697647818656
345,Chad Smith,hbenton@example.net,2026-04-13,False,medium,4,9.001164636085957
346,Carol Martinez,jessica10@example.com,2026-04-30,False,low,3,2.6587595818467102
347,Austin Joseph,crawfordwilliam@example.org,2025-09-18,False,low,1,6.065092408683315
348,Holly Scott,shannonemily@example.org,2025-03-03,True,low,1,6.253410273655167
349,Amanda Roy,brandoncox@example.org,2025-01-26,False,high,4,10.698788161126313
350,Amanda Pratt,pwalker@example.com,2026-07-19,False,low,1,2.572492287458698
351,Roger Duncan,shawrachel@example.org,2025-02-28,False,low,1,3.9080599841657095
352,Amber Morales,xcline@example.com,2025-05-15,False,low,2,1.7066705709581926
353,Aimee Gonzalez,jodi37@example.com,2025-11-24,False,low,0,0.5
354,Raymond Gonzalez DVM,edwardrandolph@example.org,2025-03-07,True,high,12,10.290025431773424
355,Ryan Wiley,aaron64@example.org,2025-02-14,False,medium,4,4.477090332689782
356,Mrs. Tonya Kaufman,jenniferdavis@example.org,2026-07-05,False,high,9,9.269921547302014
357,Mercedes Watson,carpenterwilliam@example.net,2026-05-10,False,medium,2,12.28868669403407
358,Keith Graham,joelgreen@example.com,2026-07-26,False,low,2,0.9940593432096936
359,Ronnie Nguyen,enelson@example.org,2024-12-26,True,high,9,11.510546774827127
360,Ashley Garcia,aowens@example.org,2025-10-14,True,low,0,6.091793430991739
361,Christine Parker,melissa12@example.net,2025-04-28,False,medium,6,7.829397057461773
362,Lindsey Lewis,eddie35@example.com,2025-09-28,True,high,7,13.983839292690545
363,Debbie Ewing,cranemelissa@example.net,2026-03-18,False,medium,1,10.914127281083282
364,Joel Lara,davidbrown@example.org,2024-12-22,False,medium,1,6.517171179159588
365,Jacqueline Mccoy,aguilarjonathan@example.org,2024-10-03,False,low,0,5.906250090752174
366,Steven Ramos,christopherboone@example.com,2024-12-16,True,low,3,5.026170840194586
367,Amber Glass,zunderwood@example.com,2024-10-09,False,medium,4,5.359517341102597
368,Carrie Lewis,joshuagriffin@example.org,2024-10-13,False,low,0,3.951944283838792
369,Danielle Phillips,eandrade@example.org,2024-11-21,True,low,2,4.06038157442031
370,Jason Day,crystalpham@example.org,2026-09-11,True,low,2,5.217214884713481
371,Heather Stephens,kcooper@example.net,2025-05-11,True,low,1,2.4617153004254035
372,Alexander Harper,huangkimberly@example.org,2026-05-02,False,medium,4,5.120193797782271
373,Hunter Silva,terrigarcia@example.net,2025-03-13,False,medium,3,7.015928565294661
374,Raven Mclaughlin,barbaramcgrath@example.com,2025-06-04,False,low,1,6.007419047621355
375,Sarah Thompson,linda59@example.org,2026-02-14,True,medium,5,5.522394262539557
376,Keith Thomas,marycochran@example.com,2025-10-19,True,low,0,5.779832665130337
377,Andrew Brown,andrewwoods@example.com,2026-07-20,True,medium,2,5.747619935556867
378,Carlos Love,brian29@example.net,2026-07-20,False,low,0,4.030757962744211
379,Sarah Valencia,brookssheri@example.com,2025-11-20,True,medium,3,4.30825815305357
380,Frank Daugherty,fconner@example.net,2025-05-07,False,medium,6,5.361484280557004
381,Kristina Preston,jeffrey92@example.com,2025-04-30,False,medium,3,8.04448736249602
382,Bethany Daniel,xrosales@example.net,2024-10-11,False,medium,4,5.367192027797916
383,Tammy Ponce,daniellegarcia@example.com,2024-12-29,False,medium,0,7.8158500350285705
384,Cynthia Haas,daisymccarty@example.net,2026-01-20,False,medium,2,6.750048427283468
385,Gabriela Smith,johnjones@example.com,2026-04-16,True,low,1,4.65348952920464
386,Amber Kim,acosta@example.com,2026-06-24,False,low,2,4.600948719221657
387,James Poole,franciscojones@example.org,2025-04-21,False,medium,1,9.54918375058703
388,Trevor Jones,pamelamartin@example.org,2025-10-22,False,low,1,5.620124608105383
389,Anna Wheeler,bbush@example.net,2025-01-16,False,low,0,2.911771995771615
390,Brooke Garcia,terriortiz@example.net,2026-02-27,False,low,0,3.6744141878554117
391,Deborah Campbell,codylong@example.net,2026-05-24,True,medium,2,6.542800169319963
392,Isaac Patterson,madison97@example.org,2024-11-27,False,low,1,2.0113012507829753
393,Mark Rowland,tanthony@example.com,2025-08-28,False,low,2,6.10722479848732
394,Deborah May,ylopez@example.com,2025-02-01,False,medium,2,5.553074382259425
395,Jeremiah Baker,anne21@example.org,2026-01-19,False,medium,1,7.203712590523973
396,Jennifer Avila,angelarandall@example.net,2025-07-21,False,low,0,7.098040302990375
397,Sharon Wells,thomasmiller@example.net,2024-10-13,False,low,2,4.346683328740816
398,Kellie Duncan,davidtodd@example.org,2026-08-12,False,medium,2,7.487906395817
399,Daniel Lee,hendersonvanessa@example.com,2025-02-12,True,low,1,2.609912679700521
400,Brittany Larson,renee11@example.com,2025-10-29,False,high,7,10.9176610461749
401,Shannon Stone,buchanancindy@example.net,2026-04-12,False,low,2,4.99644349699357
402,Chase Knight,buckleyanna@example.org,2026-04-15,False,low,0,6.2802980770425325
403,Sheryl Humphrey,patrick79@example.net,2025-08-29,False,low,0,5.974669033178204
404,Jamie Montgomery,vwilliams@example.net,2025-03-10,True,medium,1,6.848097952714954
405,Tammie Prince,morganlaura@example.com,2025-04-10,False,medium,3,11.04721243845928
406,Michael Garcia PhD,kevinmanning@example.com,2025-04-02,True,low,2,4.013599689119996
407,Matthew Lopez,robinrussell@example.com,2026-03-27,True,low,0,1.1520856950997098
408,Samantha Robertson,cameronmckinney@example.com,2024-12-26,False,low,3,3.4666953415311705
409,Sherry Johnson,nancygonzalez@example.org,2025-03-19,True,high,11,11.85177441238607
410,Thomas Bush,micheal78@example.com,2025-12-26,True,medium,4,7.038295554831504
411,Andre Watson,ethompson@example.net,2025-10-26,False,low,2,1.499184532060565
412,Ryan Green,mitchellpaul@example.org,2026-06-04,False,low,1,5.209030652710734
413,Cindy Walker,ericaadams@example.com,2025-09-28,True,low,1,3.2833196959575552
414,Tracy Fleming,pbuck@example.org,2025-12-01,False,low,1,2.704916388729681
415,David Trujillo,jennifer46@example.com,2026-06-02,False,medium,6,7.812954954476837
416,Daniel Turner,asilva@example.net,2026-09-18,False,low,0,0.8407689851882463
417,Sara Hoffman,kenneth17@example.org,2025-05-21,False,low,0,0.9474580065555758
418,Frederick Hill,jacob83@example.org,2026-04-29,True,low,0,4.065151154817124
419,Lindsay Guerrero,jenniferrios@example.com,2025-03-26,True,high,13,8.097648619896882
420,James Johnson,matthewreeves@example.net,2025-10-13,True,medium,3,6.975822104307891
421,Susan Powers,megan82@example.com,2024-11-28,False,low,1,4.873477103467018
422,David Stokes,staceylam@example.net,2024-11-22,False,low,2,4.808589509923395
423,Patrick Parker,nathan94@example.com,2026-06-02,False,high,3,12.380473600760546
424,Sean Silva,kennedyjames@example.org,2026-06-14,False,low,0,0.5
425,Edwin Brown,derrickgonzalez@example.com,2026-09-09,False,low,0,6.43474713950326
426,Victoria Thomas,kimberlyfreeman@example.net,2026-09-09,False,medium,4,8.641110838012747
427,Anthony Hayes,kathleenjackson@example.org,2025-09-10,False,low,3,7.477799327595157
428,Anita Mendez,epowell@example.com,2024-09-21,False,low,1,5.957716101563591
429,Monica Dodson,katherine83@example.org,2026-01-25,False,medium,1,8.300900185072278
430,Danielle Steele,larry16@example.net,2025-11-22,False,low,1,0.9938393964803636
431,Rodney Evans,stephen89@example.net,2025-05-22,False,medium,7,8.331848504108923
432,Whitney Cooper,mhoward@example.org,2026-08-12,False,low,0,4.843173221228911
433,Jennifer Perez,jasonjohnson@example.net,2025-01-19,False,low,4,3.988807962341907
434,Matthew Johnson,kelsey90@example.net,2026-09-15,True,low,2,5.337483311185025
435,Martha Smith,butleromar@example.net,2025-03-21,False,low,0,0.9642525066383811
436,Christine Jennings,turnerdorothy@example.net,2025-10-03,False,medium,2,6.285941598386781
437,Mercedes Barnes,huntchristine@example.com,2024-12-10,False,medium,4,6.042325087983191
438,Craig Gonzalez,marie35@example.net,2025-07-14,False,low,2,2.2744484719137588
439,Joshua Lozano,arivera@example.org,2026-01-21,False,medium,2,6.261445721507593
440,Sara Caldwell,stacychan@example.org,2026-02-28,True,medium,3,7.286776934684502
441,David Hall,joseph01@example.org,2026-06-18,False,medium,2,10.62668790396555
442,Heather Rhodes,grodgers@example.org,2024-09-25,True,low,1,2.6851356848937242
443,Matthew Murphy,rfriedman@example.net,2024-11-24,False,medium,3,6.411470256412887
444,Catherine Morales,ynelson@example.net,2026-06-01,False,low,1,2.9439260042940893
445,Mariah Robles,andersonjessica@example.org,2024-12-02,True,medium,2,8.780396822249573
446,Karen Carroll,ywhite@example.com,2025-12-08,False,low,1,6.070498669447505
447,Sheryl Acosta,timothyfreeman@example.com,2025-08-06,False,low,0,5.896892699723071
448,Matthew Smith,tiffanysantiago@example.com,2025-10-02,False,high,4,8.428090452570348
449,Lisa Reynolds,timothyalvarado@example.net,2025-06-26,False,medium,2,9.379822794482335
450,Kristin Huerta,smithsarah@example.net,2026-05-31,False,medium,4,9.027351481087727
451,Sheila Jones,vflores@example.com,2024-10-24,False,low,2,7.32863419624927
452,Mason Powell,christianwallace@example.net,2025-08-11,False,medium,0,8.449447715788517
453,Jillian Wilson,bmcgee@example.org,2025-07-09,True,medium,4,5.271217858171639
454,Joshua Petersen,pamela83@example.net,2026-01-21,False,medium,2,6.71814417144476
455,Heidi Brown,meganrivera@example.net,2025-11-30,True,medium,4,7.71836609838416
456,Heidi Chavez,malonejeffrey@example.com,2025-06-04,True,low,0,5.135883486150264
457,Rebecca Kelley,jacqueline02@example.com,2024-12-29,True,low,0,7.41002829441406
458,Mikayla Rodriguez,jacobconrad@example.com,2025-02-22,False,medium,4,6.398393375566142
459,Cheryl Morgan,owilliams@example.net,2025-11-22,False,high,6,11.307663832156514
460,Joanna Barrett,tamarasmith@example.net,2024-10-23,True,medium,5,8.532934736223192
461,Sara Webb,heatherthompson@example.org,2024-12-02,False,low,1,5.076648044793853
462,Lisa Morris,mbarnes@example.net,2026-03-29,False,low,0,4.368495827888205
463,Victor Waller,iballard@example.com,2025-12-02,True,low,0,2.6192267477226476
464,Kayla Cameron,jennifer83@example.org,2025-02-18,False,low,0,4.008186015350913
465,Melissa Morse,tinasantos@example.org,2025-09-21,False,medium,2,8.085408795953448
466,Erica Wilson,anna99@example.net,2026-02-19,False,high,5,8.922280420426238
467,Stephanie Ferguson,hstokes@example.org,2024-10-06,False,medium,6,7.171786012586661
468,Michael Gonzalez,tonyavega@example.org,2026-05-24,False,high,8,6.56139925450493
469,Elizabeth Molina,howardshaun@example.net,2026-06-14,False,medium,3,4.925964861224467
470,Sharon Newton,yyoung@example.net,2025-04-16,True,low,0,5.487631397000916
471,Tammy Hughes,tammy00@example.net,2025-03-20,False,medium,2,6.437960705456828
472,Priscilla Berg,rhondabush@example.net,2025-06-13,True,low,0,4.849932232495091
473,Nancy Gonzalez,kellythompson@example.net,2024-11-11,False,medium,1,4.244764998491526
474,Nancy Wilson,pattersonangela@example.org,2025-01-13,False,low,1,2.8704519916581157
475,Abigail Owens,billmcfarland@example.net,2024-10-25,False,low,2,4.00089098837509
476,Lisa Stanley,jtyler@example.com,2024-11-10,False,low,1,1.4056627562302473
477,Kelly Krueger,hartmanerik@example.net,2025-10-15,False,low,0,2.2093073552739515
478,Daniel Lewis,mark43@example.net,2025-10-10,True,medium,3,6.183798321679559
479,Samantha Zavala MD,sean99@example.org,2026-08-19,True,low,1,9.241586182059951
480,Erica Moon,cruzamber@example.com,2024-10-06,False,medium,1,4.776065948451673
481,Patricia Robertson,stucker@example.net,2025-02-05,False,medium,6,7.6674557271237465
482,Tiffany Jackson,simsjason@example.net,2026-04-06,False,high,5,10.404778075766611
483,Jessica Garcia,elucas@example.net,2026-02-01,False,high,5,10.410441431400512
484,Mitchell Johnson,brownlaura@example.net,2024-11-08,False,high,4,13.69235652725325
485,Susan Russell,bmccoy@example.com,2024-09-30,False,low,2,3.582091689551972
486,Kimberly May,avilabrenda@example.net,2026-05-31,False,low,2,8.220271164171246
487,Jonathan Roberts,catherine47@example.com,2025-07-03,False,medium,4,9.148494467889321
488,Kara Ferguson,julierobles@example.net,2025-04-21,True,medium,6,10.052372634723323
489,Elizabeth Eaton,susan08@example.net,2024-12-30,False,high,6,9.483829346625601
490,Kenneth Long,torreskaitlin@example.net,2025-05-27,False,low,1,2.6252313758185997
491,Matthew Hunt,jackjensen@example.com,2025-02-07,False,low,1,6.216675373274301
492,Robert Phelps,enewman@example.com,2026-01-22,False,low,0,5.193565559349953
493,Craig Carpenter,michael31@example.com,2025-12-14,False,high,6,13.089027972486921
494,Emily Hayes,heather29@example.net,2025-06-11,False,medium,1,8.074356855251521
495,Jeffrey Smith,kristenjoseph@example.net,2025-08-02,False,medium,1,6.334725363298082
496,Brandy Quinn,wford@example.com,2025-09-08,True,medium,7,7.983084241754618
497,Matthew Miller,michele28@example.org,2025-03-29,True,medium,1,9.322797574862813
498,Angela Jones,atkinsoncrystal@example.net,2025-11-15,False,medium,2,5.377485761725615
499,Christy Johnson,amy87@example.net,2026-04-07,True,low,0,6.42959411378877
500,Daniel Barton,dennis88@example.org,2025-07-05,False,medium,2,5.804862728466068
501,Mary Charles,katherinetaylor@example.org,2025-01-26,False,medium,1,7.773617041378405
502,Mary Faulkner,ccrosby@example.org,2026-03-28,False,medium,7,9.181960850371933
503,Dennis Young,aprilmoody@example.com,2025-08-27,False,low,2,1.0583898366534656
504,Anthony Hooper,dakota84@example.net,2025-03-29,False,high,9,11.282338597383083
505,Carrie Valdez,briana18@example.com,2025-06-20,False,low,2,2.515031534923232
506,Kelli Gomez,tommy79@example.org,2025-09-19,False,medium,3,6.029388329264263
507,Christopher Jones,jason22@example.com,2025-12-02,True,medium,0,8.046158008004788
508,Mary Perry,jennifer77@example.com,2025-02-19,False,medium,5,9.661734360734336
509,Roy Johnson,andersonbrittany@example.org,2025-12-22,True,medium,4,6.852104868783215
510,Kenneth Brown,sandra86@example.net,2026-08-27,False,low,3,3.0966810476807547
511,Sherry Luna,stacey37@example.net,2026-09-13,False,high,6,11.577307861614969
512,Carolyn Greer,laurahoover@example.org,2025-12-17,False,low,0,4.149552535843937
513,Carol Jennings,ecarlson@example.org,2025-06-21,True,low,4,2.667431598980187
514,Alan Mills,mserrano@example.org,2025-01-25,True,low,1,3.6446120457732
515,Linda Rich,davisdonna@example.net,2025-10-17,True,low,0,3.8764716002797424
516,Todd Gregory,xboyd@example.org,2026-02-09,False,low,0,4.958883036172128
517,Todd Olson,zbell@example.net,2026-07-13,True,low,0,2.4600078676050856
518,Laura Coleman,thomas31@example.com,2025-11-29,True,medium,2,4.407766671500211
519,Deanna Smith,lanedavid@example.org,2025-06-19,False,low,0,3.937121659250447
520,Robert Ortiz,mooredenise@example.com,2025-03-28,False,low,1,2.3031427316183706
521,Krystal Carr,afischer@example.net,2026-04-13,False,medium,2,5.306707502267276
522,Mr. Justin King,becky62@example.net,2024-12-14,False,low,1,3.9506854385370125
523,Richard Avery,lewisrichard@example.com,2026-04-26,False,low,2,4.9641334546707725
524,Melinda Williams,aoconnell@example.org,2026-05-12,False,low,3,4.737466294635039
525,Kyle Davis,jeffrey19@example.org,2026-03-01,False,low,1,6.4937834310694384
526,Jennifer Douglas,jennifer90@example.org,2025-12-30,False,low,1,3.8759919812679366
527,Dakota Sandoval,james98@example.net,2026-02-10,False,low,0,4.523900698682627
528,Megan Ward,cantrellchristopher@example.com,2026-04-10,False,medium,3,4.489784501486729
529,James Willis,mclaughlincasey@example.org,2025-10-24,True,medium,2,5.7842494786483645
530,Kristin Aguilar,sylvia43@example.net,2026-08-22,True,medium,4,5.921754593702043
531,Jared Smith,richardrodriguez@example.org,2025-09-20,False,medium,1,7.803121216775438
532,Bruce Palmer,nancy94@example.net,2025-08-07,False,low,0,4.936631169878277
533,John Sanchez,susan77@example.net,2026-06-10,False,low,0,4.592369609462027
534,Mr. James Kramer,ericahall@example.com,2025-07-16,False,medium,2,7.750433914314325
535,Joseph Haynes,john16@example.net,2026-03-19,False,low,1,2.1269872504208083
536,Justin White,michael94@example.org,2026-08-11,False,low,1,2.664440887062228
537,Susan Porter,jimmyallen@example.com,2025-02-16,True,medium,5,6.229956376574273
538,David Montgomery,kimberlywilson@example.org,2026-01-25,True,low,0,4.765977969481857
539,Lisa Duran,charlesnathan@example.com,2025-09-12,False,medium,3,7.112672573624242
540,Dr. Sheila Henry,raymond92@example.org,2025-10-07,False,low,0,2.975708535303734
541,Todd Johnson,phillip27@example.org,2026-02-10,False,low,0,4.498357343427795
542,Michael Smith,nicolasgarcia@example.com,2025-12-09,True,low,1,2.2130135322247835
543,Joshua Young,vmullen@example.com,2025-01-30,False,low,0,2.5380874485690534
544,Jason Goodwin,melissa47@example.org,2025-11-09,False,medium,2,8.515843699847238
545,Melissa Olsen,linda86@example.com,2025-02-08,False,low,2,3.6106054077666365
546,Nancy Kennedy,thompsonvictor@example.net,2025-09-30,False,high,12,10.871623645783005
547,Rachel Evans,rosshannah@example.org,2025-02-22,False,medium,4,3.7210316749491317
548,Ryan Davis,jordan58@example.net,2026-07-31,False,low,1,3.215057787878254
549,Alejandro Martinez,barbarasantos@example.net,2025-01-23,False,low,0,1.8091981939815267
550,Heather Nunez,champton@example.org,2025-06-23,False,high,10,11.59678369313261
551,Mark Thomas,daniellemcfarland@example.com,2025-12-23,True,low,1,5.864383128520769
552,Sarah Jones,matthewedwards@example.net,2025-04-18,False,high,5,10.526889425562107
553,Matthew Nelson,xnorman@example.net,2025-11-21,False,low,0,4.458628256869294
554,Jennifer White,martinezjimmy@example.com,2026-08-06,False,low,0,7.4253354256771384
555,Angela Jackson,davissharon@example.com,2025-10-23,False,medium,1,8.822725444349443
556,James Hubbard,garciachristine@example.org,2026-01-09,False,low,3,4.211507582542961
557,Ellen Wright,scott22@example.net,2026-05-23,False,medium,2,7.9334324680103645
558,Matthew Dalton,michelle78@example.com,2025-10-23,False,low,1,5.012733955052509
559,Travis Ryan,owelch@example.net,2025-08-01,True,high,4,9.096163079955529
560,Kimberly Stout,zfernandez@example.org,2025-08-06,False,low,0,4.154961037037725
561,David Torres,millskatherine@example.org,2025-05-27,False,high,6,10.172788933156712
562,Adam Weeks,xevans@example.com,2026-04-24,False,low,0,7.77537531468038
563,Rebecca Kelley,robertcastro@example.com,2025-03-19,False,medium,4,5.83280134730799
564,Maria Clayton,josehenderson@example.org,2025-09-30,True,low,1,6.076757702038633
565,Lisa Benson,justin84@example.com,2025-02-02,True,medium,4,7.821524379151769
566,Chad Rodriguez,rwilliamson@example.net,2025-12-17,False,low,1,3.6263932174779954
567,Alec Williams,lopezcurtis@example.com,2024-12-18,False,low,1,4.321154699231283
568,Adam Davis,snydermatthew@example.com,2026-04-15,False,medium,1,7.106614841197521
569,Mr. Michael Johnson Jr.,brianrowe@example.org,2025-10-20,False,low,2,5.429219581273236
570,Steven Wright,hclayton@example.net,2025-03-18,False,low,2,0.5
571,Jessica Rojas,gonzalezjill@example.org,2025-10-03,True,low,0,7.469873151673617
572,Mrs. Melanie Collins,eric08@example.net,2024-12-16,True,medium,2,5.286455812346414
573,Mr. Isaac Williams,teresayoung@example.com,2025-05-13,True,medium,3,7.028488328027424
574,Donald Wilson,albertwilliams@example.net,2025-08-31,False,medium,6,3.8472965822011282
575,Jacqueline Davis,vincentparks@example.com,2026-07-30,False,medium,4,7.303755219227879
576,Lori Brown DDS,martinezjesse@example.net,2026-04-17,False,medium,4,9.50962388693834
577,Renee Gonzales,andrewgray@example.net,2024-12-25,False,medium,2,10.015267117827367
578,Karina Kim,amy73@example.net,2025-02-01,False,low,2,2.6156955758462193
579,Nicholas Hill,caseymoore@example.com,2026-05-09,True,medium,1,10.298961788647842
580,Jordan Parsons,bgross@example.net,2026-06-06,True,medium,3,9.141221119958372
581,Cynthia Le,rlee@example.com,2026-03-31,False,low,1,3.3982805057183474
582,Douglas Ortiz,daniel81@example.org,2026-05-21,False,medium,1,4.58104612916239
583,Shane Harris,clee@example.net,2025-12-31,True,low,2,3.2526758434716596
584,John Hanson,brandon39@example.net,2024-11-08,False,high,2,9.985457178812375
585,Christine Henry,mcdonalddanielle@example.com,2025-10-30,False,medium,0,6.635163728920922
586,Jennifer Wood,colonjoseph@example.org,2026-03-08,False,medium,0,7.062151933750028
587,Angela Lewis,garciajerry@example.com,2025-02-03,False,medium,4,6.516500722213106
588,Danielle Garrett,angelagrant@example.net,2024-12-04,True,medium,4,8.560140594782128
589,Heather Ellis,kandrade@example.org,2025-10-25,False,medium,1,8.683967390904254
590,Mary Ferguson,umahoney@example.net,2026-09-12,True,low,1,3.261585599105108
591,Jacob Duran,umckenzie@example.net,2025-03-12,False,low,0,5.346264041379425
592,Jaime Pierce,michael77@example.com,2024-09-18,False,low,2,0.5
593,Duane Smith,victoriaturner@example.com,2026-09-07,True,low,0,7.396185812667467
594,Ethan Ingram,samantha88@example.net,2026-07-26,True,low,1,2.2698571456577445
595,Andrew Kelly,josephpreston@example.org,2025-03-07,False,low,0,1.9955659621465505
596,Anna Ross,jessicacummings@example.com,2025-01-22,True,low,3,2.4951295252939296
597,Melissa Johnston,larsonkevin@example.net,2026-05-01,True,low,1,1.606422707147377
598,Richard Weeks,michael66@example.org,2026-06-15,False,low,0,5.787395378778221
599,Matthew Guzman,walterscrystal@example.org,2025-04-28,False,high,10,10.255361894124155
600,Joshua Hernandez,ericnunez@example.com,2026-08-28,False,high,5,11.874626374077922
601,Laura Davis,zroberts@example.org,2024-12-23,False,high,6,10.093788264038576
602,Kenneth Williams,zbaker@example.net,2025-08-01,False,medium,4,8.789447029294275
603,Pamela Castillo,tonypearson@example.org,2025-11-02,True,medium,4,9.145773485985787
604,Kelly Allen MD,kmorris@example.org,2024-12-09,False,low,0,4.65087371886762
605,Jacob Lee,brittney04@example.org,2026-09-09,False,low,0,3.366469788128706
606,Wanda Ramos,scottglass@example.org,2025-02-10,True,low,0,3.9548441178111635
607,Peter Farrell,singhjohn@example.net,2026-07-27,False,medium,2,7.43822120006882
608,Samantha Smith,torresthomas@example.com,2025-02-17,False,low,1,4.1542895717662525
609,Christina Mills,ana92@example.net,2026-02-10,True,medium,2,6.654396525207071
610,Kevin Alvarado,scottbrian@example.org,2026-04-17,False,low,0,5.54384030967335
611,Amy Pena,jonesdonna@example.net,2026-06-02,False,medium,6,5.237863326677416
612,Sharon Smith,yhall@example.net,2026-09-01,False,medium,1,5.575558472701898
613,Ethan Delacruz,lopezvincent@example.com,2025-11-01,False,medium,3,7.462891845051145
614,Amanda Nielsen,matthew62@example.org,2025-05-29,False,low,2,5.292979075451541
615,Mario Young,lisa46@example.org,2026-08-09,False,low,0,6.3403974183932075
616,Courtney Peterson,fsandoval@example.net,2025-06-24,False,high,6,11.268592994495586
617,Lisa Garrett,robertberry@example.com,2026-08-28,False,low,0,6.837062690296073
618,Erin Daniels,denisecarpenter@example.net,2026-04-25,False,high,8,6.024382686929841
619,Ellen Thornton,russellstout@example.org,2026-01-10,True,medium,7,6.080902117676487
620,Brooke Jones,whitemary@example.org,2026-03-03,False,medium,1,3.523776720909227
621,Sheryl Gutierrez,vturner@example.net,2026-08-01,True,high,4,11.392262918047814
622,Richard Rodriguez,anthonyodom@example.net,2025-04-01,True,medium,2,5.191863420527999
623,Crystal Hall,howardhailey@example.com,2024-12-25,False,low,0,5.8275432427711715
624,Julie Banks,melissahenry@example.org,2025-01-15,False,high,10,7.908540426618534
625,Jason Novak,stephanie33@example.org,2024-11-05,True,low,2,2.07058914849857
626,Victoria Camacho,dwatts@example.org,2025-07-27,False,medium,3,10.256937109544644
627,Lisa Holloway,phillip99@example.net,2025-10-06,False,medium,1,7.1571540594383
628,Rachel Meyer,cbryant@example.org,2025-10-02,False,low,2,0.5
629,Nicholas Grant,leescott@example.com,2026-04-06,True,low,1,7.166954554499199
630,Christopher Phillips,vaughnrebecca@example.com,2026-05-17,False,low,0,1.7644423195260597
631,Nathan Wilson,phillipmorris@example.org,2025-01-26,False,medium,3,9.901855096558425
632,Michelle Harris,udavis@example.net,2026-01-05,False,low,0,7.614393287275771
633,Carly Quinn,wilsonshannon@example.com,2024-11-19,True,low,1,4.161583259443959
634,Monica Hester,nicholasjames@example.org,2026-07-16,False,medium,4,5.637889678770643
635,Mary Hernandez,haroldjoseph@example.com,2025-05-01,False,medium,2,6.556622840001865
636,Tonya Roberts,davidanderson@example.org,2024-09-20,True,medium,4,4.701256779568254
637,Alexandria Jimenez,astephens@example.net,2026-06-25,False,low,2,5.119154123020934
638,Kevin Alvarez,mramos@example.net,2024-09-22,False,low,1,2.372939301267528
639,Diana Fuller,brandonhernandez@example.net,2025-05-31,False,high,5,9.820181404268487
640,Andrew Lane,mark10@example.org,2025-07-19,False,low,1,5.6885664561948355
641,Michael Carr,tammycurry@example.com,2026-07-30,False,low,1,3.41318896831591
642,Edwin Richardson,wwilkins@example.com,2026-05-27,False,low,2,1.1011605416451635
643,John Martinez,mark68@example.org,2026-02-08,False,medium,7,8.147488842008826
644,Ashley Blair,webbhaley@example.net,2025-04-15,True,medium,1,4.447391166923328
645,Emily Fox,sara99@example.com,2025-10-02,False,medium,2,4.567348334409802
646,Katherine White,jeanettekrause@example.org,2024-12-13,True,low,1,3.579666184416197
647,Robert Mclaughlin,laurenduarte@example.com,2024-10-21,False,low,1,3.604461910588771
648,Robert Lewis,hannahking@example.org,2025-04-30,True,medium,1,7.378222433207881
649,Erica Smith,matthew99@example.org,2026-05-19,False,medium,2,7.350573557867848
650,Roy Nielsen,zhendricks@example.org,2026-01-02,True,medium,3,4.326549122248139
651,Mr. Steven Herrera,steven60@example.net,2025-04-24,True,low,0,0.7247901650866564
652,Emily Herrera,barbararivera@example.com,2024-11-05,False,low,2,4.239200525334208
653,Ryan Morgan,ksims@example.net,2025-12-04,False,low,0,1.7729615351440144
654,Bruce Patton,janet50@example.com,2025-07-17,False,low,0,7.540335231294546
655,David Hayes DVM,aliciathompson@example.com,2026-04-14,True,low,0,4.220779278215394
656,Susan Wallace,lloydrebecca@example.org,2025-02-04,False,medium,2,8.014841855666578
657,Morgan Mills,douglas18@example.net,2026-09-13,False,low,2,2.205016873665581
658,Andrew Hughes,smithsarah@example.net,2026-05-30,False,medium,3,4.375635044944435
659,Felicia Small,meyerdonna@example.com,2024-10-04,False,low,1,2.8051532697135437
660,Margaret Clark,jameshill@example.com,2026-04-05,False,medium,4,9.15580347890665
661,Denise Moore,smithcindy@example.net,2024-12-01,True,medium,3,5.0686703929535835
662,Kirsten Nelson,audrey21@example.com,2025-12-10,True,low,4,7.25833272980189
663,Jeremy Anderson,dberger@example.org,2025-06-25,False,low,1,6.285399832470366
664,James Bush,tjensen@example.com,2026-05-08,True,medium,3,3.5349119512912925
665,Megan Ferguson,fbradley@example.net,2025-08-26,True,medium,3,8.229682794605946
666,Michael Mckinney,oruiz@example.org,2026-06-09,False,medium,2,10.557310253076498
667,Susan Myers,kristina57@example.com,2024-10-10,False,low,1,0.5
668,Gregory Murray,justinbailey@example.net,2024-12-20,True,medium,3,6.93543877790106
669,Robert Robles,angela14@example.net,2025-08-20,False,low,1,5.916771639684085
670,Cynthia Sanchez,terrireyes@example.com,2025-02-17,True,low,3,4.103321953702159
671,Jessica Baird,amy32@example.net,2026-01-20,False,medium,4,5.74129580062663
672,Michelle Copeland,vargassteven@example.net,2024-11-28,False,low,1,2.5015687658221553
673,Eric Sullivan,jenningscandace@example.com,2025-05-15,True,medium,1,4.021707164201743
674,Amy Robinson,paigeberger@example.net,2026-05-02,False,low,1,4.188248535578552
675,Mary Chavez,peter97@example.org,2025-02-15,False,medium,2,11.607277504209577
676,Elizabeth Bauer,samantha65@example.org,2025-11-17,False,medium,5,4.041111553720552
677,Kayla Abbott,bryan80@example.org,2026-02-14,False,low,0,3.052270259680942
678,Heather Callahan,youngjacqueline@example.com,2025-12-19,False,high,10,10.268400654412995
679,Jennifer Graham,elainewells@example.org,2025-10-29,False,medium,3,9.389525723753875
680,Heather Butler,whitney22@example.org,2024-11-09,True,medium,3,8.789294375147744
681,Nathan Tucker,iproctor@example.org,2024-12-27,True,medium,2,7.218815198040117
682,Shannon English,dhanson@example.net,2025-07-25,False,low,2,4.151518686396759
683,Janice Perez,kjacobs@example.com,2026-05-30,False,high,4,12.980476907410365
684,Jonathan Jenkins,arthur09@example.com,2026-02-15,False,high,11,9.826068625815356
685,John Vaughn,jessicafox@example.com,2025-08-23,False,low,1,3.742201631763621
686,Steve Davis,qmccoy@example.net,2024-11-14,False,medium,4,7.681308272824282
687,Rebecca Edwards,bergeramanda@example.org,2025-08-26,False,medium,3,7.146393982003389
688,Julie Gross,zgomez@example.com,2025-04-17,False,low,1,3.699514022403481
689,Thomas Curry,bryan79@example.org,2025-11-10,False,medium,3,9.55078147599803
690,Dorothy Mclaughlin,mitchellchristopher@example.net,2024-11-13,False,medium,3,6.696571132845541
691,Darlene Gilbert,michaela01@example.net,2025-01-23,False,low,1,5.866256144682138
692,Brittany Griffin,josehaynes@example.com,2025-01-28,False,low,2,3.554558598446786
693,Amanda Riggs,caitlinunderwood@example.com,2026-03-22,False,low,0,2.9508659724658983
694,James Guerrero,jasonnavarro@example.com,2024-10-27,True,low,2,6.704405357734289
695,Robert Williams,tross@example.com,2026-03-17,False,low,1,4.030454041234899
696,Kim James,jwells@example.net,2026-06-16,True,medium,2,9.095702262930313
697,Timothy Cole,suzanne01@example.net,2025-12-27,False,medium,3,7.993747181015194
698,Jessica Hull,matthew41@example.com,2026-01-09,False,low,0,6.1395429099677
699,Raymond Curry,aprilbyrd@example.org,2025-05-05,False,medium,5,4.181786144488045
700,Adam Jones,gdavis@example.net,2025-08-09,False,low,2,3.18272817492666
701,Douglas Lee,harveybrian@example.net,2026-01-10,True,low,2,4.06780156825092
702,Tiffany Little,millercassandra@example.com,2026-01-10,False,low,2,1.916304909118943
703,Kylie Coffey,dominguezjon@example.com,2026-01-13,False,low,0,3.7870242336389057
704,Jesse Carney,qschwartz@example.com,2025-03-25,False,medium,5,6.092415029671832
705,Destiny Brown,dcook@example.com,2026-08-17,False,medium,5,7.576822297432123
706,Jeremiah Vasquez,chelseywhite@example.com,2024-12-06,True,low,1,2.8746159511195346
707,Jessica Mendez,gainesjennifer@example.org,2024-10-13,False,medium,1,4.872420767795937
708,Nicholas Waters,mosleyeduardo@example.net,2024-09-18,True,low,0,2.4203051219014906
709,James Hernandez,rebecca90@example.net,2026-02-17,True,medium,5,6.699359079456256
710,Karen Powell,fernandezaaron@example.net,2026-05-08,False,low,0,3.346607573627272
711,Mr. Timothy Howard,richard15@example.net,2026-06-03,True,medium,2,7.3621254855421645
712,Ryan Hodges,deborah28@example.org,2026-08-26,False,low,0,6.6065560746321275
713,Elizabeth Price,mccoymichael@example.org,2026-06-27,True,high,8,9.0132826008361
714,Collin Johnson,cortezbrittany@example.com,2025-06-29,False,low,1,1.9682423460200433
715,Maria Porter,blevy@example.org,2025-05-24,True,medium,5,5.287003525181602
716,Nathan Sullivan,lindsaycontreras@example.com,2026-08-06,False,low,0,4.195340753496671
717,Kimberly Figueroa,sandyjohnson@example.org,2025-09-10,False,low,1,5.114608587560974
718,Terry Montgomery,jacquelineanderson@example.org,2025-12-24,False,low,0,3.731709647467085
719,Samantha Davis,marybrown@example.org,2024-12-10,False,high,10,8.501209593880944
720,Lisa Brown,ronaldcain@example.net,2026-01-26,False,medium,3,4.7840339159141845
721,William Johnston,marcoconnell@example.org,2026-03-30,True,low,0,5.957779117113558
722,Gabriela Martinez,katherinejackson@example.com,2025-10-27,False,medium,3,4.25651374147299
723,Timothy Williams,moodycrystal@example.com,2026-04-09,True,medium,2,4.780094325927502
724,John Smith,saramann@example.net,2026-06-28,False,low,0,6.29412275568086
725,Robert Barton,jamiebowman@example.net,2025-08-13,True,low,0,2.9276556667520204
726,Christopher Holt,jennifersalazar@example.org,2025-12-20,True,high,6,10.471924476011198
727,Hannah Smith,jamesdowns@example.org,2025-12-14,False,medium,4,6.507515756102565
728,Victoria Romero,qtownsend@example.org,2025-04-08,False,low,0,5.191404500351029
729,Robert Jennings,kjimenez@example.net,2026-07-24,False,high,5,11.603400017803471
730,Jackson Clark,matthew70@example.org,2026-03-13,False,low,2,4.351072459157196
731,Casey Floyd,erobertson@example.org,2026-02-27,False,low,2,2.400118986596132
732,Erika Gonzalez,jerry15@example.org,2024-11-28,False,medium,7,3.183995725753385
733,Sheila Bennett,charlesrichards@example.org,2026-06-30,False,low,1,6.650864218190157
734,Timothy Gibson,dbrooks@example.net,2025-02-06,False,low,1,1.1863699810049235
735,Derrick Rogers,schwartzbrian@example.org,2024-12-08,False,low,1,3.8251293424456376
736,Jason Wolf,oliviamunoz@example.net,2026-08-15,False,low,2,5.0966392551089985
737,Laura Tran,christophervincent@example.com,2026-06-10,True,low,0,5.920609592562941
738,John Ford,blairjill@example.org,2025-03-18,True,medium,6,7.924967248133708
739,Daniel Pennington,robinvillanueva@example.com,2026-09-04,True,medium,2,7.758306237452248
740,John Mack,simmonsphillip@example.net,2026-05-11,False,low,1,6.460444351301575
741,David Hansen,steelerichard@example.org,2024-12-24,True,high,8,12.260297552855723
742,Matthew Davis,kcaldwell@example.net,2025-08-19,False,high,8,7.246562538634526
743,Lauren Bray,tingram@example.com,2025-01-31,False,low,1,3.205609367708025
744,Lori Padilla,daltonchad@example.net,2025-05-19,False,medium,5,4.795460519088289
745,Jeffery Nelson,kristinmiller@example.com,2026-03-09,False,medium,3,8.106298312758419
746,Tony Leonard,rodriguezmichael@example.net,2024-10-17,True,low,1,2.9035994036664547
747,Matthew Bush,devonrogers@example.net,2024-12-10,True,low,1,0.5
748,Todd Carpenter,karenhodges@example.com,2025-06-02,True,medium,3,7.056915162366318
749,Michael Ramirez,watsonshaun@example.net,2025-10-08,False,medium,1,7.036033744088893
750,Michael Gregory,shannon51@example.org,2026-07-01,True,medium,2,7.945260691686811
751,Bobby Hurst,susan11@example.org,2025-04-07,False,low,0,4.045261705353738
752,Kathleen Golden,cartertara@example.net,2026-07-31,True,medium,2,4.188873892287427
753,Jason Rojas,carterbryan@example.org,2026-05-21,False,low,0,3.841865316270887
754,Gabriella Lane,todd88@example.com,2025-08-18,True,medium,1,5.841751780728506
755,Stephanie Parker,jeremy54@example.org,2025-01-04,False,low,1,2.642713877411793
756,Tyler Montgomery,jennifermitchell@example.org,2026-05-24,True,low,5,3.3635249445147593
757,Mary Hernandez,darylchaney@example.net,2024-12-19,False,low,1,2.3812383578344916
758,Cody Hart,wadetiffany@example.org,2025-06-17,False,low,0,5.913406372771317
759,Carla Turner,sullivanvictor@example.org,2026-08-11,False,low,1,2.4592341225677528
760,Brittney Cordova,deborah47@example.com,2026-08-27,False,high,2,8.539723512483825
761,Wendy Estrada,hmorgan@example.net,2025-09-03,False,high,8,11.657865787848197
762,Michael Wilson,moralesmary@example.com,2025-06-06,False,high,7,12.680638255169697
763,Lee Lee,kimberlywang@example.org,2024-10-04,False,medium,2,6.273766677688867
764,Jill Powers,daughertypreston@example.com,2025-05-08,False,low,0,0.5
765,Terri Kerr,raymond65@example.com,2025-06-17,True,low,1,3.2725937677989694
766,Gregory Madden,lewispamela@example.net,2026-09-13,False,low,2,4.099342112600529
767,Donna Shaffer,achandler@example.org,2026-05-21,False,medium,2,7.33407400145271
768,Briana Turner,carl96@example.org,2024-09-22,False,low,0,4.834790261467834
769,Denise Thompson,wpage@example.org,2025-02-10,False,low,2,5.298729368675053
770,Donna Henry,mary47@example.net,2026-03-12,False,low,0,5.622407055725347
771,Rick Moore,stephanie71@example.net,2026-01-17,False,low,3,3.4115149887270846
772,Christopher Knox,anthonyhubbard@example.com,2026-09-14,True,high,9,13.713166771655963
773,Patrick Perkins,ooneill@example.net,2025-08-31,False,low,0,1.6834280072679912
774,Barbara Hunt,brucefrancisco@example.org,2025-01-02,False,low,1,0.6368458004651192
775,Michael Howard,nelsonrobert@example.com,2024-10-23,False,medium,4,9.14073032045986
776,Mark Jones,katiewhite@example.org,2025-11-29,False,low,2,6.543784843877313
777,Frank Stewart,joseph51@example.net,2025-11-16,False,high,10,11.172221736517956
778,Alexandria Holmes,kimberly65@example.org,2024-12-01,False,low,0,2.5061534298596646
779,Daniel Lopez,butlersabrina@example.org,2026-05-09,False,medium,2,6.462708493380515
780,Karen Collins,don79@example.net,2026-03-30,False,high,5,7.327280432459205
781,Michael Johnson,walkermelissa@example.org,2026-02-02,False,low,1,3.9814228768643685
782,Daniel Zavala,yvazquez@example.org,2024-11-13,False,low,1,4.613962145372476
783,Nicole Williams,johnsondonna@example.net,2024-10-31,True,high,4,10.804338375800112
784,David Jones,websterkimberly@example.net,2025-02-15,False,medium,0,4.784116658170009
785,Cathy Bell,thomasjulie@example.com,2026-08-12,True,medium,5,9.194600375087418
786,Christopher Mason,williamjones@example.net,2026-03-29,False,high,7,7.868703936788807
787,Michelle Brandt,rachelmedina@example.net,2024-11-29,False,low,0,2.4124269519620607
788,Jonathan Zimmerman,helen27@example.net,2026-08-19,False,low,1,4.29871240293157
789,Henry Gray,willierussell@example.com,2024-12-17,True,low,0,5.595687559791533
790,Chad Farmer,angela01@example.com,2025-09-13,True,high,6,7.281326456679885
791,Jesus Fitzgerald,aperez@example.com,2026-09-08,False,low,3,7.976667987161193
792,Scott Jacobson,xcrosby@example.org,2024-09-27,True,low,3,8.560998612955217
793,Megan Sanders,wilsonralph@example.net,2025-11-23,False,low,1,6.573251620207056
794,Timothy Levine,coxjames@example.org,2025-11-26,False,low,0,2.7800307569629132
795,Barbara Massey DDS,kathy99@example.com,2026-03-24,False,low,2,6.146498801851997
796,Terri Kelly,garcher@example.com,2025-01-03,True,low,1,2.9063838208547437
797,Bryan Burns,courtneytaylor@example.org,2026-03-11,False,low,1,4.14376187143775
798,Kathleen Johnson,patrickshelton@example.org,2025-04-27,True,high,9,11.942879732989681
799,Paige Guerrero,msparks@example.com,2026-01-14,False,high,9,7.853100479795563
800,Dennis Cooper PhD,cisnerosanthony@example.com,2026-06-23,False,low,0,1.557845071823865
801,Jerry Farrell,cstevens@example.org,2025-10-29,False,low,2,4.579307396419516
802,Elizabeth Mccarthy,tjordan@example.net,2025-06-29,False,low,2,4.0917428897691295
803,Laura Henry,kalvarez@example.net,2024-10-28,True,medium,4,6.721899360425603
804,Kevin Gray,katie45@example.org,2024-10-08,True,low,1,6.4101913069000584
805,Russell Bailey,hubbardcolleen@example.com,2024-11-28,False,low,1,3.2355455228676964
806,Hunter Bell,johnwong@example.net,2024-11-19,True,low,1,2.6390081126499876
807,Sheila Wilson,andrewnguyen@example.com,2026-01-11,False,low,2,2.7399500409322113
808,Jose Fisher,dominguezbrianna@example.com,2025-06-21,False,low,0,5.463911005019692
809,Kenneth Stokes,vazquezjamie@example.com,2025-09-20,False,medium,5,3.5576483494205515
810,Gina Mendez,tara37@example.net,2026-05-30,False,medium,3,5.167716966837313
811,Sara Herrera,joseph49@example.com,2026-04-29,False,medium,5,7.844217186979812
812,Tina Robbins,vargasjoshua@example.net,2026-04-26,False,low,0,7.113763673093386
813,Daniel Flynn,william46@example.net,2025-10-17,False,medium,3,6.905258594911128
814,James Weber,jpowers@example.org,2026-06-23,True,low,1,0.8356464733077456
815,Kelli Lopez,vlewis@example.com,2025-04-01,False,low,0,2.7940701996956805
816,Rhonda Farrell,umichael@example.net,2024-10-31,False,medium,3,7.63581676819135
817,Joel Allen,megan65@example.org,2025-12-25,False,medium,2,5.655028807987327
818,Debra Mitchell,jonathanburke@example.com,2025-03-11,True,low,1,4.446541671840522
819,Alexis Robles,steven86@example.com,2026-01-03,False,medium,1,2.2566812782822154
820,Christopher Taylor,kristine48@example.org,2026-01-01,False,low,3,8.08413930585576
821,Nathan Casey,heathchristopher@example.net,2025-04-23,True,low,0,3.1875151022609445
822,Troy Mosley,sandersmary@example.org,2025-03-09,False,low,2,2.7663382457554584
823,Kathryn Martinez,tyler13@example.net,2024-12-16,False,low,0,1.2056953869036966
824,Erin Silva,vshaffer@example.org,2026-08-02,True,high,8,13.44413054839237
825,Brian Lewis,scott49@example.org,2025-09-11,False,medium,4,5.916981999107517
826,Travis Stewart,pwells@example.com,2026-06-22,False,low,1,3.8567062283767033
827,Heidi Baldwin,andrew90@example.net,2026-01-15,False,low,2,4.524133618173451
828,Melissa Mccormick,johnnycruz@example.net,2026-08-19,False,low,0,0.5
829,Robert Martinez,miaprice@example.com,2026-07-28,False,low,2,2.198819294927876
830,Elizabeth Mayer,kennethvillarreal@example.org,2026-07-19,False,low,0,1.7344300974645095
831,Sherry Wang,rmccormick@example.org,2026-05-12,False,medium,3,8.991562456755057
832,Kaitlin Gutierrez,jennifer12@example.net,2025-03-27,False,low,2,5.058612423581146
833,Jason Daniel,shawn00@example.net,2025-12-31,True,medium,4,6.574997270617669
834,Rachel Taylor,tgonzalez@example.com,2025-11-12,False,low,0,6.357896798473336
835,David Reeves,melaniejennings@example.com,2025-08-14,False,medium,1,9.299344037757495
836,Brandi Thompson,lauren31@example.com,2025-06-13,True,low,2,4.59315387706061
837,James Davenport,andrewjohnson@example.net,2026-01-04,False,low,0,6.377193646174016
838,Susan Mccann,josechristian@example.org,2025-07-08,False,medium,2,10.698724282772762
839,David Davis,george91@example.org,2026-02-25,False,low,3,7.73444840862463
840,Thomas Chavez,twilson@example.org,2025-02-04,False,medium,1,9.486468660958927
841,Rachael Roberts,breyes@example.org,2025-11-30,False,medium,4,4.61095412046793
842,Diane Byrd MD,bsparks@example.com,2026-09-01,True,medium,3,7.571606573589466
843,Jerry Wright,emiller@example.org,2026-06-17,False,low,2,1.5269593273066562
844,Jennifer Lewis,verickson@example.net,2025-03-24,False,low,2,5.351019995359571
845,Anthony Cook,thomasgomez@example.net,2026-08-05,False,low,1,2.0824430876264506
846,Linda Goodman,smithwilliam@example.com,2025-04-27,True,medium,3,4.294982621118556
847,Jacob Donaldson,carpenterjorge@example.net,2025-09-13,False,medium,4,5.144157401096706
848,John Davis,hthomas@example.com,2024-10-20,True,low,0,2.818650876230296
849,Seth Davenport,sara44@example.net,2026-05-17,False,low,1,4.696683478492254
850,Kelly Graham,leslievang@example.org,2025-10-29,True,low,0,2.2043398671487404
851,Mallory Gonzales,edgarhall@example.org,2025-08-27,False,high,7,12.945235285415485
852,John Wilson,wwilliams@example.net,2025-11-01,False,medium,7,6.778928805984636
853,Brian Cortez,daviddavis@example.com,2025-01-28,True,medium,5,9.138288527871827
854,Jordan Nelson,brandybonilla@example.net,2026-04-01,False,high,5,9.45312501626468
855,Thomas Sanchez,vrhodes@example.org,2025-04-13,False,high,5,11.556597958255663
856,Mrs. Jacqueline Hickman,hooderic@example.org,2025-08-20,False,low,1,3.3901555752853456
857,Karen Fuller,brooke05@example.org,2026-01-10,True,low,1,2.62732630613035
858,Erika Dennis,jasonwilliams@example.net,2025-04-12,False,medium,3,5.313196903085925
859,Natasha Payne,qdavis@example.org,2025-03-12,False,high,5,10.491793091928892
860,Jennifer Smith,frankchan@example.com,2026-01-04,False,high,6,9.67418665544027
861,Brittany Evans,tfitzgerald@example.net,2025-12-03,False,low,3,6.043030785563728
862,Brendan Richardson,tracymcclure@example.com,2025-04-02,False,low,1,5.837829709316659
863,Ann Henderson,christina66@example.org,2024-10-17,False,low,3,4.843560148501742
864,John Walker,sarahrose@example.net,2025-10-06,False,high,5,13.620383816161794
865,Jeffrey Solomon,ievans@example.net,2026-07-10,True,high,9,11.111727879688994
866,Kelly Phillips,arnoldsamantha@example.net,2024-12-05,False,low,0,3.380700572023878
867,Brandon Guerrero,michael91@example.net,2024-09-29,False,low,1,5.3433963676425185
868,Julie Hartman,awilliams@example.net,2025-04-23,True,medium,4,5.854636719681403
869,Jordan Santiago,matthew23@example.org,2024-11-14,False,high,11,12.274649366046145
870,Mrs. Megan Hamilton,smithdarryl@example.org,2026-01-10,True,low,1,7.232600085443833
871,Jared Sandoval,nturner@example.com,2026-02-04,False,high,6,9.179118578866355
872,Megan Ballard,martinezalexander@example.org,2026-05-07,True,medium,3,11.214237046412045
873,Chelsea Johnson,pwong@example.org,2025-08-02,False,low,0,5.304612303220461
874,Rachel Lee,kayla27@example.com,2024-10-03,False,low,0,0.7373297791658535
875,Christian Park,cruiz@example.net,2025-03-14,True,medium,5,4.651851736782051
876,Ronald Myers,alan66@example.com,2026-03-10,False,high,6,9.422656137697276
877,Kristen Roberts,gross@example.net,2026-03-01,False,low,1,5.902612488598967
878,Susan Dillon,jenniferrice@example.com,2025-11-13,True,low,2,5.053795847331587
879,Debra Wong,nwilson@example.net,2025-05-29,False,medium,5,6.815389212398452
880,Alisha Roberts,taylorkim@example.net,2025-02-25,False,high,9,14.112614776960548
881,Gina Guzman,sanderson@example.net,2026-02-20,False,low,2,5.445653789971024
882,Sandra Nunez,laura29@example.org,2025-04-12,False,medium,0,7.223598316406776
883,Mary Anderson,ericvasquez@example.com,2026-08-08,False,medium,1,7.069733765558292
884,David Hawkins DVM,nicole52@example.org,2026-05-16,False,medium,2,10.993700437377703
885,Amanda Brown,owilson@example.org,2025-11-02,False,high,5,12.037742360880245
886,Dr. Richard Hammond,paula89@example.net,2024-12-03,False,high,6,11.991610042055141
887,Tracy Lloyd,villegaskimberly@example.net,2026-04-12,False,high,4,9.930486658311354
888,Samantha Williams,jacksondavid@example.org,2026-07-15,False,medium,3,7.589942911417643
889,Edgar Alexander,goconnor@example.org,2026-01-04,False,medium,3,4.6338876305312215
890,Chad Allison,xmontes@example.org,2025-03-16,False,medium,2,6.494473489807629
891,Gloria Wagner,adamsjennifer@example.com,2025-06-08,False,high,11,7.989395877983313
892,Brittany Molina,icobb@example.com,2025-07-17,False,medium,1,7.837296041633811
893,Jimmy Phelps,sherry72@example.org,2026-02-24,False,low,0,3.699766097492387
894,Andrea Morgan,kholden@example.com,2024-11-01,True,low,0,1.4719876641052725
895,Mary May,levinetina@example.net,2026-06-20,False,medium,4,6.474506504626992
896,Jennifer Blackwell,jennifer55@example.org,2026-05-15,True,medium,1,3.808212062851773
897,Lisa Thomas,ngriffin@example.net,2025-12-18,False,low,0,1.2222459807339718
898,Jessica Reed,trowe@example.org,2024-10-15,True,medium,4,7.600113651022579
899,Neil Singh,abigailfernandez@example.org,2024-11-24,False,low,0,3.942394610651157
900,Kelly Sherman,andrewzamora@example.net,2025-11-25,True,low,2,1.3429949419697529
901,Raymond Barber,dennismckenzie@example.com,2025-12-20,False,high,7,12.17571177627547
902,Anthony Curtis,westashley@example.org,2025-08-15,False,medium,1,8.239477569405738
903,Dr. Virginia Cunningham,michaelmitchell@example.net,2025-11-10,False,low,1,5.371179492596832
904,James Mclaughlin,murphybrandi@example.com,2025-08-16,False,medium,2,6.716702827979746
905,Jeffery Jenkins,brownpamela@example.com,2025-02-22,False,high,7,9.64561952469341
906,Michael Powell,lwiggins@example.com,2025-12-27,True,medium,2,7.831101482948462
907,Melissa Gould PhD,jcolon@example.net,2024-12-19,False,low,2,2.931519456074147
908,Beverly Bush,bensonstanley@example.org,2026-03-17,False,medium,3,7.301821927250139
909,Jaclyn Crane,xrodriguez@example.net,2025-04-17,False,low,0,2.637239529860852
910,Autumn Torres,kevin70@example.org,2024-12-30,True,low,2,5.935652048050408
911,Amber Shannon,jason70@example.org,2025-10-23,False,high,4,9.45645608521425
912,Andrew Olson,ariel56@example.com,2026-05-20,False,high,5,14.219041331551946
913,Brandi Taylor,qgill@example.com,2025-01-04,True,low,1,5.34182249655375
914,Ann Weber,zhughes@example.com,2025-10-18,False,low,1,5.207581040555788
915,Stacy Fitzgerald,clinejasmine@example.net,2025-12-22,False,medium,2,5.207739064054975
916,Ellen Brewer,leechristine@example.net,2026-03-25,False,high,12,11.606874372499648
917,Kelly Christensen,martinezsharon@example.org,2026-08-22,False,medium,4,6.850020761745559
918,Daniel Gallegos,imiller@example.net,2025-05-10,False,low,0,2.284864851707712
919,Katherine Peck,samuel60@example.net,2025-05-08,False,low,2,3.265364706662964
920,Brian Garcia,justinwhite@example.org,2025-01-08,True,high,9,10.449220082363853
921,Meghan Brown,howard04@example.com,2024-11-29,False,medium,4,7.480411687892446
922,Steven Scott,williamsjohn@example.net,2025-11-20,False,medium,3,9.506265649536488
923,Paul Cruz Jr.,floresangela@example.org,2025-09-06,False,high,7,9.121073516028035
924,David Mercado,angela91@example.org,2026-03-29,False,medium,4,9.238489835128192
925,Beth Carroll,omiller@example.net,2025-02-13,False,low,1,8.086051603697978
926,Jacqueline Galloway,amandahenderson@example.net,2025-08-14,True,low,3,4.580493131334065
927,John Calderon,denise20@example.org,2026-08-01,False,low,1,2.66249657284491
928,Mr. Ryan James,megan39@example.net,2025-04-11,False,low,1,3.5507541528170448
929,Joseph Jones,fosterdavid@example.org,2026-03-02,True,low,2,5.616072378804143
930,Dr. Christine Wagner PhD,cynthia74@example.org,2026-01-15,True,low,1,2.3038688039389825
931,Daniel Haley,allen20@example.net,2025-09-01,False,low,2,3.6536323212076516
932,Megan Gutierrez,ifarmer@example.org,2026-04-16,False,high,3,10.346674483099626
933,Angela Johnson,wchambers@example.com,2026-05-15,False,medium,5,3.8120725403534013
934,Christopher Tate,martinezmitchell@example.org,2025-08-08,False,low,1,3.5793560089922902
935,Alejandro Campbell,james94@example.net,2025-02-26,False,low,2,5.462001253570962
936,Tracy Johnson,tconway@example.net,2025-02-17,False,high,5,12.076869914432905
937,Roberto Foster,ashley72@example.net,2025-02-06,False,medium,2,10.016024547579553
938,Megan Morrison,cameronanderson@example.org,2024-12-20,False,medium,2,5.959122029215778
939,Savannah Ibarra,james08@example.net,2025-03-21,False,low,2,3.3485390894991056
940,Jordan Pace,nashmarcus@example.com,2025-04-06,False,low,1,5.481090731748873
941,Julie Ward,stephensonjeffrey@example.com,2026-07-21,False,low,1,0.5
942,Emily Myers,christopher90@example.net,2025-03-01,False,high,6,8.500221377521914
943,Tina Stark,frankcollins@example.net,2025-12-19,False,high,10,7.5330610039276245
944,Jeffrey Johnson,mary31@example.com,2025-03-11,False,low,0,4.442986614265665
945,Anthony Cook,sherryparsons@example.net,2025-08-04,False,medium,2,9.40918915873678
946,Jeremy Martinez,rangelnicholas@example.net,2024-11-04,False,high,5,11.36507619376535
947,Thomas Ramos,cheryl61@example.org,2026-01-26,True,low,2,2.4662719239908952
948,Elizabeth James,williamsonrobert@example.net,2026-04-16,False,high,9,11.136144538497241
949,Jody Marshall,nhobbs@example.org,2025-05-24,False,medium,1,6.920211232496576
950,Rachel Gibson,briana11@example.org,2025-11-27,False,high,7,8.191520867476822
951,Richard Lee,danascott@example.com,2025-09-04,True,low,0,2.6993686402758135
952,Charlene Taylor,brownlarry@example.com,2025-09-28,False,low,0,5.220747399450571
953,Heather Silva,dylanparker@example.com,2025-04-18,False,low,4,5.041003766153949
954,Kelly Sandoval,brianhunter@example.net,2026-06-07,False,medium,4,7.852206261966794
955,Craig Gonzalez,kristenpeterson@example.net,2025-08-31,True,low,1,6.067762109848417
956,Julie Schwartz,christina65@example.org,2024-12-03,False,medium,1,6.1850797854167965
957,Susan Crawford,fowlerheather@example.com,2025-12-18,True,low,2,1.555647869697975
958,Nicholas Cisneros,lindsay63@example.com,2025-01-30,False,medium,2,7.839421640717353
959,Heidi Jones MD,thomasscott@example.net,2025-11-20,False,medium,2,12.102348505005295
960,Amanda Johnson,justinrobinson@example.com,2026-02-25,False,low,1,5.300444786813887
961,Julian White,thompsonjose@example.org,2024-10-03,False,low,1,2.0159128784457323
962,Jamie Cobb,morganjason@example.com,2025-03-12,True,medium,4,5.892609693729055
963,Mary Pugh,ejohns@example.org,2025-01-01,True,medium,2,7.920108682892888
964,Rebecca Lee,ubenson@example.net,2025-07-28,False,low,3,4.453010704230577
965,Tammy Hines,melissaphillips@example.org,2025-05-15,False,low,1,3.5439439404302417
966,Robert Salas,fclark@example.com,2026-04-19,False,low,2,6.877652758908446
967,Carol Hughes,victor72@example.com,2026-02-20,True,low,2,0.5816728896190884
968,Karen Sosa,zadams@example.net,2026-07-23,False,medium,1,9.45951026111596
969,Amanda Robinson,shannonyoung@example.org,2025-04-29,False,medium,4,7.5819294602748855
970,Laura Walls,jonathan12@example.org,2025-04-21,False,low,1,2.9859826814598884
971,Crystal Williams,ronald76@example.com,2025-06-13,False,low,1,3.1423041487878534
972,Mr. Alexander Alexander III,howardchristopher@example.net,2025-09-27,False,medium,3,7.831673672572121
973,Rachel House,wilsonmichael@example.net,2025-02-11,False,medium,4,10.162927446966657
974,Gary Turner,james92@example.net,2026-03-12,False,medium,6,6.380680375628622
975,Alexa Evans,krista66@example.net,2026-03-25,False,low,0,2.906027833089122
976,Matthew Hays,michelleperez@example.net,2026-03-19,True,low,0,2.649824842079018
977,Jose Hartman,dsharp@example.com,2026-04-19,True,low,1,6.505081462058461
978,Cole Carrillo,cclark@example.net,2024-10-10,False,high,6,9.441961156960028
979,Shane Torres,porterdonna@example.com,2025-05-24,True,low,2,6.581516848244856
980,Michael Powell,mark09@example.org,2026-07-24,True,medium,3,12.175817947061368
981,Troy Rivera,nbaird@example.com,2024-11-03,False,low,1,2.717837466923289
982,John Murphy,tfowler@example.org,2025-01-21,False,medium,5,8.31810868782684
983,Cassandra Serrano,mjohnson@example.org,2026-07-16,False,medium,3,7.159147069884332
984,Daniel Carter,gibsonmiguel@example.org,2025-01-21,False,medium,1,8.517648832327218
985,Jennifer Moore,andersonrobert@example.net,2024-11-07,False,medium,2,3.9990645744339646
986,Sharon Anderson,kylemeyers@example.net,2025-08-31,False,low,0,3.3065809342479966
987,Teresa Matthews,ahill@example.org,2025-08-09,False,medium,2,6.639638337254262
988,Lisa Wright,renee77@example.com,2025-11-13,False,low,0,6.742949564281845
989,Donna Ibarra,treed@example.com,2025-06-30,False,low,1,6.168396488087085
990,Sarah Perry,rachelquinn@example.com,2025-06-26,False,low,1,4.42060608044399
991,Melissa Davis,allenmonica@example.com,2026-06-25,False,high,4,13.45094109062894
992,Mary Jones,reginajenkins@example.net,2024-12-15,False,medium,2,6.633180025415914
993,Pedro Gordon,robert24@example.org,2025-09-22,True,low,3,3.305627009775475
994,Benjamin Neal,vjames@example.com,2026-06-05,False,low,1,5.541604439975942
995,Adam Wilson,markgoodman@example.com,2025-08-21,True,low,1,3.450395390494624
996,Matthew Reeves,rtaylor@example.org,2025-01-20,False,medium,8,2.5975130530981634
997,Brian Phillips,qjackson@example.org,2026-01-26,False,low,0,3.907477565467315
998,Hunter Robinson,staffordamanda@example.com,2026-02-09,False,low,0,4.2282029844530395
999,Robin Davidson,myerskyle@example.org,2025-11-29,True,low,1,5.285313463709752
1000,James Harris,nicholasallen@example.org,2024-09-29,False,low,0,5.608512545894889
1001,Adrian Hoover,walkernicole@example.net,2025-01-18,True,medium,0,6.777018425749776
1002,Jason Rodriguez,marcus39@example.org,2026-08-01,True,low,3,6.883610658031817
1003,Jeffrey Hall,kellyglenn@example.com,2026-01-09,False,medium,3,8.319399539861596
1004,Daniel Robinson,debra50@example.org,2026-06-27,False,low,0,1.8536429810490604
1005,Randall Porter,marquezkylie@example.net,2025-01-21,False,medium,3,4.338589737338148
1006,Lindsay Jarvis,xgregory@example.net,2024-12-24,True,medium,4,2.6440645356106245
1007,Philip Watts,bjones@example.net,2026-07-16,False,low,0,4.479255036477996
1008,Jorge Harmon,hallchristina@example.org,2025-05-01,False,low,1,5.466108562931997
1009,Nicole Harvey,taylorvictor@example.org,2025-01-06,False,medium,2,7.0079499130343645
1010,Andrew Mclean,vstevenson@example.org,2025-04-09,False,low,0,5.184955968241432
1011,Paige Meyer,swong@example.org,2025-03-04,False,high,6,12.367419073816059
1012,Grace Harris,knoxelizabeth@example.org,2026-04-26,True,high,10,10.893514859821595
1013,Courtney Salas,isaiah01@example.com,2024-11-08,False,low,0,1.371658481790326
1014,Mark Thomas,davidthompson@example.net,2026-05-18,True,low,2,5.586698647372117
1015,Cynthia Miller,ucollins@example.org,2025-03-16,False,low,0,2.6047670987818874
1016,David Mitchell,mfaulkner@example.com,2026-06-10,False,low,2,2.0918910917908247
1017,Dr. Ian Gray,galexander@example.net,2026-03-09,True,high,5,12.952081438711893
1018,Sally Leon,gillronald@example.org,2026-03-26,True,low,1,6.7989728539446865
1019,Linda Hernandez,jonathanford@example.com,2025-04-13,False,high,7,14.030889616704496
1020,Karen Cook,mgonzalez@example.org,2024-09-27,True,low,1,4.763468337925018
1021,Molly Henry,vbentley@example.com,2025-06-25,False,medium,1,6.035372858127394
1022,William Jones,riddledavid@example.net,2025-01-14,False,medium,6,9.197966714883929
1023,Tina Wise,william75@example.net,2024-10-30,False,low,0,3.2424803267938134
1024,Jeff Wright,xjohnson@example.net,2026-02-16,False,low,0,8.165320644219594
1025,Max Hernandez,jblackburn@example.com,2025-03-17,False,low,1,5.023557957300988
1026,Mary Martin,wisedawn@example.com,2025-07-05,True,low,3,5.237451676208932
1027,Stephanie Stone,nancymartin@example.com,2025-03-21,False,low,1,2.42638668620723
1028,Walter Barrett,uwillis@example.com,2026-03-22,False,low,2,2.4310078552209298
1029,Sheila Rodriguez,lisa43@example.net,2025-07-05,False,low,0,4.883257296837832
1030,William Velasquez,daviskim@example.com,2025-10-06,False,medium,2,6.164788064456243
1031,Morgan Jackson,jacob23@example.com,2025-01-29,True,low,0,2.7577238223752043
1032,Joanne Olsen,jamesbrady@example.org,2025-03-26,False,low,1,5.724804577517791
1033,Jennifer Sims,oneillgabriel@example.com,2024-11-19,False,low,2,3.6791612360493047
1034,Austin Johnson,timothychambers@example.org,2024-09-24,False,low,1,9.001800995868564
1035,Tyler Ortega,davisalexa@example.org,2025-06-19,True,medium,4,10.396580784853912
1036,Tonya Adams,vkennedy@example.net,2025-07-28,False,medium,2,2.371087842443048
1037,Steve Key,shelleyortega@example.com,2025-12-08,False,high,5,10.94156718829203
1038,Shelley Drake,bryantholly@example.net,2026-05-21,True,low,1,5.550230243178172
1039,Allison Martinez,stephanie35@example.com,2025-12-14,False,high,6,8.565039625528332
1040,Karen Gutierrez,aaronlittle@example.com,2024-09-30,False,low,1,3.9828295962807894
1041,Angel Aguirre,erica39@example.com,2025-07-07,False,low,0,7.800536848621929
1042,Angela Patterson,shatfield@example.org,2026-03-08,False,medium,4,9.046113110504479
1043,Cory Thomas,andersonlaura@example.com,2026-05-19,False,low,1,4.448834415888232
1044,Victoria Owens DVM,olsonamber@example.org,2025-02-19,False,low,2,5.003582335555282
1045,Mary Davis,bholder@example.org,2026-07-29,False,low,0,1.1128859316325492
1046,James Ramirez,elizabeth12@example.net,2025-12-25,True,low,0,5.373750446405787
1047,Robert Cook II,schneidernicholas@example.net,2026-03-15,False,high,8,12.713992489832528
1048,Martha Glover,ostokes@example.com,2024-12-11,False,low,1,4.30243668799028
1049,Brandon Yang,juliewilson@example.com,2024-12-20,True,low,0,4.780732388790751
1050,James Mclaughlin,bryan83@example.com,2026-09-04,False,low,1,3.6921895460506247
1051,Jacob Shelton,aprilguzman@example.org,2024-12-04,False,low,2,4.7028133376845656
1052,Samuel Stewart,mary77@example.org,2025-12-01,False,low,2,3.0598570008225994
1053,Maurice Solis,georgekyle@example.net,2024-12-17,False,low,1,5.572812423991633
1054,Michelle Mendoza DVM,ycarter@example.org,2026-09-05,False,medium,4,5.880907429421062
1055,Ronald Clark,isabellawilliams@example.org,2026-06-06,False,medium,1,3.636542929342332
1056,Elizabeth Briggs,vickiekelley@example.com,2025-07-23,False,low,1,3.4089954209338322
1057,Gregory Myers,rosejustin@example.net,2026-07-24,True,medium,4,6.024733158090075
1058,Kimberly Davis,karen90@example.net,2025-04-28,False,medium,3,4.127492270143764
1059,Laura Ramos,jcarter@example.org,2025-02-24,False,medium,3,7.359244545263847
1060,Nancy Smith,gregoryvanessa@example.org,2025-06-20,False,low,2,6.690295240904829
1061,Miss Carol Brown,terri20@example.org,2026-09-04,False,low,0,2.871607640279027
1062,Leslie Booker,hsanchez@example.org,2025-07-04,False,low,1,1.0119244134204988
1063,Kyle Thompson,yparsons@example.net,2026-01-12,False,low,0,6.358518669220253
1064,Sharon Santos,cynthia75@example.org,2024-12-14,False,medium,3,11.005365532817184
1065,John Barnett,andrewberry@example.net,2025-09-03,False,low,2,3.790064584872752
1066,Anna Watkins,pwashington@example.net,2025-08-01,False,low,0,5.22558148316658
1067,Ariana Brown,richardhaynes@example.com,2025-10-29,False,medium,7,3.3933654926225616
1068,Robin Freeman,molinajared@example.net,2026-07-06,False,low,1,4.534463901697526
1069,Kyle White,hmcbride@example.org,2024-12-21,False,medium,4,6.132253074041622
1070,Christopher Hart,millerdavid@example.com,2025-06-10,True,low,1,7.4443101956163895
1071,Jenny Landry,wrightbrandon@example.net,2026-07-11,True,medium,2,4.263851782936021
1072,Joseph Taylor,hneal@example.com,2025-12-05,False,high,4,8.787050887772196
1073,Melissa Bates,youngjacob@example.com,2026-06-05,False,medium,1,7.676714883871919
1074,Chad Arnold,joshua96@example.org,2025-10-24,False,low,1,2.0148439865423544
1075,Matthew Martin,qmiller@example.net,2025-07-25,False,high,4,6.461004271005181
1076,Kimberly Jones,wanda35@example.net,2026-01-11,True,medium,3,6.581366766757
1077,Lisa Barnes,lesliefrench@example.com,2024-10-06,False,high,6,11.214415924080267
1078,Angela Martinez,suttonrichard@example.com,2025-12-29,False,low,0,3.3623072890105377
1079,Gavin Nelson,joshuagarcia@example.org,2025-06-21,False,medium,1,5.850407164791033
1080,Timothy Thompson,brianna71@example.net,2025-05-31,True,medium,5,5.766732880289092
1081,Diane Nelson,mosleygeorge@example.com,2025-01-28,True,low,0,4.9146485621735305
1082,Megan Kramer,iwoods@example.com,2024-09-24,False,high,9,15.196442949093495
1083,Brittney Martinez,rbradley@example.org,2026-07-21,False,low,0,4.757667265378957
1084,Jacqueline Waters,lmann@example.com,2026-09-08,False,low,2,5.390754472803458
1085,Kathryn Hill,tmeyer@example.org,2025-04-29,False,low,0,4.584394589766681
1086,Theresa Russell,megan11@example.net,2025-03-12,True,medium,2,8.345039396682042
1087,Kenneth Miller,angela70@example.com,2026-01-25,False,medium,2,10.668404071712548
1088,Breanna Jimenez,sullivanchristina@example.net,2024-09-23,True,low,1,5.196796015240838
1089,Joseph Reed,lawsontami@example.net,2026-07-29,False,low,0,4.321178866343519
1090,Stephanie Thompson,mary85@example.org,2025-07-24,True,low,0,6.724264807370158
1091,James Wilson,marierosales@example.org,2025-04-18,False,high,6,11.716689022152007
1092,Mr. Aaron Welch,trobinson@example.net,2025-09-29,False,low,0,1.606884142766627
1093,Taylor Stafford,abrown@example.net,2025-08-20,False,medium,2,7.486269310276978
1094,Brian Bailey,richardsmith@example.com,2025-09-12,False,low,1,3.0595933224293774
1095,Jose Hernandez,gentryadam@example.net,2025-03-19,False,low,0,6.164707746324618
1096,James Diaz,amandaadams@example.com,2026-01-10,True,medium,2,4.483170338870158
1097,Charles Burgess,howardmonica@example.org,2024-12-07,False,low,0,2.5003035792347994
1098,Casey Fisher,rachel23@example.com,2026-08-20,False,low,0,2.1460112266508746
1099,Mrs. Katherine Simpson,markduran@example.com,2025-09-19,False,low,0,4.976190762758365
1100,Sarah Price,rosariolaura@example.org,2025-01-09,False,low,0,7.53500479153068
1101,Pamela Young,russell90@example.com,2025-09-04,False,medium,5,5.525240193004082
1102,Bradley Patterson,jessicalopez@example.com,2026-04-01,False,low,1,2.331630302534752
1103,Wendy Wright,tgonzalez@example.org,2026-02-12,False,low,2,6.044896545711849
1104,Catherine Riddle,jeromeanderson@example.org,2025-04-06,False,low,1,2.9331365067650186
1105,Charles Smith,christopherwilliams@example.com,2025-10-06,False,low,0,3.6960652353679224
1106,Veronica Walker,gmendoza@example.com,2026-01-01,True,low,1,6.12028763734254
1107,Derrick Ramirez,jennifer35@example.org,2025-01-28,False,low,2,3.7618277130078823
1108,Matthew Morris,thomas91@example.com,2025-01-31,False,low,2,4.187466606347706
1109,Heidi Torres,caldwellfelicia@example.org,2025-05-18,False,low,0,5.011723819681187
1110,Heather Maxwell,john43@example.net,2025-06-25,True,medium,3,10.981789265888414
1111,Bianca Newton,williamstanya@example.net,2026-05-08,False,low,3,4.507413438983626
1112,Jeremy Garcia,kevin73@example.net,2026-02-26,True,medium,2,5.205490145003767
1113,Corey Pierce,patricia85@example.com,2025-08-11,False,low,2,6.714922731366598
1114,Susan Jones,gmills@example.org,2025-01-18,False,medium,1,10.583341421047068
1115,Walter Roberts,bauerheather@example.net,2026-05-06,True,low,2,2.797746894662306
1116,Joseph Palmer Jr.,ychristensen@example.net,2026-04-10,False,low,0,6.331833040510446
1117,Devon White,ashleyvargas@example.org,2026-06-22,False,low,1,5.406130293482203
1118,Joy Zimmerman,kevin34@example.net,2025-04-02,False,medium,4,5.944629611166081
1119,Danny Ferguson,benjamin24@example.org,2025-04-03,False,low,2,2.4608130709953855
1120,Maria Wright,amandasmith@example.com,2025-12-24,False,medium,2,7.652088752731719
1121,Erika Potts,jennifer69@example.com,2025-05-13,True,medium,2,7.58590366703767
1122,Robert Holloway,jessicaramirez@example.com,2026-08-29,False,medium,3,4.596823623718965
1123,Veronica Osborne,sharphailey@example.net,2025-03-25,False,low,1,4.330978786245121
1124,Lindsey Harris,rwalker@example.org,2025-11-17,True,low,3,7.492307559102114
1125,Nicole Moore,jessicahamilton@example.org,2026-07-09,True,high,4,12.727056485043043
1126,Christopher Lopez,jacobhenry@example.net,2025-01-27,False,low,0,4.342938635180782
1127,Eric Mcclure,mmcdaniel@example.org,2024-12-31,False,medium,2,6.571699378577622
1128,Jesse Brewer,hgarcia@example.org,2026-03-03,False,low,0,5.674308972662769
1129,Lindsey Gray,rodriguezalexander@example.net,2026-08-02,False,medium,3,7.275791551749814
1130,Randy Adams,sparksalbert@example.org,2025-10-19,False,medium,5,10.913219925171433
1131,Sarah Miller,timothyhart@example.com,2026-05-07,False,high,3,10.912941066990667
1132,John Sanchez,courtney10@example.org,2024-12-02,False,low,0,3.1705952265460655
1133,Jorge Copeland,aaronwalker@example.org,2025-07-27,False,low,1,5.7250869692303406
1134,Matthew Perez,tmcdaniel@example.org,2025-09-12,True,low,0,0.6100531229667747
1135,Courtney Huber MD,gilbertdavid@example.org,2026-07-04,False,medium,5,9.591654143545384
1136,Cassandra Moreno,erinhernandez@example.net,2026-02-02,False,medium,4,8.132850055975531
1137,Donna Hutchinson,sabrina54@example.net,2026-04-24,False,medium,6,11.64200799212361
1138,Shannon Spence,lukemyers@example.net,2026-04-23,True,low,2,5.206956083335967
1139,Robin Wilson,rmoyer@example.org,2024-11-23,False,low,0,3.3173803075803034
1140,Catherine Cruz MD,aolson@example.net,2026-04-21,False,medium,4,8.06908722691238
1141,Robert Valdez,patrickdunn@example.net,2025-10-13,False,high,3,14.097278590048074
1142,Samantha Cruz,xrose@example.net,2026-05-04,False,medium,0,7.640433155897658
1143,Brandon Ward,victoriasmith@example.net,2025-08-30,True,low,1,3.7289474620422585
1144,Brian Pruitt,melinda24@example.com,2025-01-01,False,high,4,12.544629168881412
1145,Valerie Durham,jasonwalker@example.net,2024-12-27,False,low,2,5.41246194953414
1146,Michele Bennett,hortonroger@example.org,2026-02-12,False,low,0,4.455982327418122
1147,Angela Monroe,anthonydiaz@example.org,2025-03-16,True,medium,4,5.262307843363139
1148,Ronald Butler,terrytaylor@example.net,2026-02-10,True,medium,2,9.127547967571154
1149,Jason Rogers,mitchelleric@example.net,2024-10-11,False,low,0,4.924524928908409
1150,Kathy Smith,dfrazier@example.net,2026-02-20,False,low,2,1.5348478907690355
1151,Kenneth Torres,rodneymoore@example.org,2025-10-04,False,low,0,4.064508458121914
1152,Beth Lewis,robinsonisaiah@example.net,2026-09-01,True,medium,2,10.633212327110945
1153,Angela Schwartz,pedwards@example.com,2026-05-15,False,low,2,0.5
1154,Robert Lucas,josephgarcia@example.com,2025-12-02,True,high,6,10.708125127773396
1155,Alyssa Campbell,jonescarla@example.com,2025-02-02,True,high,3,12.449183557446245
1156,Timothy Allen,davilaannette@example.net,2026-09-09,True,low,0,4.8969709083928805
1157,Mr. Brandon Parker,karen68@example.org,2025-05-05,True,low,1,0.6481179618017969
1158,Henry Anderson,riverapeggy@example.net,2024-11-30,False,high,10,11.216824946705803
1159,Brittany Matthews,cwoods@example.com,2025-01-13,False,low,0,8.476706323541723
1160,Angela Garrett,nicoleaguirre@example.net,2024-12-29,False,medium,3,5.122091704062264
1161,Wendy Mason,seth25@example.com,2025-06-08,False,low,2,6.165999877033737
1162,Jessica Macdonald,nallen@example.net,2024-11-11,True,medium,3,4.847237625195882
1163,Mark Jimenez,thomasmonica@example.net,2026-06-14,True,low,0,1.0491771978119542
1164,Stephanie Porter,sedwards@example.org,2024-11-06,True,high,3,13.045025587392033
1165,Heather Jones,escott@example.com,2026-03-29,False,low,2,1.675868359487433
1166,Thomas Case,swilliams@example.com,2025-07-14,True,medium,1,10.164233502607136
1167,Melanie Alexander,nathaniel68@example.com,2025-03-29,False,medium,2,3.789565968608113
1168,Melanie Oliver,figueroajohn@example.net,2024-09-23,True,low,2,2.1458998161493326
1169,Donna Moore,onash@example.com,2026-06-19,False,low,1,5.041512240717422
1170,Hannah Mcdonald,lrodriguez@example.net,2024-12-06,True,medium,2,6.344387080246954
1171,Jennifer Hamilton,umurphy@example.com,2026-09-16,True,high,7,12.583308412187051
1172,Dr. John Ramirez,gardnerstacy@example.org,2025-12-29,True,low,1,1.762467674372307
1173,Andre Burke,zbrown@example.com,2026-04-18,True,medium,2,5.790186472143651
1174,Cindy Lewis,cisnerosgabriela@example.com,2025-03-21,False,medium,3,7.995576618835555
1175,Charles Hill,evansjennifer@example.com,2025-10-06,False,medium,3,4.993122193000993
1176,Debbie Rivas,jacobsonroy@example.com,2025-01-16,False,medium,3,6.337295401824302
1177,Jason Alvarez,tammykim@example.net,2025-11-08,True,medium,4,5.45107671215138
1178,Kristina English,christiancontreras@example.net,2025-01-01,False,low,0,3.2273910030441875
1179,Samantha Navarro,alexis72@example.com,2026-06-11,True,low,3,1.5816025775207878
1180,Wayne Russell,mcneilsherry@example.org,2025-12-25,False,high,8,11.11348336659364
1181,Laura Johnson,robertpayne@example.org,2025-12-01,False,low,2,2.1417273189804833
1182,Daniel Lee,woodmichael@example.com,2026-07-05,True,low,0,1.7319596281300838
1183,Sharon Lyons,wgutierrez@example.com,2026-05-16,False,low,0,5.9176326129353445
1184,William Rogers,stephenbrooks@example.net,2025-11-26,False,low,1,6.2553725890328575
1185,Jane Bruce,swalters@example.net,2026-08-04,True,medium,1,6.629804701157562
1186,Annette Miller,davisallen@example.com,2024-12-02,True,medium,6,9.424258408466972
1187,Loretta Gardner,zgordon@example.org,2026-01-19,False,medium,2,5.966306233652343
1188,Christy Frank,ewilson@example.org,2025-06-01,False,medium,3,8.238065893177065
1189,Julie Odonnell,xsmith@example.org,2025-09-24,True,medium,5,5.1482201922177
1190,Matthew Parker,anunez@example.com,2024-10-11,True,medium,2,6.772666621837129
1191,Richard Randall,matthew96@example.org,2025-10-29,False,low,2,1.6610387415939667
1192,Luis Long,solisbecky@example.org,2026-08-05,False,low,1,2.5580597830602074
1193,Nicholas Powell,zachary63@example.org,2026-02-19,True,high,5,7.036071028522573
1194,Bryan Ray,ocameron@example.com,2026-05-23,False,medium,4,4.001637596084604
1195,Frank Davis,kimcristina@example.net,2025-01-07,False,low,0,3.482122406843219
1196,Kimberly Compton,ujohnson@example.org,2026-09-06,False,medium,2,6.624281197982561
1197,Paula Lopez,kennethnichols@example.org,2026-03-02,False,high,7,13.514205561310389
1198,Jamie Green,hillsavannah@example.net,2024-10-04,False,high,7,11.673868660288104
1199,Dr. Ashley Ho,rodriguezjustin@example.org,2024-11-24,False,low,1,5.945822140736474
1200,Isaiah Massey MD,apope@example.org,2025-09-08,True,low,1,2.1515620720399693
1201,Christine Barnes,cynthia72@example.org,2025-04-24,True,medium,2,6.26864583493896
1202,Mary Welch,wilsonmatthew@example.com,2025-09-06,False,medium,3,8.008541496076768
1203,Kimberly Moore,sara39@example.org,2025-10-14,False,low,1,4.729122954710914
1204,Paige Robinson,danny30@example.com,2024-12-28,False,medium,1,5.639653047304098
1205,Michael Martinez,timothy15@example.net,2025-10-26,False,low,0,4.455534002809744
1206,Patrick Simpson,qnielsen@example.org,2025-02-09,True,medium,4,3.702048324217394
1207,Michelle Hayden,silvakatie@example.com,2025-01-17,False,low,1,2.7426595059382795
1208,Nathan Hamilton,vhenderson@example.com,2026-05-07,False,low,0,0.5
1209,Lisa Patterson,nathaniel17@example.org,2026-06-30,False,medium,4,4.23331844605678
1210,Dawn Ortiz,raymond12@example.com,2025-07-28,False,low,0,5.803457394280548
1211,David Lewis,nathan51@example.org,2025-05-08,True,low,0,2.4679095951992003
1212,Gary Marshall,rachel81@example.com,2025-04-13,False,low,1,3.0774658990033856
1213,Daniel Hoffman,berrydebbie@example.net,2026-03-24,False,high,7,10.238473192276391
1214,Francisco Gonzalez,rjimenez@example.com,2024-12-14,False,high,4,8.461069467974374
1215,Kyle Garza,barbaramitchell@example.net,2026-04-13,True,low,1,0.5
1216,Abigail Murray,meaganpowell@example.net,2026-07-21,False,medium,4,8.986669003215535
1217,Matthew Jones,gallegosrobert@example.com,2025-04-06,False,low,0,0.5
1218,Jennifer Hawkins,troy06@example.com,2026-02-09,False,low,1,5.508124254462247
1219,Samuel Coffey,cameronsharon@example.org,2024-10-09,False,low,1,7.641743620246948
1220,Adam Garcia,michelle63@example.org,2024-11-21,False,medium,3,7.862599626127432
1221,Robin Cabrera,villamiranda@example.com,2026-06-25,False,low,1,5.596696102698216
1222,Anthony Torres,mark96@example.com,2026-02-10,False,medium,1,7.351144123430976
1223,Lauren Wilson,michelle96@example.net,2025-08-10,False,medium,5,8.136368006680796
1224,Joseph Lane,ubray@example.net,2025-09-05,False,low,0,2.6079596767980964
1225,Ralph Dawson,angelica33@example.net,2024-11-14,False,medium,3,7.290854434811519
1226,Amy Smith,taylorcruz@example.com,2024-12-03,False,medium,3,5.592579201337133
1227,Kevin Rose,kathleen47@example.net,2025-01-08,False,low,1,6.239375557106762
1228,Suzanne Robinson,paul79@example.net,2025-02-13,True,low,0,4.566106324517308
1229,Barry Henderson,stephanie91@example.org,2025-08-20,False,medium,1,8.154496744751059
1230,Brian Smith,blopez@example.com,2026-01-14,False,medium,1,5.678211326027634
1231,Derek Mcintosh,gomezjason@example.com,2025-09-20,False,medium,2,5.966771602479785
1232,Amy Nelson,williamspatrick@example.com,2025-02-06,False,low,1,1.9534935532488311
1233,Christopher Hill,gstone@example.net,2024-10-24,False,low,1,4.782418654474788
1234,Brian Wilson,johnstonjohn@example.net,2024-11-30,False,high,4,12.163563541256725
1235,Manuel Baldwin,olong@example.net,2026-05-13,True,medium,7,8.392272483939136
1236,Kathleen Jackson,michaelroberts@example.net,2025-04-16,False,low,2,3.881463954799318
1237,Cody Velez,sstevenson@example.org,2025-01-20,False,low,3,8.28601410916982
1238,Carol Cook,athomas@example.net,2025-08-30,True,medium,3,6.060471071325726
1239,Christopher Baker,jacksonkathleen@example.org,2025-11-26,False,low,0,4.748971155182572
1240,Lauren Freeman,thomaswilliams@example.org,2025-11-06,True,low,1,3.1821162215174565
1241,Sara Fox MD,kimberlygarcia@example.net,2025-05-21,False,medium,3,2.9315022809781537
1242,Gregory Gardner DDS,michael05@example.com,2026-02-19,False,medium,2,4.515501537061755
1243,Patricia Vincent,rrodriguez@example.net,2026-03-04,False,medium,3,6.8806913760156165
1244,William Chase,michaeljohnson@example.net,2026-03-13,False,high,8,7.596668283425167
1245,Heather Garner,samanthagray@example.org,2026-08-24,False,low,3,0.5
1246,Meghan Nolan,harcher@example.org,2025-03-30,True,low,0,7.761607037586632
1247,Stacy Myers,rlandry@example.com,2025-02-04,False,medium,4,10.029429224988807
1248,Mia Flowers,hamiltonspencer@example.com,2025-04-16,False,low,0,4.821349170839602
1249,Kathryn Jennings,hbecker@example.com,2025-12-17,True,low,0,2.587742775627789
1250,Elizabeth Roberts,alexis03@example.com,2026-05-14,False,high,4,10.29692624750279
1251,John Smith,donna00@example.com,2024-12-27,True,high,4,12.194145122022718
1252,Rachel Shaw,stephaniereeves@example.org,2026-09-16,True,low,2,1.727100122678591
1253,Kevin Miller,antoniofitzpatrick@example.org,2026-05-04,False,low,1,2.9098255400088195
1254,Jenny Rasmussen,orozcosamantha@example.net,2025-05-03,True,high,11,14.63351125915021
1255,Meghan Morris,feliciagonzalez@example.org,2025-07-19,True,low,0,3.105564370542288
1256,Eric Evans,ygardner@example.com,2024-11-27,False,low,1,0.5418016451358989
1257,Melissa Gordon,taylor67@example.com,2026-08-21,False,medium,1,7.28752928621717
1258,Thomas Johnson,idavis@example.net,2026-07-12,False,high,6,10.830579134274293
1259,Lauren Watson,brian62@example.com,2026-01-20,False,low,0,1.499372834081373
1260,Phillip Holmes,millerjoseph@example.net,2024-12-05,False,low,0,4.421630155918382
1261,Samantha Cunningham,michelle19@example.net,2025-09-26,False,low,0,5.549160995463483
1262,Meredith Black,rtaylor@example.net,2026-06-02,True,low,2,4.3582280227369345
1263,Eric Hays,shaffercindy@example.org,2024-12-10,True,low,3,0.5
1264,Larry Martinez,wrightdale@example.org,2026-05-19,False,low,1,1.2006369905346275
1265,Anthony Martinez,lwebb@example.org,2026-05-26,False,low,3,6.868619338704152
1266,Samantha Maldonado,reynoldsdaisy@example.org,2024-12-30,False,medium,4,7.569509186771136
1267,Cynthia Hunt,thomasroberts@example.net,2024-11-30,False,medium,4,5.384817319803408
1268,Holly Hill,gwolfe@example.com,2025-07-19,True,high,8,10.553054989526121
1269,Alfred Bryant,tsmith@example.org,2026-01-02,False,high,10,9.09076379609988
1270,Lisa Williams,sydney77@example.com,2024-09-24,True,low,0,5.036437900890823
1271,Jonathan Callahan,michaelmccarthy@example.com,2025-09-28,False,medium,2,7.692234657595446
1272,Christian Rios,stephen24@example.net,2025-04-27,False,medium,1,7.9840285611337976
1273,Thomas Brewer,mestes@example.net,2025-01-27,False,low,2,4.580521610807098
1274,Katie Hopkins,david59@example.net,2025-05-30,False,medium,3,2.6934478559127344
1275,Jennifer Williams,jesseortega@example.com,2026-08-01,False,low,0,5.7443062113681105
1276,Peter Zavala,danielgilmore@example.net,2026-07-02,False,low,1,4.648072885413066
1277,Jennifer Brown,danny17@example.com,2025-12-05,False,low,1,6.403863339079086
1278,Tammy Morris,ogray@example.net,2025-10-29,False,low,0,4.017576885264144
1279,John Shelton,jamesmartin@example.net,2026-05-02,True,high,5,12.075170614087611
1280,Kevin Soto,harrislisa@example.org,2025-06-07,False,low,2,5.106003343807304
1281,Joshua Jones,faithrosario@example.net,2025-12-31,True,low,1,2.2720403018478432
1282,Ronnie Hudson MD,michael82@example.org,2025-08-04,True,medium,2,6.74693484050588
1283,Shelly Carroll,kimberlyevans@example.org,2025-09-17,False,medium,2,3.0709279237941507
1284,Joshua Johnson,sandra46@example.net,2025-06-06,False,low,1,1.0377085507565686
1285,Brooke Roberts,melissafrederick@example.net,2025-05-04,True,medium,3,4.008916927003592
1286,Kimberly Snow,qgiles@example.net,2024-10-09,False,low,0,3.975403101383885
1287,Dean Cook,tayloramy@example.net,2025-05-16,False,medium,1,6.030091146403474
1288,Susan Brown,kjones@example.net,2026-02-13,False,medium,2,7.9230360927562264
1289,Amanda Zavala,ngeorge@example.org,2026-06-28,True,low,1,8.882443444943828
1290,Carl Cummings,johnsonwilliam@example.net,2025-06-01,False,high,9,11.874253559462105
1291,Richard Walter,andrewbrown@example.org,2025-10-13,False,low,1,2.348334453523905
1292,Melanie Rojas,xwilliams@example.com,2026-02-08,False,high,10,14.692791841198495
1293,Jeffery Taylor,nwilson@example.com,2025-06-02,False,low,0,5.102034120452599
1294,Thomas Allen,chapmanjeremy@example.net,2026-03-22,False,low,2,2.5330358666434414
1295,Kimberly Williams,marksjohn@example.org,2024-11-13,True,low,1,0.7985256881109155
1296,Christopher Williams,carrie34@example.org,2025-12-05,False,low,1,0.5
1297,Bryan Jones,shawna37@example.net,2026-03-09,True,low,0,1.5110271002222686
1298,Thomas Robinson,shelly84@example.net,2025-03-15,True,low,2,4.89965442745302
1299,Emma Weaver,brownrachel@example.net,2026-08-13,True,low,1,4.551968985824945
1300,Mr. Thomas Skinner,kevintran@example.org,2025-06-17,True,high,6,15.084515681021584
1301,Brenda Spence,dsantos@example.org,2024-10-03,False,medium,3,5.6269224936924624
1302,Debra Chapman,margaret10@example.com,2026-06-04,False,low,0,6.3267521103271
1303,Albert Reyes,nwilliams@example.com,2025-01-30,False,medium,3,8.429061382104338
1304,Anthony Torres,sharon95@example.com,2026-05-03,True,low,1,4.607208542567439
1305,Nicole Peterson,yglenn@example.net,2026-07-28,True,low,1,7.178011517545739
1306,Renee Tran,michele87@example.com,2025-11-10,False,low,3,3.7181481522023745
1307,Kelly Martin,pmcdonald@example.org,2026-07-13,True,medium,1,9.211429151686586
1308,Michael Hill,kelseyphillips@example.net,2025-07-03,False,low,2,3.3728717740588707
1309,Heidi Hopkins,martinezashley@example.com,2026-05-22,False,medium,2,9.019910993414161
1310,Jill Smith,owenstammy@example.com,2025-12-28,False,low,0,1.3367637675771284
1311,Jennifer Riley,hillcheryl@example.com,2026-08-15,False,low,2,4.007922561849175
1312,David Buchanan,misty23@example.net,2025-01-23,False,medium,0,5.817112360921121
1313,Mary Hall,lopezwilliam@example.com,2025-11-15,False,medium,2,7.460111223091002
1314,Mitchell Brown,theresa05@example.net,2026-02-25,False,medium,0,7.24694462901708
1315,Hannah Jones,ewilson@example.org,2025-02-14,False,high,4,11.236622296233339
1316,Sandra Becker,maynancy@example.org,2024-10-06,False,medium,3,5.612918221075629
1317,Heather Hester,thomas49@example.org,2025-01-13,False,medium,4,6.446221288462393
1318,Timothy Buck,rodriguezjason@example.com,2025-09-26,True,low,1,2.6565584214838456
1319,Katie Perkins,shelby69@example.org,2026-01-11,False,low,3,2.7383088984182873
1320,Phillip Banks,benjaminvictoria@example.net,2025-09-21,False,low,2,3.4042663900862777
1321,Kimberly Barnes,abbottallison@example.org,2025-12-05,False,low,1,3.679072896365911
1322,Kelly Stewart,marycarter@example.org,2025-05-16,False,high,11,12.054619386799127
1323,Vanessa Hall,kaitlin13@example.com,2026-03-07,False,low,2,2.8864424543132676
1324,Heidi Bell,melendezdenise@example.net,2025-03-05,False,medium,3,7.065277673381743
1325,Crystal Carey,sarasanchez@example.com,2026-01-23,False,low,1,5.001834658171715
1326,Lisa Flynn,lee16@example.com,2025-09-22,False,medium,2,5.035351455446448
1327,Johnny Keith,rachelwalter@example.org,2025-01-17,False,low,1,3.60111256822389
1328,Ralph Dawson,inewton@example.org,2026-05-20,False,high,5,11.871175833383678
1329,Christopher Jones,wstrong@example.org,2025-07-09,False,medium,5,1.429188254548638
1330,Michelle Wilson,brittany91@example.net,2024-10-21,False,low,2,6.1963922364868225
1331,Heather Cole,vmccoy@example.com,2025-04-17,True,medium,2,6.735992294291456
1332,Chad White,hernandezalan@example.net,2025-06-15,False,medium,5,5.423561790567366
1333,Jamie Gonzales,shirley13@example.com,2025-09-13,True,medium,5,5.806341623768574
1334,Joseph Fox,ymitchell@example.com,2026-03-25,True,low,1,1.7842943608869781
1335,Amanda Landry,russellramirez@example.net,2025-05-05,True,high,11,9.600069327918932
1336,Christopher Roberts,kgonzales@example.com,2026-08-05,True,low,0,3.5523938978980736
1337,Larry Rodriguez,elizabeththomas@example.org,2025-10-26,False,low,0,1.4839601774673254
1338,Caroline George,moyeramber@example.org,2024-09-22,False,high,7,12.758276648079079
1339,Allison Harris,hdennis@example.org,2026-05-18,False,medium,3,7.948084623024412
1340,Brian Mccarthy,wallaceryan@example.com,2024-11-20,True,low,0,5.3921308341540986
1341,Donald Barnett,linda31@example.com,2025-01-10,True,high,7,10.851309340482953
1342,Jesse Moss,mannleroy@example.org,2025-07-31,False,medium,2,6.630897115628111
1343,Rebecca Stewart,averycourtney@example.org,2024-12-27,False,low,2,0.5
1344,Tony Nunez,theodore72@example.net,2025-09-16,False,low,0,4.791197669525885
1345,Mark Davis,aaronjones@example.net,2025-12-08,False,low,1,0.5
1346,Amanda Watts,pwelch@example.net,2025-05-30,False,medium,3,7.605255263059629
1347,Tiffany Humphrey,nancycontreras@example.com,2026-04-23,False,low,1,3.4248837796977303
1348,Howard Castillo,robinsonsydney@example.com,2025-07-21,True,high,7,8.939188525544884
1349,David Coleman,stevenflores@example.org,2025-05-30,False,low,1,2.723175162660922
1350,Carl Khan,rburke@example.org,2024-10-09,True,medium,1,9.122173256317726
1351,Daniel Rosales,xbrown@example.com,2025-03-28,True,medium,5,11.852927349213983
1352,James Ramos,dgreen@example.com,2025-09-07,False,high,14,9.850819938623916
1353,Mark Williams,kortiz@example.org,2025-10-14,False,medium,4,10.4793305039409
1354,Ashley Donaldson,david80@example.net,2024-10-03,False,low,1,4.17056813746648
1355,Richard Cook,katie81@example.net,2024-10-23,False,medium,2,6.885205072426412
1356,Joseph Galloway,oheath@example.com,2026-04-26,False,high,11,10.898398422760932
1357,Erin Lewis,shelbyjohnson@example.org,2026-03-23,False,low,0,3.623794248909897
1358,Kathryn Moody,moorekevin@example.org,2025-12-23,True,low,2,3.294630202008837
1359,Amanda Brady,irios@example.net,2026-06-20,False,low,0,6.380672681218737
1360,Angela Wagner,vsmith@example.net,2025-12-04,False,medium,0,9.074922207017945
1361,Noah Sparks,marievillarreal@example.com,2025-07-25,False,high,5,12.438337332710875
1362,Elizabeth Stevens,bakerdiana@example.com,2025-06-20,False,high,10,14.639543574625195
1363,Daniel Russell,timothy88@example.org,2025-06-24,True,low,0,5.747979502013765
1364,Monica Bean PhD,chavezbecky@example.org,2025-07-05,True,medium,2,7.1568784921673405
1365,Jacob Hart,martin11@example.net,2025-01-19,False,low,2,6.872859039117733
1366,Katherine Wright,richardmassey@example.net,2026-02-28,True,low,2,2.592167349168911
1367,Crystal Saunders,robert52@example.org,2025-05-10,True,low,0,7.933833925016508
1368,Jennifer Smith,karinorton@example.net,2025-09-18,False,low,2,3.9217119460633163
1369,Cynthia Murray,vrobertson@example.net,2024-11-16,False,high,4,9.350775980469956
1370,Michael Bennett,martinkaitlin@example.org,2025-02-09,False,medium,1,4.88239970350436
1371,Ashley Mcclure,zjackson@example.net,2025-09-09,True,medium,5,4.899626925276661
1372,Kimberly Ross,david44@example.net,2025-05-11,True,low,0,2.0554035105303305
1373,Kristy Martin,alexandra39@example.net,2025-06-16,False,medium,3,6.155856229820608
1374,Kaitlyn Clark,sara22@example.net,2026-02-22,False,low,2,4.07299986365232
1375,Evan White,ajones@example.com,2026-02-12,False,medium,3,12.886096670537242
1376,Brandon Ellis,browntaylor@example.org,2024-11-05,False,medium,6,8.448982120763455
1377,Sophia Cooper,reillyjoshua@example.com,2025-11-19,False,low,2,5.7031820917863945
1378,Marcus Powell,ann31@example.net,2025-01-07,False,low,0,2.180639121375049
1379,Diana Baker,martinezalexa@example.net,2026-03-31,False,low,0,2.169045941819415
1380,Raymond Vargas,tammy97@example.org,2025-01-18,False,medium,5,7.25291843812138
1381,Virginia Davis,douglasalvarez@example.org,2025-05-12,False,low,1,6.1191311452467945
1382,Amy Hunt,ecoleman@example.com,2025-04-27,False,medium,3,5.889439006189341
1383,Cynthia Long,wmccarthy@example.com,2026-05-24,False,medium,4,7.748882448903664
1384,Blake Jacobs,stephaniedougherty@example.com,2026-02-19,True,high,6,12.802413560984617
1385,Kristina Henry,gina86@example.net,2025-05-30,False,high,10,12.632443745114385
1386,Jacob Owens,jessica39@example.net,2026-06-20,False,low,0,1.8828634434869547
1387,Cheryl Brooks,gonzalezmichael@example.org,2024-09-22,False,low,1,6.104422311914117
1388,Brandon Wood,wesley09@example.com,2024-10-12,True,high,7,11.194868220594605
1389,John Williams,joshua09@example.org,2026-06-10,False,low,1,1.731657709444419
1390,Yolanda Chen,vthompson@example.net,2026-03-20,False,medium,2,9.058360872255934
1391,Amanda Johnson,janicethompson@example.org,2024-11-17,True,medium,3,6.836578615716844
1392,Barbara Ramos,edwardsmichaela@example.com,2026-09-06,False,low,0,2.0225253631603635
1393,Lucas Smith,rachael29@example.net,2026-08-09,False,medium,6,6.541060417360576
1394,Teresa Powell,brownmandy@example.net,2025-01-03,False,medium,2,9.3367292658966
1395,Christopher Williams,haleyortiz@example.net,2026-03-17,True,low,1,2.766449276960585
1396,April Hill,david79@example.net,2024-11-19,True,low,2,1.3040084312656623
1397,Anita Hardin,jessicalopez@example.net,2025-12-20,False,low,1,4.680069218411477
1398,Christopher Smith,steven34@example.net,2025-12-31,False,low,2,3.4114387748773
1399,Cheryl Campos,lancegray@example.com,2025-01-26,True,medium,7,10.837212667752416
1400,Ethan Perez,joshuagonzalez@example.com,2025-03-26,True,high,7,10.293471729123684
1401,Brandon Kelly,michael87@example.net,2026-02-02,False,medium,2,7.045025948795455
1402,Travis Richards,amandaclark@example.net,2025-08-01,False,low,0,0.5
1403,Melanie Roberts,holly88@example.net,2026-04-21,False,medium,3,10.451387585629542
1404,Raymond Scott,hgreen@example.net,2026-01-12,False,medium,2,7.243688928264908
1405,Charles Willis,anne90@example.com,2026-02-12,True,medium,2,7.434415875056802
1406,Sheila Smith,valvarez@example.net,2026-07-10,True,medium,4,6.070465552176545
1407,Hunter Martin,karengonzales@example.net,2025-08-17,False,medium,2,9.031874447127112
1408,Jessica Ross,johnnybrooks@example.com,2025-09-05,False,low,2,3.193240508062635
1409,Andrew Hickman,kathrynsantana@example.net,2024-12-05,True,medium,3,6.9340193943455
1410,Derrick Ray,martingarrett@example.com,2026-06-28,True,high,10,9.965274021715535
1411,Terri Gonzalez,davidcook@example.org,2026-08-28,False,medium,4,6.281002446709164
1412,Ralph Solis,dfoster@example.org,2026-01-12,True,low,0,6.386207346664536
1413,Christopher Parker,joelharris@example.org,2026-03-01,False,low,2,2.5501919363504135
1414,Justin Rowe,woodsmelvin@example.com,2025-10-24,True,medium,3,5.208908230565387
1415,Daniel Kennedy,tguerra@example.org,2026-03-29,False,low,2,2.7196910863307764
1416,Carl Hines,ricardomurphy@example.com,2026-05-10,False,low,1,6.967487820407413
1417,Jessica Long,reedelizabeth@example.net,2024-10-07,False,low,0,2.7782644435857304
1418,Cassandra Young,matthew09@example.net,2026-03-21,False,low,2,5.011746364405835
1419,Maria Taylor,bradleyturner@example.org,2025-05-24,False,low,1,4.792733912934702
1420,Jessica Mitchell,eleonard@example.org,2025-03-27,True,medium,1,7.339495535941324
1421,Cassie Sanders,marshallchristopher@example.net,2026-03-07,False,low,1,5.988597653375247
1422,Jennifer Roman,luisandrews@example.com,2026-02-01,False,low,0,4.509462274760419
1423,Matthew Santiago,twise@example.com,2025-03-26,True,medium,2,6.249185107032076
1424,Lindsey Lang,xshaw@example.com,2026-02-20,False,low,0,3.9023403281325937
1425,Valerie Rodriguez,tinaschmidt@example.com,2026-06-16,False,low,2,1.3740629401054543
1426,Adam Vaughan,james97@example.com,2024-10-23,True,low,0,4.787950451728805
1427,Bryan Burns,brendan95@example.com,2025-07-26,False,low,2,6.203475723572418
1428,Pamela Johnson,guy56@example.org,2025-08-10,True,medium,1,7.983986973672993
1429,Andrew Rodriguez,schmidtrandy@example.org,2024-11-18,False,low,0,5.4239149334345305
1430,Nicholas Schultz,worozco@example.com,2026-02-03,False,medium,2,5.061897896924834
1431,Roger Conley,uwilliams@example.com,2024-10-15,False,low,1,0.5
1432,Misty Burnett,reyestina@example.org,2025-05-22,True,medium,4,7.178790557863227
1433,Elizabeth Morales,stephaniescott@example.net,2026-03-14,False,low,2,6.167166206219991
1434,Thomas Sanford,ashleycooley@example.net,2025-09-28,False,low,0,3.333078613636456
1435,Dana Lindsey,ashley36@example.com,2026-03-17,False,medium,5,2.898400288011704
1436,Destiny Powers,rbrowning@example.com,2025-04-05,True,medium,3,5.635377855585739
1437,Albert Perry,joshuaford@example.net,2025-05-08,True,low,0,5.065566418645249
1438,Albert Nguyen,carrjessica@example.net,2026-05-15,False,medium,5,5.388946634978959
1439,Madison Murphy,jalvarez@example.org,2025-05-26,True,low,0,3.5957968121363275
1440,Rodney Hernandez,sclark@example.org,2026-01-22,False,medium,2,10.305497911633758
1441,Andrew Phelps,welchanna@example.com,2024-11-17,False,low,0,1.7371887797299252
1442,Kendra Torres,shannon70@example.org,2025-12-18,False,medium,1,8.774764728282268
1443,Guy Reynolds,potterjustin@example.net,2025-09-11,False,high,5,12.506768919969385
1444,Thomas Anderson,davisjeffery@example.org,2025-11-09,False,low,2,4.267578125730211
1445,Christopher Waters,wpierce@example.org,2025-07-20,False,medium,3,6.400969924905045
1446,Emma Cox,beckgloria@example.net,2026-03-28,False,medium,4,4.528593955901182
1447,Joseph Myers,dsimpson@example.com,2026-05-14,False,low,3,4.0218660264863795
1448,Thomas Thompson,aaron57@example.net,2025-01-21,True,low,1,1.0371060406944177
1449,Janet Delgado,ojenkins@example.org,2025-12-14,False,low,2,5.41882196117321
1450,Manuel Duarte,udougherty@example.net,2025-03-19,True,medium,2,6.7188930289951365
1451,Kaitlyn Davis,andrew96@example.net,2025-09-26,False,medium,3,5.935476547656848
1452,Thomas Ellis,gregorygiles@example.org,2025-05-11,False,medium,4,8.408259696098552
1453,Steven Clark,rstevens@example.net,2025-08-08,False,medium,4,10.078034750510831
1454,Christopher Murray,laramary@example.org,2025-03-15,False,medium,3,7.415760753555381
1455,Andrea Goodman,ecamacho@example.com,2024-11-08,False,low,0,5.631508973304139
1456,David Baldwin,baldwincatherine@example.net,2026-02-22,False,high,7,12.204946872564726
1457,Ronald Brown,uclayton@example.org,2025-06-10,False,medium,1,6.884326775244812
1458,Kayla Banks,gcobb@example.org,2026-05-30,False,low,0,6.255576054223292
1459,Lauren Moody,michaeldouglas@example.org,2026-07-17,False,low,3,2.901543721009203
1460,Christine Davis,ellisjenna@example.org,2026-03-25,True,medium,2,5.329179435216351
1461,Michael Rivera,klyons@example.com,2025-11-26,False,low,2,0.5
1462,Brittany Roberts,nicoleelliott@example.net,2025-04-18,True,high,9,12.92835754676685
1463,Brooke Walters,rmarquez@example.com,2025-01-08,False,low,2,3.8823342917369557
1464,Betty Lawson,oscott@example.org,2026-06-02,False,low,1,3.558136550120776
1465,Brittany Smith,jennifer86@example.com,2025-12-14,True,medium,1,8.283894258887402
1466,Gregory Moore,alexandra67@example.net,2025-01-19,False,low,2,3.459464791272222
1467,Casey Prince,barnettcalvin@example.org,2025-05-02,True,low,1,4.559496001399969
1468,Donald Strickland,santosmichael@example.com,2025-11-08,False,medium,1,8.972167782955422
1469,Alexandria Francis,judithcox@example.org,2025-07-06,False,high,4,9.69868675732761
1470,Gary Jones,wallerbrian@example.net,2025-10-05,False,low,3,3.346704873622777
1471,Robert White,jeremylove@example.org,2024-10-17,False,low,0,2.37703692603099
1472,Kristen Davis,jessicalowery@example.org,2025-10-04,False,low,1,1.634368995391422
1473,Darren Willis,imarshall@example.org,2025-05-09,False,medium,1,9.547330108260876
1474,Christina Wilson,alvarezcory@example.net,2025-02-22,False,medium,3,5.414272789855363
1475,Mr. Kevin Callahan,cortezscott@example.net,2025-02-07,False,medium,2,5.835877331813975
1476,Lisa Bryant,kingrichard@example.com,2025-09-13,False,low,1,4.798088281293052
1477,Jordan Palmer,joseph83@example.com,2025-04-07,True,low,3,6.34132325863532
1478,Ellen Alexander,tonyflores@example.net,2025-08-27,False,low,2,0.689550575621134
1479,Austin Reynolds,cody75@example.net,2026-02-02,True,low,1,3.336011082239848
1480,Cheryl Rodriguez,jasonshaw@example.com,2026-04-01,True,medium,5,2.9809198896570663
1481,Michael Pennington,ashleymoore@example.org,2025-02-05,True,low,1,6.510210833166168
1482,Christopher Moore,markblack@example.com,2026-01-08,False,medium,4,8.37341840869713
1483,Penny Adams,thomas45@example.org,2025-04-29,True,low,0,2.5020538054599095
1484,Sandra Stewart,ronald66@example.org,2026-03-29,False,low,0,2.887806127542395
1485,Wayne Gomez,theresawang@example.org,2026-05-09,True,medium,4,7.598472923836882
1486,Matthew Scott,andrew66@example.com,2025-10-30,False,low,0,5.484888477293913
1487,Rebecca Williamson,ggates@example.org,2025-03-14,True,medium,2,10.062653604628466
1488,John Griffith,ccrane@example.net,2025-06-30,True,medium,0,7.674174585467362
1489,Michelle Wright,dbrown@example.net,2025-05-26,False,medium,5,9.990916490485914
1490,Jessica Mitchell,vtaylor@example.org,2025-05-13,False,medium,1,6.430748991492642
1491,Jennifer Hernandez,brittanyandrews@example.net,2024-11-21,True,medium,3,8.951646674577127
1492,Kenneth Farmer,angela40@example.org,2026-04-05,False,high,6,11.017715407337791
1493,Richard Dawson,susan57@example.net,2026-06-26,False,high,7,9.576676922847389
1494,John Murray,james44@example.net,2026-03-18,False,low,2,2.605910597281155
1495,Bryan Jenkins,zshaffer@example.org,2026-05-18,False,medium,1,7.159830527480075
1496,William Brooks,gforbes@example.com,2026-04-18,False,high,6,11.641860123851314
1497,Kenneth Walters DDS,mccannkimberly@example.net,2025-01-11,False,low,1,2.402920970882478
1498,Sarah Berry,mbishop@example.org,2026-04-01,True,medium,3,7.443135055216478
1499,Donald Hayes,debrajones@example.net,2025-11-12,False,medium,6,7.653989026540196
1500,Richard Stevenson,zpreston@example.net,2025-04-20,False,medium,0,5.329750992055529
1501,Jean Smith,ronald43@example.net,2026-01-24,False,low,1,5.356039830933986
1502,Jimmy Ortega,patricia92@example.org,2026-04-06,False,medium,3,8.336426508872275
1503,Christopher Johnson,chanamber@example.org,2025-05-15,False,low,1,4.622976754114128
1504,David Clark,frank43@example.org,2026-04-05,False,medium,4,6.583735807831489
1505,Shawn Blackburn,flowersnicholas@example.com,2026-06-14,False,low,1,1.716116361677377
1506,Christine Williams,nross@example.com,2025-11-23,True,medium,1,7.119810513592877
1507,Wayne Hunter,martinjason@example.com,2026-03-13,False,medium,5,6.832433800221871
1508,Zachary Perry,traciemarsh@example.com,2025-09-02,False,medium,1,11.508076217842238
1509,Theresa Smith,zlara@example.org,2025-06-04,False,medium,0,6.4791609336949225
1510,Sara Hamilton,jerome16@example.com,2024-09-29,False,high,6,11.741196827960422
1511,Monica Merritt,taylorjohn@example.net,2024-09-24,True,low,1,4.158095604300558
1512,Brenda Harrison,brownleah@example.net,2026-01-14,False,high,7,10.423687938977764
1513,Jason Moore,gregstone@example.org,2026-03-14,False,medium,2,10.620605220008324
1514,Catherine Koch,buchanananthony@example.org,2025-04-29,True,medium,2,7.798538815228351
1515,Susan Baker,anthony05@example.org,2026-06-29,False,high,9,11.880707987755827
1516,Shane Mcintyre,ryankathryn@example.net,2025-10-06,True,high,5,9.958062897537808
1517,Adrian Prince,barnescarl@example.com,2025-08-23,False,medium,3,7.871092637984728
1518,Steven Alexander,collinsterrance@example.com,2024-12-20,True,medium,3,7.332970545154295
1519,Holly Austin,woodskaitlyn@example.net,2025-02-08,False,low,1,3.923352328605255
1520,Carlos Dunlap,donnapaul@example.net,2025-07-10,False,medium,3,8.637531941697633
1521,Ashley Perez,jessicaturner@example.net,2026-08-30,False,high,3,8.971671563746064
1522,Kelly Ray,kathleen25@example.com,2025-06-18,True,medium,5,7.677951787336523
1523,Noah Rosales,ywelch@example.org,2026-09-04,False,low,2,4.936303959368507
1524,Mark Conley,fernandomorris@example.net,2025-09-04,False,low,0,4.514475501353044
1525,Chelsea Kane,nhayes@example.com,2025-12-16,True,high,7,7.7656562199089105
1526,Autumn Ramirez,matthew24@example.com,2026-04-30,True,high,7,11.692625420449772
1527,Mr. Matthew Barnett,kathryn41@example.com,2025-07-26,False,low,0,2.622763902875081
1528,Joshua Davis,hgreer@example.net,2026-02-20,False,low,1,5.5779402500938415
1529,Gregory Chavez,burchteresa@example.org,2025-07-05,True,medium,6,10.491717940546271
1530,Yvette Lee,kimberlygonzalez@example.net,2025-06-03,False,low,1,5.445349649776597
1531,Brittany Heath,mcbridemichael@example.org,2026-02-07,False,medium,3,6.0584898017504365
1532,Carol Moore DDS,meganpotter@example.org,2025-10-18,False,medium,5,9.242376285139809
1533,Jessica Harris,haleystacy@example.com,2025-06-29,False,low,3,5.208103289843247
1534,Jennifer Woods,derek40@example.org,2025-03-20,True,high,8,10.179941176922178
1535,Emily Leblanc,brownrobert@example.org,2025-09-04,False,medium,3,5.47428911560689
1536,William Bray,petermoore@example.com,2025-06-30,False,low,0,3.0103427891607497
1537,Ruben Jones,donald61@example.net,2026-03-12,False,low,1,5.2458880608266165
1538,Brittany Ramos,kathleen01@example.net,2025-05-03,True,low,3,5.283083289872024
1539,Mark Ruiz,hevans@example.net,2026-03-15,False,low,0,8.334491946265988
1540,Benjamin Werner,nancy06@example.com,2024-12-09,False,low,1,1.7786734600975125
1541,Kevin Walter,oblake@example.net,2024-12-02,True,medium,2,6.134724967332944
1542,Miss Linda Cox DVM,bcopeland@example.com,2024-10-29,False,high,10,15.37146123344515
1543,Randy Kirby,rebecca85@example.com,2026-01-18,False,medium,7,6.699495951966687
1544,Howard Smith,fsanchez@example.org,2025-11-24,False,medium,4,6.9187739573586375
1545,Ashley Norman,kcastro@example.com,2025-12-05,False,low,2,4.6831189468959264
1546,Mary Williams,garzalaura@example.org,2025-11-12,False,low,1,4.78825779178422
1547,Phillip Ward,tochoa@example.net,2024-10-17,False,low,0,5.672968275929882
1548,Jessica Murray,bentleylisa@example.net,2026-03-16,True,medium,0,4.86455484592291
1549,Terry Robinson,andrewbautista@example.org,2025-04-19,True,medium,3,7.622030148756383
1550,Allen Bryant,michael55@example.org,2025-04-08,False,low,1,1.9909823381343528
1551,Erika Lyons,kayla23@example.net,2026-04-04,True,low,0,2.2714294761189278
1552,Erica Morales,kimberly27@example.org,2025-05-19,False,medium,3,9.271241170982952
1553,Natalie Huff,leslietorres@example.net,2024-11-23,False,low,0,8.00021538377067
1554,Marc Fowler,tharris@example.com,2025-06-01,False,low,2,2.434485982241246
1555,Stephanie Fischer,marcusrodriguez@example.net,2025-05-02,False,medium,5,8.662997733863325
1556,Maria Phillips,raymonddominguez@example.org,2024-11-25,True,high,6,12.596182097323123
1557,Suzanne Alvarado,dustin58@example.com,2025-07-05,False,medium,6,2.979566690867874
1558,Ashley Blanchard,christina15@example.org,2025-08-07,False,medium,2,4.352097831560874
1559,Joshua Contreras,anthony33@example.org,2026-06-19,False,high,5,12.575862504992106
1560,Robert Thomas,john09@example.com,2026-05-23,False,low,2,4.9227270421601865
1561,Juan Carroll,hlopez@example.net,2025-07-07,False,low,4,3.323486711505846
1562,Stephanie Hughes,jasmine54@example.com,2025-06-15,False,high,6,13.429016023555608
1563,Taylor Flores,chase25@example.net,2025-03-17,False,medium,4,5.423956762448689
1564,Betty Pollard,gnichols@example.net,2025-03-03,True,low,0,4.42228042615392
1565,Michael Bray,stevenandrews@example.org,2025-08-20,False,medium,3,8.137289232025541
1566,Kevin Brown,andrewwest@example.net,2024-10-30,False,medium,1,7.7658434201145266
1567,Sean Hernandez,cameron49@example.com,2026-08-11,False,low,2,3.0731648577678077
1568,Michelle Henry,valerielewis@example.com,2025-05-02,False,low,4,1.8696879718092805
1569,Elizabeth Hall,ithomas@example.net,2025-11-21,False,low,2,1.168173740926243
1570,Tricia Brown,briana19@example.org,2025-10-10,False,high,8,8.257371647787753
1571,Morgan Wright,maryjohnson@example.com,2026-03-04,False,high,13,10.707038658543677
1572,Brandon Powell,yballard@example.net,2025-08-30,True,medium,0,9.012822080053109
1573,Catherine Collins,jasminekoch@example.com,2024-11-23,False,low,0,3.870455480404247
1574,Curtis Bell,morgankaren@example.net,2025-03-25,True,low,0,4.185871305365955
1575,Amy Hawkins,cody08@example.org,2024-09-21,False,medium,2,8.226920331343674
1576,Alexander Stein,michele23@example.net,2025-12-15,False,low,1,3.9349922138846214
1577,Daniel Reed,carolberry@example.com,2026-02-16,True,low,1,3.4236994751549674
1578,Cassandra Hernandez,cjohnson@example.net,2026-06-29,True,high,10,11.300948997547803
1579,Barbara Villa,daniel29@example.net,2025-01-18,False,medium,2,3.488988822590745
1580,Corey Moore,sharon86@example.com,2026-08-09,False,high,4,11.907810458882695
1581,Ana Sanchez,johnroth@example.org,2026-04-21,False,low,0,6.014608714946525
1582,Anthony Haas,qcochran@example.net,2026-03-23,False,medium,2,7.046770429317015
1583,Sarah Davis,rhonda99@example.net,2025-10-11,False,medium,4,6.848657854685873
1584,Joshua Harris,derek34@example.net,2025-07-26,True,low,0,7.075102638068687
1585,Bradley Johnson,morristimothy@example.com,2025-04-29,True,medium,5,6.915481687812606
1586,Patricia Townsend DDS,lopezchristopher@example.net,2026-03-18,False,medium,3,6.4431410309530515
1587,Carrie Edwards,fergusonbrandon@example.com,2025-06-26,False,medium,1,10.262230194911167
1588,Joshua Colon,hrodgers@example.org,2025-09-24,False,low,2,2.5339941617752686
1589,Amanda Lewis,ododson@example.net,2025-05-10,False,low,1,1.2551805248773862
1590,Kathleen Duncan,williamspatrick@example.net,2024-12-12,True,low,0,3.388735115186409
1591,Tanner Keller,tracey63@example.com,2026-07-20,False,medium,5,9.298056125996588
1592,Christopher George,nicole69@example.net,2026-06-11,False,low,0,2.7528818894017197
1593,Christine Johns,robert06@example.com,2025-06-20,False,low,1,3.352182293568157
1594,Chelsey Maxwell,carol60@example.net,2026-04-01,False,low,0,4.423758357657768
1595,Michael Jones,wilsonrachel@example.com,2024-11-05,False,high,7,12.038692659194268
1596,Carol Singh,smitchell@example.com,2026-06-05,False,medium,3,8.683214407516783
1597,Philip Foster,stephaniepeters@example.com,2025-02-11,False,low,0,4.121570745002606
1598,Amanda Mendoza,perezmarissa@example.org,2024-11-18,False,low,2,7.852571709710786
1599,Andrea Graham,samuel27@example.net,2026-04-03,False,low,0,5.053962782727506
1600,Kathy Villegas,jennywilliams@example.org,2026-08-12,False,medium,5,7.015120360788266
1601,Trevor Weeks,steven06@example.com,2025-01-07,False,low,3,0.5
1602,Arthur White,matthewgriffith@example.org,2026-06-16,False,medium,3,7.0365049217122255
1603,David Rice,douglasbrandt@example.org,2024-12-08,False,medium,2,5.265108006638808
1604,Joseph Smith,jennifermorris@example.org,2024-12-31,True,high,7,11.027231228761654
1605,David James,cervanteskayla@example.org,2026-06-06,False,low,1,3.6380282679713565
1606,Amanda Gardner,banksrenee@example.net,2026-01-02,False,low,1,5.246815947990055
1607,Luis Cole,feliciasalazar@example.com,2026-09-04,True,medium,2,6.127473935639943
1608,Karen Roach,xherrera@example.org,2025-01-01,True,medium,1,9.096233518538309
1609,Carrie Coffey,nicole50@example.com,2026-04-29,False,low,1,5.226531089322288
1610,Joe Page,vanessamartinez@example.net,2025-06-03,False,medium,3,9.275553561337325
1611,Jennifer Butler,ywallace@example.com,2025-06-10,False,low,0,8.92711386426452
1612,James Cummings,johnmarquez@example.net,2025-02-07,False,low,1,3.782187009723336
1613,Mary Montgomery,wkelley@example.com,2025-06-18,False,low,0,3.4325865432705367
1614,James Harrison,xevans@example.net,2025-07-16,False,medium,4,9.380949970386965
1615,George Wu,bgiles@example.org,2026-08-08,False,low,0,7.030827630696418
1616,Daniel Bradley,joshuareese@example.net,2026-04-03,False,low,0,6.292974317466077
1617,Laura Owen,robertmcdonald@example.net,2024-12-22,True,medium,3,5.559714799679385
1618,Emily Fitzpatrick,lowekristin@example.org,2024-10-03,False,low,1,5.414035005915212
1619,Sheila Rivera,edwardsrachel@example.org,2026-03-15,False,medium,4,7.493812126833223
1620,Elizabeth Jones,brandy77@example.com,2026-02-14,True,medium,4,4.7496043445245535
1621,Brian Hoffman,frankwilson@example.net,2025-07-14,False,low,1,7.556538478608954
1622,Lori Graves,hannah31@example.net,2026-08-10,False,medium,2,8.280249751283243
1623,Anne Williams,ekennedy@example.org,2026-04-01,True,low,3,3.8651068828896356
1624,Victoria Cox,lrichards@example.com,2026-07-03,False,high,8,13.387223510345176
1625,Theresa Knight,vanessa51@example.org,2024-12-25,False,high,14,10.930871520312394
1626,James Hernandez,suzanneflores@example.net,2026-04-20,False,low,0,5.8114352009947305
1627,Heather Terrell,lsmith@example.com,2026-09-12,False,low,0,7.184049797152166
1628,David Palmer,burnsrebecca@example.org,2026-01-05,False,medium,5,5.824524061360203
1629,Deborah Ferrell,billy71@example.com,2025-10-25,False,high,5,13.215442191964897
1630,William Weber,turnerjames@example.com,2025-06-22,False,high,8,12.13320429678545
1631,Michael Terry,michael86@example.com,2026-02-17,True,low,0,10.315542566088595
1632,Gregory Green,tracyadams@example.com,2026-07-21,False,low,1,5.813574545864798
1633,Melvin Flores,johnsondavid@example.org,2025-03-14,False,low,1,4.414278873557137
1634,Austin Armstrong,kimberlyshields@example.org,2026-02-28,False,high,10,10.521453705696297
1635,Glenda Stout,mooreconnie@example.com,2025-12-23,False,low,0,5.762124374761331
1636,Maurice Salazar,padillajames@example.net,2026-07-27,False,medium,4,8.081179083624482
1637,Nathan Davis,omoody@example.org,2024-10-24,False,low,1,6.502501193049372
1638,Frank Moreno,troth@example.com,2025-12-04,True,low,1,6.752668317354388
1639,Dwayne Lowe,ramoswilliam@example.org,2025-01-24,False,high,7,12.55195513281232
1640,Charles Weaver,hollywarner@example.org,2025-02-02,False,low,2,5.028952141063498
1641,Nicole Perez,lreid@example.com,2025-12-01,False,low,1,5.258721266857783
1642,Donna Simmons,jill80@example.net,2026-06-30,False,medium,4,6.40186182953989
1643,Diana Martin,brownmax@example.net,2024-11-01,False,medium,3,3.8150340554435895
1644,Jessica Craig,vsmith@example.net,2024-11-21,False,low,0,6.638843575629744
1645,Sydney Ward,carrolljessica@example.com,2025-08-13,True,high,8,10.857170043254692
1646,Karen Porter,vedwards@example.org,2025-03-03,False,low,4,1.0661881092961614
1647,Michael Ortiz,ynguyen@example.com,2025-08-22,False,medium,1,7.969182757678549
1648,Jodi Thomas,bbarnes@example.org,2026-04-17,False,medium,3,7.534950777796123
1649,Seth Hernandez,alexis22@example.net,2026-08-10,False,low,1,5.032793335573158
1650,Alan Kennedy,matthew07@example.com,2025-01-11,True,low,1,1.50989755299201
1651,Sarah Ramirez,tommycummings@example.com,2025-08-02,False,low,0,7.0188981008053
1652,Katherine Wade,suzanne15@example.net,2025-09-01,False,medium,3,3.870047256999806
1653,David Harding,robertsmith@example.com,2025-12-23,True,low,2,3.001097614229573
1654,Eric Montgomery,georgealyssa@example.com,2026-03-01,False,low,1,5.338170420535048
1655,Sharon Wood,cbrown@example.com,2025-07-19,False,low,2,7.423613735059009
1656,Gabriel Hall,cynthia74@example.net,2025-05-25,True,high,7,9.708896270610044
1657,Melissa Winters,kimberly93@example.net,2025-11-25,False,high,5,10.710822566027892
1658,Robert Burns,uzamora@example.net,2026-06-23,False,low,2,7.083944695677268
1659,Charles Morris,uford@example.com,2024-11-05,False,high,5,9.128337540418869
1660,Corey Carrillo,michaelstrickland@example.com,2025-03-17,False,medium,5,4.848212342551481
1661,Erin Summers,yhoffman@example.com,2026-08-18,True,low,1,3.152332923587034
1662,Mr. Stephen Gonzalez,susanharper@example.org,2025-04-22,False,low,2,2.4687776859396244
1663,Stephen Mills,john66@example.net,2026-05-09,False,low,0,3.5539486374671956
1664,Dean Thomas,johnsondawn@example.com,2024-11-14,False,high,7,11.564072420924441
1665,Theodore Hernandez,mpeters@example.com,2026-03-26,True,low,1,1.297419194603131
1666,Donald Hill,lmitchell@example.org,2025-05-11,True,medium,0,6.3997424263436
1667,Anthony Nguyen,uwood@example.net,2025-06-19,False,low,0,3.2673166457244847
1668,Jeffrey Nguyen,markhuff@example.org,2026-01-01,False,low,3,4.353524206500528
1669,Peter Williams,sharpjennifer@example.com,2024-11-03,False,medium,4,5.856446182781225
1670,Christian Mills,christopherward@example.com,2025-05-23,False,low,0,0.5
1671,Paul Vasquez,warrendarlene@example.com,2026-02-07,True,medium,4,7.5667560048035245
1672,Ann Clark,dariuspruitt@example.com,2025-03-03,False,low,0,3.492281845709858
1673,Michael Johnson,timothywilliams@example.org,2026-08-13,False,low,0,3.4539575651681442
1674,Brenda Flores,qavila@example.com,2024-10-02,False,high,2,10.399110124537671
1675,Katherine Caldwell,cpierce@example.org,2025-11-23,True,medium,3,6.217950666268847
1676,Kevin Smith,perkinsmicheal@example.org,2025-07-05,False,medium,4,9.958963523721746
1677,Adam Burton,joseph58@example.com,2025-01-12,False,high,8,14.049034362231806
1678,Lawrence Cook,rachael61@example.net,2025-04-14,False,medium,2,6.110107218209494
1679,Larry Curtis,hharris@example.org,2025-06-28,False,medium,1,7.946165343990114
1680,Timothy Harris,marissa39@example.com,2025-06-08,False,medium,3,4.951634719104531
1681,Mark Knight,jay04@example.org,2025-02-23,True,medium,5,7.396592067428907
1682,Geoffrey Porter,dcortez@example.com,2025-12-01,True,low,1,9.375952487614821
1683,John Hoffman,laura31@example.net,2024-12-05,False,low,0,3.611017030270448
1684,Andre Williams,arroyosarah@example.com,2025-08-09,False,medium,5,8.33175564741278
1685,Tonya Davis,jason36@example.net,2026-06-20,False,low,0,1.2264635783246285
1686,Jason Johnson,roachkevin@example.com,2025-08-18,False,medium,7,6.776932767612985
1687,Victoria Rocha,calhounjulie@example.net,2026-04-20,True,medium,5,6.562228152687667
1688,Tara Thompson,millerjimmy@example.net,2026-02-07,True,medium,2,7.486226696567432
1689,Alexander Hart,simoneric@example.org,2025-07-05,False,low,2,4.423916054003127
1690,Andrew Reynolds,agutierrez@example.net,2026-07-06,False,low,0,2.6035593575568408
1691,Tina Walter,jennifer34@example.org,2026-01-21,False,low,0,7.502271194828887
1692,Chelsea Norris,forbesbradley@example.net,2026-05-21,False,low,1,2.845195615541123
1693,Tristan Freeman,jennifernewton@example.com,2025-06-11,False,medium,3,3.60582003811888
1694,Joy Kennedy,nathanielwinters@example.net,2025-10-25,False,low,2,1.8913899147918425
1695,Nicholas Reed,bettywatson@example.com,2026-04-01,False,low,1,3.7377773226390345
1696,Michael Preston,bward@example.org,2025-12-02,False,low,0,2.8449314719615746
1697,Faith Howard,ihayes@example.net,2025-01-16,False,high,7,13.132703782390475
1698,Jonathan Heath,carolfernandez@example.net,2025-01-12,False,low,1,4.5904740733870515
1699,Brenda Velasquez,makaylasanders@example.com,2026-06-23,False,low,2,7.064760765175244
1700,Kimberly Stone DDS,sarah23@example.net,2026-02-18,False,low,3,4.841073411808138
1701,Bruce Dennis,amy68@example.net,2026-05-09,True,high,11,12.363268447336779
1702,Gregory Russell,perezdawn@example.org,2026-05-20,False,medium,4,7.02821671250625
1703,Chelsea Smith,simpsonruth@example.net,2026-08-13,False,medium,3,8.144200416601976
1704,Jared Bryan,lynnjames@example.org,2024-10-10,False,low,0,3.2378470911065467
1705,Cody Parsons,jonesshaun@example.org,2025-07-23,False,low,0,2.3517330326565555
1706,Jamie Wolfe,matthew53@example.com,2025-07-28,True,low,0,5.872411475074507
1707,Karen Mendez,sheltontiffany@example.com,2025-05-09,True,medium,4,7.88797164312106
1708,Michael Callahan,xmullins@example.org,2025-07-23,False,medium,2,6.438982830751061
1709,Shirley Avery,yvang@example.org,2026-08-22,False,medium,3,7.545267028638829
1710,Angie King,millerjennifer@example.net,2025-12-23,True,medium,3,7.684451158848691
1711,James Rogers,tjohnson@example.net,2026-04-09,False,high,4,12.6132862334455
1712,Claire Jenkins,suttonbrittney@example.net,2026-04-11,True,low,1,3.5431361578672833
1713,Jill Shaw,khill@example.com,2026-04-26,False,medium,0,3.581547201594808
1714,Misty King,wolfetravis@example.com,2025-04-20,True,low,0,4.783396032020946
1715,Dylan Rivera,mcdanieltanya@example.org,2025-02-10,False,low,1,5.446385952057467
1716,Mr. Reginald Roman,kelseywilliams@example.org,2025-02-28,False,high,11,10.724744235485117
1717,Lauren Snyder,hstokes@example.org,2025-01-16,False,low,1,3.0045127491543306
1718,William Jacobs,kimmichael@example.net,2025-07-29,True,medium,5,9.22554503563011
1719,Stephanie Richardson,barnesarthur@example.com,2025-10-30,False,low,4,6.413071446908605
1720,Austin Baker,thomas83@example.org,2024-12-15,True,medium,1,7.538105386031415
1721,Kelly Ortega,ikeller@example.com,2025-10-30,False,low,0,2.5972447895550888
1722,Wesley Douglas,cwilson@example.org,2025-02-12,False,medium,1,4.935988687335253
1723,Paul Myers,brian01@example.net,2026-01-17,False,low,0,3.894489783998469
1724,Alexa Beard,luissanchez@example.com,2026-04-26,False,low,0,5.306957963903481
1725,John Mendoza,thompsonangela@example.net,2025-10-18,True,medium,4,8.563885070903837
1726,Brianna Martinez,michellejones@example.net,2026-09-11,True,high,4,10.869179532809213
1727,Christopher Sims,xfranco@example.org,2026-05-16,False,medium,4,5.3869603350868775
1728,Paul Williams,kimberly03@example.net,2026-03-03,False,low,0,7.354401019932192
1729,Jerry Huff,kaitlynanderson@example.net,2026-08-13,True,medium,1,6.959615794052468
1730,Jennifer Wiggins,johnboyd@example.com,2026-04-06,False,medium,3,9.246353893203366
1731,Andre Jones,bushkimberly@example.net,2024-10-17,False,low,0,3.5061633450210907
1732,Douglas Santos,kevin89@example.com,2026-07-22,False,low,2,0.5
1733,Julie Freeman,taylordavis@example.com,2026-08-31,False,low,1,4.174212438611942
1734,Lisa Brown,sarah49@example.net,2025-03-03,False,high,9,8.984431456164632
1735,Erika Allen,michaeltorres@example.com,2025-10-01,False,low,1,3.4348332337660334
1736,Dennis Coleman,kaylazamora@example.org,2026-04-27,False,low,0,3.1546839427657565
1737,Cheryl Parks,james79@example.net,2025-01-22,False,low,2,7.4500771795960326
1738,Sherri Little,carlyschultz@example.com,2025-01-29,False,medium,6,7.989409336100446
1739,Kathleen Sanchez,klove@example.com,2025-10-15,True,high,6,8.29474526748523
1740,Larry King,zli@example.org,2024-11-05,False,high,3,8.084447824405597
1741,Dawn Simpson,william63@example.com,2024-10-25,False,low,1,3.0284188071830407
1742,William Larson,ukim@example.org,2024-12-29,False,medium,3,5.73311273045824
1743,Philip Gamble,boonejoshua@example.net,2025-10-14,False,medium,5,6.884897059523681
1744,Brendan Paul,qharris@example.net,2024-10-31,False,medium,2,5.852971958959143
1745,William Ball,russell33@example.net,2025-12-03,False,medium,1,7.062126852797864
1746,Tanya Gomez,edwardspencer@example.com,2026-03-29,False,high,11,10.67646543766866
1747,Vincent Reyes,bestchristopher@example.net,2025-12-10,False,medium,3,6.209906295660865
1748,Rhonda Martinez,meganwalker@example.com,2025-12-07,True,low,3,4.6180936700480695
1749,Tabitha Ramirez,allenkyle@example.net,2026-06-09,False,low,3,5.950401083369532
1750,Jill Hall,ortizsean@example.org,2026-03-12,True,low,0,4.738527555299809
1751,Lucas James,jamie76@example.net,2025-05-26,False,low,0,2.3813066304102395
1752,Jordan Hughes,xobrien@example.org,2026-02-14,False,medium,1,4.948553210050785
1753,Melissa Gray,uclark@example.com,2025-07-11,False,low,0,3.2451980718930344
1754,Earl Hall,ryu@example.net,2025-03-15,False,high,7,10.644040502334775
1755,Jodi Mcbride,xarmstrong@example.com,2024-10-02,False,low,0,4.339949079498539
1756,Jeremy Coleman,oscott@example.com,2025-06-12,False,low,4,5.403646081086688
1757,Karen Jackson DVM,meghanwerner@example.com,2024-10-23,False,medium,1,6.942838496777854
1758,Michael Moore,wrightalicia@example.com,2025-08-15,False,low,1,3.197773457474141
1759,Scott Ramirez,jeremycollins@example.net,2024-11-05,False,low,0,3.221192876949247
1760,Lisa Armstrong,keithharrison@example.com,2026-07-04,False,low,0,6.7116106788630026
1761,Robert Gonzalez,jonescraig@example.org,2025-10-13,True,low,3,4.738434822555356
1762,Kristen Wood,ericfrederick@example.org,2026-04-16,False,medium,1,3.581606947633293
1763,Christopher Nelson,masonpatricia@example.com,2024-12-25,False,medium,8,3.0419626130205755
1764,Christopher Anderson,audrey47@example.org,2025-08-16,True,high,6,15.053634232084786
1765,Michelle Martin,jonesnicholas@example.org,2025-04-15,False,high,4,9.05567556411335
1766,Katherine Webster,doneal@example.net,2026-08-08,False,low,0,4.1591590931131215
1767,Larry Higgins,hwalton@example.com,2025-01-18,False,low,1,4.757767575605673
1768,Beth Johnson,greenemichael@example.com,2024-12-11,False,low,0,3.667107981060125
1769,Janet Evans,edwardsjames@example.org,2025-02-22,False,low,2,3.7043674698484583
1770,Nicole Cole,deborahturner@example.org,2024-12-31,False,high,7,13.141825886749174
1771,Stephanie King,dowens@example.com,2026-06-25,False,low,3,0.6576253342067346
1772,Jason Williams,pennylivingston@example.com,2025-06-18,False,low,0,8.180369649532121
1773,Theodore Eaton,smiller@example.com,2026-05-11,False,medium,5,4.015795965709272
1774,Amanda Jarvis,vjones@example.org,2025-05-02,False,medium,2,9.590414145339288
1775,Alexandra Garcia,brian83@example.net,2025-10-03,False,high,9,12.189397059961625
1776,Jamie Lindsey,ureed@example.com,2025-06-13,False,medium,6,7.169459877000276
1777,Laurie Stephenson,ghamilton@example.org,2026-01-18,False,low,0,3.7885639505978057
1778,Nicole Hunter,sarahgray@example.net,2026-02-22,True,high,5,12.011620531287319
1779,Madison Thomas,christopherreyes@example.com,2025-02-25,True,low,0,6.0592087228393865
1780,Adam Anderson,ahudson@example.org,2025-07-27,False,medium,2,10.964940900337854
1781,Wanda Clark,martinbenjamin@example.net,2025-09-05,False,medium,1,7.744333524732217
1782,John Zavala,qwilson@example.com,2026-05-04,False,medium,5,8.143912643944999
1783,Nicholas Watson,qsosa@example.net,2025-10-31,False,low,0,4.657288051609617
1784,Robin Rivera,alison98@example.net,2025-04-09,False,low,1,2.8523601721797625
1785,Stephanie Perez,hamiltonjoseph@example.net,2025-04-25,False,low,2,8.486487926460708
1786,Wendy Williams,laurie41@example.org,2025-10-28,False,high,8,8.819939009052709
1787,Colleen Blanchard,gstein@example.net,2025-10-19,False,low,2,4.616442623167961
1788,Patrick Barnes,kerry32@example.net,2025-09-04,False,high,4,13.142040944225672
1789,Andrea Edwards,grahamlisa@example.org,2025-07-17,True,low,1,4.810070771711426
1790,Felicia Wood,joe76@example.net,2025-02-21,True,medium,0,5.308895647290773
1791,David Sanchez,matthewharper@example.net,2025-06-20,False,low,0,6.93288478237716
1792,Bradley Hogan,hernandezroy@example.org,2026-08-02,True,medium,5,4.181568403950973
1793,Melissa Hernandez,smithgregory@example.org,2025-04-19,False,low,0,3.67657136763879
1794,Meghan Hull,elizabeth10@example.org,2026-07-02,False,medium,1,7.126807021720985
1795,Andrew Aguilar,mendezlori@example.org,2026-04-18,False,high,8,11.255854404749158
1796,Samantha Henry,brittney98@example.org,2026-05-19,False,low,1,5.2714530528811
1797,Austin Obrien,eric81@example.com,2025-12-05,False,low,0,3.2374100783908477
1798,Amanda Phelps,heatherpatrick@example.com,2026-08-14,True,medium,0,7.6036015140219595
1799,Matthew Briggs,proman@example.com,2026-01-18,False,high,10,9.90287009888575
1800,Joel Warner,millerbriana@example.org,2025-01-03,True,low,2,3.556609926482081
1801,Mrs. Miranda Campbell MD,beth76@example.com,2024-12-16,True,low,1,4.528963369902748
1802,Terri Arnold,sharon37@example.net,2024-10-12,True,low,2,4.127404719531542
1803,Corey Jones,randalllinda@example.com,2025-02-01,False,high,5,10.676640145571008
1804,Mr. James Fletcher MD,lisamcgee@example.net,2025-07-23,False,high,12,10.55989298525661
1805,Thomas Knight,adrianlogan@example.com,2025-07-18,False,medium,0,9.571486204266128
1806,Dr. Charles Henson,williamsimpson@example.com,2026-07-13,False,low,0,0.8216574309773397
1807,Jennifer Townsend,jennifer95@example.com,2024-09-20,False,high,9,12.9754570318492
1808,Dr. Jonathan Clark,erin84@example.net,2025-06-30,True,medium,1,5.448787277124794
1809,Leslie House,ryandodson@example.org,2025-08-16,False,low,2,3.954804333910195
1810,Kimberly Ryan,vwilliams@example.org,2025-07-12,True,medium,4,8.979598691855022
1811,Rebecca Wells,mhickman@example.net,2025-03-05,True,high,9,8.430544467165065
1812,Kevin Cole,patricia03@example.net,2026-07-11,False,low,2,3.337951331583839
1813,Derek Schmidt,walkerlorraine@example.org,2025-07-05,True,medium,4,7.206156443061697
1814,Tyler Lang,amanda86@example.org,2025-09-19,False,high,5,11.047960038031185
1815,Rebecca Bowman,kayla07@example.net,2025-02-21,False,medium,4,8.114195917141991
1816,Donna Wilson,saraprice@example.net,2025-05-16,True,high,8,8.816941781927682
1817,Christina Cohen,murphyjohn@example.com,2024-10-03,True,medium,3,8.547115412413627
1818,Paul Scott,emily62@example.com,2025-02-14,False,low,1,3.0085881068502007
1819,Brent Huynh,whitney81@example.org,2026-09-06,False,high,8,12.308047948462962
1820,Sarah Smith,camerontownsend@example.com,2026-08-24,False,low,0,2.4941892091441207
1821,Jerry Martinez,edixon@example.net,2025-12-11,False,medium,5,3.9048604117273777
1822,Heather Davis,paullopez@example.com,2026-03-02,False,medium,3,7.40788771503199
1823,Lisa Montes,gayfrancis@example.com,2025-01-13,True,low,4,6.854017805398123
1824,Kimberly Mendoza,anthony66@example.org,2026-05-01,False,low,1,4.74280217186447
1825,Jennifer Jackson,vayala@example.net,2024-11-05,False,low,2,5.645145842400961
1826,Cristina Sandoval DVM,dgrant@example.com,2025-05-11,True,high,7,8.376912067925998
1827,Steven Johnson,adamkelly@example.net,2026-08-01,False,medium,2,7.007009663337238
1828,Jennifer Monroe,michelle12@example.org,2025-11-26,False,high,5,10.559635771917195
1829,Audrey Taylor,jspencer@example.net,2026-03-28,True,low,1,2.322745042673578
1830,Robert Hartman,john86@example.com,2024-10-16,False,medium,3,5.919738814984051
1831,Todd Ortega,heathercabrera@example.org,2025-04-11,False,low,2,2.002358261331901
1832,Vicki Hester,charles44@example.com,2024-10-04,False,medium,2,4.555270770025522
1833,Mrs. Michelle Kane,coxcody@example.com,2026-04-02,False,low,1,4.1624510063005
1834,Caleb Ray,halljoshua@example.net,2026-03-23,False,low,0,3.7039569869306104
1835,Angela Marquez,rebecca41@example.com,2026-03-21,False,low,1,2.284533646789961
1836,Thomas Fisher,joseph02@example.org,2024-11-25,False,low,1,3.2304159527918586
1837,April Vance,harrisonmichael@example.net,2024-12-05,False,medium,1,8.06160316734546
1838,Todd Jacobson,christopherjackson@example.net,2026-07-21,False,low,2,1.8536194518659013
1839,Ashley Burnett,trobinson@example.org,2025-01-19,False,high,9,11.860689676342115
1840,Sharon Hicks,hsmith@example.com,2025-11-13,True,low,1,5.987855581589271
1841,Sarah Vasquez,brianclark@example.net,2025-06-28,False,low,0,5.088919739054925
1842,Eileen Taylor,sbartlett@example.com,2025-03-19,False,low,0,1.8110112783302075
1843,Belinda Fisher,hsmith@example.com,2025-11-23,False,medium,2,6.727155699444768
1844,Melissa Ray,coffeyjohn@example.net,2024-10-17,True,high,7,9.443382893986993
1845,Dr. Monique Sutton MD,joshuarodriguez@example.org,2026-01-07,False,low,1,6.123633291979464
1846,Sandra Smith,petersonsergio@example.org,2026-03-01,False,high,8,13.828058271123975
1847,Sheila Nguyen,hgray@example.net,2025-04-07,False,low,1,4.483481617065151
1848,Shannon Thomas,qgomez@example.net,2025-03-14,True,low,1,2.064269146229826
1849,Donald Williams Jr.,ymoore@example.org,2026-03-19,False,low,3,2.336148352133125
1850,Christina Rodriguez,donald42@example.com,2026-04-03,False,medium,5,5.650371511537726
1851,Phillip Brown,pbailey@example.org,2025-08-12,False,low,1,0.5874783600607207
1852,Desiree Woods,enelson@example.org,2025-08-04,False,low,1,4.883867374177035
1853,Richard Brewer,jrobinson@example.net,2025-12-31,False,low,3,4.943056968350478
1854,Derek Wood,hannah48@example.com,2026-03-17,True,medium,1,6.49020076902231
1855,Keith Dyer,rachelking@example.org,2026-03-25,False,medium,4,8.376991949123132
1856,Kristi Austin,courtneymadden@example.org,2025-01-04,False,medium,1,6.530984929708218
1857,Randy Carrillo,abradley@example.com,2025-02-06,False,low,1,5.690546594084191
1858,Eric Duran,heather49@example.org,2025-12-21,False,low,1,5.207562939105918
1859,Toni Cunningham,cody79@example.org,2026-06-30,False,medium,2,8.288417677688255
1860,Scott Kelly,amandasnyder@example.com,2026-08-18,False,high,6,9.02850385099594
1861,Billy Cunningham,jessedelacruz@example.org,2025-08-25,False,medium,4,9.00280582046013
1862,Nancy Garcia,ohiggins@example.net,2025-02-21,False,medium,1,6.0852858620714185
1863,Andrew Smith,rmartinez@example.net,2025-11-22,False,low,0,6.3943570629238256
1864,Daniel Peterson,cheryldavis@example.com,2026-04-19,False,low,1,2.457915685717591
1865,Lori Hodges,alvarezjoshua@example.org,2026-01-11,False,medium,2,7.433888655191493
1866,Abigail Wilkinson,lauraclay@example.org,2024-11-21,False,low,1,5.309582523336267
1867,Tammy Ramirez,whorton@example.com,2025-10-29,False,medium,4,3.5907560836457684
1868,Patrick Hooper,contrerasjames@example.org,2025-03-08,False,medium,2,6.833732948557012
1869,Christopher Wilcox,davidmurray@example.net,2025-08-12,False,medium,2,8.237112713955849
1870,Amanda Swanson,michaelsherman@example.com,2026-05-21,True,low,0,7.971352822029679
1871,Michael Bass,thomassmith@example.com,2024-10-13,False,medium,1,7.551326395268516
1872,Ryan Fisher,duranjason@example.org,2025-07-18,False,high,7,12.13227661742474
1873,Michael Martin,olivia29@example.net,2026-01-13,True,low,3,3.228736478108961
1874,Jerry Jackson,qramirez@example.net,2025-02-21,False,low,0,9.29369204597746
1875,Patricia Smith,xphillips@example.net,2025-08-23,False,low,0,3.4189931620460503
1876,Kevin Hogan,rachelhall@example.net,2025-10-13,True,low,0,3.8422155561700078
1877,Kristin Foster,brianwhite@example.org,2026-04-25,False,medium,3,7.717835167481319
1878,Anthony Garrison,allenandrea@example.com,2025-10-06,False,low,2,1.9204135509435307
1879,Dean Dunn,bradleyhenry@example.org,2024-12-29,True,high,7,11.096377509495804
1880,Melissa Davis,colleenjones@example.net,2025-12-25,False,low,1,4.155938198766597
1881,Philip Murray,victoria50@example.org,2026-03-31,False,low,1,3.937728923369449
1882,Patricia Vazquez,millerfrederick@example.net,2026-05-01,True,low,0,4.6683978863435325
1883,Angela Lee,gonzalespatricia@example.net,2025-06-16,False,medium,5,5.657384817257828
1884,Nicole Jacobs,vanessaedwards@example.net,2024-12-11,True,medium,4,7.1783963932251424
1885,Maria Goodwin,erik82@example.net,2026-01-19,True,medium,2,7.945630139855665
1886,Donna Boyd,hernandezmadison@example.com,2025-09-19,False,low,0,0.5
1887,Emily Harrison,cmcdonald@example.net,2024-10-23,False,medium,2,5.289034608148837
1888,Stacey Gray,christopher84@example.net,2025-01-05,True,low,1,3.4527447792134636
1889,Bryce Gutierrez,william55@example.net,2024-10-23,False,low,2,5.384928682728655
1890,Christopher Ray,tranbenjamin@example.com,2024-10-26,False,medium,2,6.103017260425799
1891,Jason Chase,ymontgomery@example.org,2026-04-05,False,high,6,12.205800090496307
1892,Tiffany Chase,davidbrown@example.org,2026-07-28,False,medium,3,5.8271758463441765
1893,Dawn Rice,greenjessica@example.net,2025-01-25,False,low,1,4.653378930683411
1894,Kathleen Galvan,nicholasgallagher@example.net,2026-01-04,False,medium,2,4.528417176987148
1895,David Nunez,heathermontgomery@example.com,2026-03-02,False,high,8,10.513034356436535
1896,Maria Estrada,rickey20@example.org,2026-06-22,False,low,2,2.7371767264917395
1897,Bianca Bowen,tlewis@example.com,2024-11-17,False,low,1,6.154587346031386
1898,Samantha Carter,wmoore@example.com,2026-03-25,True,high,10,10.964275690224532
1899,Amanda Powell,jenniferwood@example.net,2026-01-30,False,high,5,13.185255130346217
1900,Tyler Pruitt,barnettterry@example.com,2025-07-15,False,low,2,4.038068352432154
1901,Dylan Johnston,ingramjessica@example.com,2025-03-13,False,low,2,4.282958682967608
1902,Kelly Greer,martin27@example.net,2026-05-19,False,low,2,6.664063623262467
1903,Michael Johnson,kaiserkelly@example.org,2026-07-19,True,low,0,2.365597860995971
1904,Phillip Kelly,brenda16@example.net,2025-02-27,False,low,0,5.780837170980415
1905,Brian Davis,ufox@example.org,2025-10-20,True,high,10,10.15793930827501
1906,Christina Watkins,travistaylor@example.net,2025-05-12,False,medium,4,4.004902077679678
1907,Stephen Bond,hubersamantha@example.net,2026-03-28,False,high,2,9.380573385496547
1908,Vernon Esparza Jr.,umaxwell@example.net,2026-07-01,True,medium,4,8.16674446254283
1909,Cody Hoover,willismatthew@example.com,2024-12-08,True,low,2,3.4795849972821165
1910,Kyle Glass,haleycook@example.net,2026-02-13,False,high,4,9.258939487543985
1911,Drew Werner,hornerebecca@example.org,2026-06-24,False,high,5,14.937514618867917
1912,Jenna Lynch,dennis01@example.com,2025-12-03,True,medium,9,8.879470963494208
1913,Shelby Fowler,daniel43@example.org,2025-07-05,True,medium,0,5.907552631067787
1914,Ryan Willis,ulee@example.org,2026-08-07,False,low,0,2.959194019521098
1915,Katie Jones,vhill@example.com,2024-11-13,True,low,0,4.853311621184952
1916,Andrew Reese,david86@example.net,2024-10-19,False,low,1,7.975613129524172
1917,Alex Conner,travisfoster@example.com,2026-08-25,False,medium,3,7.6898676850452246
1918,Kelly Davis,ronaldbradford@example.org,2026-08-08,False,medium,3,7.0867439133667
1919,Amy Dyer,peter91@example.org,2025-06-27,True,medium,0,5.866373364395321
1920,Angel Bentley,corythompson@example.org,2025-03-22,True,medium,3,8.621827545231394
1921,Anthony Jordan,ryanrodriguez@example.net,2026-05-30,False,medium,4,8.254704777088731
1922,Justin Barrera,traceyguerra@example.com,2026-03-20,False,medium,4,7.123191710745354
1923,David Kemp,leontracie@example.org,2025-05-26,False,low,0,1.4812574500680737
1924,Scott Durham,ricklewis@example.net,2025-06-18,True,low,0,3.191553419249627
1925,Amy Estrada,bvazquez@example.net,2026-05-12,False,high,4,9.082207677104206
1926,Wendy Carpenter,prattjustin@example.org,2026-08-02,False,medium,4,5.726885580547798
1927,Jody Scott,richardharper@example.net,2025-12-17,False,low,0,7.963100500097871
1928,Pamela Armstrong,qkane@example.com,2026-05-17,False,medium,4,3.9206811620942235
1929,Olivia Reese,hdavis@example.com,2025-01-02,False,low,0,7.516138721457649
1930,Lauren Walsh,dylancunningham@example.com,2024-10-03,False,low,0,5.121361320180101
1931,Emily Montgomery,stephaniezamora@example.org,2025-01-31,False,medium,3,5.45146015519189
1932,Sabrina Phillips,kimberlyjordan@example.net,2025-11-01,False,low,3,3.552666856393112
1933,Jennifer Lyons,omoore@example.org,2025-08-18,True,low,0,1.5129686553518158
1934,Steven May,karacollins@example.net,2025-03-03,True,low,0,2.5632939223387146
1935,Erika Bates,debra82@example.net,2026-07-05,True,high,5,8.541009684583823
1936,Sara Pollard,merrittsusan@example.net,2024-12-13,False,medium,4,6.176153531228094
1937,Michael Bishop,anthony26@example.net,2026-03-29,False,medium,3,7.0365601715176425
1938,Bridget Guerrero,bowerspatrick@example.com,2025-05-27,True,medium,5,4.261545773058845
1939,Tammy Robinson,gstokes@example.net,2026-05-18,False,medium,4,7.007165203665567
1940,Pamela Aguirre,ashley14@example.org,2026-04-09,False,medium,4,6.610672609950641
1941,Chase Matthews,melissa40@example.org,2026-05-19,False,high,4,13.212923541624143
1942,Paul Smith,yburke@example.org,2026-09-17,False,medium,5,4.499567948210397
1943,William Hughes,charlesbarnett@example.net,2025-05-20,False,low,0,6.484874573051382
1944,Sarah Williams,brooksbrian@example.net,2025-04-10,False,low,1,3.4866099437512235
1945,Lawrence Hodge,brian62@example.net,2025-10-04,False,medium,2,7.91129382017719
1946,Tiffany May,brentrichardson@example.net,2025-04-10,False,medium,2,5.413557605585931
1947,Jon Ramos,peter07@example.org,2026-03-02,False,low,1,2.095091516569547
1948,Jennifer Anderson,melvinpeters@example.org,2026-03-17,True,low,0,2.636520131770264
1949,Mario Wells MD,hendrixariana@example.net,2024-11-05,True,low,1,6.44758724502633
1950,Alison Zuniga,carlos33@example.org,2025-08-15,False,medium,0,8.898592996750631
1951,Casey Velazquez,jennifer23@example.com,2026-07-19,False,medium,2,7.725991406865375
1952,John Ho,ksmith@example.net,2024-12-01,False,medium,5,4.652739214906405
1953,April Rodriguez,gyoung@example.net,2025-05-08,True,medium,5,4.983786986479144
1954,Joshua Bray,nmartinez@example.com,2024-11-11,True,medium,4,7.169945925271654
1955,Elizabeth Baker,barbergary@example.net,2025-05-12,False,low,0,6.4946073013293555
1956,James Dixon,reynoldsjustin@example.org,2025-03-09,False,medium,5,7.270982744633524
1957,David Garcia,jferguson@example.com,2026-03-13,False,low,1,3.8097502448930602
1958,Mr. Thomas Jones PhD,humphreypatricia@example.net,2025-10-14,False,high,7,8.17584878736874
1959,Mark Green,ijackson@example.com,2026-03-08,False,low,0,4.206483317398171
1960,Nicholas Obrien II,odelacruz@example.net,2025-03-14,False,high,7,7.060206413118803
1961,Jose Stephens,ricky53@example.net,2026-03-20,False,medium,2,7.138170385448542
1962,Allison Floyd,hpowell@example.com,2025-09-02,True,high,4,5.378743366763834
1963,Scott Crawford,zholmes@example.org,2026-06-08,False,high,6,11.548077681298606
1964,Phillip Bennett,christopherpittman@example.org,2025-02-28,False,medium,2,6.468151611855134
1965,Michael Miller,qshelton@example.com,2024-09-28,False,medium,5,7.998759321231592
1966,William Giles,richard21@example.net,2026-01-07,False,low,0,2.546927572068911
1967,Angel Duncan,ashley79@example.org,2025-10-30,True,medium,2,4.72350810788014
1968,Melanie Young,krista02@example.org,2026-07-02,True,high,4,9.563602478988477
1969,Gary Johnson,eileendaniels@example.net,2025-11-29,False,high,8,9.386459095994962
1970,Katie Carter,kennethjacobs@example.net,2025-12-07,False,high,11,10.845034451336227
1971,Andrea Miller,shannon88@example.com,2026-08-22,True,high,11,10.487149661742839
1972,Amanda Pena,kellyharold@example.net,2025-07-08,False,medium,4,8.771452707763709
1973,Craig Hammond,anthonygilbert@example.com,2025-06-23,False,low,0,3.0291172617918005
1974,Lucas Ball,isimpson@example.com,2025-06-26,False,medium,4,4.7810489103205125
1975,Marcus Herman,jhiggins@example.org,2025-05-10,False,low,0,3.2890166741715974
1976,Kathleen Brady,erin06@example.net,2025-02-01,True,low,1,0.5
1977,Cynthia Williams,nicole56@example.com,2026-03-03,False,high,2,14.927105667087632
1978,Jesus Johnson,jacksonrachel@example.org,2026-04-09,False,low,1,4.670321133070235
1979,James King,zmurray@example.org,2024-12-29,False,low,1,6.868002007460921
1980,Lisa Lopez,cynthiaanderson@example.net,2026-03-12,False,low,0,2.226721661590804
1981,Rachel Greer,michellelee@example.net,2026-08-02,True,low,3,3.717618835819326
1982,Christopher Miller,jacob57@example.org,2026-07-18,False,high,6,16.183389442619124
1983,Christopher Johnston,oshah@example.net,2025-02-27,True,low,0,4.365603425461482
1984,Rachael Wood,michelleayers@example.org,2025-11-01,False,high,6,13.242276690020702
1985,Jacob Lynn,ystone@example.net,2025-05-13,True,low,1,2.9786321236086986
1986,Nicole Mejia,mallory30@example.org,2025-04-30,False,low,0,5.743448848368272
1987,Sherry English,housedaniel@example.com,2025-11-29,True,high,8,10.157034005667274
1988,Curtis Whitaker,brandi40@example.org,2026-05-23,False,low,0,6.5443971085001955
1989,Eric Nguyen,urodriguez@example.org,2024-12-05,True,medium,3,4.072747083935425
1990,Holly Mercado,halvarez@example.org,2025-03-11,False,low,1,3.2398560662150926
1991,Samuel Williams,stephanie21@example.com,2026-08-13,False,low,1,2.6125493822632313
1992,Amanda Gomez,hreyes@example.org,2026-02-08,False,low,1,6.101776481893738
1993,Kristina Jacobs,katherinesmith@example.com,2024-12-21,True,low,1,2.4645239627412363
1994,Kelsey Gates,richard25@example.net,2026-05-02,False,low,2,2.476709522128473
1995,Jessica Brown,michelle98@example.com,2026-04-20,True,medium,1,5.9637318866662845
1996,Jeremy Evans,devonmccarthy@example.net,2025-05-22,False,low,0,2.9235257398504215
1997,Maureen Weaver,jessica65@example.com,2026-04-16,False,low,1,7.069619612207715
1998,Donna Shaw,susan11@example.net,2025-07-27,False,high,5,6.879046142133
1999,Chad Rosales,williamslaurie@example.com,2025-12-29,False,low,0,4.650970224649235
2000,Sherry Jones,davidwiley@example.org,2026-04-25,False,low,1,6.1991689286553395
2001,Andrea Smith,timothy83@example.net,2025-12-24,False,high,6,15.319484625336273
2002,Catherine Garcia,justin88@example.net,2025-06-25,False,medium,5,5.074396472063005
2003,Whitney Henry,smccarty@example.org,2025-07-24,False,medium,3,11.121377867455838
2004,Rachel Ball,dawn20@example.org,2025-06-12,False,high,5,13.726096642553504
2005,Nancy Jackson,keith18@example.org,2026-04-29,False,medium,5,2.897955022947805
2006,Joshua Velasquez,jamesbrown@example.org,2025-12-05,False,high,12,12.893949601751011
2007,Maria Sims,brownjoanna@example.org,2025-10-02,True,medium,3,6.080517209873921
2008,John Harris,icooper@example.org,2026-04-01,False,high,8,10.321823410946346
2009,Michael Ortega,kristinyoder@example.com,2025-08-23,False,low,0,2.8944181649096397
2010,William Hart,timothy62@example.net,2026-08-07,False,medium,1,5.809388604612035
2011,Luke Dixon,qreyes@example.net,2025-03-13,False,low,0,2.9643894693397677
2012,Anthony Melton,phorne@example.com,2025-01-24,False,low,0,5.021806758173165
2013,Daniel Ramos,sararios@example.org,2026-08-18,False,high,7,13.540176050509794
2014,Erika Thompson,joycekeith@example.org,2026-03-07,False,low,3,6.590014299876836
2015,Mary Richards,joel82@example.org,2026-07-05,True,low,0,2.6190445768671564
2016,Jack Brandt,lukecase@example.com,2025-07-20,False,medium,3,5.806874140830694
2017,Matthew Mclaughlin PhD,evanlong@example.org,2026-08-07,True,low,3,6.914446150131912
2018,Debbie King,ucarr@example.org,2025-01-27,False,low,5,5.041209436322008
2019,Roger Valencia,ksmith@example.org,2025-08-05,False,medium,2,4.322552587728853
2020,Gary Estrada,fwolf@example.net,2024-12-09,True,low,1,2.228663631987168
2021,Steven Murphy MD,davidjohnson@example.net,2026-03-22,False,medium,2,7.962886924623656
2022,Ricky Sanders,kelleyglen@example.org,2025-03-30,False,high,8,11.670519989898743
2023,Lisa Case,gstone@example.net,2025-08-04,True,low,0,4.436799290821545
2024,Melissa Bowen,elizabeth52@example.org,2025-12-27,False,low,0,3.4618013626470647
2025,Antonio Monroe,harrisjoshua@example.com,2025-03-09,True,medium,3,5.913956107228421
2026,Bradley Armstrong,daniel15@example.org,2026-08-16,False,high,4,9.606117079723807
2027,Laura Mcfarland,johnsonedward@example.net,2025-01-18,False,low,0,7.250660618150389
2028,Teresa Curry,davisjames@example.com,2026-01-08,False,high,6,8.276649939072739
2029,Cheryl Salazar,rhondaray@example.com,2024-11-17,False,low,1,4.496517083523367
2030,Kathryn Franklin,thomasbrandon@example.org,2026-03-06,True,low,1,4.085394548916888
2031,Christopher Delacruz,wortiz@example.net,2024-12-29,False,high,9,13.967126483251917
2032,Raymond Nunez,rodriguezrichard@example.org,2026-07-17,False,low,1,3.58048493849098
2033,Luis Johnson,jenniferstanley@example.net,2026-03-27,False,low,0,4.699230662056771
2034,Christina Dean,benjaminarmstrong@example.com,2025-06-22,False,low,1,4.266998838122743
2035,Adam White,kimberly12@example.com,2025-01-24,False,low,1,5.270491073207913
2036,Alexander Hansen,igarrett@example.com,2026-06-08,False,medium,5,4.9475152493942005
2037,Erin Taylor,nicholas09@example.org,2026-02-12,True,high,7,10.187941691174569
2038,Walter Griffith,cochranjill@example.org,2026-04-29,True,medium,7,8.074359629083473
2039,Michael Carlson,kimberlysilva@example.org,2026-04-08,True,low,0,4.365231567330792
2040,Jesse Thomas,rodneyhoward@example.com,2025-10-17,True,low,0,1.7511930085194551
2041,Phillip Anderson,greencharles@example.net,2026-04-10,False,medium,2,7.101677053219678
2042,William Conrad,nmartinez@example.org,2025-09-03,False,low,1,4.419958561515566
2043,Diana Jackson,ramosjennifer@example.org,2025-07-30,True,high,5,13.21096270468423
2044,Alison Perez,michelleschmidt@example.org,2025-05-26,False,high,9,6.046636887939956
2045,Sean Carey,walkerjennifer@example.com,2024-10-11,False,medium,0,8.526284601419313
2046,Alan Cox,kfrye@example.net,2025-08-14,False,high,10,12.844962340466218
2047,Richard Dean,scott55@example.com,2025-07-25,True,low,1,2.7320130734869714
2048,David Mendoza,taylorlisa@example.com,2025-08-01,True,low,1,3.280063157151751
2049,Justin Hammond,williamsanthony@example.net,2026-04-20,False,low,2,6.910802675452383
2050,Ashlee Ross,burnsrodney@example.org,2025-10-20,True,low,1,2.8239629619260658
2051,Robin Santiago,lrodriguez@example.org,2026-06-14,False,medium,6,5.501694690265878
2052,Grant Brown,gonzalezbrad@example.com,2024-12-01,False,low,0,5.741071086076504
2053,Micheal Cook,hesskeith@example.net,2026-08-16,True,high,7,13.54206019886228
2054,Curtis Morales Jr.,angelcunningham@example.org,2025-05-31,True,high,6,10.345853138272426
2055,Megan Griffin,fcarlson@example.org,2025-02-14,False,low,0,2.894151967527532
2056,Felicia Cooke,catherinemoore@example.com,2026-07-23,True,low,1,1.883707137411177
2057,Stacy Kim,christianrichards@example.net,2025-03-12,False,medium,4,6.294332188297285
2058,Scott Smith,whitneyrichard@example.com,2024-11-30,False,high,10,13.421634518383996
2059,Lori Johnson,popebrent@example.net,2025-09-08,False,low,0,6.441505206509476
2060,Thomas Johnson,brenda88@example.org,2026-05-10,False,low,1,7.477596721901738
2061,Melissa Zimmerman,audrey53@example.net,2026-09-17,False,medium,1,10.25917723486387
2062,Richard Williams,mortonkenneth@example.net,2026-05-11,True,low,2,3.407202696907636
2063,Jennifer Obrien,pfowler@example.org,2025-02-10,False,low,2,4.6299750708410015
2064,Melinda Cervantes,vmorrison@example.com,2024-12-01,True,medium,3,8.24818036636827
2065,Tina Hernandez,dmitchell@example.com,2025-09-03,False,low,0,4.7250861821859225
2066,David Thompson,samuel38@example.net,2025-11-24,False,low,0,6.325296117372385
2067,Keith Wilson,eroman@example.net,2026-05-12,False,low,0,1.6691169475578862
2068,Stephen Charles,anthonymcdonald@example.net,2025-08-20,False,medium,3,9.941323981304578
2069,Sarah Garcia,kbrown@example.net,2026-01-17,True,medium,0,3.954091056087104
2070,Robert Burton,atkinsonrachel@example.net,2026-08-08,False,low,0,0.5
2071,Cynthia Cohen,hlester@example.org,2026-09-01,True,low,2,4.66996711099585
2072,Monica Medina,sarah80@example.org,2026-08-28,False,low,2,7.679821998337767
2073,Stephanie Torres,eugenemartinez@example.com,2025-10-04,True,low,2,5.035455817380161
2074,Crystal Mcgrath,samuel08@example.org,2024-11-02,False,medium,2,5.666430472076521
2075,Joshua Barnes,thomas12@example.org,2025-06-22,True,low,1,0.5
2076,Kyle Davis,villawilliam@example.com,2026-01-23,False,low,0,3.100699612314372
2077,Rebecca Greene,gcastro@example.org,2025-08-22,False,low,0,6.006731785458291
2078,Lauren Duarte,dbeck@example.com,2024-10-19,False,high,4,12.096926547081141
2079,Micheal Green,tylerrodney@example.com,2025-07-27,False,low,0,0.5
2080,Juan Wright MD,mathewbennett@example.org,2026-04-10,False,low,0,7.554589536060908
2081,Robert Ballard,owhite@example.org,2026-06-26,False,medium,1,8.565613649984847
2082,Michaela Campbell,preyes@example.net,2025-03-30,False,medium,8,8.848022114514345
2083,Allison Chavez,edward70@example.org,2025-11-01,False,low,0,3.429623106512681
2084,Charles Zavala,bethany36@example.com,2025-10-19,True,low,0,5.915035555286652
2085,Jonathan Berry,josephross@example.net,2025-09-19,False,low,2,9.203540942641604
2086,Shirley Taylor,randall28@example.com,2025-12-02,False,medium,0,11.337522335842854
2087,Alex Whitaker,evansjason@example.org,2025-11-20,True,low,0,2.1108465601581825
2088,Misty Howard,yolandamarks@example.net,2025-07-12,False,high,10,12.31176798138278
2089,John Russell,petersontina@example.org,2026-07-21,False,low,2,3.869092043155657
2090,Jorge Morales,kentmichael@example.com,2026-03-20,False,medium,3,9.325755387494311
2091,Dennis Jensen MD,marksheidi@example.com,2024-10-08,False,low,2,2.2810805531039664
2092,Jennifer Brown,vmosley@example.org,2026-04-05,True,high,6,12.358746341148242
2093,David Medina,paynestephanie@example.net,2024-09-20,True,low,2,4.561856993895653
2094,Roy Thomas,christopher46@example.net,2026-05-30,False,medium,2,8.617977218458018
2095,Darrell Nguyen,samanthasims@example.com,2025-10-22,False,high,3,12.424670533626735
2096,Kimberly Ballard,hollyperkins@example.net,2025-12-14,False,low,1,5.162291114017346
2097,Timothy James,haley15@example.com,2025-11-22,True,medium,3,5.9513637720611845
2098,Regina Williams,austinjennifer@example.net,2025-01-28,True,low,1,2.8831596630249345
2099,Priscilla Vang,heidijames@example.net,2024-10-20,False,low,1,4.106081568540894
2100,John Henderson,perezcaitlin@example.net,2026-05-01,False,medium,3,6.605000098262673
2101,Ernest Jenkins,craigriley@example.com,2025-06-17,True,low,0,3.398861218829502
2102,John Williams,lindsay48@example.net,2025-03-19,False,low,2,3.106044894387918
2103,Thomas Lutz,kristen89@example.com,2025-07-30,False,low,0,3.5058411263845612
2104,Gabriel Graham,alexisgibbs@example.com,2025-05-06,False,low,0,1.7406650813789262
2105,Katherine Ramos,duncankimberly@example.com,2026-04-02,True,low,0,3.6929986088604325
2106,Cheryl Hunter,colemanjohn@example.com,2025-03-25,False,high,19,9.267104460095203
2107,James Anderson,kayleerogers@example.com,2024-10-27,True,low,2,4.533992193715417
2108,Geoffrey Franklin,sarasmith@example.net,2025-07-26,False,medium,3,6.431423544461589
2109,Bailey Hernandez,sylviayates@example.com,2026-08-23,True,medium,4,6.843338302139686
2110,Matthew Collins,kathrynaustin@example.com,2024-10-08,False,low,1,2.969061453832282
2111,Douglas Lucero,watsonteresa@example.net,2026-05-06,False,low,1,6.769009925302068
2112,Robert Fowler,smithrebecca@example.net,2024-09-28,True,medium,5,7.504067959869754
2113,Jose Foster,ifrey@example.org,2026-06-19,False,high,5,9.277113141071426
2114,Kyle David,agalvan@example.com,2025-08-10,False,high,7,11.194977878047395
2115,Jennifer Baker MD,ujones@example.org,2026-07-22,False,low,0,3.0636549687983132
2116,Joseph Perez,bpeterson@example.com,2026-02-09,False,low,1,6.049279649661431
2117,Sharon Patel,ospencer@example.org,2025-06-14,False,high,6,12.701965357013531
2118,Jose Collins,powersheather@example.org,2025-09-21,False,high,6,12.514608447549495
2119,Heidi Goodwin,brandon64@example.com,2026-01-08,False,low,1,3.3892227615918156
2120,John Singh,meganjones@example.org,2026-08-09,False,medium,3,9.020883765653073
2121,Micheal West,nfleming@example.net,2026-05-07,True,medium,1,6.02092665601887
2122,Jeffrey Ayala,johncarter@example.net,2026-01-26,True,medium,3,6.79831036324308
2123,Christopher Lee,ecohen@example.com,2025-06-03,False,low,1,0.5
2124,Joshua Solis,lawsonpaul@example.org,2026-05-15,False,low,1,2.584081258736004
2125,Miguel Lee,ylynch@example.org,2025-05-13,True,medium,7,5.914980184570533
2126,Sandra Adams,markperez@example.com,2024-09-26,False,low,2,1.2436232963337885
2127,Sharon French,robertsonjennifer@example.com,2025-08-06,False,medium,3,3.640994414173193
2128,Kayla Jones,lreed@example.com,2025-03-22,False,medium,2,4.583392968681334
2129,Tina Green,ibrown@example.org,2026-05-10,False,low,0,1.2292789631110113
2130,Melissa Alvarez,shannonmueller@example.org,2024-09-29,False,high,6,12.186108100566042
2131,Nicole Mcbride,john91@example.org,2025-10-15,False,medium,2,8.176872360480615
2132,Kayla Scott,klara@example.net,2025-07-26,False,low,1,4.875012406946072
2133,Kayla Moore,torrestricia@example.com,2025-11-15,True,medium,1,9.573894572232838
2134,John Hill,qbecker@example.com,2025-03-06,True,low,3,3.7509030406271524
2135,Shannon Downs,lpage@example.com,2024-12-23,False,low,2,1.711293583309116
2136,Justin Perez,pmartin@example.org,2025-11-07,False,low,0,4.139072646173924
2137,William Galloway,kjohnson@example.net,2025-02-18,False,low,1,2.3723727161421415
2138,Sean Glass,garymartinez@example.org,2024-09-28,False,medium,8,7.360936283662413
2139,Stephen Smith,ymurray@example.org,2024-10-21,True,low,0,5.107254818716464
2140,Ryan Carlson,hespinoza@example.org,2025-10-23,False,medium,6,7.840619634970409
2141,Chelsey Reyes,robertssamantha@example.org,2026-07-06,True,high,10,9.36056995426522
2142,Francisco Sanchez,lawrencekari@example.com,2025-04-08,False,high,7,11.672525902371792
2143,Pamela Pierce,jamesparker@example.net,2025-05-07,False,medium,7,7.447047525083073
2144,Anne Smith,bryantkaren@example.org,2024-09-20,False,low,2,1.0320418810651648
2145,Diana Rivera,ekim@example.com,2024-10-02,True,medium,5,4.684235136166823
2146,Jessica Compton,fhenderson@example.org,2024-09-27,False,medium,3,7.251619906970587
2147,Sydney Evans,fletcherjanet@example.org,2026-09-09,True,medium,0,8.139752751959046
2148,Jeremy Nguyen,lmendez@example.com,2026-04-05,False,low,1,2.6478912669023904
2149,Joseph Smith,russellkelley@example.com,2025-10-27,True,medium,2,9.193226366924105
2150,Nicholas Cunningham,mmoore@example.com,2026-04-14,False,low,1,3.143976135891595
2151,Kimberly Grant,kennedywanda@example.net,2025-12-30,True,low,1,4.048214336575789
2152,Angel Johnson,dwhite@example.org,2025-11-08,False,medium,3,6.42501803975094
2153,Allison Wheeler,andrewmiller@example.com,2026-06-24,False,low,0,0.5
2154,Heather Sweeney,omarturner@example.org,2025-10-27,True,medium,4,7.972574609481789
2155,Tony Merritt,sarah17@example.com,2025-05-21,False,low,0,5.326546762528956
2156,Tyler Murray,fcarter@example.net,2026-03-18,False,high,5,16.204959749748625
2157,James Lopez Jr.,juanfranklin@example.net,2025-07-09,False,low,1,4.434946966028449
2158,Derek Martin,lcook@example.org,2025-08-12,False,medium,1,8.81570476981974
2159,Sierra Gentry,jennifer54@example.org,2024-12-03,False,low,0,4.251017748964375
2160,Melanie Watson,floreskimberly@example.org,2024-09-20,False,medium,4,4.176848629749874
2161,Beth Kane,trivas@example.net,2024-10-01,False,medium,0,8.437193046500074
2162,Amy Ross,robert07@example.org,2025-02-19,False,low,1,3.6802842683285237
2163,Ryan Harrison,wesleycalhoun@example.net,2025-05-15,False,low,2,5.01977449584239
2164,Rachel Smith,washingtondenise@example.net,2025-01-29,True,low,3,5.435477413317959
2165,Michelle Allen,victoriajones@example.net,2026-07-25,False,high,9,12.044890421853388
2166,Jacqueline Olson,hartmansherry@example.net,2026-02-10,True,low,1,3.10280625378176
2167,Anna Andrews,bishopmegan@example.org,2026-09-05,False,high,6,11.655747212620916
2168,Emily Simmons,manningjeremy@example.com,2024-10-26,False,low,1,0.5
2169,Christina Johnson,pachecobrittney@example.net,2024-09-28,True,low,1,2.53763151817192
2170,Dawn Haynes,wileyaudrey@example.com,2025-11-02,False,low,2,0.961789417514872
2171,Edward Cochran,laurenboyd@example.com,2025-11-25,False,low,1,2.8565283545013327
2172,Sharon Jenkins,brookeramirez@example.com,2026-03-31,False,low,0,7.524946329739224
2173,Nicholas Chung,tiffanyharris@example.com,2026-05-03,True,low,0,4.857622360866011
2174,Steven Swanson,johnsonmartin@example.org,2025-06-02,False,medium,6,4.087907013307133
2175,Lisa Walker,caseystafford@example.org,2026-08-28,False,low,2,6.2815716009049485
2176,Monica Kim,matthewhull@example.com,2025-10-10,False,low,0,4.58601761451731
2177,Don Gardner,mcgeeseth@example.net,2025-10-23,False,medium,0,5.307203388444624
2178,Whitney Macdonald DVM,amyponce@example.com,2026-04-25,False,low,0,7.488206368931957
2179,William Velez,richard28@example.org,2025-05-17,False,low,2,2.999694637570541
2180,Robert Mcintosh,longshane@example.com,2025-06-02,False,medium,3,8.064044864545572
2181,James Harris,jessicasmith@example.org,2025-10-18,False,high,5,8.548930555570195
2182,Ralph Rodriguez,tfuller@example.net,2024-10-08,False,low,0,4.269602846580407
2183,Ashley Hall DVM,fordwilliam@example.com,2024-11-26,True,low,0,5.746132132664199
2184,Mrs. Erin Phillips,dfleming@example.net,2026-02-13,False,low,0,5.21796889298487
2185,Alexander Love,samantha54@example.net,2026-08-06,True,low,2,2.1475217748228985
2186,Yvette Orozco,iansantana@example.net,2025-06-06,False,medium,7,6.476438555314586
2187,Alexandra Heath,millerdaniel@example.org,2026-06-10,False,high,5,12.158123145389341
2188,Susan Reed,scott95@example.org,2025-08-04,False,low,1,4.934181887987149
2189,Ruben Garcia,ipadilla@example.com,2025-11-26,False,low,0,0.5328595431570928
2190,Hector Paul,dawn31@example.org,2024-09-25,False,low,0,0.5
2191,Tyler Howell,kendra03@example.net,2026-07-05,False,medium,6,7.898216181380774
2192,Donald Martinez,johnsross@example.net,2025-12-09,False,low,1,4.639345225152104
2193,Diane Jones,courtney13@example.net,2025-05-22,False,low,2,2.9740515120643765
2194,Stephanie Moyer,michael35@example.net,2025-11-06,False,low,1,3.1129568003257697
2195,Isaiah Jones,russelltommy@example.net,2024-09-27,False,medium,3,6.4316242356904425
2196,Kenneth Hahn,jonespaul@example.com,2025-09-02,False,medium,5,10.135583019591328
2197,Michael Allen,smason@example.net,2024-12-18,False,medium,1,4.763536121287937
2198,Claudia Lee,kristopher53@example.org,2024-09-20,False,low,1,5.6438429648318005
2199,James Charles Jr.,alan25@example.org,2024-11-10,True,low,0,4.345123487981768
2200,James Scott,gwhite@example.com,2025-10-15,True,low,0,9.691754900578006
2201,Antonio Lopez,jefferywalker@example.com,2026-06-05,False,high,8,10.412091215571568
2202,Omar Johnson,daypatricia@example.net,2024-10-21,False,high,9,11.40138825048585
2203,Mark Haley,pdixon@example.org,2025-01-06,False,low,1,6.715176418553685
2204,Anita Long,laurajensen@example.org,2025-04-11,True,medium,5,8.77301760415105
2205,Tina Mclean,kcook@example.net,2026-04-18,False,high,5,10.275658122283096
2206,Erica Cunningham,christopherwatkins@example.net,2026-04-04,True,medium,4,6.528693198969595
2207,James Hall,robertbrock@example.org,2026-04-23,True,medium,2,5.8027037236013275
2208,Brenda Wood,chrismurray@example.com,2026-06-30,False,low,1,3.5543567716265505
2209,Beth Solomon,davismax@example.org,2025-03-01,True,low,0,3.33752138224321
2210,Abigail Lopez,coreypope@example.net,2026-01-13,False,medium,3,7.5584802024419995
2211,Terry Warren,boydrenee@example.net,2024-09-21,False,medium,3,5.620688990198112
2212,Brandon Rodriguez,gordonjason@example.com,2025-05-18,False,low,2,3.8935751274540333
2213,Monica Gilmore,evaughn@example.org,2026-02-14,False,low,0,5.547754346885644
2214,Justin Williams,christensenkendra@example.org,2025-09-02,True,high,7,12.68208255392324
2215,Melissa Hodge,kelleynicholas@example.org,2025-09-24,False,medium,2,9.28932996849748
2216,Stephanie Lara,martin40@example.net,2024-11-27,True,low,2,3.7972993792323764
2217,Carol Webster,aaronthompson@example.org,2025-12-11,True,medium,0,5.113514474712444
2218,Lori Roberson,derekdougherty@example.org,2025-03-21,False,medium,8,5.149089503801885
2219,John Ramirez,jessicamiddleton@example.net,2026-03-18,False,medium,4,4.033068095788501
2220,William Frye,jacquelinenunez@example.net,2025-12-20,False,low,1,5.229661935355378
2221,Andrew Clark,hilljennifer@example.org,2025-02-25,True,low,0,6.769742187588088
2222,Mitchell Jimenez,heathergarcia@example.com,2026-02-24,True,low,1,4.793255878442914
2223,Ricardo Anderson,butlerolivia@example.com,2025-03-22,False,high,4,12.043349298343493
2224,Michael Summers,jennifer93@example.com,2025-08-18,True,medium,3,5.768968300012731
2225,Steven Davis,davidjones@example.org,2026-01-07,False,medium,1,5.39364010840406
2226,Ann Fleming PhD,harrisonnicholas@example.net,2024-10-17,False,low,1,2.3581736836543197
2227,Lauren Sosa,davidglover@example.com,2025-03-18,False,medium,2,1.9530852749750602
2228,Kimberly Hill,jmyers@example.net,2024-11-16,False,medium,1,6.398129414059734
2229,Teresa Barnes,masonmichael@example.net,2026-06-26,False,high,6,13.053651191174112
2230,Jennifer Booker,wstevens@example.org,2025-06-25,False,high,2,10.475352807401745
2231,Tara Miller,dcox@example.com,2025-11-16,False,low,2,5.444610967565479
2232,Rachel Turner,alexanderryan@example.org,2026-01-31,True,low,1,4.414192360684725
2233,Chelsea Walker,tcooper@example.net,2025-12-03,False,medium,0,7.031817316799263
2234,Colton Bradford,htaylor@example.org,2025-04-22,False,low,0,4.360992112156162
2235,Daniel Jenkins,samantharodgers@example.net,2025-10-28,False,low,0,2.706943041046971
2236,Michael Garcia,fergusontrevor@example.net,2026-08-13,False,low,0,5.693542218016489
2237,Natalie Conrad,danielleramsey@example.net,2024-11-18,False,medium,5,7.538035055543082
2238,Melanie Baker,anitaballard@example.org,2026-02-26,False,low,0,6.42155549364699
2239,Diane Murray,pamelaestrada@example.com,2025-10-11,False,low,0,0.7801935973126257
2240,Dean Harris,lambjohn@example.org,2026-02-16,False,medium,3,9.530028468143396
2241,Michael Porter,brooksjennifer@example.com,2026-06-11,False,high,16,8.258315910341988
2242,Jeanette Norris,victor76@example.net,2026-02-20,False,high,7,14.189840416172029
2243,Wanda Griffith,stacey53@example.com,2025-06-15,False,high,2,12.518750998778904
2244,Scott Long,erivers@example.com,2025-02-17,False,medium,1,5.424897062073557
2245,Bob Cooper,andrew09@example.com,2026-07-26,True,high,7,11.479095441738464
2246,Sylvia Torres,briggsjacob@example.com,2025-11-27,True,medium,2,10.79064781790434
2247,Todd Johnston,cturner@example.org,2024-12-09,False,medium,1,8.58078215307094
2248,Alexis Berg,derrick59@example.org,2025-03-31,False,low,0,5.04102499325656
2249,Timothy Mitchell,debra93@example.org,2026-04-20,True,medium,6,3.729419459856895
2250,Jason Wilson,olivia30@example.com,2025-11-06,True,high,3,9.162767082953934
2251,Randy Perez,johnsondebbie@example.net,2024-12-16,False,high,2,13.992329053533759
2252,Samantha Gillespie,sarahmiller@example.net,2025-10-24,True,low,3,6.075433231342235
2253,Timothy Campbell,jasonochoa@example.net,2025-04-10,False,low,0,4.339386315942567
2254,Jessica Bullock,rgreen@example.net,2026-06-30,True,low,2,4.963935654105784
2255,Mr. Cory Hanna PhD,holtrobert@example.com,2026-06-19,True,medium,5,8.99995213786764
2256,Courtney Wallace,banderson@example.com,2026-01-29,False,low,0,7.003269237259946
2257,Cory Smith,rhonda05@example.org,2026-05-05,True,high,10,10.138080186599693
2258,Amy Pennington,mark80@example.org,2024-10-06,False,low,1,0.5
2259,Scott Thompson,cameronlopez@example.com,2026-01-15,False,medium,2,6.169817326549342
2260,Barbara Johnson,jeremy91@example.org,2026-03-29,False,medium,3,8.410297317876353
2261,Lori Miller,rebekahgonzalez@example.org,2025-06-21,True,medium,1,6.84820242984068
2262,Michael Holmes,uthompson@example.org,2025-12-01,False,medium,3,7.160639145250422
2263,Nicholas Chase,mauriceball@example.net,2025-06-02,False,low,1,4.0010787252577575
2264,Mary Lewis,eddiehernandez@example.net,2026-04-04,False,low,1,4.605924614997463
2265,Michael Lee,aaroncox@example.com,2026-02-05,False,medium,3,7.906079313144118
2266,Rachael Walker,jeremiah36@example.com,2024-11-20,False,high,6,13.146236053598749
2267,Andrew Sanders,arnoldstephen@example.net,2025-02-02,False,low,2,1.3805360512647358
2268,Rachel Martinez,mariagonzalez@example.org,2024-11-29,False,medium,3,7.963015261982611
2269,Christopher Garcia DDS,patriciagrant@example.net,2025-12-24,False,low,1,0.5
2270,Brandon Trevino,wleblanc@example.com,2025-10-13,False,low,1,6.461291608356023
2271,James Gonzalez,imolina@example.org,2025-02-18,False,low,2,4.35889678347315
2272,Claire Vazquez,donaldmartin@example.net,2025-09-24,False,medium,2,7.9668873365566375
2273,Nicole Carter,michaelmooney@example.net,2025-11-05,False,low,2,2.7185427747467106
2274,Mary Jennings,gregorymullen@example.com,2024-10-29,True,medium,4,2.5485333252222198
2275,Stephen Haney,jason06@example.org,2026-05-20,False,medium,2,8.339885552321242
2276,Miranda Lin,carlholland@example.net,2024-10-28,True,low,1,4.507774381331195
2277,Ricky Hill,adamcaldwell@example.org,2026-06-06,False,medium,3,8.717466270318669
2278,Patricia Delgado,eddie13@example.com,2025-01-23,False,medium,1,8.70481682031995
2279,Katie Mitchell,uperez@example.com,2026-01-11,False,medium,1,6.6359698620343215
2280,Erik Hill,uwilliams@example.com,2025-11-07,False,medium,6,5.946740774206932
2281,Taylor Keller,christopher41@example.org,2025-11-05,True,low,1,3.6781901234468024
2282,Gloria Patterson,hudsonellen@example.net,2026-02-26,False,high,10,8.623230658519859
2283,Christine Morris,lhoward@example.org,2025-09-01,True,medium,2,9.25286743349206
2284,Chad King,qbray@example.org,2024-11-08,False,medium,1,10.203985309226827
2285,Kathleen Taylor,hernandezcharles@example.org,2025-11-09,False,low,1,4.4541261062882995
2286,Jessica Potts,kford@example.net,2025-08-15,False,medium,2,6.8455565768031486
2287,Troy Wells,martintracy@example.com,2025-03-06,False,medium,4,6.22523650997057
2288,Victoria Lopez,rpearson@example.org,2025-08-20,False,medium,6,8.506426892832314
2289,Kenneth Moreno,awong@example.com,2025-03-10,False,low,2,1.606969903698134
2290,Christine Mccoy,james91@example.net,2026-04-03,False,high,3,6.1397552485452875
2291,Colin Mckay,hunter12@example.org,2025-01-11,False,medium,4,6.035714777990601
2292,Heather Johnson,tom64@example.com,2025-11-03,True,low,0,5.014331518431108
2293,Thomas Castillo,smithrobert@example.net,2025-08-23,True,medium,4,4.0413845076332215
2294,Joshua Farmer,kmorales@example.com,2025-11-25,False,low,1,2.161145278406931
2295,Stacey Davis,paulbailey@example.net,2026-09-12,False,medium,0,5.887670861156001
2296,Gary Johnson,michaelhale@example.com,2025-02-10,False,medium,4,7.297521466671392
2297,Jasmin Nelson,djensen@example.com,2024-11-14,False,medium,2,8.480842428095503
2298,Krystal Howard,nwalker@example.org,2026-02-07,True,high,6,12.339768980431481
2299,Michelle White,daniel82@example.com,2025-07-17,False,medium,4,6.209866187745582
2300,Elijah Archer,christina89@example.net,2026-05-25,False,low,1,3.847624777417965
2301,Lisa Bailey,robert63@example.com,2026-08-29,False,medium,2,5.615705899247855
2302,Shelly Mcmahon,julie44@example.org,2026-04-19,False,medium,2,9.580361277557206
2303,Bryan Hudson,karensanchez@example.net,2026-08-09,True,high,10,9.45036547279897
2304,Kenneth Mitchell,natalie40@example.net,2026-03-26,False,low,3,6.426029440160011
2305,Melissa Jackson,brandonmurphy@example.com,2024-12-20,False,medium,1,6.898399763133771
2306,Misty Robinson,cory21@example.org,2026-09-17,False,medium,5,5.9128357129063795
2307,Jill Brown,dariusmendoza@example.org,2025-09-03,True,low,0,2.568065553632115
2308,Samuel Bailey,crystal65@example.com,2025-08-29,True,low,2,4.170091720400364
2309,Shannon Martinez,alejandroturner@example.net,2025-07-31,False,low,0,4.618556770253389
2310,Timothy Hernandez,ashleymorrow@example.org,2026-07-05,False,high,6,10.574560166138161
2311,Ashley Maxwell,jessicamurray@example.com,2026-06-11,False,low,1,1.5570590457533506
2312,Linda Lee,courtney70@example.net,2026-08-06,False,high,5,8.447564633797697
2313,Angela Berry,sherylgreen@example.com,2025-10-26,True,high,6,11.516405469402274
2314,Michael Sanders,christopherwalker@example.net,2025-10-25,True,high,5,10.422683678641539
2315,Daniel Zamora,mariamoore@example.net,2026-03-13,False,medium,1,7.702182583353469
2316,David Collins,isaac63@example.net,2024-12-05,True,low,0,6.752463941271145
2317,Matthew Klein,sgordon@example.net,2026-04-26,True,medium,2,4.875519365313432
2318,Roberto Guerra,arnoldrachel@example.net,2025-05-05,False,medium,7,6.728253903272408
2319,Brenda Dalton,dmullins@example.org,2026-06-27,False,low,2,1.4400374527484088
2320,Maria Compton,esmall@example.com,2025-03-29,True,medium,4,6.557615570761536
2321,Elizabeth Skinner MD,amandamoody@example.com,2026-08-11,False,low,0,4.08312558526711
2322,Robert Lynch,robert52@example.com,2026-03-21,False,low,0,4.457880430329096
2323,Nicole Blake,jamesmeyer@example.org,2025-12-17,False,medium,3,7.9714942949109195
2324,Chad Taylor,gberry@example.org,2025-02-14,False,low,0,8.213880364526371
2325,Alex Gonzalez,emcdonald@example.net,2026-02-06,True,low,0,4.006395981230577
2326,Jessica Bryant,kimronald@example.com,2025-12-07,True,low,1,2.9502810793511314
2327,Robert Wright,thompsondarlene@example.org,2024-10-28,False,medium,2,9.346458182586996
2328,Carrie Hall,lisa23@example.org,2025-02-23,True,medium,3,7.001751172481241
2329,Tiffany Anderson,amberellis@example.net,2026-05-02,False,low,0,2.2817914518997187
2330,Sylvia Smith,krobbins@example.net,2026-04-23,True,low,1,2.550935461931502
2331,Stanley Brown,qhendricks@example.net,2026-06-25,True,low,3,3.3674069272703107
2332,Ricardo Garcia,smay@example.com,2025-05-10,False,low,4,6.317334046682603
2333,Brian Buchanan,sarawilliams@example.com,2025-12-29,True,low,1,3.192202178271172
2334,Shane Alexander,vfuller@example.net,2026-06-17,True,low,0,5.7114705039523805
2335,Christopher George,paul84@example.net,2025-03-23,True,high,3,12.066650061228696
2336,Nancy Valentine,mwright@example.com,2025-11-11,True,low,1,3.3000598392974223
2337,Rebecca Garcia,millerbrandon@example.net,2025-08-18,False,low,0,3.8078175616625334
2338,Cynthia Reed,vaguirre@example.net,2024-10-24,False,medium,1,11.045884152613171
2339,Vanessa Jones,roytodd@example.net,2024-10-14,True,low,2,2.6015118715418497
2340,Courtney Hernandez,matthewschristine@example.com,2026-02-07,False,medium,3,7.119925715391413
2341,Fernando Blackwell,snydergerald@example.org,2026-07-11,False,medium,3,7.040027610003221
2342,Nicole Wright,bwhite@example.com,2026-06-06,False,medium,3,8.507288563266927
2343,Brian Thompson,gina49@example.net,2025-06-24,False,medium,5,7.437137777747432
2344,Susan Singh,schwartzlisa@example.org,2026-09-01,False,medium,3,10.33761616260141
2345,Jeremy Stein,torresmary@example.com,2025-09-24,False,medium,2,6.701211572795151
2346,Erin Nelson,brockalex@example.com,2025-12-10,False,low,1,0.9620308328891709
2347,Jordan Bailey,jake77@example.com,2025-12-18,False,low,1,4.58394640013357
2348,Jennifer Walters,ernestrich@example.net,2025-05-07,False,medium,3,7.05365906184963
2349,Cody Morse,kflores@example.org,2026-07-16,False,low,1,2.295241516282416
2350,Alicia Miller,fbailey@example.org,2026-05-02,False,high,9,12.699368049856758
2351,Matthew Armstrong,edwardmitchell@example.org,2025-05-11,True,high,13,10.888507643752273
2352,Tanya Jenkins,hernandezlouis@example.net,2026-02-12,True,low,0,3.6140822948665954
2353,Jeffrey Ford,debbiejackson@example.net,2026-02-28,False,low,0,3.806783030286256
2354,Tiffany Williams,qjones@example.com,2025-12-17,False,medium,3,6.636581215946394
2355,Michael Morgan,jamierodriguez@example.net,2025-10-16,False,low,0,0.8295079785402852
2356,Amanda Berry,janetmoore@example.net,2024-11-18,False,low,2,4.712954209338984
2357,Anna Poole,watsonkenneth@example.net,2026-07-16,False,high,12,10.293759639995107
2358,Jaime Hernandez,istephens@example.com,2026-09-12,False,medium,2,7.061698985513878
2359,Adam Gallagher,schmidtjose@example.net,2024-10-30,False,low,0,3.632022679794072
2360,Eric Anderson,williamspaul@example.net,2026-07-28,True,low,2,5.011077753806417
2361,Kathleen Little,usanchez@example.net,2025-05-15,False,low,2,3.751086740571156
2362,Jasmine Morales,xcurry@example.net,2024-12-13,False,medium,2,8.734313778200372
2363,Carl Phillips,danielthomas@example.com,2026-05-02,False,low,2,1.2799528473788109
2364,Corey Smith,williamsfrank@example.com,2025-10-11,False,high,9,10.574280234487265
2365,Ashley Oconnor,davismichelle@example.com,2025-01-08,False,medium,1,5.460585801524289
2366,Leah Wheeler,barbara81@example.net,2025-01-13,False,medium,4,5.74005993628862
2367,Ashley Dunn,robinsonryan@example.com,2024-10-03,False,high,9,11.312844040841334
2368,Carol Smith,baileyjames@example.org,2025-10-17,False,high,8,10.69910450749703
2369,James Salas,morrisbrandon@example.org,2025-04-03,False,high,11,10.692382444237928
2370,Stephanie Pierce,mcconnellangela@example.org,2026-07-26,False,medium,2,7.637654087159061
2371,Lisa Keller,brownraymond@example.net,2025-07-30,False,low,1,4.739026232632849
2372,Nicole Mahoney,gregorypeters@example.org,2026-06-24,False,low,1,4.625184460307063
2373,Stephanie Nunez,jasonwebb@example.net,2024-11-17,True,high,4,9.047148920536802
2374,Brian Welch,dthompson@example.org,2025-03-18,False,medium,2,8.95067146977752
2375,Traci Rodriguez,leeelizabeth@example.org,2025-02-12,False,medium,2,2.4865497894211623
2376,Lee Garcia,michaellopez@example.net,2025-11-30,False,low,1,7.214038016498562
2377,Kelsey Nguyen,sullivanpaula@example.com,2025-06-26,False,low,0,3.0516766290033557
2378,Jenny Soto,margaret20@example.net,2026-07-07,False,medium,4,10.419884101999202
2379,Ashlee Pena,john19@example.org,2025-08-25,False,medium,5,7.326511252584331
2380,Jason Murray,gomezbrittney@example.net,2026-06-03,False,low,0,1.0641636447223983
2381,Kimberly Evans,rthompson@example.org,2026-09-12,False,medium,4,4.970166858401832
2382,Brittany Myers,heather68@example.com,2026-03-30,False,medium,2,5.80139442275255
2383,Heather Gallegos,marioharris@example.net,2025-09-23,False,high,8,8.662038179575001
2384,Tiffany Cooper,carrielambert@example.net,2025-12-27,False,medium,0,3.3767203057632256
2385,Nancy Tanner,wallacecourtney@example.org,2026-03-31,True,low,1,2.1768828893216408
2386,Kevin Shea,duranaudrey@example.com,2025-09-07,False,medium,5,8.621072229659475
2387,Kristen Larson,gina74@example.net,2025-06-02,False,low,1,6.646453895549825
2388,Laura Sullivan,mckayjames@example.net,2026-04-27,False,high,5,12.470482888579246
2389,Ashley Murray,mary85@example.org,2025-07-06,False,medium,3,7.079866093112506
2390,Rhonda Rodriguez,lcarter@example.net,2024-10-08,True,low,1,3.3810578506011204
2391,Adam Jacobs,uliu@example.org,2024-12-13,False,high,7,10.841347607247574
2392,Amanda Ross,zwilliams@example.com,2025-10-27,False,low,0,3.958841145818271
2393,Alicia Stephens,amanda45@example.net,2024-12-03,True,low,2,2.353260954772921
2394,Justin Ryan,nancyballard@example.com,2025-09-05,True,low,1,3.6809559038677553
2395,Kimberly Young,vgreen@example.org,2025-10-27,True,high,6,9.335859064534407
2396,Sean Smith,akramer@example.org,2024-09-18,True,medium,4,4.830064025039046
2397,Gregory Myers,xgarcia@example.net,2025-06-05,False,high,9,13.629480529642624
2398,Thomas Clements,jcarter@example.com,2026-04-01,False,medium,5,8.920327793611213
2399,Jeffrey Weaver,ryan90@example.net,2026-03-28,True,low,2,5.307785220542049
2400,Susan Valdez,pmartin@example.org,2024-10-10,False,low,0,0.9457584093284885
2401,Christina Watson,williamsjoseph@example.com,2025-04-27,False,medium,3,9.069521614209382
2402,Bonnie Larson,longjoshua@example.com,2026-08-16,False,low,0,6.311943980231742
2403,Tanya Cardenas,fred06@example.org,2026-04-16,False,low,0,6.230500986563561
2404,Franklin Cooper,ibrennan@example.com,2026-07-31,True,low,1,3.412009582792863
2405,Cathy Wyatt,lynchmartin@example.org,2026-07-31,False,high,5,8.972191734014059
2406,Elizabeth Mcguire,victor76@example.com,2025-10-18,False,low,0,5.4525444517542985
2407,Erika Harper,gnguyen@example.org,2025-10-13,True,medium,3,6.074741446814219
2408,John Miller,karlchandler@example.org,2024-12-01,False,low,1,4.910351339737649
2409,Shannon Carlson,figueroapreston@example.net,2025-01-31,False,low,0,0.5
2410,Sean Noble,xyoung@example.net,2024-12-31,False,medium,3,4.712132858804947
2411,Kathleen Coleman,amanda83@example.net,2025-05-29,False,low,0,3.703642933003542
2412,Michael Spencer,henrybarnett@example.org,2026-01-29,True,low,0,2.2266699306312505
2413,Micheal Edwards,gwilson@example.com,2025-09-10,False,high,7,15.088647604749596
2414,Joan Brown,ricedana@example.com,2025-05-01,False,low,1,2.0509345918105337
2415,Jerome Parker,xhall@example.net,2025-02-22,False,high,8,12.403764504118588
2416,Elizabeth Russo,daniel71@example.com,2025-11-16,True,low,1,6.677039017162545
2417,Veronica Stevens,keith93@example.org,2025-05-19,False,medium,2,10.147085840099436
2418,Joseph Walker Jr.,robertrusso@example.org,2026-02-03,False,medium,2,6.398968639005736
2419,Matthew Sellers,ronaldjohnson@example.com,2025-09-22,True,low,0,1.8638723048743215
2420,Robin Hawkins,laura78@example.com,2025-02-08,False,high,5,10.274676057287842
2421,Justin White,edwardsdavid@example.net,2025-04-29,False,medium,6,5.014681969096838
2422,Matthew House,timothyshaffer@example.net,2024-10-24,False,high,7,9.902389954445663
2423,Sharon Kelly,rlopez@example.com,2025-09-15,False,medium,3,6.749426754461124
2424,Jessica Gray,brittanysanders@example.org,2026-09-09,False,low,1,3.155988206581839
2425,Robert Taylor,pamela64@example.com,2024-10-26,True,medium,4,8.888432752570395
2426,Laurie Johnson,rodriguezamanda@example.net,2025-05-24,True,high,8,13.284366157079159
2427,Alan Bullock,frank18@example.net,2025-07-14,False,medium,2,7.210867812273724
2428,Summer Jackson,peter88@example.com,2025-12-14,False,medium,6,8.170501651084535
2429,Sara Gilbert,caguilar@example.org,2025-11-02,False,low,1,4.699495630495963
2430,Samantha Wu,cynthia95@example.net,2024-12-19,True,medium,4,2.0586734342411983
2431,Ashley Vargas,douglasalexander@example.net,2025-08-22,False,low,2,3.1729374823813394
2432,Mary Bates,wilkinskevin@example.net,2025-02-02,True,low,2,2.294854822507001
2433,Shannon Roach,vsmith@example.net,2025-10-09,False,medium,0,5.800700977098137
2434,Deborah Murphy,tylerlaura@example.org,2025-07-26,False,high,9,11.861479867963702
2435,Caitlin Cooley,millerjessica@example.net,2024-10-09,False,medium,2,8.35103747316457
2436,Gloria Hamilton,rowebelinda@example.net,2026-09-08,True,medium,3,6.670741804943624
2437,Joshua Hill DVM,clayandrew@example.net,2026-01-11,False,medium,4,8.308711381192435
2438,Sarah Berry,marthagriffin@example.net,2024-10-22,False,medium,2,9.257913470365896
2439,Justin Coleman,orichards@example.com,2024-11-22,True,low,2,3.135757913741161
2440,Emily Wagner,webstersteven@example.net,2024-09-26,False,medium,5,11.881847930913068
2441,Emily Martinez,vsmith@example.org,2024-12-16,False,low,0,6.842358193594231
2442,Kevin Smith,melissarollins@example.com,2024-12-25,False,medium,1,4.0362953937819634
2443,Hannah Sanchez,dwilliams@example.net,2025-10-11,False,low,1,5.909159162212356
2444,Rebecca Foley,williamsmark@example.org,2025-04-24,False,high,10,11.735394506449758
2445,Christine Jones,sarah87@example.org,2025-06-22,True,medium,3,9.113460861551356
2446,Thomas Miller,william96@example.net,2025-03-16,False,low,1,6.872178692364032
2447,Robert Brown,simsamy@example.com,2024-11-23,False,low,0,6.801108773001604
2448,Dorothy Wade,curtismichelle@example.com,2025-03-12,False,low,0,4.261544937888394
2449,Mr. Gregory Wiley,jamesjohn@example.net,2025-12-10,False,medium,6,6.658575997486957
2450,Sara Bartlett,dtucker@example.org,2026-06-05,False,low,1,5.673069761160823
2451,Jennifer Cannon,vortiz@example.org,2025-04-21,False,low,1,5.862957653305971
2452,Jamie Scott,montoyafelicia@example.org,2024-10-13,False,high,5,11.557127378720763
2453,Zachary Murray,cynthia35@example.net,2026-06-17,True,low,2,4.9590211258826065
2454,Elizabeth Clayton,hestertabitha@example.org,2025-02-03,False,high,9,12.07930954869014
2455,April Henry,alanthomas@example.com,2025-02-17,True,low,2,1.1278790103273342
2456,Scott Brennan,cynthia47@example.org,2025-10-09,False,low,0,4.266271292499811
2457,Leslie Bauer,johnstonbarbara@example.org,2025-07-20,True,medium,2,7.1345199190497945
2458,Michael Valencia,hudsonglen@example.net,2026-03-30,False,medium,3,6.136502949218256
2459,Louis Gibson,monica51@example.net,2025-03-10,False,high,10,11.31419730128766
2460,Erin Goodman,ftaylor@example.org,2025-08-15,False,medium,1,7.137361419301077
2461,Alison Faulkner,mccormickkatherine@example.com,2026-04-08,True,medium,2,3.0643397538148403
2462,Amanda Torres,brittanywolf@example.org,2025-09-23,False,medium,2,4.773467462415182
2463,John Pearson,suzanne33@example.org,2025-07-10,False,medium,0,7.139775991738817
2464,Joanna Calderon,hallalan@example.org,2025-12-17,True,medium,2,9.349595386763262
2465,Trevor Lee,lcosta@example.net,2024-12-20,False,medium,6,8.118865690816152
2466,Dennis Jackson,bradshawcarlos@example.org,2026-06-10,True,medium,3,4.287975456801149
2467,Bradley Johnson,shannon20@example.com,2026-03-26,False,low,1,3.644568267459709
2468,Anthony Vaughn,cory32@example.com,2025-06-16,False,low,1,1.605828636899401
2469,Sara Day,howelljennifer@example.com,2024-11-29,False,low,0,4.263500219494584
2470,Brianna Christensen,ujohnson@example.net,2025-10-30,True,high,7,11.724901737251223
2471,James Scott,lharris@example.com,2024-11-14,False,medium,3,3.985002166796499
2472,Edwin Thomas IV,marisa32@example.com,2024-11-29,True,low,0,5.983707401015716
2473,Lisa Johnson,patrick61@example.net,2025-06-23,True,low,0,4.086048970030253
2474,Adam Payne,kbenson@example.org,2026-08-01,True,medium,2,9.134935702141371
2475,Andrew Wheeler,peterlang@example.net,2024-12-26,False,low,1,4.7167732262563495
2476,Christina Mullen,smithsteven@example.net,2025-05-04,False,low,3,3.763860488155709
2477,Johnny Taylor,johnsonsteven@example.net,2025-08-21,False,low,3,6.010652051332626
2478,Richard Pena,ethanrodriguez@example.net,2026-05-05,False,medium,3,7.994163882006404
2479,Natalie Kennedy,riostyler@example.org,2024-12-14,False,medium,3,9.269372039855124
2480,Dawn Berg,julia17@example.org,2025-11-08,False,low,1,5.217473792183744
2481,Wendy Jones,gibsonkirk@example.com,2024-10-27,True,low,0,3.896837485568844
2482,Samantha Malone,melissa22@example.com,2025-01-01,True,medium,3,5.456219249628091
2483,Alexis Peterson,rhondanelson@example.org,2024-12-30,True,medium,7,7.327742803472911
2484,Taylor Cross,kevin77@example.org,2025-06-19,False,high,5,11.659267065615584
2485,Michael Fisher,leslie32@example.com,2025-07-13,False,medium,2,8.6948314263002
2486,Lindsey Evans,wallererica@example.com,2026-08-12,False,medium,3,6.123696988758427
2487,Heather Fernandez,reyesdavid@example.org,2025-11-12,False,medium,2,7.124863406654886
2488,Troy Herrera,jacksonrussell@example.com,2026-09-14,False,medium,2,7.679057574808432
2489,Morgan Lang,jscott@example.com,2026-04-19,False,medium,3,7.028640804409718
2490,Kayla Fisher,stevenkidd@example.org,2025-09-18,False,low,2,2.989781169176982
2491,Jesus Johnson,samuelsandoval@example.org,2026-09-01,False,low,1,4.521312309410405
2492,Andrew Carter,christopherturner@example.org,2025-07-10,False,medium,5,9.6350816380348
2493,Pamela Mahoney,philliphayden@example.net,2024-12-20,True,medium,2,6.829250640054614
2494,Gabriel Hall,william47@example.org,2025-09-21,True,medium,5,8.68055090801952
2495,Kenneth Rose,joshua22@example.net,2026-06-05,True,high,8,11.559643191888554
2496,Zachary Gonzalez,vparks@example.org,2026-06-13,False,medium,2,7.530576689567616
2497,Gary Johns,aaronsmith@example.net,2025-10-02,False,high,9,9.19771989759626
2498,Eddie Klein,lchavez@example.org,2025-12-09,True,medium,3,5.549429042445807
2499,Joseph Tate,martinezdavid@example.org,2024-10-04,False,low,2,1.2392941291736297
2500,Sarah Cruz,loritaylor@example.com,2025-02-12,False,high,13,12.250221092497895
2501,Ronald Nunez,nsingh@example.org,2025-06-28,False,medium,7,11.211712688726653
2502,Morgan Evans,bendermichelle@example.net,2025-07-25,False,medium,7,8.528316599863789
2503,Mrs. Amanda Johnson DDS,gabrielle36@example.org,2026-06-30,True,low,0,2.8758123797036284
2504,Dana Griffin,millschristopher@example.org,2026-01-15,False,low,3,7.318838997716418
2505,Jaclyn Green,katherinemccarty@example.com,2025-01-05,True,low,0,5.199157255627507
2506,Mark Ballard,jonesjames@example.org,2025-04-09,False,low,0,2.2789853469893786
2507,Jeremy Brooks,justin46@example.com,2025-08-06,True,low,1,4.642926174605965
2508,Anna Pierce,nicole02@example.net,2026-04-03,False,medium,1,9.80436374760278
2509,Melissa Hernandez,denisepalmer@example.net,2026-07-24,False,medium,4,5.591279351558237
2510,Aaron Woodward,htaylor@example.com,2025-09-19,False,medium,3,7.4097146004353815
2511,Dennis Nguyen,taylorclarke@example.com,2025-12-27,False,low,3,6.733493473388794
2512,Eric Tapia,maxwellgibson@example.org,2025-04-21,True,medium,6,7.626286046267064
2513,Brandon Ingram,andrearivera@example.net,2024-12-11,False,low,1,0.5
2514,Benjamin Thompson,michael04@example.net,2026-06-13,False,low,1,4.7311431092762755
2515,Stephen Brown,jefferybaker@example.com,2024-10-05,False,medium,3,8.502242381560963
2516,Justin Boyd,fmiller@example.net,2026-06-22,True,medium,7,3.219479606625658
2517,Christina Strong,fjones@example.org,2024-10-09,True,low,1,3.453901834969685
2518,Theresa Espinoza,jimenezruben@example.com,2025-03-01,False,high,6,5.539764370458868
2519,Stephanie Mcintyre,larry04@example.net,2025-01-25,False,low,1,4.044135401873727
2520,Jeremiah Huerta,patrick01@example.net,2024-11-21,True,medium,4,2.91133904759785
2521,Jacob Ball,tamaraparker@example.org,2025-03-26,False,high,8,11.922456522997596
2522,Tyrone Miller,knichols@example.com,2026-03-25,True,low,1,2.96913027063723
2523,Beth Ellis,philliphatfield@example.net,2025-07-01,False,medium,5,6.292418537715372
2524,Robert Donovan,icisneros@example.com,2026-09-06,False,medium,3,7.170679551589788
2525,Lisa Ramos,cphelps@example.net,2026-06-05,False,medium,2,5.370994815435164
2526,Marcus Kennedy,batesbelinda@example.net,2025-02-16,False,low,2,2.7163084344693855
2527,Jason Cantu,vincent74@example.org,2024-12-18,False,low,1,2.2960575099000513
2528,Dillon Clark,parkerrobert@example.net,2026-03-23,False,medium,2,7.592400886709676
2529,Theresa Hernandez,krystal64@example.net,2026-03-11,True,low,0,5.043190320705015
2530,Howard Andrews,andreross@example.net,2025-04-08,True,medium,7,9.304427326137338
2531,Robert Miranda,lambertcheyenne@example.org,2025-10-22,False,low,0,1.70884492913049
2532,Charles Wright,ohall@example.com,2026-01-26,False,medium,5,8.799573701526036
2533,Kathryn Shields,jenniferrice@example.com,2025-11-20,False,medium,4,8.124184524165235
2534,Alexander Sullivan,michelle05@example.org,2026-05-07,False,high,8,11.78034438576017
2535,Catherine Martin DVM,james41@example.net,2025-02-01,False,medium,3,3.763761659212925
2536,Bailey Morales,cheryl86@example.org,2026-05-13,True,low,0,3.641063284648059
2537,Charles Reeves,dbrown@example.org,2025-01-15,False,low,1,8.440643716009763
2538,Mrs. Linda Pierce DDS,millerlindsey@example.org,2026-08-04,True,high,4,12.212474386992577
2539,Thomas Wells,allenkaren@example.com,2026-03-18,False,low,0,3.158028263973648
2540,Julie Pearson,vwilliams@example.org,2026-06-26,False,low,1,4.180083167733916
2541,Stacey Moore,gabriela90@example.net,2025-09-23,False,low,2,3.167564760201352
2542,Matthew Bruce,vunderwood@example.com,2026-07-23,True,low,1,2.912341892144214
2543,Angela Mullen,jeffrey82@example.net,2024-12-14,False,low,0,2.154046203251812
2544,Christopher Rice,amills@example.com,2024-12-27,False,low,2,4.1878129633209
2545,Philip Espinoza,arodriguez@example.org,2025-07-26,True,low,0,2.7265388817838856
2546,Kayla Maxwell,jdaugherty@example.org,2026-07-03,False,low,1,4.347647050489697
2547,Sherry Chapman,fking@example.org,2025-10-14,False,high,5,12.636627472639924
2548,Dr. Andrew Johns,yoderadam@example.com,2025-10-22,True,medium,4,6.411811383222733
2549,Michelle Diaz,steven80@example.org,2025-01-20,False,low,4,4.222134946391265
2550,Sean Lee,jasonfoster@example.org,2025-01-14,False,low,2,0.5285321261047455
2551,Jeanette Johnson,wmorrison@example.com,2025-10-26,False,low,0,7.171358346201518
2552,Debbie Estrada,pricescott@example.net,2025-06-05,False,medium,2,8.911876120356622
2553,Michael Sanchez,heidi21@example.com,2024-10-28,True,low,1,5.49134704694717
2554,Jason Evans,paulsmith@example.org,2025-02-24,False,low,1,4.1416927921045685
2555,William Friedman,patricia24@example.org,2026-02-13,True,medium,6,8.803529375880569
2556,Lisa Glenn,keithwyatt@example.net,2024-11-05,False,high,13,10.858732040696053
2557,Eric Rodriguez,zburke@example.org,2026-05-06,True,low,1,3.6974019204605852
2558,Darryl Hernandez,rhonda67@example.net,2025-06-11,True,low,3,4.513370461782957
2559,Krista Price,richard33@example.net,2026-06-14,True,medium,9,9.918321988377382
2560,Erin Collins,davismark@example.org,2026-06-23,True,low,0,3.5852864626119905
2561,Jonathan Green,tracywilkins@example.net,2026-04-16,False,medium,1,5.216161467690655
2562,Barbara Kennedy,manuel12@example.net,2026-04-04,False,low,1,6.3146645913471
2563,Susan Rivera,andersonbrittany@example.net,2025-09-16,True,medium,2,8.412133899710861
2564,Jack Moore,farmerlisa@example.com,2025-01-13,True,low,2,5.918506752898076
2565,Alicia Phillips,ryan54@example.com,2026-04-06,True,medium,1,5.5989460187779345
2566,Andrew Brown,johnsonjames@example.net,2025-08-23,False,low,1,3.6427871291802174
2567,Robert Fischer,pschmidt@example.org,2025-09-04,False,low,1,1.7837560717816583
2568,Cindy Tucker,tiffany80@example.org,2026-06-29,False,medium,1,3.2315674629560553
2569,Benjamin Turner,janice26@example.org,2025-01-14,False,medium,6,6.957335236737825
2570,David Walton,czavala@example.org,2025-10-28,False,low,1,7.365325829296228
2571,Yolanda West,aking@example.com,2026-01-08,True,low,2,0.5
2572,Daniel Mendoza,heathjasmine@example.com,2025-02-17,False,low,1,4.622704766028101
2573,Tammie Alvarez,michaelmartinez@example.net,2025-07-30,False,medium,3,6.167709566976545
2574,Karen Williams,salinaszachary@example.net,2026-09-14,True,medium,3,7.907120060529177
2575,Cynthia Brown,kimberly34@example.org,2025-05-29,False,low,2,10.571447427363683
2576,Joseph Flowers,thomaslane@example.net,2024-11-18,False,medium,0,8.390332035236511
2577,Linda Cole,kimberly53@example.net,2026-01-10,False,medium,2,5.849325263913842
2578,Jerry Doyle,vporter@example.com,2025-03-23,True,medium,3,7.506367391398598
2579,Billy Bush,allenkimberly@example.com,2025-01-03,False,medium,4,8.049034869188352
2580,Daniel Powell,stanleyclark@example.org,2026-02-16,True,low,1,3.451967372361806
2581,Mason Olson,juarezmary@example.com,2026-01-07,False,medium,3,6.140136058151584
2582,Lawrence Novak Jr.,brianphillips@example.net,2026-06-25,False,high,3,13.856141623804975
2583,Dylan Hood,oray@example.org,2025-06-18,False,medium,3,4.7072947823098374
2584,Sara Moses,clarkmelissa@example.org,2025-02-01,False,medium,2,5.454333079927402
2585,Nicole Cooley,davistiffany@example.com,2025-01-30,False,medium,1,11.470854869513921
2586,Jon Jones,epayne@example.com,2025-08-23,False,low,0,5.618621807862602
2587,Alicia Robinson,rossjames@example.org,2026-06-29,False,low,1,0.5
2588,Teresa Carter,jasongutierrez@example.com,2025-01-30,False,low,0,2.8414440541076136
2589,Jamie Walker,royscott@example.net,2025-04-09,False,medium,1,6.3618741604306
2590,William Moon,fernandezsusan@example.org,2026-03-13,True,medium,2,5.17069252934854
2591,Erika Brown,christina98@example.com,2024-12-06,False,low,1,4.865772989280897
2592,Nancy Walker,whaynes@example.com,2025-01-27,False,medium,2,4.928804050440148
2593,Caitlin Armstrong,pwalker@example.org,2025-04-24,False,low,1,5.690813113564111
2594,Ruth Brown,chiggins@example.com,2026-01-03,True,low,3,5.071713884977276
2595,Jody Martin,michael39@example.com,2025-03-30,False,low,0,0.5
2596,Laurie Johnson,wagneramy@example.com,2026-05-07,True,low,0,7.518009236025778
2597,Jon Cox,bmathis@example.org,2024-10-20,False,low,0,5.058420087822069
2598,Miguel Garcia,brookemartin@example.org,2026-07-10,False,low,2,3.4089674134889636
2599,Terry Macias,christineramirez@example.net,2025-11-10,False,low,0,1.119757741841175
2600,Danny Roach,susan33@example.org,2024-09-22,True,medium,2,6.591501375841378
2601,Hunter Williams,rebecca55@example.org,2024-12-09,True,low,1,8.525137616670637
2602,Courtney Morgan,laura03@example.com,2025-11-16,True,medium,4,5.990569076329697
2603,Rhonda Mitchell,cindyfischer@example.org,2025-02-05,True,medium,2,5.664116659080991
2604,Samuel Long,brittanyanderson@example.net,2024-10-07,False,low,1,2.876678886149148
2605,Natalie Cooke,daviddecker@example.com,2026-03-22,False,low,3,3.843226600541214
2606,Shawn Brown,karen65@example.net,2025-12-01,True,high,10,11.461083173701459
2607,Anthony Thomas,emorales@example.com,2025-08-20,False,medium,3,7.795790186931897
2608,Diana Jones,cruzcaitlin@example.com,2025-12-30,True,low,0,3.05245590446152
2609,Stephanie Peterson,willishenry@example.com,2024-11-12,False,medium,0,8.93562442160907
2610,John Hall,banderson@example.com,2025-08-30,True,medium,3,5.155351887464527
2611,Samuel Soto,gking@example.org,2026-02-12,False,medium,3,10.013169692267148
2612,Jessica West,anthonyduncan@example.org,2026-01-13,False,medium,4,7.283409433307863
2613,Stephanie Stewart,josephlee@example.net,2024-12-04,False,low,1,3.6950006433801614
2614,David Rivera,stewartjoseph@example.net,2026-04-05,True,high,7,9.86665881407712
2615,Mark Evans,holmesscott@example.net,2025-08-20,False,medium,1,9.33439196671819
2616,John Dickson,heather42@example.org,2026-08-28,False,low,0,3.018808516193137
2617,Cynthia Cardenas,isabella81@example.net,2025-01-27,False,high,5,11.865637082530645
2618,Adrienne Ingram,bvasquez@example.com,2025-12-25,False,medium,4,8.201019594454374
2619,Christina Clark,katherinechapman@example.net,2025-07-29,False,high,9,11.383987577244534
2620,Shane Bender,matthewmoran@example.net,2025-04-17,False,low,2,7.18445014729755
2621,Anthony Meyer,jill83@example.net,2025-10-18,True,high,4,13.840542170534924
2622,Erica Kim,ytaylor@example.org,2024-10-01,False,medium,2,7.3741378759532
2623,Jennifer Martinez,michaelbradshaw@example.net,2026-06-19,True,medium,3,6.498057111940003
2624,Angela Richards,angelathompson@example.com,2024-09-24,False,medium,2,4.402713210022234
2625,Clifford Daniel,tjackson@example.com,2025-01-21,False,medium,3,8.431218135946182
2626,Kevin King,debbiedavis@example.org,2026-04-20,False,low,2,3.2135271816743094
2627,Donald Roberts,brookefrench@example.net,2026-02-13,False,medium,6,8.10162567036701
2628,Christopher Steele,taylorraymond@example.com,2026-07-21,True,medium,6,6.596107862493962
2629,Samantha Williams,russell21@example.com,2026-05-22,False,high,10,15.685714016574817
2630,Alicia Hall,williamskathleen@example.net,2025-02-25,True,medium,8,7.289530982235281
2631,Curtis Harvey,ethanhuff@example.org,2024-11-20,False,low,2,4.667890095998079
2632,Janet Smith,barnesandrew@example.net,2024-12-31,False,medium,3,6.240184066918846
2633,Mr. James Ross,dguerra@example.com,2026-09-01,False,low,0,2.4709061897849773
2634,Jeanne Robinson,alex95@example.org,2025-08-22,False,medium,5,8.291824030838404
2635,Jeff Wallace,ohopkins@example.net,2024-12-08,False,medium,1,4.666023635718672
2636,Dr. Rachel Wilson,justin16@example.com,2024-12-27,False,low,2,6.413798697943463
2637,Brett Bailey,darren37@example.org,2025-08-23,True,low,1,4.134940050514446
2638,Jasmine Cox,wshannon@example.org,2025-07-23,False,low,1,4.86002704762271
2639,Rachel Munoz,cindywilliams@example.com,2026-06-23,False,low,0,1.8664648906306778
2640,Kara Garrison,huntscott@example.org,2026-05-22,False,low,1,4.4723683105957805
2641,Luis Lopez V,blakejackson@example.net,2025-02-25,False,low,0,2.2716558416520702
2642,Raymond Miller,rjackson@example.com,2025-07-28,False,low,0,4.025308928297309
2643,Craig Holloway,shane02@example.com,2026-06-19,False,low,5,0.789233945880389
2644,Jacqueline Perez,robertbradley@example.com,2026-02-03,False,low,2,6.586474104699214
2645,Jose Gross,bryan00@example.net,2025-05-23,False,low,1,6.6678712797758966
2646,Gabrielle Blackwell,rharmon@example.org,2024-11-23,False,high,6,9.572575072268796
2647,Cynthia Deleon,conleyantonio@example.org,2025-09-01,False,low,0,6.928402545047174
2648,Michael Williams,omathis@example.com,2026-03-10,False,medium,2,9.369487797413361
2649,Jesus Blanchard,joshua70@example.com,2026-03-03,False,low,0,6.114086838330731
2650,Paul Bridges,natalie46@example.com,2024-12-23,False,medium,6,5.608340107215449
2651,Nicole Powell,richardsonkenneth@example.net,2024-11-20,False,low,1,3.5418865557166206
2652,Joseph Lynch,maysedward@example.com,2026-07-25,False,low,0,4.850746213597977
2653,Ryan Smith,matthew78@example.com,2024-10-02,True,high,3,13.900680517518124
2654,Heidi Mullins,cjohnson@example.org,2026-02-16,True,low,1,1.7556988770271706
2655,Thomas Vargas,jasonsanders@example.net,2025-08-05,False,medium,6,8.450320266806804
2656,Robert Ruiz,kelleyderek@example.net,2025-01-30,False,medium,2,3.3799137549439635
2657,Scott Pruitt,kimberly90@example.net,2025-08-14,False,low,1,2.9102598583529757
2658,Jessica Robinson,erica06@example.com,2026-03-21,False,low,1,4.276385495582641
2659,Christine Frazier,heathersteele@example.net,2026-03-24,False,medium,3,5.648862942817567
2660,Mrs. Sarah Lindsey,melanie49@example.org,2024-12-28,False,low,1,5.4149744144107235
2661,Jesus Baker,whubbard@example.org,2025-10-21,False,low,0,3.496466345859262
2662,Nathaniel Johnson,dharris@example.org,2025-07-09,False,low,0,3.5231086657008754
2663,Timothy Lowe,wellssherry@example.net,2025-11-16,True,low,0,2.57988188675898
2664,Katrina Gilbert,tracyhoffman@example.com,2026-02-13,True,medium,1,7.564900978530478
2665,Patricia Barton,stevenellis@example.org,2025-10-13,False,low,2,3.119348630647619
2666,Elizabeth Baker,kmatthews@example.org,2025-02-15,False,medium,2,5.3834723498661505
2667,Kimberly Mckay,teresamiller@example.org,2026-08-19,False,high,7,12.37509542924245
2668,William Guzman,rodriguezmichael@example.net,2025-12-08,True,medium,1,9.097281418241288
2669,Alexander James,bryanmorgan@example.net,2025-08-05,False,medium,1,9.311059552714916
2670,David Lawson,susannelson@example.net,2026-07-17,True,medium,4,6.841717721508331
2671,Diana Hartman,terrykirsten@example.net,2026-01-26,False,low,2,5.4732398658011405
2672,Julie Ryan,aruiz@example.com,2025-12-25,True,low,1,6.657482860198499
2673,Denise Walker,cooperdeanna@example.net,2026-06-11,False,medium,3,6.797142213639687
2674,Tammy Garcia,nicole92@example.net,2025-09-26,False,low,1,6.278773861032325
2675,Curtis Cole,wilsonbrian@example.net,2026-09-02,False,high,6,8.642617736407491
2676,Edwin Griffin,harriswilliam@example.net,2024-10-10,False,low,2,4.704077225916241
2677,Sharon Trevino,jmoore@example.net,2025-01-17,False,low,2,5.6784502893375794
2678,Krista Curtis,marissa85@example.org,2026-01-13,False,medium,7,2.5834439602398147
2679,Charles Romero,stephanie27@example.net,2025-04-07,False,low,2,2.0058177514693094
2680,Joshua Henderson,ballnicole@example.com,2026-06-07,True,medium,1,7.716913932455709
2681,John Myers,grantalyssa@example.org,2025-03-12,False,medium,1,4.708523433895897
2682,Anthony Todd,virginiafisher@example.net,2026-07-08,False,medium,6,4.51602928010368
2683,Derrick Nguyen,lmccoy@example.net,2025-03-22,False,medium,1,7.082653663754006
2684,Miss Sheri Yoder MD,fitzgeraldkenneth@example.net,2026-07-30,False,low,1,5.109934329997226
2685,Christopher Mcdowell,rickysmith@example.org,2026-08-05,False,medium,2,4.993311872507826
2686,Daniel Diaz,whiteregina@example.net,2025-08-13,False,medium,2,6.77993315148058
2687,Tammy Brown,cbanks@example.org,2024-12-23,False,medium,2,6.114456886627607
2688,Dana Flores,bobby53@example.net,2026-03-30,False,medium,10,8.960677340435527
2689,Paul Graves,xclarke@example.com,2026-01-27,False,medium,3,5.089835423728345
2690,Shelly Wilcox,mary88@example.org,2024-12-13,False,high,2,10.348973174010126
2691,Laura Bolton,aprilhill@example.net,2025-07-07,False,low,1,3.230066942383102
2692,Craig Martinez,zjohnson@example.com,2025-12-03,False,low,0,6.871289440198437
2693,Kendra Campbell,andersonbonnie@example.net,2026-05-07,True,medium,2,4.602799696074118
2694,Savannah Estrada,denniswilliams@example.com,2025-01-31,False,medium,2,6.650105278008217
2695,Cathy Ali,alexbutler@example.org,2026-08-25,False,low,1,4.494666603365047
2696,Laura Russell,patriciabennett@example.net,2026-07-14,True,medium,3,6.398371739250315
2697,Mary Moore,jasonwalton@example.net,2025-09-02,True,low,2,5.749693654239314
2698,Kristi Marshall,lhayes@example.com,2026-07-19,False,medium,3,6.71227145221716
2699,Eric Wright,brandonmeza@example.com,2026-07-04,False,high,8,15.416092095087096
2700,Anna Gonzalez,theresagreene@example.org,2026-09-12,False,medium,2,7.250817358951688
2701,Allen Prince,kenneth76@example.org,2026-05-25,False,low,1,7.442206478277396
2702,Terri Frye,joyce30@example.com,2026-03-06,False,medium,1,4.4500817432357085
2703,Claudia Wilson,zacharyandrews@example.com,2025-01-07,False,low,3,6.8839083071248695
2704,Kimberly Anderson,qnewman@example.com,2025-04-23,True,low,0,2.345005428907299
2705,Mary Terry,regina59@example.net,2026-01-05,False,low,2,3.6135151150820723
2706,Clayton Rogers,anthonyrandolph@example.com,2025-07-27,False,low,1,4.573656490003753
2707,Ashley Harding,kmartinez@example.net,2026-07-23,False,low,0,4.193732064951751
2708,Amanda Huerta,richard20@example.org,2025-08-30,False,low,0,7.690799362500758
2709,Mark Smith,hortiz@example.com,2025-11-10,False,medium,5,9.249599953955776
2710,Brittany Duran,melissa04@example.org,2026-04-22,False,low,2,3.605428833981122
2711,David Page,jeremiah13@example.com,2026-01-13,False,low,0,7.402847480880741
2712,Jared Smith,mhenry@example.net,2025-01-19,False,high,8,12.689707180050085
2713,Wesley Brown MD,tammythomas@example.com,2026-05-20,False,low,0,2.4911247803924788
2714,Lauren Bowen,zacharylee@example.com,2024-10-17,False,medium,2,7.998806973235396
2715,Clinton Carter,joshua74@example.net,2025-12-07,False,low,0,5.037830085691291
2716,Katherine Johnson,xcline@example.org,2025-05-06,False,low,2,5.308459012993476
2717,Wayne Smith,egutierrez@example.net,2024-11-09,True,low,0,5.332049711089877
2718,Andrew Ellison,christopher32@example.net,2025-11-25,True,high,3,12.644123568612034
2719,Guy Lee,benjamin18@example.com,2025-09-24,True,medium,4,7.10868058828375
2720,Joshua Miller,morrismary@example.com,2025-04-04,True,high,10,12.525916513427942
2721,Jenna Diaz,weeksbrandon@example.com,2026-05-11,False,low,1,4.830295465859671
2722,Dustin Matthews,loveluis@example.com,2024-12-12,False,low,1,4.4530430804833365
2723,Albert Juarez,gregorybrock@example.org,2026-01-28,False,medium,6,6.924214336410621
2724,Jennifer Martin,allennathan@example.net,2025-10-28,False,low,0,6.562990798506824
2725,Diana Stanton,kelleramanda@example.org,2025-01-06,False,medium,7,6.730969744353435
2726,Lawrence Morgan,bcampbell@example.net,2025-11-30,True,medium,7,8.210230669077887
2727,Miranda Cooper,danderson@example.org,2025-12-04,True,high,9,11.636744900117261
2728,Dennis Smith,gillmary@example.com,2024-10-19,False,low,0,2.888728223647968
2729,Lisa Webb,carlsonblake@example.net,2026-02-23,False,medium,5,8.751312726456472
2730,Lisa Fernandez,michelle11@example.org,2026-01-28,False,low,0,2.267986582034748
2731,Rita Gray,rogersjoshua@example.com,2025-11-02,True,medium,4,8.090516966052238
2732,Robert Allen,rodriguezdiana@example.org,2025-04-21,False,high,3,12.773905214946343
2733,Michael Huerta,andrewperez@example.com,2026-01-26,False,low,4,3.7447476426990294
2734,Trevor Cox,kenneth08@example.net,2026-07-01,False,medium,6,6.631508042291905
2735,Tamara Woodard,wallacebryan@example.com,2026-03-17,False,high,6,8.861764678602357
2736,Laura Daniel,robert76@example.com,2024-12-23,True,medium,2,6.123962876413824
2737,David Warner,xlivingston@example.org,2026-09-01,True,medium,2,6.182001641546805
2738,James Singh,allen57@example.net,2026-07-13,False,low,2,0.9411445599346209
2739,Terry Black,riveralisa@example.com,2025-03-09,False,medium,5,8.26639035734383
2740,David Calderon,bradley81@example.net,2025-12-24,False,medium,2,5.671464270082836
2741,Adam Gardner,smithjavier@example.org,2025-11-25,False,medium,4,9.76684815711195
2742,Amy Yang DDS,michaeljohnson@example.com,2025-05-23,False,medium,2,7.946393166450452
2743,Pamela Stevens,ashley95@example.org,2026-06-06,False,high,9,11.892311475924533
2744,Samantha Costa,williamsjennifer@example.com,2024-10-19,True,high,3,13.341861557190828
2745,Julie Stark,qmichael@example.com,2025-03-25,True,low,0,5.8443469130141725
2746,Mark Crane,floresjulie@example.net,2025-04-11,False,medium,6,6.740418341590613
2747,Gary Palmer,grantcrystal@example.org,2026-02-25,False,high,10,12.19928728145007
2748,Hannah Bell,justincombs@example.com,2026-03-29,False,high,6,13.543393583045116
2749,Jared Camacho,edward79@example.com,2024-10-26,False,high,4,9.499482384616526
2750,Jamie Young,agarcia@example.org,2025-05-02,False,low,0,5.176473589030118
2751,Jermaine Phillips,katherinewinters@example.com,2024-09-29,True,low,0,2.9032064243776343
2752,Robert Brown,anthony53@example.net,2024-09-21,False,high,4,11.532430520305814
2753,Michael Walters,hendersonlisa@example.com,2025-07-24,False,low,0,5.020133186342131
2754,Jeremiah Brown,haroldturner@example.org,2025-03-16,False,low,1,5.5858107436744024
2755,Jeremy Baker,uschmitt@example.net,2025-06-12,False,low,1,6.077455799829824
2756,Robert Benson,usilva@example.net,2025-08-20,False,medium,2,4.523677711329082
2757,Nancy Blake,vgraham@example.com,2026-05-30,False,low,1,6.565695106092042
2758,Daniel Rivera,spencerjames@example.com,2026-02-21,False,medium,4,6.510596686542854
2759,Mark Hansen MD,brookstaylor@example.org,2026-08-28,False,medium,5,6.440067734386942
2760,Melissa Abbott PhD,weaverjohn@example.org,2026-04-29,False,low,1,4.225497876153499
2761,Cody Johnson,ryan33@example.org,2026-06-01,False,low,2,2.0850262835108015
2762,Michael Hale,kristianderson@example.net,2026-09-17,False,medium,1,8.423468735999624
2763,David Lopez,marcohines@example.com,2026-08-02,False,low,0,5.257878219392947
2764,Julia Williamson,jonathangonzales@example.org,2025-12-16,False,low,0,3.7456744074117374
2765,Courtney Nichols,denise02@example.org,2026-02-01,False,medium,4,7.8760472106561945
2766,Brandon Barker,brownchristina@example.org,2026-03-28,False,low,1,3.4743663534058804
2767,Douglas Taylor,troy19@example.net,2025-10-06,True,medium,3,4.136540606950517
2768,Alexa Chambers,lori15@example.com,2026-02-04,True,medium,6,12.64833401880546
2769,James Melendez,kmorris@example.net,2025-12-07,False,low,1,6.9805937833385965
2770,Juan Walker,smithmarisa@example.com,2026-09-07,False,medium,2,4.674209367504398
2771,Christopher Ayala,uhaney@example.org,2026-07-17,True,low,3,2.5055653830265125
2772,John Robinson DVM,gtanner@example.net,2026-08-20,False,low,1,2.30730601697468
2773,Jennifer Evans,zjohnson@example.com,2024-09-20,True,low,1,5.849652424753474
2774,Amy Gray,rogerslawrence@example.net,2025-09-21,True,low,2,6.2950412332644845
2775,Mark Miller,bowmankylie@example.com,2026-03-04,True,low,0,2.0201693739529025
2776,Jon Smith,wkennedy@example.com,2025-09-23,False,low,2,3.5790239389259333
2777,Jason Watson,wilkinsonrussell@example.org,2024-09-28,True,medium,2,7.188352938347284
2778,Michael Lee,cynthia64@example.com,2026-03-04,False,high,6,12.480666845112957
2779,Jerome Edwards,nbrewer@example.org,2025-10-05,True,low,1,3.365375334228005
2780,Kevin Carrillo,igoodman@example.net,2025-04-09,False,low,0,3.2272435191256044
2781,Rachel Scott DVM,vjohnson@example.net,2026-06-29,True,low,4,4.441752452173052
2782,Alexis Campbell,douglasbutler@example.com,2025-04-22,False,medium,1,8.413416940404618
2783,Patrick Hester,patricia12@example.org,2025-01-10,True,low,0,2.08029939556741
2784,Michele Gilmore,guerrerorenee@example.com,2025-12-12,False,low,0,3.550160920889297
2785,Gina King,lyonsian@example.com,2025-08-03,False,low,2,7.172228262842624
2786,Tamara Martin,lisastanton@example.net,2026-07-19,False,low,2,4.076169011438985
2787,Elizabeth Serrano,matthewespinoza@example.net,2025-09-21,False,high,4,7.811647349464793
2788,Ryan Schroeder MD,jamiefox@example.net,2026-01-05,False,medium,3,8.046438022353874
2789,Matthew Kaufman,carlos80@example.com,2026-02-09,False,medium,2,7.026642039046529
2790,Mrs. Miranda Johnston,richard79@example.net,2025-10-15,False,low,1,8.712257925354805
2791,Denise Johnson,zachary79@example.com,2025-11-06,True,low,0,6.38139923511001
2792,Cheryl Gregory,tashachase@example.com,2025-01-08,True,low,0,4.39327548350049
2793,Bryan Franco,berrydonald@example.org,2025-06-25,False,high,9,8.081010207947307
2794,Brett Morris,jessica86@example.com,2025-05-17,False,low,4,5.534878254002377
2795,Kelly Ross,karen57@example.com,2024-11-30,True,low,0,4.087710195399484
2796,Dawn Jordan,smithpaul@example.com,2025-05-22,True,medium,3,8.627785627077992
2797,Jennifer Schmidt,kellybrown@example.org,2025-07-18,True,low,0,2.683649451725792
2798,Frederick Moore,michelle41@example.net,2025-11-22,True,medium,2,11.197682460704879
2799,Edward Thomas,jamesrussell@example.net,2026-09-17,True,low,3,1.3394152873705267
2800,Reginald Copeland,ucamacho@example.org,2025-08-14,False,low,0,3.6314610539077856
2801,Jennifer Williams,lisa42@example.org,2025-09-27,False,medium,8,9.364480779716898
2802,Christopher Salinas,jessica89@example.net,2025-10-13,False,high,7,12.967583503906413
2803,Lee Salas,lewiselizabeth@example.org,2025-11-18,False,low,0,7.01541539862673
2804,Austin Lawson,kparrish@example.com,2024-12-25,False,high,6,10.182655308587917
2805,William Peters,clarkpaul@example.com,2025-10-07,False,low,0,1.8836980150586267
2806,Thomas Marshall,karen67@example.com,2026-09-10,False,low,2,4.7817398156039195
2807,Alexis Morris,ashleyrhodes@example.com,2025-11-19,False,low,1,2.404418891358221
2808,Kimberly Taylor,tsmith@example.net,2025-03-20,False,low,2,6.692187104886547
2809,Shane Gates,taragomez@example.net,2025-11-30,True,medium,3,11.406619630515515
2810,Evelyn Ramirez,mcdonaldmegan@example.org,2024-10-17,False,high,8,12.264303259381546
2811,Patrick Ortega,bmitchell@example.com,2025-06-10,False,low,0,3.4376119756051415
2812,Travis Douglas,palmerronald@example.com,2026-09-14,False,high,6,10.481831881838739
2813,Mikayla Harris,maryflores@example.net,2025-10-03,False,low,2,3.7833322335108215
2814,Jose Pace,duncanerik@example.net,2026-04-01,False,low,2,2.9302913544265996
2815,Steven Johnson,jennifer69@example.com,2025-01-17,False,medium,8,12.40173293909919
2816,John Reilly,coreyhendrix@example.org,2026-02-11,False,low,3,3.847628660096162
2817,Christopher Garza,watsontina@example.net,2026-07-24,False,medium,2,9.395483873254342
2818,Ann Fernandez,kenneththomas@example.com,2026-05-12,True,medium,3,7.703718858893151
2819,Kristine Perry,mahoneysarah@example.org,2024-12-24,False,high,7,9.418801557737462
2820,Connie Wells,lweber@example.org,2026-09-04,True,low,3,4.171362223281209
2821,Crystal Shelton,johnsonlisa@example.com,2025-05-07,False,high,10,10.651274327174931
2822,Robert Weaver,jbrown@example.com,2026-05-03,False,medium,3,5.548765086873425
2823,Ms. Michele Jones,ufisher@example.com,2025-02-13,False,low,2,4.901285873447929
2824,Virginia Johns,cameronkaitlyn@example.com,2025-09-28,False,low,0,3.7637272201219485
2825,Austin Snyder,grantkevin@example.net,2026-09-09,False,low,0,5.926218024086918
2826,Lori Jackson,williampierce@example.com,2025-07-15,False,medium,4,9.06065746450031
2827,Shannon Chung,jross@example.org,2025-11-25,False,high,12,9.645953429838547
2828,Catherine Walls,chenmatthew@example.org,2025-10-22,False,low,1,6.433964078410501
2829,Ariel Hebert,yboone@example.org,2025-09-26,False,medium,1,7.135415620031905
2830,Robert Banks,zsmith@example.com,2026-02-22,False,low,0,0.5
2831,Linda Marks,gibsondavid@example.com,2026-04-10,False,medium,4,8.037687845880223
2832,Brianna Tran,jeffreywhitehead@example.net,2026-01-15,False,medium,2,7.4431960362734815
2833,Mary Lawson,pmorse@example.net,2025-05-07,False,low,1,2.7576815131095422
2834,Garrett Dixon,yatkins@example.net,2026-06-12,False,low,1,0.5
2835,Cheryl Gomez MD,vramos@example.org,2026-03-31,False,medium,2,5.592626469016006
2836,Mary Hobbs,morrismatthew@example.org,2026-01-29,False,low,1,2.515440628982526
2837,Jessica Stein,david18@example.com,2025-12-13,False,low,1,6.424768905779505
2838,Nancy Black,jose45@example.net,2025-10-15,True,low,0,0.5
2839,Billy Brown,ptapia@example.net,2024-12-01,True,low,0,5.494134637947663
2840,Darrell Wong,melissa36@example.net,2026-09-12,False,medium,3,8.885391334998548
2841,Mark Long,manningbrandi@example.com,2026-06-22,True,low,1,1.4337019091666185
2842,Jeremy Brown,jessebeltran@example.net,2025-04-01,True,low,0,1.7402579669346663
2843,Edgar Jenkins,sandrews@example.org,2026-07-18,False,low,0,4.668656507067049
2844,Sabrina Henderson DVM,lisa16@example.org,2026-08-04,True,high,9,9.272947873910654
2845,Karen Chang,mistykelly@example.com,2025-06-12,False,low,2,3.526933495807752
2846,Caitlin Kent,elainehall@example.net,2025-07-02,False,medium,1,4.568312034349264
2847,Natalie Page,annettedavis@example.net,2025-06-14,False,medium,6,8.758593051358865
2848,Elizabeth Martin,jeremyevans@example.com,2026-06-04,True,low,3,4.9291138029743005
2849,Andrea Reed,amanda96@example.com,2024-10-05,False,low,2,4.190606798307235
2850,Daniel Carter,tbradford@example.com,2025-06-29,True,medium,2,8.562017909214303
2851,Haley Chen,amy17@example.com,2026-03-13,False,medium,2,7.253541202284226
2852,Lisa Coleman,asmith@example.org,2026-07-06,True,low,1,5.506662343556424
2853,Matthew Sullivan,brewersherri@example.org,2025-03-03,False,medium,3,6.703433724145194
2854,Sara Contreras,dhale@example.net,2025-11-23,False,high,5,13.03559193807192
2855,Christina Tucker,vroberts@example.org,2025-11-24,True,low,0,3.4446596058273875
2856,Beth Sullivan,tashatownsend@example.org,2026-05-04,True,medium,6,8.652323664018587
2857,Samuel Bailey,andrewsdebbie@example.com,2026-02-16,True,medium,3,7.201607740919548
2858,Justin Lopez,hchavez@example.net,2026-03-17,False,low,3,7.309336631733412
2859,Jennifer Cisneros MD,julie34@example.org,2026-05-04,True,medium,1,6.41481050018478
2860,Brandy Sweeney,dennishale@example.org,2025-04-02,False,high,7,7.021931607657407
2861,Amanda Yoder,jessicastanton@example.net,2025-02-26,False,high,4,13.715569104116142
2862,Hunter Yang,wellsshaun@example.org,2025-05-15,False,low,0,2.57299645000561
2863,Desiree Powell,kelly92@example.org,2025-03-16,False,medium,4,5.251879035200569
2864,Amy Torres,bvelez@example.com,2024-12-29,False,medium,2,5.837136592565713
2865,Robin Rodriguez,wsanchez@example.org,2025-06-22,False,high,5,11.855537888701223
2866,Kevin Christensen,oenglish@example.com,2025-06-05,False,medium,4,6.442642194320886
2867,Margaret Tucker,qbennett@example.org,2025-04-24,True,low,1,4.434673695365093
2868,Daniel Garrison,aaron25@example.com,2024-11-03,False,medium,4,3.7922660904052012
2869,Christine Zuniga,kimberly48@example.com,2025-09-04,False,low,2,3.9000624183789343
2870,Thomas Perez,turnerkari@example.org,2024-11-05,False,high,7,10.886227700914878
2871,Desiree Simon,brookstimothy@example.net,2026-05-17,False,high,8,10.793743875297249
2872,Brandon Green,dfox@example.net,2026-05-13,True,medium,4,5.961948562163703
2873,Cesar Watts,alexis54@example.org,2025-08-06,False,low,2,2.47568307394756
2874,Jessica Palmer,halelinda@example.net,2024-10-25,False,low,0,0.5
2875,Michael Castillo,christopherharris@example.org,2025-05-13,False,low,0,2.232020202155997
2876,Danielle Hamilton,gjackson@example.org,2025-09-08,False,low,1,3.5595809407318453
2877,Kimberly Davis,umccoy@example.com,2025-04-26,True,medium,3,8.4328604073148
2878,Jesse Brown,thomasronald@example.net,2026-01-10,False,low,1,6.311465424241785
2879,Robert Jones,harold30@example.com,2024-10-12,False,low,1,2.3019531358359293
2880,Anthony Haley,psawyer@example.net,2026-08-07,False,low,1,6.930758854997037
2881,Alicia Nguyen,garyyang@example.org,2025-04-17,False,high,9,11.221098239104261
2882,Jamie Castillo,edwardsjonathan@example.net,2025-11-22,False,medium,5,4.0444557844933655
2883,Brandon Heath,norozco@example.net,2025-10-02,True,low,1,4.359046603074923
2884,Samuel Ramirez,esparzajesse@example.net,2024-12-22,False,low,0,7.697877237123717
2885,Amber Gray,daviselizabeth@example.net,2026-03-25,True,medium,2,11.285422068928373
2886,Ashley Clark,jason91@example.org,2025-03-03,True,low,2,6.879195854860271
2887,Christopher Gray,hoganeric@example.net,2025-11-28,False,medium,1,8.211517595100087
2888,Scott Shelton,david42@example.net,2025-07-07,False,low,0,5.500123594213447
2889,Elizabeth Ramos,thompsonbrandy@example.com,2025-07-28,True,high,5,10.612632679911238
2890,Patrick Blair,john77@example.net,2026-07-11,False,low,1,8.92602737755005
2891,Destiny Berry,gregory73@example.com,2025-07-10,False,medium,5,7.034367700771056
2892,Felicia Thompson,zholden@example.com,2026-05-06,False,low,0,5.448150101488609
2893,Andrea Freeman,xhorne@example.org,2026-06-17,False,low,2,4.930768153638351
2894,Lisa Butler,daniel75@example.org,2025-03-19,True,low,1,4.086463379289781
2895,Melissa Moore,rwaters@example.com,2025-08-01,False,low,4,2.2506393973214487
2896,David Clark,omartinez@example.net,2025-10-26,True,low,1,0.84718038438064
2897,David Roberts,lsnyder@example.org,2025-04-23,True,medium,8,8.388065221935879
2898,Brad Davidson,vtapia@example.net,2025-10-22,False,medium,2,2.787987597233733
2899,Devon Bentley,robert58@example.net,2025-07-28,True,low,0,3.290298537296369
2900,Allison Glover,jcross@example.com,2025-11-05,True,low,3,2.082171819988024
2901,Cynthia Franklin,perrymichael@example.org,2026-01-23,False,medium,5,5.759471406664643
2902,Ashley Prince,heatherdavis@example.org,2024-10-04,False,low,0,4.587494703347998
2903,Kara Gray,xvazquez@example.org,2026-08-08,False,medium,2,6.724428277615439
2904,Louis Olsen,petersdonald@example.net,2025-04-07,False,low,2,2.328797518624509
2905,Carlos Martinez,raymond39@example.com,2026-04-13,False,low,0,1.722434126047574
2906,Clinton Day,kaitlynfrey@example.net,2025-01-16,False,high,7,9.692205811536072
2907,Elizabeth Christensen,sallylee@example.org,2025-08-20,False,high,9,11.313797482397026
2908,Lauren Drake,alexander69@example.com,2025-09-22,False,high,8,9.301438076179815
2909,Wendy Rodriguez,ypark@example.net,2025-04-19,True,medium,6,8.232051417495343
2910,Marc Hayes,jenkinspamela@example.org,2025-02-24,True,low,1,4.579339624276281
2911,Brian Garcia,wrodriguez@example.net,2024-10-08,False,medium,6,6.3809932344804094
2912,Nathan Bradley,jessica01@example.org,2025-03-02,False,low,2,3.6127452807527063
2913,Dillon Alvarez,qwhitaker@example.org,2026-08-18,False,low,1,7.019093725225263
2914,Robert Campbell,christopher01@example.com,2025-09-13,False,low,2,4.868253963081945
2915,Benjamin King,garciaalex@example.com,2025-11-14,False,low,0,2.3923936398058285
2916,Mary Miller,williamslarry@example.org,2026-07-03,False,low,1,5.171983537957564
2917,Joseph Rivas,hcastaneda@example.com,2026-07-19,True,high,4,8.738776152098843
2918,Dr. Andrea Oliver MD,drew34@example.net,2026-07-04,False,high,8,8.420966561398185
2919,Elizabeth Green,wendyclark@example.org,2024-11-11,True,low,0,4.405786758532251
2920,John Joyce,tuckersheila@example.net,2024-11-29,False,low,1,3.4419839569839388
2921,Janet Miller,sgarcia@example.org,2026-04-19,False,medium,2,8.284242007753168
2922,Shawn Patton,aguilarkyle@example.org,2026-09-16,True,medium,2,5.480696478333244
2923,John Dillon,tarameyer@example.net,2024-11-21,False,low,1,4.812317660261128
2924,Casey Ferguson,logan71@example.net,2025-02-20,False,low,1,6.979270566776689
2925,Samuel Richardson,bphillips@example.org,2025-12-04,False,low,1,7.133407442888088
2926,Richard Miller,hturner@example.net,2026-09-08,False,medium,3,7.934605402589764
2927,Kenneth Mitchell,darlenewilson@example.com,2026-06-21,False,medium,2,6.936132219898378
2928,David Mora,martinjenkins@example.net,2025-07-31,False,low,1,6.864157207809126
2929,Jasmine Russell,lisa52@example.com,2025-01-24,False,medium,2,4.078714600644362
2930,Nancy Barry,taylormichael@example.com,2026-02-26,False,low,1,4.249774579802022
2931,Michael Silva,abigail56@example.com,2025-12-03,False,medium,4,4.7803210214601854
2932,Vicki Harper,johnsondaniel@example.net,2026-02-12,True,medium,8,4.992424369072728
2933,Jerry Crosby,xclark@example.net,2025-04-22,False,medium,1,9.752012972727709
2934,William West,bryantpeter@example.org,2026-03-27,False,high,5,8.995295780138996
2935,Jacob Green,alvarezelizabeth@example.org,2025-04-20,False,medium,1,6.1912693486393495
2936,Dr. Ashley Walker DVM,ahicks@example.org,2025-03-27,True,low,0,3.6489041627380017
2937,Kayla Strickland,mcdowelladam@example.net,2026-09-04,False,medium,3,9.224121360066315
2938,Joshua Brown,vanessa17@example.org,2025-10-15,True,high,4,14.342708168186256
2939,Jason Lee,martinezmolly@example.net,2025-01-13,True,medium,3,8.747948952063428
2940,Juan White,justinherrera@example.com,2025-05-14,False,high,8,7.9321612889275315
2941,Corey Cooke,anthony41@example.org,2026-03-02,True,low,1,2.0639004089006083
2942,Jodi Lang,nathancasey@example.net,2024-12-11,False,high,7,9.868894475195154
2943,Michael Mckenzie,james72@example.org,2026-04-01,False,low,2,4.304387559602169
2944,Bonnie Petersen,oroberts@example.net,2026-08-03,False,low,1,6.7695750147365805
2945,John Hooper,bwarren@example.org,2026-07-27,False,low,0,3.1918610994950534
2946,Benjamin Jacobson,howellrenee@example.net,2026-08-08,False,medium,2,8.37669407407604
2947,Billy Cook,kristindixon@example.org,2026-07-29,True,low,0,3.1427955261025797
2948,John Ortiz,oroberts@example.org,2025-10-25,False,medium,7,9.137409960269235
2949,Martin Craig,andrewwalker@example.com,2025-09-16,True,low,3,5.034550854722613
2950,Maria Donaldson,stevenrichards@example.org,2026-01-19,True,low,0,5.258476360590482
2951,Rodney Oliver,pking@example.net,2025-07-09,False,high,8,10.105509790425385
2952,Emma Rivera,susan75@example.net,2025-11-10,False,medium,4,9.437330421577842
2953,Alisha Malone,barbaradoyle@example.com,2025-12-02,False,high,7,9.955737160105604
2954,Mark Norris,patricia89@example.net,2025-07-28,False,low,4,0.5
2955,Nicholas Price,ostevens@example.com,2026-03-24,False,low,1,4.549027974986567
2956,Steven Miller,douglas61@example.org,2025-07-20,True,medium,3,6.634153403174818
2957,Elizabeth Nolan,taylorjeffrey@example.org,2025-09-27,False,low,2,3.477629362404013
2958,Nathan Gilbert,daniellesweeney@example.com,2025-04-02,False,low,2,5.2351798094027
2959,Ryan Heath,marcuswalter@example.org,2025-10-11,True,medium,1,10.030793498527185
2960,Cynthia Taylor,grant48@example.org,2026-04-01,True,low,2,5.528585162840867
2961,Jesse Martinez,cortezmatthew@example.com,2025-11-30,True,low,1,2.543455347962317
2962,George Ellis,cruzmary@example.net,2026-05-02,False,high,7,11.781442751846201
2963,Donald Wood,allenkathryn@example.org,2026-01-11,True,medium,5,7.110256410728112
2964,Gail Greene,howard31@example.com,2025-12-29,False,high,6,9.995218504559883
2965,Brenda Hughes,ramirezrhonda@example.org,2025-12-04,False,high,9,11.758247266138476
2966,Taylor Vaughn,ramoscory@example.com,2026-08-14,False,high,2,9.934597824890044
2967,Sandra Johnson,russellamber@example.org,2026-07-11,False,low,1,8.17325123068288
2968,David Thompson,nreyes@example.com,2026-06-07,False,high,10,13.901151401638652
2969,Jennifer Andersen,karen31@example.org,2025-11-20,True,low,0,2.0103878127804284
2970,Elizabeth Deleon,adrian20@example.com,2024-11-26,False,low,2,3.6678044739657962
2971,Ashley Allen,jasonmontgomery@example.com,2025-12-03,False,high,10,12.232487619397086
2972,Antonio Brown,whitebonnie@example.com,2025-07-29,False,high,8,9.776838859306809
2973,Clinton Peterson,holly18@example.net,2025-06-14,True,low,2,4.684798699991698
2974,Ellen Acosta,jeremymitchell@example.com,2026-03-03,True,medium,2,9.165020785524487
2975,Breanna Young,dcurtis@example.com,2026-07-19,True,low,0,1.790738015163023
2976,Angela Rivera,scott43@example.com,2024-09-27,True,medium,5,8.335017844963478
2977,Lisa Landry,james91@example.org,2026-01-20,False,medium,3,9.19460257790518
2978,Jessica Fisher,wmorgan@example.org,2026-01-12,False,low,0,0.5
2979,Olivia Jones,bowersethan@example.org,2026-05-11,True,high,5,13.685553928846007
2980,Karen Brown,roblescolleen@example.org,2024-12-23,False,medium,3,6.45898939180765
2981,Brian Mendoza,ojohnson@example.com,2025-12-24,False,high,8,14.128580527054027
2982,David Hernandez,wmartinez@example.net,2025-01-09,False,high,5,12.341436644871548
2983,Jamie Reid,deborah56@example.org,2026-07-16,False,low,2,2.679105263984834
2984,Dustin Hernandez,james00@example.net,2025-03-15,False,low,3,2.4410875974955353
2985,Patricia Sanchez,morganwarner@example.org,2025-02-16,False,low,2,3.023265826288382
2986,Gregory Hopkins,njames@example.org,2026-08-28,False,medium,5,7.717841017745286
2987,Kimberly Scott,mhopkins@example.net,2025-09-16,False,medium,3,8.466496945126007
2988,Benjamin Duke,samanthataylor@example.org,2024-11-28,False,low,0,6.600619091577392
2989,Seth Olsen,frank66@example.com,2025-01-30,False,medium,1,5.392938077145816
2990,Ricky Robinson,bryce27@example.org,2026-09-14,False,low,1,9.506459021606414
2991,Gregory Rivers,tracydavenport@example.net,2025-07-01,False,low,0,4.109487909076743
2992,Jasmin Harrison,cgreen@example.net,2025-04-20,False,medium,3,5.796011706232111
2993,Christopher Olsen,jean10@example.com,2025-07-12,False,low,0,4.066031753869719
2994,Aaron Gutierrez,tarabarnes@example.com,2025-10-13,False,high,10,10.665727831674328
2995,Brian Cardenas,clinekatie@example.com,2026-06-20,False,low,1,3.9400611518609803
2996,Cassie Duffy,jacqueline97@example.net,2026-04-09,True,medium,2,9.28284684939672
2997,Shawn Delacruz,andersondaniel@example.com,2026-06-15,False,high,6,11.49747645945709
2998,Stephanie Lopez,kellysnyder@example.net,2026-09-07,False,medium,4,6.466068107632877
2999,Sarah Barnett,mitchellmichael@example.com,2026-02-28,False,low,1,6.0540088235753124
3000,Shawn Brooks,helen07@example.org,2025-02-13,False,medium,1,6.992502932396297
3001,Kendra Davis,jpeters@example.org,2025-02-06,False,high,11,8.596929210521427
3002,Shirley Steele,levi67@example.com,2026-03-31,True,low,0,1.3265558317067558
3003,James Russell,emilyallison@example.net,2025-07-26,True,medium,1,8.848195881932456
3004,Austin Taylor,anthonyavery@example.org,2026-07-01,False,medium,3,10.005395732688394
3005,Kelly Gordon,david48@example.org,2025-02-14,True,low,0,4.5539886622382015
3006,Jenny Hayes,yjohnson@example.net,2025-01-17,False,low,3,7.407454309394476
3007,Kimberly Sullivan,terrypatrick@example.com,2025-12-29,False,medium,1,3.799621426475681
3008,Thomas Macdonald,andrewgalloway@example.com,2025-04-10,True,medium,1,8.413041546841255
3009,Amber Camacho,josewood@example.org,2026-07-13,True,low,0,2.915361828630265
3010,Jacqueline Summers,jonesrachel@example.com,2025-07-01,True,medium,4,2.069012013373973
3011,Richard Schmidt,fernandezbrandon@example.net,2026-03-08,False,low,3,5.857702492100448
3012,Nicole Moss,jonathan10@example.com,2024-11-01,False,high,12,8.50734104450315
3013,Gregory Cruz,charles35@example.org,2025-10-04,True,medium,2,6.703621419192716
3014,Denise Brewer,ucollins@example.com,2025-09-22,False,medium,2,9.783983152362662
3015,Marcus Smith,ublack@example.com,2025-04-12,False,high,10,9.343719724774207
3016,Ryan Hayes,barry90@example.org,2026-06-29,False,high,10,9.616877194612453
3017,Mary Sullivan,timothygarcia@example.org,2024-12-04,False,medium,4,5.521726881538593
3018,Jean Pollard,krodriguez@example.net,2025-08-27,False,low,0,3.5600598266539403
3019,Jessica Riley,elizabethmoore@example.org,2025-09-01,False,low,2,2.2081059928224427
3020,Frank Johnson,nicholasscott@example.net,2025-10-17,False,medium,5,7.542068505722489
3021,Jennifer Gonzales,amywright@example.org,2026-09-09,False,low,1,7.038039145061962
3022,Leslie Juarez,justinhughes@example.net,2024-12-30,False,low,0,4.022336019012656
3023,Ricardo Olson,jonesmark@example.com,2026-07-29,False,medium,5,8.189589413153215
3024,John Melton,briggskimberly@example.org,2025-01-06,True,high,9,15.842930265923616
3025,Christine Santana,wwhite@example.com,2025-07-29,True,low,1,3.3881202924223013
3026,Maria Scott,littlelisa@example.net,2024-11-01,False,low,0,0.5
3027,Shaun Wood,ronald30@example.net,2025-08-25,False,high,11,8.565001347568268
3028,Thomas Nichols,umartinez@example.org,2025-12-29,False,medium,0,4.416385092665768
3029,Courtney Grimes,stephanieleon@example.com,2025-08-17,True,high,9,11.612575301292793
3030,Nicole Martinez,donald27@example.net,2025-09-21,False,low,1,0.5
3031,Aaron Morrison,ramoschristopher@example.org,2024-10-23,False,low,1,8.258311724819855
3032,Scott Taylor,emily73@example.net,2026-08-23,True,medium,1,7.292611949080425
3033,Matthew Allison,gduke@example.net,2026-05-20,False,low,0,6.031713037985955
3034,Stephanie Michael,xrodriguez@example.net,2025-12-07,False,medium,1,4.0659320971225625
3035,James Carrillo,mphillips@example.net,2026-02-28,True,high,9,11.040543784244576
3036,Scott Lee,allen95@example.org,2025-01-14,True,medium,7,3.935556425519377
3037,Diane Taylor,xfleming@example.org,2026-04-11,False,medium,1,11.850825183607785
3038,Tina White,rileykathleen@example.org,2026-09-07,False,medium,4,6.841755555230983
3039,Judy Cox,timothy36@example.org,2026-03-29,False,low,1,5.699777292441783
3040,Richard Willis,velezmark@example.net,2026-02-13,False,medium,1,4.1554796355796615
3041,James Poole,robertjohnson@example.org,2024-12-25,False,low,0,4.4198521048259956
3042,Kenneth Clark,megan59@example.com,2026-06-11,False,medium,5,5.73512192384765
3043,Christina Flores,michaelkline@example.net,2025-02-01,True,low,4,3.700427565759796
3044,Jamie Hudson,patrick86@example.net,2025-06-28,False,low,0,4.726244032370895
3045,Ronald Burnett,mcdowellchristopher@example.com,2026-02-06,False,high,11,9.017115431207687
3046,Jennifer Diaz,lanceryan@example.com,2026-06-07,False,high,8,9.240787381672021
3047,Carol Le,kellywilliams@example.org,2026-02-03,False,low,0,1.6483780393216043
3048,Mary Smith,fbeck@example.com,2026-01-18,False,medium,5,6.698832903250144
3049,Alan Miller,hansenmatthew@example.org,2026-05-13,False,low,1,1.6056668146195396
3050,Brian Best II,kochheather@example.org,2026-09-10,True,medium,2,10.345979405689906
3051,Jason Rios,patrickmarquez@example.org,2026-05-04,True,medium,4,7.670252266147328
3052,Anthony Bowen,foxbrooke@example.org,2024-11-05,False,low,0,4.729203607409664
3053,Brian Smith,melissa80@example.org,2025-10-08,False,medium,2,5.372056408218977
3054,Mrs. Melissa Ramirez,amy92@example.net,2026-01-30,True,medium,7,5.7801945861015955
3055,Crystal Mclean,cynthiabutler@example.org,2025-03-14,False,low,1,1.0234835743539348
3056,Christopher Hendricks,huntlisa@example.org,2026-09-08,False,medium,5,7.4001881182567875
3057,Jessica Jones,kimberly47@example.org,2026-06-17,False,low,0,6.740685619021519
3058,Connie Holder,johnsonmichael@example.net,2026-08-11,False,medium,3,3.6557019289523005
3059,Natalie Smith,mcrawford@example.net,2025-08-11,True,low,0,5.4959907972544
3060,Veronica Davis,burgessdonald@example.com,2025-12-05,False,low,2,1.5424412981899724
3061,Jason Boyer,todddale@example.com,2025-07-27,False,high,7,12.747477636182664
3062,Annette Simpson,ikane@example.net,2025-10-10,False,low,0,3.870844242694491
3063,Claire Mcintosh,qgardner@example.net,2025-06-06,False,low,1,7.460233538417679
3064,Matthew Koch,stevemorales@example.net,2025-01-12,True,low,1,0.6405093469620087
3065,Jeffrey Robertson,hudsongwendolyn@example.com,2026-01-01,False,low,1,2.763206294078695
3066,James Montoya,jacobrangel@example.net,2026-01-25,True,low,1,4.413765059513581
3067,Tracy Smith,beverly35@example.net,2025-10-14,False,low,1,6.876057443746524
3068,Glenn Woods,uhernandez@example.net,2026-05-22,False,medium,3,7.137749279027538
3069,Alexander Roberson,susan80@example.com,2024-10-09,True,high,7,11.454627590984636
3070,Michael Mcconnell,mejiadaniel@example.com,2025-05-16,False,medium,6,4.819215602385123
3071,Chelsea Jones,brittanyrush@example.com,2026-06-14,True,medium,4,5.783125917217715
3072,Brandon Patel,wongmckenzie@example.com,2025-10-07,False,medium,4,7.81308427653339
3073,Shane Ward,smithcarrie@example.com,2025-04-03,True,medium,3,5.573059901421466
3074,Catherine Gould,dbailey@example.org,2025-12-19,True,low,1,7.3108661618062385
3075,Patricia Lawrence,martinezjessica@example.org,2025-05-24,False,low,0,3.3863365112228108
3076,Mathew Myers,snydergeorge@example.org,2025-07-08,False,low,0,4.010286281083699
3077,Haley Cowan,jeremylopez@example.net,2025-02-19,False,low,2,4.721721219131362
3078,Justin Cruz,smithstephanie@example.net,2025-02-07,True,medium,0,8.041731385123144
3079,Robin Floyd,bcurtis@example.org,2025-03-26,False,medium,2,9.13632206975197
3080,Joanne Allen,virginia57@example.net,2024-11-24,True,low,1,5.922720719637626
3081,Destiny Myers,rachel74@example.org,2026-02-26,False,medium,2,6.220811258932705
3082,Katherine Clark,jon53@example.com,2025-05-17,False,medium,4,8.463885426915061
3083,James Patterson,ggomez@example.org,2026-01-18,False,low,1,5.6032794338073835
3084,Katie Buchanan,donnamcintosh@example.net,2025-10-22,True,medium,1,8.28746800238422
3085,Christopher Butler,zlewis@example.com,2025-10-01,False,low,1,5.311921104282747
3086,Allen Alvarado,hkennedy@example.com,2024-09-21,True,high,3,10.996856385253611
3087,Lisa Sanchez,nwise@example.net,2025-02-24,False,low,0,3.4991413355793575
3088,Darlene Sanchez,sshea@example.com,2026-06-13,False,low,1,2.5428996313382752
3089,Alexander Ramsey,luis05@example.net,2024-10-11,False,low,1,2.9283586885615156
3090,Derrick Ford,williamsjames@example.org,2026-07-20,False,medium,3,7.517312059966303
3091,Olivia Bradley,vgriffin@example.com,2026-07-13,False,medium,0,11.422666057203067
3092,Leslie Nelson,elizabeth03@example.net,2026-07-26,True,low,0,6.269848563198396
3093,Chad Hansen,daniel02@example.net,2026-02-09,False,medium,5,4.806724982722361
3094,Willie Johnson,susandavis@example.org,2025-05-27,False,low,0,1.5548053040228171
3095,Brenda Marshall,kelsey33@example.com,2025-12-15,False,low,1,6.723076405696222
3096,Erin Miller,rodriguezjohn@example.com,2025-11-13,False,medium,2,7.032413198968103
3097,Sean Morales,nicolemontoya@example.org,2025-10-26,False,low,4,6.798194958526828
3098,Jamie White,daniel08@example.com,2025-09-15,True,low,1,5.241659890579733
3099,Kristen Rhodes,kelly14@example.net,2026-03-25,False,low,0,4.994764173384041
3100,Rebecca Colon,richardsmario@example.org,2025-09-01,False,high,8,11.065464955314065
3101,Elizabeth Poole,katelyn37@example.net,2024-10-10,False,low,0,5.642213507926781
3102,Brandy Lopez,perryjames@example.com,2025-03-19,False,medium,5,11.170655601435126
3103,Ryan Singleton,maria56@example.net,2026-02-27,False,medium,2,5.793124331022785
3104,Carol Coleman,thompsonroger@example.net,2025-03-25,False,low,1,7.057557671420614
3105,William Pena,lmoore@example.net,2026-07-31,True,low,1,7.021463303078427
3106,David Munoz,yallen@example.org,2026-07-24,True,medium,2,7.529648484929556
3107,Tiffany Graham,teverett@example.com,2024-10-11,False,low,1,5.53372173479344
3108,Luis Lawrence,samanthamartinez@example.net,2026-02-14,True,high,6,13.571384892958244
3109,Darren Lara,stephanielewis@example.org,2026-05-16,True,medium,1,7.66600425889808
3110,Kristi Bernard,wayne14@example.net,2025-01-07,True,medium,1,7.65312603172611
3111,Lawrence Allen,michael28@example.org,2026-04-15,False,medium,2,3.3159325084287907
3112,David Anderson,katie76@example.com,2025-01-31,False,high,7,11.5057888336844
3113,Ashley Rivera,goodmancourtney@example.org,2026-07-04,True,low,1,6.886567064897235
3114,Michelle Lucas,ryangilbert@example.org,2026-07-19,False,low,1,4.42531016343978
3115,Andrew Delgado,elizabethrichards@example.com,2024-12-13,True,medium,2,2.5397394941707727
3116,Erica Russell,frysharon@example.net,2024-12-19,True,low,2,3.4723435391987345
3117,Toni Lamb,klewis@example.net,2024-12-08,False,low,0,4.345783369575385
3118,Michael Miller,simontracy@example.net,2025-01-09,False,low,1,7.79114954645712
3119,Joshua Sanders,buchananscott@example.net,2025-08-20,False,high,6,13.847331160484782
3120,Ashley Johnson,annettefleming@example.com,2024-09-18,False,medium,5,9.37501104102531
3121,Hannah Larson,brooksjames@example.com,2025-04-06,False,low,1,4.380208122901083
3122,Robert Thompson,kimberlybennett@example.net,2025-03-15,False,high,3,9.889797450761664
3123,Louis Eaton DDS,dana02@example.net,2025-05-07,False,low,0,4.491036886654721
3124,Philip Williams,nelsoncassandra@example.net,2026-04-17,False,high,8,10.069354963317846
3125,Michael Stevens,kenneth18@example.net,2026-02-28,True,medium,3,7.30390375588727
3126,Jeff Wagner,jonesjohn@example.net,2026-01-17,False,low,0,3.655951905970522
3127,Benjamin Savage,craig34@example.com,2024-10-31,False,high,5,10.121564470356375
3128,Caitlin Smith,amandapayne@example.com,2026-04-22,True,low,0,8.967531985175016
3129,Ray Singh,keithemily@example.net,2024-12-15,True,high,5,10.106445140727722
3130,Jennifer Perry,youngannette@example.net,2026-01-28,True,low,1,6.539258441166809
3131,Meredith Mooney,dburke@example.net,2025-09-26,False,high,6,12.75241198334332
3132,Maria Patterson,brandonjohnson@example.org,2024-11-16,False,medium,3,8.14816256421307
3133,Ariel Williams,dgentry@example.org,2025-08-01,True,low,0,5.737452050087632
3134,Jacob Bauer,dalton37@example.org,2025-10-09,False,low,0,3.1206882897330335
3135,Brian Norman,deanlauren@example.com,2025-06-09,True,low,0,6.889096150958844
3136,Jennifer Kennedy,ycooper@example.org,2025-11-30,False,low,1,7.156673390677403
3137,Jonathan Young,znavarro@example.org,2026-02-03,False,low,0,4.1109598375307606
3138,Kathryn Brady,wallen@example.com,2024-12-04,False,low,1,4.485805081422503
3139,Pamela James,bstephens@example.com,2025-06-10,False,high,3,13.89400923517012
3140,Brett Stephens,cburgess@example.org,2026-03-05,True,medium,1,9.543836606844732
3141,Matthew Love,elizabeth14@example.com,2026-04-16,False,medium,9,9.719543786656628
3142,Casey Coleman,aaronbean@example.org,2024-11-09,False,low,2,3.910582486480829
3143,Richard Sutton,conniegarcia@example.org,2025-04-22,False,high,3,9.168004260887699
3144,Kyle Mooney,aclark@example.com,2025-09-03,False,low,1,3.8958496721140397
3145,Jasmine Bennett,ewatkins@example.org,2025-02-23,False,low,3,5.840027611084503
3146,Peggy Hall,ramirezjeffrey@example.net,2025-12-03,True,low,0,5.818396698058677
3147,Jennifer Perez,cannonbarbara@example.org,2026-03-17,True,low,1,4.163289418036507
3148,Troy Travis,stanleygary@example.org,2025-06-25,False,low,0,4.789088068633348
3149,Diana Williams,brendan29@example.org,2024-11-16,False,high,5,12.404771448709218
3150,Carl Moore,mmartinez@example.org,2024-11-20,False,low,0,2.4714931901485393
3151,Michael Barton,epearson@example.com,2026-01-25,False,high,4,8.860428595842988
3152,Monica Copeland,marissa74@example.net,2025-12-11,False,low,2,5.316594450407896
3153,Amy Martin,danielmartinez@example.com,2025-10-22,False,low,0,7.045393947031674
3154,George Butler,tranamanda@example.org,2026-09-15,False,low,2,3.627080113967615
3155,Alexandra Jones,crystalcohen@example.net,2025-05-05,False,low,0,4.203294165896946
3156,Anna Russell,jacksonsteven@example.com,2026-05-19,False,low,1,4.620437050509626
3157,Christopher Delacruz,mgarcia@example.com,2025-12-07,True,low,3,6.501577390725773
3158,Thomas Hunter,berrypatricia@example.net,2026-06-03,False,medium,4,5.754347250893532
3159,Mariah Eaton,myerstiffany@example.org,2026-02-10,True,medium,2,1.003585683019173
3160,Daniel Morrow,fjones@example.com,2025-02-02,False,medium,2,6.19056589763536
3161,Carolyn Price,robertmartinez@example.org,2024-11-13,False,low,3,4.986508352386064
3162,Kelsey Adams,websterbrandon@example.net,2025-12-02,False,medium,3,6.942196953004278
3163,John Martin,kara58@example.com,2025-09-21,True,low,1,3.001983471140422
3164,Jason Ponce,erinstark@example.net,2026-03-26,True,low,0,0.5
3165,John Ramirez,cassandramoore@example.com,2026-04-09,False,medium,2,7.909345481885161
3166,Ashley Stokes,bassjackie@example.org,2025-05-11,False,low,2,5.102796685556484
3167,Andrea Stevenson,marilyn62@example.org,2026-05-09,False,low,3,0.5
3168,Michelle Sullivan MD,mhall@example.com,2025-06-06,False,high,5,10.826392395864882
3169,Daniel Barton,lucas15@example.com,2025-02-24,False,low,4,6.0125015988654305
3170,David Jacobson,hharper@example.net,2026-03-10,False,medium,2,11.680600431713959
3171,Lisa Curtis,tdominguez@example.com,2026-06-24,False,medium,1,7.40793120182249
3172,Julie Soto,hartkara@example.net,2026-06-13,False,low,1,4.861982438556776
3173,Julia Fields,markbautista@example.org,2025-07-20,True,high,1,9.316046941875797
3174,Andrea Harris,blee@example.com,2024-10-09,True,low,0,3.1116651572725718
3175,Barbara Sandoval,theresa24@example.org,2026-01-06,True,low,1,4.398759841308015
3176,Nancy Landry,barkeralicia@example.net,2025-03-04,False,high,2,9.308743024021192
3177,Jennifer Gaines,jessicahamilton@example.com,2026-07-09,True,low,0,8.194254424746054
3178,Joshua Banks,kelly24@example.net,2026-06-17,True,medium,2,7.605227051892508
3179,Michael Barnett,heathersanchez@example.com,2024-09-23,False,high,11,10.102994931873893
3180,Jessica Bell,wilsonjill@example.com,2026-01-11,True,medium,0,7.341175626306547
3181,Jennifer Hill,dakota75@example.org,2025-12-15,False,medium,4,7.622597234860783
3182,Ana Lee,floresmariah@example.org,2025-04-25,False,medium,4,5.406957384592913
3183,Brandon Schultz,romeromakayla@example.com,2026-06-08,True,low,2,3.8560686940608275
3184,Samantha Jones,lucasflores@example.com,2025-01-28,False,low,2,2.1535165912581613
3185,Wanda Johnson,johnreyes@example.com,2025-07-31,False,medium,3,9.611553156575042
3186,Yvonne Greene,ashleyhall@example.net,2025-06-25,True,high,7,13.017982953863296
3187,Anna Jones,chelseasmith@example.net,2026-04-20,True,low,1,3.664736949023272
3188,Elizabeth Ramirez,kellygray@example.net,2025-01-25,False,medium,2,9.226001398277361
3189,Debra Lee,emily89@example.org,2026-08-15,False,medium,2,5.905563119468054
3190,John Garcia,ngraham@example.com,2026-03-06,False,medium,3,10.5795815406168
3191,Patty Cox,gregory38@example.org,2025-06-25,True,low,1,0.5
3192,Brandi Rivera,colejames@example.org,2025-11-14,False,medium,0,6.720971943333859
3193,William Phelps,chelsea70@example.org,2025-11-08,False,medium,2,8.303683143960711
3194,Lisa Choi,mark59@example.org,2026-05-24,False,low,1,4.925825558986226
3195,Garrett Green,langalexandra@example.org,2024-10-15,True,medium,8,9.323213880933624
3196,Leah Hill,rlewis@example.com,2026-03-12,True,high,14,13.117856128234804
3197,Jennifer Bennett,ljordan@example.net,2025-12-08,True,low,1,3.331893835886309
3198,Alan Haynes,pgraves@example.org,2026-06-17,False,medium,4,4.402516626779017
3199,Jessica Williams,christine11@example.org,2026-08-23,False,medium,3,10.827825692747309
3200,Joseph Flynn,zgarcia@example.com,2026-05-17,False,medium,2,6.140505827424308
3201,Nicholas Smith,chase86@example.org,2026-02-01,False,low,1,5.44232364416831
3202,Matthew Green,jamesbenson@example.com,2025-12-08,False,medium,3,7.512649305937707
3203,Jessica Holmes,andradevictoria@example.com,2025-05-12,False,low,1,2.9762631978129646
3204,Maria Harrington,kvincent@example.org,2025-09-07,False,low,0,7.09221712086282
3205,Chad Joseph,rachel86@example.org,2025-08-28,False,low,3,7.38750124842951
3206,Leah Lam,cmartinez@example.org,2025-05-17,False,high,10,12.713375578637224
3207,Miss Cynthia Morris,lpatterson@example.com,2026-06-19,True,low,1,2.7654018604839092
3208,Willie Jones,phodges@example.net,2026-01-03,False,low,1,5.397150961724039
3209,Olivia Russell,lambertjames@example.net,2025-06-01,False,low,1,0.5
3210,Ryan Johnson,horndonald@example.net,2025-11-14,False,low,1,2.5383302006046584
3211,Angela Drake,aaroncarter@example.net,2026-06-08,False,medium,2,6.359613960730705
3212,Sean Erickson,ybell@example.com,2024-10-23,False,low,0,4.765492629896443
3213,Garrett Thomas,julielewis@example.com,2026-01-28,False,low,1,4.511119397973607
3214,Kurt Powell,tburgess@example.org,2025-03-07,False,medium,4,8.71458300824603
3215,Megan Hernandez,nathanfrazier@example.org,2025-09-01,False,medium,4,10.443928576264351
3216,Stephanie West,maryblackwell@example.com,2025-04-10,False,medium,0,9.843786177408685
3217,Joel Patterson,yzamora@example.org,2026-08-08,True,medium,2,7.074184683872912
3218,Erik Williams,qcervantes@example.com,2026-08-25,True,medium,7,5.540684235411759
3219,Lisa Sutton,shelleycombs@example.net,2025-05-20,False,high,5,5.95912305876187
3220,Sarah Griffin,bcobb@example.org,2025-09-01,True,medium,3,7.03341476947595
3221,Justin Campbell,monica07@example.com,2025-08-25,True,low,2,2.3402864637249827
3222,Kyle Bell,christopher57@example.org,2026-01-07,False,medium,3,6.016240568438565
3223,Marco Brown,schneiderbrandon@example.com,2026-03-11,False,low,2,5.073649367911352
3224,Jacqueline Kelly,johnroberts@example.com,2025-05-27,False,low,1,7.309269496804177
3225,Tina Cook,vdiaz@example.org,2026-07-17,False,low,0,1.7529793092331043
3226,Beverly Jenkins,welchrose@example.net,2026-03-29,False,medium,2,6.408910397481972
3227,Amanda Owens,jonesjill@example.com,2025-11-19,False,medium,1,6.673185538537376
3228,Heidi Fisher,greenekathy@example.net,2025-11-06,False,high,9,11.36182135045005
3229,Sandra Chaney,kelleyfelicia@example.com,2025-09-20,True,low,0,2.409001190799712
3230,Jo Hickman,tsimmons@example.net,2025-04-29,False,low,0,4.656614351242668
3231,Thomas Dixon,qdixon@example.org,2025-04-11,True,low,0,4.929125455330189
3232,Kevin Ross,jkelley@example.net,2025-12-10,False,low,0,5.976646231212726
3233,Michelle Wood,tiffany95@example.org,2025-10-08,False,medium,2,8.08763169510345
3234,Desiree Martin,heathersmith@example.org,2025-11-11,True,high,8,11.69398851825122
3235,Jay Mitchell,stewartmary@example.net,2025-03-13,False,high,6,12.65090430156232
3236,Carrie Moore,brian13@example.org,2025-10-11,False,high,8,11.574386555745589
3237,Eric Parker,jasongarza@example.org,2025-03-22,True,high,5,9.953095140331087
3238,Kathryn Jackson,tevans@example.org,2024-09-19,False,low,2,6.586296150042543
3239,Dennis Garcia,sabrinaperez@example.net,2025-09-04,False,low,1,3.4508235088979204
3240,Hunter Miller,fgutierrez@example.com,2025-04-27,False,low,1,6.614989282463483
3241,Wayne Sellers,wagnerjacob@example.org,2025-06-04,False,high,14,8.831058752842432
3242,Derek Duffy,ibarton@example.org,2025-05-31,True,low,2,3.9893388533477507
3243,Taylor Parsons,dana17@example.net,2025-12-02,True,medium,4,7.087287273759175
3244,Marcus Harvey,janice12@example.net,2026-09-03,False,low,0,4.2796505426521065
3245,Robert Franco,bennettmichael@example.net,2025-01-25,False,medium,3,6.712133231967864
3246,Terri Davis,larrygill@example.net,2024-11-24,True,high,7,8.123646193208737
3247,Pamela Oconnor,susanbrown@example.com,2026-06-13,False,low,4,1.2369018822411233
3248,Cameron Lawson,larrymoore@example.net,2025-12-06,False,low,0,0.776565868762292
3249,Joel Randall,pittmanjill@example.org,2025-01-22,True,low,1,3.2327561359929704
3250,Brittney Conway,christopher14@example.net,2025-07-08,False,high,7,11.51600199533899
3251,Bradley Andrade,michael01@example.com,2025-02-28,False,medium,4,7.230051132685614
3252,Robert Phillips,falexander@example.net,2026-02-20,False,low,2,6.017525014266271
3253,Lisa Barron,jward@example.com,2026-01-16,True,medium,4,5.789872618556059
3254,Jesus Figueroa,zyoung@example.com,2025-05-13,True,medium,1,5.8768026472462624
3255,Barbara Grant,carlagarcia@example.com,2026-08-05,False,low,1,0.5
3256,Linda Peterson,butlergabrielle@example.net,2026-07-20,True,high,5,10.674087378388318
3257,Allison Bonilla,yhendrix@example.net,2025-12-12,True,low,1,4.10271751760536
3258,Steven Beasley,ernestwright@example.net,2024-12-17,True,medium,5,5.365809082719536
3259,Jennifer Gordon,edwinmiller@example.com,2025-06-05,False,medium,0,7.347056052268991
3260,Carolyn Casey,bblevins@example.net,2025-02-06,True,low,0,5.059620131367278
3261,Kenneth Randolph,reesealex@example.net,2025-03-05,False,medium,3,8.407591767501637
3262,Madison Nielsen,travis28@example.net,2025-08-17,False,medium,3,6.264273412607032
3263,Brooke Johnson,rdurham@example.net,2025-05-24,False,low,2,0.5
3264,Carl Trujillo MD,thomasmichael@example.com,2025-05-20,False,high,10,8.436933105052963
3265,Roberta Rivera,mccarthydylan@example.net,2026-08-11,False,medium,5,5.866047217991443
3266,Robert Williams,thompsonsavannah@example.org,2025-03-28,False,low,1,5.908329028381848
3267,Ian Evans,zbaker@example.com,2026-02-06,False,medium,1,9.378566906879286
3268,Glenda Robbins,scottchristopher@example.net,2026-08-29,False,high,13,13.66687833206593
3269,Erin Myers,james16@example.com,2025-12-20,False,low,0,7.054818417528706
3270,Robert Walker,gschmidt@example.com,2026-03-04,True,medium,3,9.218932363909293
3271,Jeffery Haas,charlesprice@example.org,2025-07-19,False,medium,4,5.068849987580322
3272,Timothy Bridges,dyervictoria@example.net,2026-06-14,False,low,1,3.7857455656586474
3273,Alexa Ramirez,elizabeth71@example.net,2025-12-11,False,medium,4,10.051182305578035
3274,Alan Murphy,melody89@example.com,2026-03-05,False,medium,2,10.036052583140934
3275,Tiffany Hudson,charles14@example.com,2026-05-02,True,high,14,9.050627362564846
3276,Tina Hall,panderson@example.net,2025-06-06,False,low,2,8.00263591373232
3277,Nicolas Wells,wilkinsmark@example.org,2024-12-19,False,medium,0,3.96073162696475
3278,Katherine Morton,michelle86@example.net,2025-10-09,False,high,9,10.282722218423741
3279,Sandra Rivera,brittanyjackson@example.net,2026-08-05,False,medium,3,6.994858272629248
3280,Charlene Blackwell,jennifersantana@example.org,2025-10-08,False,high,7,11.822291395059203
3281,James Williams,ronald46@example.com,2026-07-12,True,high,10,7.811634640549199
3282,Kathryn Bishop,zramirez@example.net,2025-02-24,True,high,6,11.060537342217238
3283,Morgan Andrews,fcook@example.org,2025-06-06,False,medium,2,7.570563902334989
3284,Timothy Morris,gabriela59@example.net,2025-01-11,False,high,5,11.644040959310427
3285,Lisa Hill,fsanford@example.net,2024-11-04,False,low,0,5.341193252222141
3286,Tracy Cruz,roymorris@example.org,2026-05-24,True,low,1,1.721914222843823
3287,Rachel Montgomery,oscott@example.com,2025-12-10,False,high,3,11.665980159556234
3288,Evan Saunders,hcollins@example.net,2025-07-09,False,medium,5,6.9407313258328465
3289,Jessica Mcconnell,mcintyrebrendan@example.org,2025-06-01,False,low,1,0.5
3290,Catherine Conley,cmueller@example.org,2026-03-26,False,low,0,6.693908438476097
3291,John Fowler,sandrathomas@example.net,2025-04-11,False,medium,3,8.775245926760793
3292,Natasha Torres,timothyortiz@example.org,2025-11-07,True,low,0,3.678670303250557
3293,Dawn Pena,friedmanlinda@example.net,2026-08-28,False,low,5,3.671696830383563
3294,Riley Gonzalez,angela15@example.org,2025-08-04,True,high,9,12.362512463241687
3295,Robert Rose,fhatfield@example.org,2026-07-28,False,medium,2,5.367953856107594
3296,Dominic Gilmore,john26@example.org,2025-12-11,False,low,1,2.3017207069740158
3297,Scott Velazquez,ischultz@example.com,2024-12-26,False,medium,3,5.503450690444609
3298,Nicole Foster,claire11@example.net,2026-02-05,True,low,1,3.159471937682343
3299,Samantha Bailey,rrodgers@example.org,2026-04-28,True,medium,2,7.764101355106661
3300,Andrew Zavala,tara38@example.org,2026-06-09,False,low,1,5.644668139144981
3301,Jordan Baxter,christophermoore@example.org,2025-07-19,False,low,0,0.6992909916909413
3302,Lawrence Sanders,keith60@example.com,2025-11-02,False,medium,6,5.035815186399569
3303,Alison Castillo,christopher99@example.org,2025-12-05,False,medium,5,7.049071173501522
3304,John Wood,ashleywatts@example.com,2024-11-27,False,low,1,3.4625080189925295
3305,Richard Morgan,jordanjoshua@example.net,2025-01-26,False,low,2,5.584790078831469
3306,Olivia Holmes,elizabeth74@example.com,2025-08-09,True,low,0,5.989036232056954
3307,Richard Aguilar,olsonmichael@example.com,2026-03-02,True,low,0,4.8687538440567355
3308,Riley Clark,jeffrey68@example.com,2026-01-11,False,medium,6,7.263230746545483
3309,Scott Owen,stephanieswanson@example.net,2025-03-31,False,low,0,7.959896736581197
3310,Stephanie Tucker,kennethrodriguez@example.org,2025-06-08,False,high,6,11.372323911163468
3311,Calvin Williams,rodriguezstephanie@example.net,2025-03-21,False,low,1,4.0508813641500625
3312,Darryl Roberts,john14@example.net,2025-10-15,True,high,11,8.675162072141893
3313,Harold Diaz,richard13@example.com,2025-04-03,True,medium,1,8.11839920688175
3314,Madison Parker,pferguson@example.com,2025-08-25,False,low,4,1.8918262403415973
3315,Emily Young,amandalevy@example.com,2025-10-27,True,medium,3,8.594504597080068
3316,Megan Perkins,todd94@example.com,2025-06-09,False,low,1,0.921890156859063
3317,Martha Powell,kristinkent@example.com,2025-12-21,False,low,1,1.5918260996576068
3318,Corey Jackson,judithrios@example.net,2025-04-26,False,low,2,1.8770540541527447
3319,Albert Garcia,croman@example.net,2026-02-23,False,low,2,5.7086346783475665
3320,William Caldwell,zle@example.net,2025-03-16,False,low,3,6.583495701465262
3321,Justin Reeves,virginia83@example.com,2026-08-05,False,medium,3,8.884460035135671
3322,Randall Johnson,mjohnson@example.com,2024-11-30,True,medium,3,9.04870357971993
3323,Gregory Byrd,changsamuel@example.org,2026-08-06,True,medium,0,5.305906361662775
3324,Richard Nelson,burnsryan@example.net,2025-01-26,False,medium,5,7.584180835969719
3325,Emily Garcia,danielyates@example.net,2026-05-03,False,low,0,3.1391705826254315
3326,Joshua Moody,rwallace@example.org,2025-06-02,False,medium,6,9.736378047497155
3327,Jeffrey Cooke,natasha58@example.net,2025-07-12,False,low,1,8.230686438324367
3328,Jesse Anderson MD,kimberly33@example.com,2026-05-10,False,low,0,3.9016524314588943
3329,Lisa Jones,brandonmcdonald@example.com,2025-01-16,False,high,6,7.636371092267282
3330,Vanessa Perez,orosales@example.com,2025-09-03,False,medium,3,8.450479700992538
3331,Laura Alexander,sampsonjoseph@example.org,2025-02-08,False,medium,3,4.0233491729629245
3332,Valerie Contreras,sloanemily@example.org,2026-04-29,True,low,0,3.741660473671032
3333,Jessica Diaz,peterjohnson@example.org,2026-08-31,False,low,2,1.6303198790499622
3334,Travis Caldwell,pennyruiz@example.net,2026-08-10,False,low,1,4.947430053077852
3335,Rebecca Thomas,lpatterson@example.org,2024-11-21,False,medium,8,7.263045460156312
3336,Carl Gonzalez,charlessims@example.org,2025-05-11,True,low,1,3.6492406313580394
3337,James Leblanc,iclarke@example.net,2026-04-30,False,low,0,3.3947939531421567
3338,Gary Montgomery,phillip57@example.com,2025-12-21,False,low,2,2.416427728068442
3339,Thomas Graves,nicholasfuentes@example.com,2025-04-15,True,medium,3,7.857455986588136
3340,Joseph Salinas,christopher67@example.org,2025-09-26,False,low,2,3.5913855827996684
3341,George Brown,vaughnjavier@example.net,2025-07-28,True,medium,3,9.574136356762345
3342,Brett Osborne,michelle14@example.com,2026-01-21,True,low,0,5.671314502364542
3343,Tracy Green,jamesmorris@example.org,2026-07-07,False,low,2,3.225724846698836
3344,Jeremy Weaver,asmith@example.net,2025-09-05,True,low,1,2.998637200382257
3345,Tami Harrison,kwilliams@example.org,2026-09-12,False,medium,2,8.634969961540639
3346,Karen Rodriguez,kimberlybennett@example.net,2025-12-03,False,medium,5,7.978479550824712
3347,Jason Webb,fieldsjacob@example.org,2025-09-17,False,medium,2,4.135445028535969
3348,Joshua Singleton,qhoffman@example.com,2024-12-02,False,low,1,4.679927581513826
3349,Kenneth Williams,paulevans@example.com,2026-04-22,True,medium,2,4.997724884229701
3350,Jeffrey Evans,moralesmarcus@example.net,2026-03-22,False,low,1,7.2007945977785885
3351,Alicia Mueller,laura90@example.net,2026-02-25,False,medium,6,6.526512304696151
3352,Maria Perez,matthewstanley@example.org,2026-02-15,False,low,2,2.612606565822598
3353,Melanie Martinez,mclaughlinnathaniel@example.net,2024-11-29,False,low,0,3.8678431338193815
3354,Joshua Riley,dbest@example.com,2025-01-24,False,medium,4,6.070260060852964
3355,Tammy Jones,danasanders@example.org,2026-04-11,False,low,3,3.424585888901047
3356,Christopher Flynn,granthenderson@example.net,2026-07-29,False,high,8,10.232494038173982
3357,Michael Gibson,wyatt29@example.org,2025-02-10,True,low,0,3.456000055383728
3358,Kimberly Avila DVM,faithhowell@example.org,2024-09-21,False,medium,2,5.75587033011009
3359,David Lara,castillomatthew@example.com,2025-06-20,False,low,1,3.3160413613650834
3360,Michael Reed,liujessica@example.com,2024-10-22,True,high,11,13.223633651130106
3361,Ann Bartlett,jaimeduncan@example.com,2025-09-28,False,low,2,1.9471317787282292
3362,Michelle Knight,huynhmatthew@example.net,2025-08-15,False,high,13,9.984616043233226
3363,Johnny Vincent DDS,antoniojenkins@example.com,2026-07-13,False,medium,4,9.096729771270846
3364,Elizabeth Anderson,fsmith@example.com,2025-03-22,True,low,1,4.710095342910186
3365,Paige Welch,jason76@example.net,2025-03-26,True,low,0,1.254417500507182
3366,Jody Wall,qmarshall@example.com,2026-06-06,False,low,1,2.992138640077321
3367,Douglas Collins,qrhodes@example.org,2026-05-27,False,medium,4,6.959466233724738
3368,Kaitlyn Young,jeremiahbaker@example.com,2026-03-19,True,medium,2,8.853753398921809
3369,Joanne Gaines,qkemp@example.com,2024-12-12,False,low,1,0.5
3370,Joshua Prince,willisjaclyn@example.com,2026-03-02,True,low,0,2.1977934260312857
3371,Bruce Davis,paul54@example.org,2025-09-06,False,high,2,8.480874542260517
3372,Richard Silva,lisa47@example.com,2026-05-19,False,low,1,4.714385757989878
3373,Anthony Ashley,cmyers@example.com,2025-04-17,False,low,1,2.06774695374182
3374,Jennifer Murray,yhernandez@example.net,2025-11-13,False,medium,4,10.49180726437124
3375,George Harding,changbethany@example.net,2025-09-23,False,low,0,3.7544571486263787
3376,Jamie Garrison,bsmith@example.com,2026-02-28,False,low,0,5.804651522260771
3377,Catherine Glenn,hjones@example.org,2026-07-30,True,low,2,1.3616560843357526
3378,Karen Weber,dware@example.com,2025-11-27,True,medium,1,6.685643000139664
3379,Peter Harris,othomas@example.com,2025-08-26,False,medium,1,9.757822486003365
3380,Patrick Blake,yjones@example.org,2024-10-28,True,low,0,4.587573376549445
3381,David Howard,angelabarnes@example.org,2026-01-13,False,medium,2,7.351084487670296
3382,Joshua Santana,karlmartin@example.org,2026-01-31,False,low,2,5.751010099688821
3383,Amber Thomas,johnnygray@example.com,2026-05-06,False,low,3,3.0236272438608403
3384,Sandra Crane,qknight@example.net,2025-03-02,False,low,2,3.468497518224311
3385,Jennifer Cooper,jameskim@example.com,2025-05-12,True,high,5,13.214998480236313
3386,Eric Taylor,john00@example.com,2026-06-09,True,medium,2,9.611291123680093
3387,Joseph Clayton,justin75@example.org,2024-12-04,True,medium,4,10.211380215641686
3388,Lynn Duran,scottmichael@example.com,2026-07-11,False,medium,6,5.24935286481791
3389,Abigail Wright,tortiz@example.org,2025-06-11,False,medium,3,5.504433920562597
3390,Karen Heath,opierce@example.com,2025-10-20,False,medium,3,4.832467126325023
3391,Christopher Perez,garywright@example.org,2026-07-20,True,high,4,11.573727685638701
3392,Steven Howell,ann63@example.net,2026-04-08,True,low,0,6.650527206254777
3393,Kimberly Kennedy,hmoore@example.com,2025-02-13,True,medium,3,5.352165185431798
3394,Angela Solis,ashley62@example.net,2026-05-08,False,medium,2,7.157532459274683
3395,Melvin Long,danny03@example.org,2026-03-27,False,high,6,12.806418668262463
3396,Katie Ruiz,nguyenjacqueline@example.org,2025-10-08,False,medium,2,5.126011542159915
3397,Michael Hernandez,thomaserik@example.net,2026-01-10,True,low,1,6.6454856637595725
3398,Nathaniel Burns,michael41@example.com,2025-04-07,True,medium,4,7.262224392356869
3399,Mr. Sean Jones PhD,richard27@example.com,2026-01-06,False,low,3,3.9740913034341916
3400,Brent Jackson,kking@example.org,2025-03-04,False,medium,1,8.174711543506465
3401,Amy Nichols,kelly83@example.org,2024-09-27,False,medium,1,5.04714681661692
3402,Katie Snyder,haleyrobinson@example.net,2026-02-16,False,low,2,4.135079558139893
3403,Anthony Miller,matthew92@example.org,2024-12-25,False,low,0,3.060359820994167
3404,Mr. Matthew Peterson,oliversteven@example.org,2025-06-11,False,medium,8,6.624141246398521
3405,Krystal Crawford,bcaldwell@example.net,2024-12-21,False,low,0,6.4310136100461595
3406,Carlos Wilson,andreale@example.org,2025-03-11,True,medium,3,4.89241840531491
3407,Tracy Cole,guerrabarbara@example.org,2026-03-23,True,low,0,2.4645417144627757
3408,Kathy Watkins,coopertami@example.net,2026-07-14,True,high,8,13.891270093316173
3409,Rita Jones,lauriebrewer@example.org,2025-04-12,True,medium,4,3.002788866888986
3410,Alec Cobb,maria74@example.net,2026-06-08,False,medium,6,5.337357181748768
3411,Tracey Melendez MD,lserrano@example.com,2025-01-11,False,medium,5,8.15200690002568
3412,Kyle Holmes,heatherthompson@example.net,2025-11-12,True,low,1,7.621746467188985
3413,Rebecca Harrison,pyoung@example.com,2026-02-17,True,low,1,4.986964637943771
3414,Christopher Walton,james43@example.net,2026-06-25,False,high,6,8.062668946681638
3415,Lisa Ford,ymartin@example.com,2025-09-01,False,low,0,2.457347716885275
3416,Jared Dawson,jeffrey80@example.org,2025-12-10,True,high,14,9.476045536586705
3417,Pamela Perez,davidsondavid@example.com,2025-11-16,False,low,1,0.6070836911070585
3418,Anthony Johnson,bradleyalbert@example.org,2025-07-21,False,high,11,8.402392891896277
3419,Darren Perry,natasha66@example.net,2026-04-10,False,high,8,10.98000937524432
3420,Brenda Diaz,sandrawalker@example.net,2025-03-05,False,high,6,9.24519596802797
3421,Angela Bernard,gaineserika@example.org,2025-08-25,True,low,0,5.121616130321981
3422,Michael Goodwin,lorifoster@example.org,2025-03-26,True,low,1,0.5
3423,Erin Duncan,kochcynthia@example.net,2025-03-31,False,low,2,2.3257873465061767
3424,Rebecca Robinson,cheryl47@example.com,2025-01-15,False,low,0,4.5669532080379645
3425,Marcia Flowers,christina67@example.com,2026-04-23,False,low,3,3.586114680949778
3426,Harry Roy,clarkegabriel@example.org,2026-03-14,False,medium,4,5.823205305528515
3427,Richard Powell,williamsjames@example.net,2025-11-03,False,low,1,4.067299917071063
3428,Michele Fields,dturner@example.com,2024-11-06,True,low,0,4.763843340006019
3429,Emily Thomas,vwright@example.net,2025-05-13,True,low,2,3.0599096296902633
3430,Todd Klein,gregory31@example.com,2025-12-14,True,low,1,4.641012825197276
3431,Misty Brady,xramos@example.com,2026-08-10,False,low,2,6.49171816237669
3432,Craig Blanchard,rmatthews@example.com,2026-06-04,False,medium,0,5.9540457990737075
3433,Megan Grimes,greg78@example.net,2025-02-27,False,medium,4,6.804953548636101
3434,David Yates,mcclainjohn@example.com,2025-03-06,False,medium,4,11.34176880971686
3435,Mark Massey,brentodom@example.com,2025-05-02,True,high,6,9.615435061228563
3436,Brittany Chang,andrew98@example.com,2025-02-04,False,medium,4,6.922154091639814
3437,Brooke Allen,bradley16@example.org,2024-12-18,False,medium,3,6.779200191801913
3438,Erin Fuentes,xerickson@example.com,2025-05-13,False,high,6,11.444755497861113
3439,Amy Matthews,cynthia04@example.org,2025-01-07,False,medium,4,4.827178093288763
3440,Melissa Evans,phillip11@example.net,2025-12-15,False,low,0,4.9831158388051735
3441,Jaime Miller,jesse07@example.net,2024-11-12,False,medium,1,8.77552051134928
3442,David Rowland,rebecca53@example.net,2026-02-03,False,low,4,3.5874997811064953
3443,Dawn Gill,jensennancy@example.org,2025-05-19,False,low,1,1.9724125180605538
3444,Peter Howard DVM,oreynolds@example.org,2026-08-19,True,low,0,2.5529897818759846
3445,Bonnie Ramirez,andrebowers@example.org,2026-03-16,False,high,6,10.622816297787367
3446,Samuel Powers,patricia63@example.com,2024-12-23,True,low,0,3.8421466484508886
3447,April Graham,edwardskeith@example.org,2025-05-05,False,low,0,5.55153077056545
3448,Janice Stokes,dlarson@example.org,2025-04-29,False,high,7,8.833596633630798
3449,Melissa Henderson,mcgeebrittany@example.org,2024-10-20,False,medium,3,8.026085846731629
3450,Pamela Butler,atkinsonjessica@example.net,2025-01-04,False,low,1,5.553843709520383
3451,Kelly Grant,benjaminlloyd@example.com,2026-01-10,False,low,0,0.5
3452,David Mills,erasmussen@example.net,2025-10-14,True,medium,5,4.038842453277946
3453,Joseph Cohen,cgalvan@example.com,2025-12-20,False,low,1,5.144171365108846
3454,Janet Holder,omarthompson@example.org,2024-09-26,False,low,0,7.236571449915222
3455,Michelle Moore,ramseytonya@example.org,2026-01-23,False,low,2,3.6890217490552173
3456,Donna Moore,stephenbell@example.com,2024-09-30,False,low,1,4.883480856336982
3457,Monica Joseph,chungjeffrey@example.com,2025-12-03,False,medium,1,8.019367681492433
3458,Kelly George,dakota45@example.com,2025-12-06,False,medium,2,8.21578301843307
3459,Joel Miller,kcastillo@example.org,2026-08-08,True,low,0,0.6038160844059517
3460,Jose Butler,carlos85@example.com,2026-07-02,False,medium,2,8.549869918844099
3461,Eric Jordan,elizabeth56@example.org,2026-09-16,False,medium,2,7.896277454813415
3462,Paul Gordon,jclark@example.org,2026-02-26,False,low,0,4.841526395383426
3463,Joseph Ali,yrivera@example.org,2025-03-12,False,low,0,5.710588426404627
3464,John Norton,rhodescory@example.com,2026-02-02,False,low,0,6.667498097255033
3465,Mr. Christopher Perry,justin72@example.org,2026-06-02,False,low,0,2.4982691657539
3466,Maurice Taylor,stephanie45@example.com,2024-10-05,False,high,11,8.236701780413927
3467,Glenn Lawrence,hunterjulie@example.org,2026-01-17,False,high,7,13.990402548857595
3468,Krista Clark,dmorales@example.org,2025-10-03,False,medium,4,3.865600127145658
3469,Eric Davis,alexanderyates@example.com,2025-03-18,True,low,1,7.125337010461366
3470,Michael Johnson,carterlawrence@example.net,2025-04-30,False,high,5,11.956447880325246
3471,Victoria Vasquez,daniel99@example.net,2025-07-16,False,low,1,5.786111853422073
3472,Jennifer Hughes DDS,wsteele@example.org,2025-10-04,False,medium,2,6.52276594297879
3473,Brooke Rogers,ostrickland@example.com,2024-10-28,True,medium,1,8.348049421659626
3474,David Anderson,benjamin67@example.com,2026-06-03,True,low,0,0.5
3475,Ashley Ward,april04@example.org,2026-07-24,False,medium,1,9.917959633663678
3476,Carol Atkins,rogersrobert@example.com,2024-10-19,False,medium,5,7.5388469041098025
3477,Ashley White,tonytran@example.com,2025-09-08,True,medium,3,4.18557780099162
3478,Lauren James,robertnguyen@example.com,2025-06-30,False,high,5,10.362866663878336
3479,Juan Burnett,kevin20@example.org,2025-01-13,False,low,0,2.8891780259673197
3480,Melissa Hernandez,elee@example.org,2026-06-14,False,high,6,12.855237781230574
3481,Billy Richardson,sherrymonroe@example.org,2026-07-17,False,low,0,1.9946498486385207
3482,Christian Shelton,morakristin@example.net,2026-03-29,True,low,1,2.691441248073506
3483,Jennifer Reyes,bakersarah@example.org,2026-06-18,False,high,6,10.90165173994582
3484,Natasha Rivas,jessicaboone@example.com,2026-08-18,False,medium,1,7.685061979459187
3485,Brenda Torres,jortiz@example.net,2026-04-09,False,low,0,5.953819866833013
3486,Wayne Robinson,campbelljames@example.org,2025-09-29,True,low,1,4.421311380063024
3487,Scott Bond,collinsstacy@example.com,2026-07-23,False,low,1,1.2802002937516068
3488,Crystal Edwards,wallacebrenda@example.org,2025-05-02,False,medium,1,10.425643439732182
3489,Jonathan Gutierrez,laura67@example.org,2025-04-22,False,high,3,9.781043614981186
3490,Judy Lewis,gonzalezjose@example.com,2026-03-29,False,low,2,4.446908572278033
3491,Ernest Martinez,stephenstanley@example.com,2025-11-30,False,high,6,11.181320266228347
3492,Jordan Adams,jasonkaiser@example.com,2025-03-31,True,low,2,0.5
3493,Lauren Morse,osmith@example.org,2025-12-06,True,medium,4,5.6648342058821
3494,Jennifer Booker,christopher64@example.org,2024-09-21,False,low,2,4.8334156392819425
3495,Danny Simmons,ebell@example.net,2026-01-03,True,low,1,2.9012332321000995
3496,John Gould,christophercopeland@example.org,2024-10-07,True,medium,2,5.520978857411894
3497,Jennifer Cook,kbuchanan@example.com,2025-03-02,False,low,0,4.522809005094421
3498,Timothy Smith,scott86@example.com,2025-11-30,False,low,0,3.170967565064699
3499,Jamie Reid,william81@example.com,2024-09-26,True,low,1,4.192945642268419
3500,Jennifer Rodriguez,morsestephen@example.com,2024-09-20,True,high,6,14.205221543758306
3501,John Sosa,desireeedwards@example.com,2025-11-27,False,medium,0,9.639992897039345
3502,Rose Villa,hrose@example.org,2025-08-07,False,low,1,5.446491960834395
3503,Olivia Collier,ramirezandrew@example.org,2025-04-01,True,low,2,5.970440345618202
3504,Tony Patrick,melinda67@example.com,2025-03-03,False,medium,2,4.2032858510795545
3505,Matthew Turner,vmercer@example.com,2026-08-06,False,low,1,2.891570094626312
3506,William Castillo,cardenasjessica@example.com,2025-03-15,False,low,2,4.668070257912983
3507,Timothy Brown,paulpowell@example.com,2025-02-21,False,medium,2,10.14475726608928
3508,Brian Singh,dholland@example.org,2024-12-02,True,low,0,2.521792500194927
3509,Tyrone Booth,jbenson@example.com,2025-09-23,True,medium,3,5.244606972966879
3510,Brittany Hull,megan65@example.net,2025-03-15,False,high,5,11.341597807867604
3511,Sharon Hopkins,qtran@example.org,2025-03-27,False,high,13,9.366787625720832
3512,Timothy Allen,kyliekline@example.com,2026-07-20,False,low,0,3.7888140814226436
3513,Timothy Jordan,michael17@example.org,2026-05-13,False,medium,4,6.849295517480886
3514,Calvin Gilmore,pricematthew@example.com,2026-02-09,False,medium,2,8.029280479962319
3515,Lisa Michael,karen64@example.com,2025-02-17,False,low,1,2.2721505923491434
3516,Melissa West,mcmillanelaine@example.net,2026-01-03,True,medium,4,7.489317659328816
3517,Aaron Sawyer,johnanderson@example.net,2026-05-24,False,high,10,8.706770036539416
3518,Joshua Foster,michaelmartinez@example.net,2024-10-28,True,low,1,5.981598770968205
3519,Thomas Price,smithelizabeth@example.org,2026-01-18,False,low,2,4.280851734889668
3520,Angela Murphy,perrymeghan@example.com,2025-02-05,False,low,1,4.8708313054618815
3521,David Wise,taylorchristopher@example.org,2024-09-18,False,low,2,5.1930833284089495
3522,Kristi Taylor,alyssaturner@example.com,2026-05-19,False,high,8,14.312229785760714
3523,Pamela Parks,mwoods@example.net,2026-07-31,False,low,3,3.2180011169527227
3524,Dennis Baker,snyderpamela@example.com,2026-08-12,True,medium,2,6.143695493824171
3525,William Chase,tara61@example.net,2024-12-28,False,medium,1,5.763764961683192
3526,Patricia Moreno MD,andrewlewis@example.org,2025-10-07,False,medium,1,6.619569157297733
3527,Dr. Barbara Cruz,mariamoore@example.com,2025-03-28,False,low,1,6.671112356595811
3528,Mark Lawson,uhunter@example.net,2025-12-07,False,low,1,3.2495376974240933
3529,Ryan Hamilton,copelanddylan@example.net,2026-01-18,False,medium,6,4.035853449035148
3530,Morgan Barrett,donald82@example.net,2026-04-29,False,low,1,4.314078340393536
3531,Susan Thompson,stevengreen@example.net,2025-11-06,False,medium,2,9.601300408738485
3532,Carol Lopez,rebeccaperry@example.com,2025-03-25,True,low,1,1.3272165433531713
3533,Diana Ali,uwang@example.net,2025-08-01,True,low,1,4.664778978110919
3534,William Wilson,krista33@example.org,2025-07-26,False,low,0,5.278588175444195
3535,Michael Johnson,vmendoza@example.com,2026-02-13,True,low,2,1.686375808694038
3536,Mary Benson,khale@example.com,2025-10-10,False,low,2,5.476385031761215
3537,Amy Nielsen,wattsalfred@example.net,2025-03-31,False,medium,4,4.545272371943495
3538,David Jackson,uwhite@example.com,2025-07-03,False,low,0,4.574061718052911
3539,Charles Nguyen,charles02@example.net,2025-05-09,False,low,1,5.798083065674249
3540,Leah Bean,uhammond@example.com,2026-08-28,False,medium,3,11.794047836402374
3541,Christina Rivas,ufarrell@example.com,2024-11-06,False,low,0,6.329376189972074
3542,Rose Scott,fadams@example.org,2024-11-04,True,low,3,4.545828230466512
3543,Victoria Richmond,tsmith@example.net,2025-07-26,True,low,1,3.7854019913924213
3544,Jenna Delgado,kgarcia@example.com,2026-08-12,False,medium,8,9.28508945249256
3545,Samuel Harris,hoganamy@example.com,2025-07-05,True,low,0,1.7276515269489767
3546,Patrick Romero,belindamartin@example.com,2026-09-14,False,high,9,10.609318007082814
3547,Kayla Walker,laurenwilliams@example.com,2026-01-30,False,low,2,9.679245829615827
3548,Christina Jackson,bperez@example.com,2026-03-29,True,high,11,11.71206493425428
3549,Gregory White,eanderson@example.net,2025-08-12,False,low,0,3.850328468653404
3550,Edward Gardner,maria16@example.net,2026-02-23,True,medium,2,5.171076017057556
3551,Michael Gill II,knguyen@example.net,2026-03-06,True,low,0,3.4578779837947593
3552,Gary Cohen,smithmichael@example.org,2024-10-11,True,low,0,6.718108312495795
3553,Eric Medina,jennifer26@example.org,2025-02-17,False,medium,2,7.167173485258614
3554,Daniel Smith,ptaylor@example.com,2024-10-15,True,low,2,3.3838926538586267
3555,Kendra Smith,elizabethvega@example.net,2025-04-06,False,low,1,2.4356265119958023
3556,Erin Harris MD,jsaunders@example.net,2024-10-10,False,medium,3,7.312650287910888
3557,Shelby Fletcher,davidlarsen@example.com,2025-12-09,False,high,10,10.186762109870932
3558,Kaitlin Lowe,wrightmichele@example.com,2025-06-18,False,high,1,12.223807332340453
3559,Amy Smith,grahamjoseph@example.com,2024-09-21,True,low,1,4.1701064416469755
3560,Donna Mccormick,andrea15@example.net,2026-01-10,True,medium,5,7.586311111999387
3561,Edwin Carpenter MD,zacharywillis@example.com,2024-11-27,False,medium,3,6.854386334159763
3562,Evan Smith,tgilbert@example.com,2024-11-29,False,low,4,0.7865633315573346
3563,Christie Rivera,jeanettewatson@example.net,2025-03-15,False,medium,3,9.30846960979952
3564,Matthew Petty,nguyenmary@example.org,2026-09-07,False,low,0,3.7535161222977327
3565,Makayla Young,jody47@example.com,2025-01-23,False,low,1,2.68440646080757
3566,Seth Gonzalez,brandon11@example.org,2026-07-18,True,medium,4,9.566771952482686
3567,Ruth Flores,ddavenport@example.com,2026-02-14,True,high,4,13.40009110634122
3568,Cassandra Williams,birdjoshua@example.net,2024-10-01,False,low,1,3.4575105249665006
3569,David Maynard,mannbrittany@example.org,2026-05-22,False,medium,4,6.739170346365777
3570,Robert Atkinson,margaret22@example.net,2026-09-12,False,low,2,3.5063533390468855
3571,Tyler Murphy,donna59@example.org,2024-10-21,True,medium,0,5.574444230344812
3572,Heather Russell,sean99@example.org,2024-12-05,False,low,0,4.013095933273269
3573,Jerry Vargas,andrewtorres@example.com,2025-08-25,False,medium,0,9.452779887843839
3574,Jessica Wright,millerpaul@example.net,2025-11-08,False,low,2,4.4152547960318165
3575,Heather Schmidt,cbuck@example.org,2026-06-21,False,medium,2,6.373676954239773
3576,Tracey White,jamesfletcher@example.net,2026-04-08,False,medium,4,12.566470284494658
3577,Thomas Gonzalez,vreynolds@example.org,2024-12-21,False,high,6,9.339475698559896
3578,Laura Black,adrianmcneil@example.com,2025-04-11,False,low,0,0.5
3579,Natalie Adkins,mray@example.org,2025-08-25,True,high,4,12.45509474758124
3580,Tanya Dominguez,gainesmelissa@example.org,2025-02-19,True,low,0,3.70205667047128
3581,Nicole Macias,nicole28@example.com,2026-03-08,True,low,2,5.318051904042193
3582,Kristina Mendez,ghunt@example.net,2026-04-06,False,low,1,0.8779148488264439
3583,David Johnston,dhorton@example.net,2026-07-14,True,medium,1,7.81070833865827
3584,Maria Ruiz,nmatthews@example.net,2026-09-04,True,medium,2,4.7228385325312345
3585,Terri Valdez,kimberly57@example.net,2026-07-08,False,low,3,4.000657447336263
3586,Sheila Collins,hornbradley@example.com,2025-11-17,False,medium,1,1.2683401315468208
3587,Natasha Taylor,justin34@example.com,2026-05-17,False,low,1,2.847690897289702
3588,Ashley Myers DVM,john98@example.org,2026-07-23,False,medium,5,1.5955154832768406
3589,Tina Walsh,murraycatherine@example.net,2026-08-25,False,low,3,0.8177480559634516
3590,Scott Cole,sandracrawford@example.com,2026-01-17,False,low,0,5.372160877199943
3591,Andrea Woods,wendy34@example.net,2024-10-16,False,medium,6,10.213785400964422
3592,Melissa Brown,gpearson@example.net,2026-05-25,False,medium,2,5.909425858981175
3593,James Beard,lesliejohnson@example.net,2024-09-19,True,medium,1,9.408002260171303
3594,Claudia Silva,jamesbaldwin@example.net,2025-05-11,True,medium,3,6.0860119228870815
3595,Tanner Ortiz,david85@example.net,2026-03-31,True,high,7,16.86064057098502
3596,Courtney Hubbard,sarahvega@example.com,2025-05-06,False,high,6,14.691602640743863
3597,David Benson,lisa49@example.com,2025-01-09,False,medium,4,8.91915178477027
3598,Amy Taylor,johnolson@example.org,2025-04-19,True,low,0,6.059516328618065
3599,Erin Johnson,jenniferedwards@example.com,2026-02-07,True,high,9,11.015005948963376
3600,Mrs. Vicki Johnson,qwilson@example.org,2025-02-07,True,low,2,3.5271707394427305
3601,Deborah Mahoney,anne76@example.org,2026-03-31,False,medium,4,3.3917545605767856
3602,Justin Ho,fryedylan@example.net,2026-03-07,False,medium,1,2.978843743276209
3603,Sarah Nguyen,gmoss@example.org,2025-01-19,False,low,1,5.861377267824075
3604,William Banks,diazkenneth@example.com,2025-10-30,False,high,11,10.599865188792357
3605,Michael Zuniga,mike59@example.com,2024-10-25,False,medium,4,2.0194365832473427
3606,Christy Cook,portertony@example.net,2025-12-04,True,low,1,2.6670401460730377
3607,Tammy Robinson,tonyhodge@example.org,2025-11-13,False,medium,1,7.007547713110412
3608,Deborah Colon,johnsongregory@example.net,2026-05-13,False,low,3,4.488482105721144
3609,James Guerrero,stacycoleman@example.net,2024-09-30,False,medium,3,7.6397759357088235
3610,Catherine Brown,vbrooks@example.net,2024-10-05,False,low,1,5.885527450304621
3611,Raymond Johnson,ujohnson@example.org,2026-08-17,True,low,3,1.659128485004996
3612,Carrie Brown,johnnycarr@example.com,2025-08-03,True,medium,2,5.4654548552800355
3613,Christopher Wilson,jessicaarnold@example.org,2026-02-01,False,medium,3,6.36823799030124
3614,Sabrina Chapman,yangeric@example.com,2026-04-13,False,low,0,3.7149055242771842
3615,Ashley Horn,angelmiller@example.org,2026-07-22,True,medium,2,9.31992441488212
3616,Anthony Hansen,williampearson@example.com,2026-03-19,True,low,0,2.605001619166277
3617,Richard Stewart,travis88@example.com,2026-04-17,False,high,7,12.300622394992686
3618,Taylor Brown,edwardsteele@example.net,2026-05-18,True,low,3,5.716917685278061
3619,Allison Miller,robertray@example.org,2026-07-09,True,low,1,3.8807803092229314
3620,Michael Diaz,derrick47@example.com,2024-09-27,False,medium,4,10.893643924692228
3621,Sabrina Short,qmercado@example.com,2025-01-09,True,high,8,12.569054520951276
3622,Sydney Kidd,michaelrobinson@example.net,2025-08-24,False,medium,1,5.8656096979697985
3623,Johnny Escobar,alexis09@example.com,2025-07-19,True,low,2,3.8231898515236926
3624,Jimmy Dillon,nmiller@example.net,2025-09-18,False,low,3,0.5
3625,Thomas Gardner,raymondbrown@example.net,2024-12-26,False,medium,4,4.035763259131974
3626,Bridget Morales,zimmermankatelyn@example.com,2024-12-14,True,low,1,2.1259106296164747
3627,Glenn Glenn,brewershelly@example.org,2025-05-20,True,high,7,12.99391496304524
3628,Jennifer Robertson,charlesfranco@example.net,2025-07-08,False,medium,5,5.9907908090300515
3629,John Berg,cynthia27@example.net,2025-10-05,False,low,4,4.29510517181487
3630,Sheryl Juarez,dennis53@example.com,2026-01-22,False,high,4,9.755913051115893
3631,Ryan Conner,raychristopher@example.net,2025-10-29,False,high,5,11.3730124337668
3632,Alejandro Gonzales,ruizheather@example.net,2026-01-31,True,low,1,4.4531678580546155
3633,Dr. Jacob Williams,ubanks@example.org,2025-08-28,False,low,2,4.6034953634831
3634,Dustin Walker,jessica96@example.com,2026-02-11,False,medium,4,3.461277197326713
3635,Elaine Miller,murphycarlos@example.org,2026-07-27,False,medium,3,6.73659949228018
3636,April Rhodes,ochoatyler@example.net,2025-06-09,False,low,1,2.817023485858166
3637,Alexandra Williams,elizabeth97@example.org,2026-02-01,True,low,1,3.6629081681928843
3638,Crystal Fleming,antoniosmith@example.net,2025-01-21,True,medium,1,7.783773257884224
3639,Julie Conway,dadams@example.net,2026-02-06,True,medium,4,3.7940128745785806
3640,Teresa Bowman,vmorris@example.com,2026-03-18,False,low,0,4.196079195906835
3641,Peter Reed,ralvarado@example.net,2026-03-30,False,medium,7,10.107189620899655
3642,Matthew Brown,sullivandaniel@example.net,2025-02-19,False,high,8,11.77021606425276
3643,Todd Buchanan,christopher33@example.com,2026-08-04,False,high,7,12.597880790796776
3644,Dr. Sheena Clarke,xfigueroa@example.net,2025-12-06,False,low,1,4.317116371458671
3645,Brian Lowe,awang@example.net,2025-05-10,True,medium,1,7.079981294928214
3646,Brandon Flynn MD,marshabigail@example.net,2026-02-28,False,low,3,0.5
3647,Angela Nelson,robertsonjason@example.com,2025-09-20,False,high,7,10.770961593416887
3648,Nicholas Craig,vscott@example.org,2025-11-04,False,high,5,8.701796094806395
3649,Jessica White,kathy52@example.com,2026-03-10,True,low,1,4.080780253557089
3650,Steven Davis,bartlettapril@example.net,2026-06-09,False,medium,7,5.914606025191249
3651,Danielle Byrd,candace21@example.org,2025-06-05,False,medium,3,10.436403262837352
3652,Autumn Wade,cardenasshawn@example.net,2025-02-10,False,high,12,8.368710464359033
3653,Timothy Patel,dyerdylan@example.com,2025-03-30,False,high,4,13.198344594700634
3654,Walter Simpson,alanyork@example.com,2025-10-22,False,medium,3,5.902506445279762
3655,Kenneth Kane,jmorse@example.org,2026-02-25,False,low,0,6.230260503665631
3656,Austin Blake,thomas49@example.net,2025-10-17,True,low,0,6.818898966204335
3657,James Phillips,selenamullen@example.com,2026-02-27,True,medium,3,8.35414417769066
3658,Melanie Hatfield,christopherjordan@example.com,2025-01-29,False,high,10,10.968625080483076
3659,Anthony Nelson,christyprince@example.com,2025-08-10,False,high,8,9.70817888233496
3660,Jessica Calhoun,ilawrence@example.net,2025-08-21,True,medium,4,4.299563806175827
3661,Edward Rivera,nicole41@example.org,2025-04-08,False,low,2,5.359937329595664
3662,Leroy Carney,robertzamora@example.org,2026-02-05,True,low,2,8.851525996109837
3663,Jessica Dominguez,elizabeth19@example.org,2025-03-20,True,medium,2,2.978685349438246
3664,Kelli Johnson,maryskinner@example.net,2025-04-15,False,medium,4,5.301877407747517
3665,Larry Henderson,richard15@example.com,2025-10-28,False,medium,2,8.387384470515201
3666,Michael Haynes,mindybrown@example.com,2024-10-08,True,medium,1,5.028107054072176
3667,Louis Stone,tammy16@example.org,2024-12-22,False,low,1,5.508700666042059
3668,Mark Evans,brianhood@example.net,2025-01-24,False,low,2,2.8448703071423287
3669,Marie Christensen,ajones@example.net,2026-01-05,True,high,10,10.51369110257012
3670,Jesus Sawyer,elopez@example.org,2024-12-22,True,low,1,3.5908363774591514
3671,Joshua Smith,angelafreeman@example.org,2026-07-12,False,low,1,3.730612265698688
3672,Francis Macias,cindy85@example.net,2025-07-08,True,low,1,4.12233580523499
3673,Jeffrey Erickson,christopher02@example.net,2026-06-04,True,medium,7,6.069436432498357
3674,Casey Taylor,robinmills@example.net,2025-06-23,True,medium,2,9.394424070207755
3675,Susan Stewart,peter98@example.com,2025-01-24,False,low,3,2.4937768396053768
3676,Brooke Schwartz,shane05@example.org,2024-10-20,False,low,0,4.152204832937175
3677,Daniel Craig,udavis@example.org,2025-02-18,False,low,1,5.264442736971
3678,Alan Dillon,smills@example.org,2026-04-16,False,medium,5,8.603815834256267
3679,Nicole Gardner,ronaldweaver@example.net,2026-04-09,True,medium,5,6.424527078532818
3680,Charles Ford,ujarvis@example.org,2025-01-05,False,low,1,6.024224237432827
3681,Susan Cole,mariahkim@example.org,2026-08-18,False,low,1,2.60277349237727
3682,Christopher Herrera,josephschultz@example.net,2026-02-14,False,high,9,7.228169454019037
3683,Mr. Jeffery Lee,micheleyork@example.com,2025-09-18,True,low,2,3.8343232431507968
3684,Amanda Scott,matthewkelly@example.net,2025-08-27,False,medium,3,6.100267398579664
3685,Calvin Ford,georgecooper@example.com,2026-07-24,False,medium,3,9.434259842312224
3686,Michael Kramer,hinestasha@example.com,2025-05-26,True,low,1,0.9555893901482917
3687,Jason Munoz,tinaflynn@example.com,2026-01-05,True,medium,2,5.613126914455981
3688,Brian Woods,wardbrandy@example.net,2026-04-14,False,low,1,8.82990126742475
3689,Sean Stevens,vskinner@example.com,2025-12-06,False,low,1,2.2629732253912245
3690,Vincent Robertson,julie67@example.net,2025-03-03,True,medium,0,10.347439534965293
3691,Christopher Charles,justinguzman@example.com,2025-10-13,False,medium,3,3.5394090402084966
3692,Jessica Smith,pvance@example.net,2025-12-11,False,medium,2,3.49778278825536
3693,Lauren Watkins,susan64@example.org,2025-09-09,True,medium,4,6.500654064383475
3694,Justin Morris,millersherry@example.org,2025-03-01,False,low,0,3.676621783949878
3695,Laura Johnson,allensierra@example.com,2024-11-23,False,high,7,15.301461376992101
3696,Briana Walker,roger90@example.com,2026-07-01,False,low,2,4.857274205522519
3697,Yvette Johnson,pottsmichael@example.org,2025-02-16,True,high,4,10.442803612972863
3698,Robert Nguyen,osmith@example.net,2025-08-12,False,low,1,6.635109741131748
3699,Randall Jones,sara59@example.com,2026-01-13,False,low,1,4.235850153606637
3700,Michael Perkins,michael75@example.net,2025-05-26,True,low,1,6.825835147583705
3701,Vanessa Johnson,mario36@example.org,2025-11-03,True,low,1,1.5181570303656953
3702,Jessica Evans,nancy41@example.net,2025-02-28,False,medium,2,8.122943955743514
3703,Christopher Edwards,douglas07@example.net,2026-04-06,False,medium,5,6.161373938031047
3704,Kathryn Hampton,fosterlawrence@example.org,2025-12-08,False,low,2,3.002629952127241
3705,Anna Collier,travis45@example.org,2024-10-31,False,low,1,3.4981044113172963
3706,Richard Ortega,wmccoy@example.net,2026-06-24,False,low,2,6.79583782918353
3707,Alexander Cross,kevinbrown@example.net,2025-06-09,False,low,0,0.5
3708,Carrie Pineda,joannmitchell@example.com,2024-09-25,False,low,2,4.041763459042931
3709,Lauren Lutz,phall@example.org,2025-11-12,False,low,0,3.380630167447433
3710,Robert Davis,wardmaria@example.org,2025-06-03,False,low,1,2.9675877372870723
3711,Lauren Brown,campbelllisa@example.net,2026-07-17,True,medium,3,5.8029076962167
3712,Robert Rios,markrussell@example.org,2025-10-27,False,low,2,3.460119544757938
3713,Tina Harrington,laurenfigueroa@example.net,2026-09-02,False,high,4,14.05094084338649
3714,Jonathan Richardson,harriscarolyn@example.net,2025-12-17,False,low,3,7.107267457264129
3715,Stephanie Patterson,fmiller@example.org,2025-04-18,True,medium,2,6.516157745735421
3716,Randy Hernandez,christineandrade@example.net,2025-02-13,True,low,1,0.5
3717,Danny Davis,ann29@example.net,2026-08-14,False,medium,2,7.750808195952234
3718,Joshua Rice,laneerica@example.com,2026-05-02,False,low,1,3.090896297172639
3719,Bruce Armstrong,palmerchad@example.org,2025-02-05,False,medium,5,6.191994678813494
3720,Justin Velasquez,clintonhaley@example.org,2026-03-27,False,medium,5,3.707643912565671
3721,Lori Burns,terri17@example.org,2024-09-26,True,medium,5,6.007385045575351
3722,Melissa Winters,montgomerypamela@example.com,2025-04-18,False,low,0,2.1233127201349675
3723,Sean Rodriguez,kimberlyjohnson@example.org,2025-04-05,False,high,5,10.727728302266053
3724,Leslie Jordan,hjones@example.com,2026-04-03,False,medium,1,10.960308703062784
3725,Ronald Crawford,karen25@example.net,2026-06-08,False,medium,2,5.044928613005038
3726,Darrell Petersen,davidjohnson@example.org,2026-01-15,False,low,0,1.5850886371263906
3727,Kathy Jones,stewartpamela@example.com,2026-09-01,False,low,3,2.306790315223485
3728,Tiffany Malone,nheath@example.org,2025-07-25,False,medium,3,5.762740098506562
3729,Alison Reed,richard96@example.com,2026-02-01,False,medium,3,3.4260648688980555
3730,Mike Hatfield,jefferymurray@example.org,2025-09-13,True,low,0,2.204821990486276
3731,Emily Fuentes,carpentermichelle@example.org,2025-04-06,False,low,1,0.560314392304599
3732,Jason Wright,kennethrichard@example.com,2025-05-22,True,medium,1,5.4698204232140775
3733,Katherine Mitchell,cindycurtis@example.org,2025-08-26,False,high,3,10.958772948152198
3734,Abigail Lane,douglasrosales@example.com,2026-07-17,False,medium,2,9.884593296339947
3735,Brenda Brooks,julia55@example.org,2025-02-19,True,medium,4,9.340631451203032
3736,Stephanie Blevins,maynardsamantha@example.net,2026-06-10,True,medium,6,3.79983705797071
3737,Cynthia Simpson,amyburns@example.com,2026-06-21,True,medium,3,7.7909388800911685
3738,Cheryl Benton,johnsonheather@example.com,2025-03-23,False,low,1,6.424981888163959
3739,Eric Fisher,zachary74@example.org,2025-07-02,False,low,1,4.311837172102224
3740,Brandon Johnson II,kcook@example.net,2025-08-07,False,low,1,3.768057494477073
3741,Bryan Howard,adam11@example.net,2026-04-08,False,medium,3,6.254082979573749
3742,Bobby Gonzales,mannjennifer@example.net,2025-06-22,True,medium,4,4.710183484722046
3743,Jason James,parkersamantha@example.org,2026-06-21,False,low,0,5.12072390133347
3744,Jose Jackson,pattonmatthew@example.net,2025-12-22,False,medium,5,5.909944854155137
3745,Gregory Scott,pmason@example.com,2025-09-23,False,medium,4,10.103405985995542
3746,Samuel Maxwell,vincentdavis@example.com,2026-04-30,False,low,1,2.4328413892767644
3747,Shawn Rhodes,juan59@example.com,2026-01-24,False,low,0,5.293740929793556
3748,Alyssa Hall,yorkchristopher@example.com,2026-01-01,False,low,0,8.276110423268008
3749,Jonathan Hernandez,tanyabennett@example.net,2025-08-28,False,low,2,2.6747132123439448
3750,Calvin Garcia,zmanning@example.org,2025-06-30,False,medium,5,6.683126711745533
3751,Kimberly Barrett,dunlapmark@example.net,2025-12-23,False,medium,1,6.810458655989737
3752,Richard Lee,normancassandra@example.org,2025-07-12,False,medium,3,3.686067088522544
3753,Heather Stephens,lopezlinda@example.com,2026-06-05,False,high,1,9.76204486318581
3754,Theresa Allen,anna37@example.com,2024-10-12,False,low,2,3.0901986637897334
3755,Carrie Tucker,jennifer95@example.net,2024-12-17,False,low,2,2.6359563702718973
3756,Linda Kelly,chloe66@example.net,2025-05-16,False,medium,3,9.410739111568981
3757,Bradley Harmon,skirby@example.com,2026-05-28,False,low,0,2.4987701519836474
3758,Grant Mason,rodrigueztammy@example.net,2026-06-29,False,low,0,3.2524757000644633
3759,Michelle Jones,tharris@example.com,2025-11-15,False,medium,0,6.533007297546468
3760,Melissa Flores,jimcraig@example.com,2026-02-20,True,high,4,12.648326633698968
3761,Samantha Henderson,rhiggins@example.net,2026-06-02,True,medium,4,6.255835584526246
3762,Jeremy Marshall,martinezjennifer@example.com,2025-12-27,False,medium,7,6.1747743149263385
3763,Jared Jones,blakenelson@example.net,2025-04-26,False,low,0,1.7230748176913915
3764,Michael Castaneda,colleenvance@example.org,2025-05-05,False,medium,2,3.2206044268041993
3765,Chase Davies,daniellewebb@example.net,2025-10-13,False,medium,3,6.320504275638382
3766,Ian Sullivan,jberry@example.org,2026-01-13,False,low,5,1.6311238643938255
3767,Charles Mcclure,dhill@example.net,2025-08-29,False,low,1,1.4373339396284392
3768,Gloria Castro,houstonmichelle@example.com,2026-08-20,False,low,2,1.7568164945304354
3769,Kelly Wheeler,randolphsharon@example.com,2026-03-03,False,medium,2,5.5843176284895115
3770,William Wilson,sarah44@example.com,2026-02-20,False,high,11,13.800611614748558
3771,Brian Aguilar,bruceray@example.com,2026-04-25,False,high,7,11.862770236801046
3772,Randall Marks,ulewis@example.net,2025-09-30,False,medium,1,6.721656407961799
3773,Marisa Rogers,johncooke@example.net,2025-09-05,False,low,1,3.7234770120989347
3774,Michael Mata,dellis@example.com,2025-11-01,True,medium,3,5.682594588391212
3775,Mackenzie Peterson,matthewdavis@example.org,2026-03-20,False,high,4,10.366584135348171
3776,Kristen Johnson,karisullivan@example.net,2026-08-29,False,low,2,0.6802642994844197
3777,Jason Sullivan,hernandezrussell@example.net,2026-05-27,False,low,1,3.463837782229004
3778,Cindy Duncan,stephen64@example.com,2026-03-26,False,low,0,2.7150052902814528
3779,Brandi Rodriguez,calderonjacob@example.net,2025-08-29,False,low,1,8.662972185113674
3780,Nicole Cameron,griffinlisa@example.com,2025-10-03,False,low,0,7.451037113508942
3781,Mark Walton,tellison@example.com,2026-03-21,False,low,0,2.352713740288712
3782,Courtney Johnson,duncanpamela@example.net,2025-03-08,False,low,1,2.570188305900837
3783,Linda Chambers,tvasquez@example.net,2025-08-05,False,low,5,5.762722973212245
3784,Michael Gilbert,brian74@example.net,2026-06-11,False,medium,1,7.532892151237284
3785,Jennifer Alexander,xruiz@example.net,2025-04-07,False,high,5,9.892707030898416
3786,Katrina Shaw,rcuevas@example.com,2025-09-01,False,low,1,4.6264479820131275
3787,Scott Drake,kyleduran@example.org,2024-11-01,False,low,2,4.224874652224359
3788,Christopher Carr,brianmartinez@example.net,2025-06-29,False,high,6,15.067450376432584
3789,Dawn Jackson,stephanie33@example.org,2025-12-09,True,low,2,3.7003891083163234
3790,Amanda Kaiser,kimberly06@example.org,2025-05-20,True,medium,1,8.454505212784136
3791,Grant Holland,steven75@example.org,2024-12-18,True,low,0,1.3865540615760854
3792,Christina Wolf,brownlauren@example.org,2025-07-06,False,medium,1,9.731713250662681
3793,Jennifer Galvan,derekhamilton@example.org,2026-09-13,True,low,2,6.3773803501250965
3794,Joseph Kelly,xmoore@example.net,2025-03-05,True,low,1,3.151209536380978
3795,Richard Bond,tylerthompson@example.com,2026-03-20,False,medium,1,8.558379442821812
3796,Andrew Patrick,usummers@example.net,2026-02-22,True,high,3,9.427738727634786
3797,Joshua Silva,dianaking@example.org,2025-02-14,False,medium,2,6.099211118369101
3798,Derek Lee,feliciachen@example.net,2026-06-28,True,medium,5,6.04190005292568
3799,Kim Richardson,andersondebbie@example.net,2025-12-19,True,low,1,0.5
3800,John Gonzales,karen17@example.com,2025-11-09,True,low,0,2.3417998957677866
3801,Alan Rowland,tphillips@example.com,2025-04-30,False,medium,4,9.520858798446517
3802,Melissa Davis,iwade@example.org,2025-08-22,True,medium,3,10.353270681273926
3803,Jessica Johnson,jennifersoto@example.com,2025-02-09,False,medium,4,7.6841804925419686
3804,Tracy Patterson,christina42@example.net,2026-09-13,False,medium,2,9.045609669176482
3805,Robert Johnson,maustin@example.com,2026-07-17,False,medium,4,8.995077185932647
3806,Kelly Robinson,christopherwatson@example.org,2025-01-16,False,low,0,5.356159878770196
3807,Jacqueline Perkins,zmaynard@example.com,2026-04-10,False,medium,3,5.923000226011318
3808,Monica Anderson,fosterryan@example.net,2026-01-05,False,medium,1,9.725481653997925
3809,Michael Johnson,twalker@example.com,2025-07-20,False,high,8,10.079871221068887
3810,Edward Carroll,jwright@example.net,2025-06-06,True,medium,2,8.469997997532902
3811,Stephanie Smith,jacob27@example.com,2025-01-19,False,medium,0,5.997232581213684
3812,Harold Malone,rebeccaalexander@example.org,2025-11-10,False,medium,4,6.7877278832551715
3813,Mrs. Lindsey Gilbert,adrian89@example.com,2025-05-10,False,medium,5,7.586542750886861
3814,Jennifer Graham,james70@example.net,2025-09-11,False,low,0,0.537386380654493
3815,Chase Phelps,batesjill@example.com,2026-08-06,False,low,0,0.5
3816,James Vega,michaelmyers@example.com,2025-02-14,False,medium,3,5.817251553216124
3817,Charlene Valentine,justinwagner@example.com,2025-11-04,False,low,0,3.389009371466715
3818,Ana Contreras,roblesbetty@example.org,2025-12-02,True,medium,5,8.43876207674612
3819,Joseph Foster,adkinsjared@example.net,2025-01-08,False,medium,2,9.209739909397419
3820,Thomas West,elizabethpalmer@example.net,2025-06-10,True,low,0,3.6222397265730883
3821,Anna Frey,buchananchristina@example.org,2025-11-30,True,low,1,2.4164936856588612
3822,Thomas Carter DVM,danielle81@example.org,2025-04-14,False,medium,4,7.679141853605436
3823,Robin Baldwin,kgraham@example.com,2025-03-23,False,medium,2,8.42349727995042
3824,Daniel Horne II,dtate@example.net,2026-04-04,False,low,1,3.145316775632429
3825,Michelle Anderson,hopkinspaul@example.com,2026-07-21,False,low,1,4.062582967221552
3826,Corey Daniels,jody71@example.net,2025-10-09,False,medium,3,5.656265476014251
3827,Kathryn Davila,john45@example.org,2025-12-05,False,high,6,13.755759283636948
3828,Francis Lewis,fosterjulie@example.org,2025-01-05,False,low,1,8.015912191724642
3829,Scott Newman,zramirez@example.net,2026-08-15,True,low,0,2.4000667065031793
3830,Timothy Evans,michaelrice@example.net,2025-05-17,False,medium,4,3.2448332694041815
3831,Chelsea Garcia MD,carsonwilliam@example.org,2024-09-21,False,low,0,2.8555576834514103
3832,Christine Parrish,yhowell@example.com,2024-09-18,True,low,1,0.5
3833,Robert Lewis,rgreen@example.com,2025-07-29,False,medium,1,7.50569650246185
3834,Barbara Harmon,simmonsjacob@example.org,2026-05-04,True,low,0,7.196575120968076
3835,Paul Acosta,whale@example.net,2026-04-17,True,low,1,7.154654594100946
3836,Michelle Miles,williamsmaria@example.org,2025-05-05,True,medium,4,5.98910095728897
3837,Cindy Watson,qespinoza@example.com,2024-09-18,False,low,1,4.576832942757591
3838,Kelli Stewart,mirandaanthony@example.net,2025-05-23,False,medium,2,8.684889401662101
3839,Cheryl Stone,freynicole@example.org,2025-01-30,True,high,6,9.28019013364504
3840,Hector Owens,pruittangelica@example.com,2026-03-18,False,medium,3,5.316356393619552
3841,Ann Phillips,lopezrichard@example.net,2025-06-18,False,low,0,4.542546060218586
3842,Gabriella Johnston,martharay@example.net,2025-08-04,False,medium,3,8.896300023604221
3843,Rebecca Vasquez,asmith@example.net,2025-05-03,False,low,3,1.3175803762659055
3844,Linda Harris,karengould@example.net,2026-07-13,True,high,6,10.419256311968134
3845,Sarah Hays,henryrhonda@example.org,2025-11-30,False,low,0,2.3309702888557164
3846,Victor Robinson,charleslee@example.net,2025-06-03,False,low,0,2.5460140147631662
3847,Amanda Savage,blake03@example.com,2026-06-18,False,low,1,4.527278001682258
3848,Timothy Crawford,paul74@example.net,2024-09-23,False,low,2,4.841047122567242
3849,Barry Hull,rebeccamccormick@example.net,2024-12-22,False,high,6,11.453467603702405
3850,David Brown,xvargas@example.org,2025-07-28,True,low,2,7.769939424830633
3851,Brandon Rodriguez MD,deckerbryan@example.org,2026-07-07,True,low,2,2.773226991572951
3852,Bonnie Barnett,nancymendez@example.net,2026-07-27,False,medium,1,10.143241580976412
3853,Christopher Howard,icarpenter@example.org,2025-07-28,False,low,1,0.8198445197511837
3854,Brian Mitchell,carol88@example.net,2025-12-04,True,medium,5,8.377823643593997
3855,Ashley Smith,kschultz@example.com,2026-06-08,False,medium,0,7.444087096292144
3856,Dwayne Johnson,christopherthomas@example.org,2026-05-26,False,high,4,9.021715839838759
3857,Abigail Martinez,kimberly80@example.com,2025-03-23,False,medium,1,9.266370828145016
3858,Jennifer Williams,holtvictor@example.org,2025-03-24,False,medium,6,5.3449826549513535
3859,Kristen Young,qelliott@example.com,2025-11-05,False,medium,0,7.342946380895257
3860,Robert Smith,maria80@example.com,2026-05-16,False,low,1,3.151999019463586
3861,Joyce Peterson,owheeler@example.net,2025-12-13,True,medium,6,10.823788328994889
3862,Sandra Duncan,freemandonald@example.com,2024-11-14,False,low,1,4.01869435273146
3863,Luke Smith,shawn76@example.org,2025-05-07,True,high,7,10.175888690478846
3864,Philip Ferguson,ysullivan@example.net,2024-11-19,False,medium,3,8.47721613218683
3865,Haley Williams,shurley@example.com,2024-12-28,False,medium,0,6.911683810417464
3866,Mrs. Julie Carter,uwu@example.net,2026-07-12,False,low,0,0.9506918870174448
3867,Richard Parks,chelseagriffin@example.com,2024-11-18,False,high,8,11.075496518397607
3868,Jasmine Mack,xgraham@example.org,2025-05-01,True,medium,2,5.875700541801394
3869,Debra Pugh,cwebb@example.org,2025-07-04,False,medium,3,4.415141674799774
3870,Ryan Reese,bradley15@example.com,2026-08-14,False,high,1,10.172798571349466
3871,Mitchell Hernandez,joshuawoodward@example.com,2025-01-06,True,low,4,3.524798235192748
3872,Jeanette Johnson,julie89@example.com,2025-11-30,False,medium,2,14.613434732239188
3873,Jodi Rodriguez,morganedward@example.net,2025-06-08,False,medium,4,7.659261656390579
3874,Crystal Gonzalez,lopezdavid@example.com,2025-06-16,False,low,2,5.440628850348862
3875,Gary Yu,keithhernandez@example.org,2024-12-19,True,high,8,11.090667035323731
3876,Becky Munoz,sandralane@example.com,2026-06-29,False,low,1,3.7664198175340404
3877,Brian Olsen,campbellanthony@example.net,2026-07-27,True,medium,6,6.007772040433247
3878,Mr. Michael Mcbride,erinreid@example.com,2025-11-24,True,medium,1,7.168043521866187
3879,Melissa Torres,colinwilson@example.net,2025-01-03,True,low,0,0.7917221155847383
3880,Johnathan Bentley,shawdenise@example.org,2026-04-28,False,low,0,3.252790724180863
3881,Brittany Collins,dcooper@example.net,2026-04-05,False,low,0,2.861829339039313
3882,Jessica Robinson,michael77@example.com,2026-04-08,False,medium,3,3.227677314459241
3883,Sharon Butler,wayne82@example.org,2026-03-19,True,medium,5,8.56581398980644
3884,Samantha Hernandez MD,davidmorris@example.com,2024-12-12,False,medium,6,5.8032488364588986
3885,Tracy Frazier,angelarivera@example.org,2025-03-21,False,medium,5,10.347381394642678
3886,Julian Rose,qmoore@example.com,2025-07-04,False,low,2,3.549774878629768
3887,Thomas Erickson,amberbooker@example.com,2025-05-10,False,low,1,5.536244238429535
3888,Kathryn Miller,briankennedy@example.org,2024-11-09,False,low,2,1.6989300586013867
3889,Cindy Pruitt,cassandra15@example.net,2024-12-26,False,medium,3,6.141312299010572
3890,Matthew Johnson,jennifer14@example.com,2025-02-25,False,medium,4,4.853785171802646
3891,Barbara Trujillo,ramirezjustin@example.org,2025-11-23,False,medium,4,4.9694914533074375
3892,Janet Torres,ncollins@example.org,2024-11-07,False,low,0,4.340894100825932
3893,Sarah Davis,suttonmichael@example.org,2026-05-09,False,low,1,1.7709987933349685
3894,Rachel Cantu,cindywilkinson@example.com,2024-10-08,False,low,0,4.488260081667862
3895,Angel Harris,jeremy49@example.net,2025-09-15,True,high,9,8.305313561681125
3896,Kimberly Kelly,usims@example.net,2025-10-05,True,medium,1,7.741411134231168
3897,Timothy Hunt,gouldwendy@example.org,2024-12-11,True,medium,3,10.065066181218553
3898,Brittany Lawson,stephenlevine@example.org,2025-09-29,False,medium,3,4.281867006222436
3899,Dylan Dillon DVM,jasonmartin@example.org,2025-03-04,True,low,1,3.1291820587638277
3900,Deborah Williams,csmith@example.org,2026-02-01,True,low,1,3.5859520786279373
3901,Dr. Sherry Humphrey,laurenpeters@example.com,2025-08-20,False,low,2,6.334856148081578
3902,Kathleen Smith,walkerpaul@example.com,2025-07-09,True,medium,0,8.445917512516884
3903,Walter Gray,fernandoriddle@example.org,2024-12-14,False,medium,2,6.19091672610257
3904,Rachel Newman,davidcalderon@example.org,2026-06-07,False,low,1,6.354105873814449
3905,Sharon Medina,qpeters@example.com,2024-12-24,False,medium,3,8.206988402128196
3906,Richard George,melissaescobar@example.net,2026-04-10,False,low,1,1.3113919875514437
3907,Yvette Jordan,eileenjohnson@example.com,2025-07-08,False,medium,3,6.271802560230122
3908,Amanda Nelson,vanessa12@example.org,2025-03-21,True,low,1,4.203491583444638
3909,Christine Peterson,beth81@example.org,2026-08-25,False,low,0,3.1565762963129944
3910,Vicki Yates,corey42@example.org,2024-10-09,False,low,0,0.9043190774426773
3911,David Grant,wellsjasmine@example.com,2025-10-31,False,low,3,5.56756408151684
3912,Courtney Bennett,millerrobert@example.com,2025-11-15,False,medium,4,11.009397218688765
3913,Nancy Wilkins,ashley42@example.org,2025-12-17,True,low,1,1.6443272898473928
3914,Dr. Thomas Clark PhD,reneelong@example.net,2025-09-15,False,low,1,3.1505112202579846
3915,Joel Stone MD,ashley58@example.com,2024-11-09,True,medium,2,6.777717349609697
3916,Elizabeth Washington,richardsjeffrey@example.net,2024-10-05,True,high,5,13.709493491303679
3917,Kimberly Evans,ibuchanan@example.org,2025-02-11,True,low,0,1.1748336349118782
3918,Meghan Burns,bwilson@example.org,2024-11-25,False,low,1,4.606032584949926
3919,Leonard Cook,parkerisaac@example.org,2025-07-16,True,low,2,0.5974798609342811
3920,Luke Chang,victoria90@example.org,2024-09-19,False,low,1,2.1277060990739702
3921,Tiffany Davis,qwaters@example.com,2026-02-14,False,low,0,7.296825215388973
3922,Ryan Pollard,cooperrebecca@example.org,2025-10-10,False,medium,4,8.510923427741925
3923,Jane Austin,omurray@example.com,2025-08-14,True,low,1,4.835600674879244
3924,Lauren Foster,owenkathleen@example.com,2025-01-28,False,low,2,5.970595337395467
3925,Michael Brown,cbradley@example.org,2026-07-04,False,high,7,10.472589388846892
3926,Lisa Harrison,michael79@example.org,2025-01-10,True,medium,5,8.115875563048748
3927,Julie Wilson,kyle91@example.com,2026-01-25,False,low,1,7.192178584388483
3928,Robert Cross,lsmith@example.com,2025-09-24,False,low,0,2.9109437661306083
3929,Juan Herrera,cwebster@example.net,2025-05-26,False,high,6,10.944888126968866
3930,Christina Reed,edowns@example.net,2025-04-20,True,low,0,2.045430335914062
3931,Michael Lee,fhill@example.org,2025-01-18,True,high,6,11.497869223722233
3932,John Franco,wdyer@example.com,2025-11-26,True,medium,1,7.336901539864988
3933,Rebecca Moss,yrios@example.com,2025-12-14,True,medium,2,5.1528813586370035
3934,Mackenzie Compton,baileymeagan@example.net,2025-03-11,False,medium,3,2.2807767966683796
3935,Susan Boyer,lovedavid@example.org,2026-04-07,False,low,2,8.146513413365781
3936,Jon Burke,hansenjoshua@example.net,2025-10-06,False,low,1,3.7812618671790834
3937,Shawn May,marvin03@example.com,2026-04-29,False,low,2,2.6169391818233643
3938,Julian Mcmahon,xwarren@example.org,2025-10-11,False,low,0,4.022480467722057
3939,Joseph Buckley,jacoblawson@example.org,2025-07-12,False,low,4,0.5
3940,William Warren,lisa07@example.org,2025-08-19,False,low,1,5.670544815817294
3941,Robert Hill,aaron63@example.org,2026-05-03,True,low,2,8.381571028421401
3942,Sara Edwards,phamnatasha@example.com,2025-06-08,False,medium,11,7.194081254488978
3943,Joseph Welch,sharris@example.com,2025-08-25,False,low,0,9.343771746986612
3944,Deborah Lucero,vshields@example.org,2025-03-18,False,medium,5,5.224618014301905
3945,Tiffany Berger,lynnhudson@example.com,2025-03-30,False,high,7,11.837483828909475
3946,Charles Brown,lisa10@example.org,2024-10-03,False,medium,2,7.246648795257175
3947,Jessica Webb,flemingcaitlyn@example.org,2025-07-01,False,low,1,6.034843339617802
3948,Deborah Ibarra,eknight@example.org,2025-10-01,True,high,10,11.22982545274296
3949,Sharon Johnson MD,jason57@example.net,2025-06-16,True,medium,5,5.6963625697673335
3950,Kara Lawrence,andrew52@example.com,2024-10-11,True,medium,5,7.231753485106568
3951,Alyssa Powell,wcook@example.com,2024-11-01,False,low,0,0.5
3952,Ryan Lyons,pughcarol@example.org,2026-06-25,True,medium,3,9.62501868790887
3953,Brandon Robinson,andersontravis@example.com,2025-06-11,False,medium,0,8.444915475059133
3954,Kelly Evans,gravestammy@example.org,2025-09-17,False,low,1,4.387677074309679
3955,Jill Cook,burnscarl@example.org,2025-12-21,False,low,1,4.920394330030236
3956,Sarah Cox,cardenasjoseph@example.com,2024-10-14,False,low,1,5.978825313965539
3957,Daniel Medina,scott48@example.org,2026-04-29,False,low,0,2.941774665450988
3958,Joseph Mack,vlewis@example.net,2025-04-14,False,medium,1,6.56457391756502
3959,Shawna Rich,timothypalmer@example.net,2024-09-25,True,low,0,5.229106744483432
3960,Jesse Booth,latoyahartman@example.com,2025-03-16,False,low,0,3.702907435719125
3961,Jessica Manning,julie84@example.com,2026-09-14,False,low,0,3.5470235599416426
3962,Krista Hopkins,wendy93@example.org,2025-02-11,True,medium,2,4.8467832925139405
3963,Mario Murray,ryan52@example.com,2025-12-14,False,low,0,4.193154363901679
3964,Becky Ward,marthabanks@example.org,2025-12-05,False,low,0,2.9869732078070212
3965,Lisa James,andrewburke@example.org,2026-07-15,False,medium,2,5.590727608080734
3966,Vincent Gomez,goodanthony@example.net,2025-12-31,True,low,2,6.092823934359373
3967,Harry Trujillo,brockfelicia@example.org,2026-07-25,True,low,0,5.501350309003898
3968,Charles Villegas,jason85@example.org,2024-10-04,False,low,1,3.6643662313104706
3969,Blake Meza,hollychang@example.net,2026-06-04,True,medium,2,9.555238026463444
3970,Beth Kerr,allison10@example.net,2025-03-10,False,high,6,11.424652281335797
3971,Susan Reed,jeanne38@example.com,2025-08-08,False,medium,8,7.469140039873067
3972,Lindsay Dyer,josephmoran@example.net,2026-01-28,False,low,1,5.202165476215528
3973,Ronald Brooks,nicholstodd@example.net,2025-02-02,False,high,6,12.693908616671193
3974,Brenda Frederick,brendaparrish@example.org,2025-09-21,True,high,6,11.13847223925775
3975,Jack Lucas,yschroeder@example.net,2026-01-14,False,low,2,2.8073213045016967
3976,Taylor Vargas,brianpalmer@example.net,2025-07-24,True,medium,3,5.4795295663936034
3977,Sandra Murphy,jose87@example.com,2024-12-02,False,medium,0,7.340405649227078
3978,Alexis Erickson,william49@example.net,2024-12-11,True,low,0,2.973245024970702
3979,Erika Johnson,destinyroberts@example.net,2025-04-18,False,low,2,6.901419848268846
3980,Gary Wallace,xlarson@example.com,2026-04-13,False,low,0,5.531561078960549
3981,Rebecca Villa,michelle88@example.org,2026-06-07,True,low,0,3.633994240752192
3982,Michelle Beck,vgonzales@example.com,2025-08-10,False,medium,5,5.613447752153686
3983,Lori Peck,nathan25@example.com,2026-06-22,False,medium,2,6.689187181388313
3984,Daniel West,jill37@example.net,2025-08-27,True,low,1,4.713746626635783
3985,Johnny Page,patricia94@example.net,2026-05-19,False,low,1,3.989086756373711
3986,Nancy Murray,sandra16@example.com,2024-12-23,False,high,4,8.363130737670755
3987,Glenda Fisher,vwilson@example.com,2025-11-20,False,medium,1,7.224664136774409
3988,Allen Jackson,qjordan@example.net,2026-03-08,False,low,0,7.022282320025346
3989,Eric Casey,travisfrazier@example.com,2025-06-08,False,medium,2,9.387964546357688
3990,Teresa Montoya,steelejames@example.org,2025-09-15,True,medium,2,9.861248793996788
3991,Sabrina Brown,susan58@example.org,2026-04-18,True,medium,6,3.9512818596056456
3992,Marcus Rogers,sandra21@example.com,2026-09-13,True,high,2,14.39121972025848
3993,Mary Harris,wlyons@example.com,2025-07-18,False,low,1,4.0432859226843485
3994,Robert Salazar,turnerlinda@example.net,2024-11-24,False,medium,2,9.962633030117484
3995,Olivia Williams,christopherdavis@example.com,2026-01-28,False,low,1,4.6383928892842405
3996,Pamela Davis,oaguilar@example.com,2025-10-29,False,medium,4,5.459372924218208
3997,Paula Jensen,monicabarnett@example.com,2024-10-14,False,medium,3,6.788708238396643
3998,Tracey Holmes,debbie01@example.org,2025-06-14,False,medium,5,6.415483948919751
3999,Kristen Harper,rodriguezmaureen@example.org,2024-10-19,True,high,8,10.363192851891814
4000,Anthony Carr,ginagross@example.net,2025-02-23,False,low,1,5.454558751874319
4001,Dana Matthews,reneewade@example.org,2025-10-20,False,medium,2,3.6790573403932516
4002,Kelly Acevedo,hansenchristina@example.net,2025-04-23,True,high,9,10.225154799760805
4003,Joanna Garcia,bmejia@example.com,2025-03-18,True,low,2,3.6305481760410334
4004,Shirley Brock,stephenskerry@example.net,2024-11-24,False,low,2,5.077677407074192
4005,Patrick Sullivan,timothy26@example.com,2025-04-06,True,medium,3,9.042091413585505
4006,Joel Hansen,kathleengreene@example.com,2025-07-12,False,low,0,5.975026100968924
4007,Richard Murphy,vegaandrea@example.com,2026-05-13,True,medium,4,8.109300116978698
4008,Leon Jackson,qfox@example.org,2025-04-29,False,medium,3,4.365561450069716
4009,Janet Bishop,john55@example.com,2025-07-09,False,high,4,10.238618621795178
4010,Christina Ramirez,courtneysparks@example.net,2026-03-26,False,high,11,11.051409764055814
4011,Teresa Trujillo,kathy96@example.com,2025-07-20,False,medium,3,8.56079118917037
4012,Kelly Benjamin MD,maryray@example.org,2025-03-14,True,high,9,8.94906031120348
4013,Lorraine Ibarra,josephcastro@example.org,2025-01-31,False,low,0,5.829876449753808
4014,John Hall,brian61@example.org,2025-09-29,True,medium,3,4.391336502176063
4015,Eric Ware MD,tyler30@example.com,2026-04-16,True,medium,1,8.005502461329034
4016,James Mcbride,emma76@example.net,2026-05-10,True,medium,4,2.4180371232511497
4017,Veronica Petersen,jshaw@example.net,2024-09-19,True,medium,1,5.905650791712464
4018,Gail Atkinson,sabrinawalsh@example.com,2026-01-07,False,low,1,3.7246862430546455
4019,David Guzman,tammysexton@example.org,2025-08-25,False,low,0,3.6690726471520376
4020,Brian Hayden,james44@example.org,2024-10-18,False,low,1,2.874341701278285
4021,Brandon Cohen,dramos@example.net,2024-11-29,False,medium,1,6.0570173990425635
4022,Anthony Nguyen,armstrongallison@example.net,2026-08-09,True,low,0,4.300381674310385
4023,Gerald Brooks,youngleslie@example.net,2025-05-09,False,medium,3,6.388699809821839
4024,Lori Zhang,marissamckinney@example.net,2026-06-14,False,low,0,1.6251876902926363
4025,Jay Mckinney,jacobburns@example.net,2026-02-05,False,low,1,2.0025481425126417
4026,Douglas Clark,smithbilly@example.net,2026-04-26,False,low,2,2.3630846533719168
4027,Angela Colon,johnsonedward@example.net,2024-11-16,True,low,2,2.7167900978867703
4028,Jimmy Roberson,betty65@example.net,2025-11-29,False,high,6,14.942565079028535
4029,Casey Smith,michaeloliver@example.org,2026-08-18,False,medium,2,7.149382568464566
4030,Cindy Berger,bradleydunlap@example.org,2025-12-20,False,medium,2,4.959701238086527
4031,Steven Ball,walkerronnie@example.org,2025-11-27,True,low,0,1.748745775886336
4032,Steve Taylor,dpierce@example.com,2025-05-23,False,low,0,2.918398616588865
4033,Samantha Rodriguez,jallen@example.org,2025-04-13,False,medium,3,7.294559711534958
4034,Cameron Campbell,whiteronald@example.com,2025-07-06,False,high,5,12.722836719752515
4035,Daniel Morales,vfaulkner@example.net,2024-10-04,True,low,2,8.478371130113393
4036,Danielle Nguyen,edward72@example.org,2026-01-24,False,low,0,3.7320523506974275
4037,Steven Burgess,shawnedwards@example.org,2024-09-23,False,medium,2,7.339575543799389
4038,Stephanie Bruce,cpierce@example.com,2025-11-15,False,medium,3,5.797562844270118
4039,Tyler Barton,christophermills@example.com,2025-08-15,False,medium,2,10.033489595067634
4040,Christina White,michaelflynn@example.net,2026-04-28,False,low,2,5.315825263185522
4041,Tamara Smith,joseph49@example.net,2025-05-09,True,high,9,9.881671303709412
4042,Seth Rivera,kempbonnie@example.org,2025-01-02,False,low,0,1.2039954095253593
4043,Joseph Johnson,gregory46@example.net,2025-10-09,True,low,1,4.48353377976862
4044,Timothy Rivera,berrydouglas@example.org,2025-04-28,False,low,0,4.5466392890238545
4045,Marissa Brown,amy05@example.org,2024-10-24,False,low,2,4.355321992937979
4046,Duane Hampton,jeffreybutler@example.org,2024-09-22,False,medium,2,6.654793504766355
4047,Dr. Michael Lee,smithlori@example.com,2024-12-14,True,low,0,5.786008736399424
4048,Deborah Hayes,pjohnson@example.org,2024-11-27,False,high,3,10.822335718310175
4049,Ronald Francis,lbrown@example.com,2026-02-14,False,medium,2,7.932243238499726
4050,Carolyn Roach,michelleknapp@example.net,2026-05-10,False,medium,8,5.448810475021044
4051,Anna May,oscar17@example.com,2025-12-04,False,low,2,3.049314914922239
4052,Henry Davis,tammyschroeder@example.org,2024-10-10,True,high,9,5.680751824114407
4053,Veronica Jennings,patricia91@example.com,2025-12-05,False,medium,3,5.980607062208229
4054,Danielle Santos,ychapman@example.com,2026-01-01,False,low,1,3.464167637294524
4055,Lance Velasquez,bradley54@example.com,2026-05-16,True,low,0,1.1995095424976467
4056,Felicia Harris,stuart76@example.com,2024-09-22,False,medium,2,5.080785375576319
4057,Christopher Smith,ronald27@example.org,2025-11-16,True,high,7,13.271831858531975
4058,Jennifer Wolf,efrench@example.org,2025-11-02,False,medium,3,7.86802443257749
4059,Sharon Stevenson,fritzolivia@example.org,2025-08-02,False,medium,3,8.28711485404631
4060,Matthew Lawrence,olsencarlos@example.com,2024-10-23,False,low,0,3.6366342779836005
4061,Wendy Porter,hestrada@example.org,2025-05-27,False,medium,3,5.380166286421637
4062,Mary Vaughn,fmarshall@example.com,2026-04-14,False,low,1,5.697747660570095
4063,Michael Marshall,ghunter@example.org,2025-11-03,False,low,1,3.0436266055326007
4064,Matthew Moss,btorres@example.com,2025-08-12,False,low,1,3.993648286465737
4065,Tonya Cox,mooneylisa@example.org,2024-10-14,True,medium,3,4.871244471524072
4066,Stephanie Wilson,michealallen@example.net,2026-05-20,True,low,1,7.804859760942396
4067,Mary Robles,michaelwilliams@example.com,2024-12-04,False,medium,6,3.814467012045004
4068,Derek Cochran,mfowler@example.com,2025-10-18,False,high,9,9.16521602947344
4069,Monica Burns,cbaker@example.com,2025-09-17,True,medium,4,5.286774712899978
4070,Jacqueline Mercer,diamond43@example.net,2025-03-08,False,medium,4,8.770473227299957
4071,Kenneth Harrison,thompsonduane@example.org,2026-05-26,False,low,4,7.264490517797731
4072,Amy James,ronald91@example.org,2025-06-23,False,high,12,10.408056992227603
4073,Kenneth Carroll DVM,jasonallen@example.org,2025-02-20,False,low,1,3.1254842335605604
4074,Phillip Mendoza,benjamindavidson@example.net,2024-12-23,True,high,5,15.867791560107083
4075,Misty Woods,joecameron@example.org,2025-07-24,True,low,1,0.7269826507896338
4076,Chad Lowe,gking@example.org,2024-12-10,False,medium,3,6.673199098504207
4077,Jennifer Bond,kellyrichardson@example.com,2025-03-05,False,medium,2,7.097662249616819
4078,Rebecca Taylor,christophernewman@example.net,2025-07-30,False,medium,5,5.133157466579467
4079,Aimee Sanchez,gina75@example.net,2026-01-04,False,low,0,1.2223132635410643
4080,Vincent Schwartz,xhardy@example.net,2024-11-14,True,medium,4,8.750429950326772
4081,Benjamin Martinez,jason53@example.com,2025-03-18,True,low,1,4.306842391007837
4082,Angela Vaughn,lbell@example.org,2026-07-07,True,low,1,1.6007580967186397
4083,Anthony Nelson,quinnjacob@example.net,2026-02-13,False,low,1,4.501144978149743
4084,Mason Braun,nicolescott@example.org,2025-11-13,False,low,0,2.3494589096075966
4085,James Serrano,zbray@example.net,2025-10-15,False,low,0,4.69306629363849
4086,James Blake,kimriley@example.com,2025-03-31,False,medium,4,7.280410252342491
4087,Richard Jones,dustin79@example.com,2025-03-27,False,medium,3,6.491281491655375
4088,Donald Richards,mccallaaron@example.net,2026-04-25,False,medium,4,7.414916027196822
4089,Sherry Mendez,lewiseric@example.net,2025-11-20,True,medium,1,6.8908134677745725
4090,Wesley Morris,laura11@example.org,2025-05-13,True,low,1,3.2431949881651048
4091,Dr. Elijah Wood Jr.,harrellmary@example.com,2026-05-26,False,high,5,8.786165893969489
4092,Candice Lopez,regina46@example.org,2024-09-20,False,low,0,3.913766909772496
4093,Caleb Hall,laura92@example.org,2026-01-16,False,low,1,5.553990973195507
4094,April Copeland,potterjohn@example.com,2025-03-04,False,low,2,2.9594406794862484
4095,Thomas Hull,marissa47@example.net,2024-10-24,True,low,2,5.863554531050255
4096,Jennifer Flynn,sarafox@example.org,2024-10-25,True,low,0,4.925685158139541
4097,Patricia Rodriguez,matthewjones@example.net,2026-03-29,False,low,1,3.177586378858368
4098,Christopher Gaines,kellyrodriguez@example.com,2025-07-06,False,medium,2,4.355764117112519
4099,Andrew Lawson,fking@example.net,2026-03-07,False,low,0,0.5
4100,Debra Lee,ryanward@example.org,2024-12-29,False,medium,4,7.353918499479667
4101,Todd Mcbride,murphyryan@example.com,2025-10-26,True,medium,2,5.596545306808225
4102,Lonnie Estrada,kdunn@example.org,2026-02-14,False,low,0,3.353486093902785
4103,Robert Watkins,christopherrichards@example.org,2026-01-01,True,medium,2,5.717101363004268
4104,Douglas Hudson,william41@example.com,2024-09-22,False,low,0,4.286797686067061
4105,Robert Ali,lvalenzuela@example.org,2025-11-16,False,medium,2,7.403879806670964
4106,Christopher Morris,bullockmaria@example.net,2024-10-10,False,low,1,1.1050754859456808
4107,Steve Hernandez,jacqueline69@example.net,2025-09-28,True,high,8,12.207786024723221
4108,Jennifer Weber,vazquezdylan@example.org,2026-08-05,True,low,2,8.41865670892813
4109,Danielle Cruz,stacy16@example.com,2026-08-18,True,low,1,1.5056200157741424
4110,Laura Ferrell,james21@example.net,2026-01-09,True,low,1,3.6635155929389605
4111,Annette Brown,nicole31@example.com,2025-07-09,False,medium,4,8.563686626487144
4112,Patricia Eaton,keithdaniels@example.net,2026-08-30,False,low,0,1.7783827524889118
4113,Brittany Barber,ralph67@example.org,2025-12-22,False,medium,2,5.764446767772478
4114,Mrs. Whitney Edwards DVM,erik86@example.com,2026-04-25,True,low,2,1.6160870267098506
4115,Kara Johnson,christinedennis@example.net,2026-09-13,False,medium,4,5.403475583521745
4116,Mary Potter,bbowman@example.net,2025-07-03,True,low,0,2.3206455076476264
4117,Anthony Ryan,itucker@example.org,2024-10-17,False,medium,4,10.16352740592296
4118,Cassandra Carter,smithmarissa@example.net,2024-10-14,False,low,1,7.402024821073448
4119,Sarah Smith,jlevy@example.com,2026-04-24,True,medium,4,5.252434225783352
4120,Brenda Hill,ereed@example.com,2026-03-16,False,medium,2,6.245878365635911
4121,Kim Lambert,toddanthony@example.net,2026-08-16,False,medium,3,4.375671740289208
4122,Cynthia Pierce,jeffreysandoval@example.net,2025-01-19,False,high,4,14.760925700296362
4123,Laura Velez,tarasims@example.com,2025-10-24,False,high,5,14.325742197128115
4124,Alex Wilkerson,hilldebra@example.org,2025-06-02,True,high,3,13.461824181764273
4125,Patricia Hall,beth11@example.net,2025-07-26,False,low,0,2.2023982585534734
4126,Chelsea Miller,lucasedwards@example.com,2026-02-26,False,low,0,2.5402880361232567
4127,Robert Lucero,simpsonnicholas@example.net,2025-10-31,False,high,10,9.521458258753047
4128,Stephanie Knight,wgonzalez@example.com,2025-06-21,False,low,0,2.420461093569367
4129,Tyler Martinez,youngsarah@example.com,2026-07-16,True,low,2,3.7205262356524575
4130,Levi Morrow,jodi42@example.org,2026-07-08,True,medium,2,5.186349339796156
4131,Gabrielle Gonzalez,jeannewton@example.net,2024-11-06,True,high,8,10.073234583904544
4132,Kevin Clark,daniel10@example.net,2025-07-15,False,medium,3,5.446775838717183
4133,Brian Hall,wperez@example.com,2026-03-08,False,medium,3,6.04220754064352
4134,Scott Gross,calvin37@example.org,2024-12-29,False,high,13,7.851273285352857
4135,Jason Park,coneill@example.net,2025-02-10,False,medium,2,9.12891241628127
4136,Meghan Robinson,taylorchristopher@example.org,2026-06-28,True,low,1,3.757917015864923
4137,Rose Valdez,michaelvalencia@example.net,2025-08-07,False,low,0,3.2559981189698015
4138,Nicole Wiley,jonesevan@example.net,2025-05-07,False,high,7,8.159692395812854
4139,Dana Gates,chadtorres@example.org,2025-03-11,False,medium,1,8.989244838549991
4140,Stephanie Davies DDS,terribrown@example.com,2026-03-07,True,low,1,2.4723026745320817
4141,Wesley Oneal,johnsonlisa@example.net,2024-11-26,False,low,0,2.4572455473207815
4142,Dana Butler,jennifer00@example.org,2024-11-06,False,low,0,4.641971938542832
4143,Bill King,westdennis@example.com,2026-08-29,True,medium,2,6.174412311295416
4144,Mark Ruiz,omay@example.org,2025-01-30,True,low,0,3.4042517534276726
4145,Keith Berry,clarkdavid@example.org,2025-04-10,False,medium,3,5.159511938196744
4146,Mary Scott,kristopheranderson@example.org,2025-07-15,True,low,1,2.40682742482816
4147,Andrew Smith,asmith@example.net,2025-04-19,False,medium,1,4.206666528625949
4148,David Richardson,iduncan@example.org,2026-02-26,False,low,0,4.393829604814089
4149,Yvette Cohen,erikacarlson@example.com,2025-07-24,False,medium,2,12.694747705690013
4150,Melissa Anderson,burnslaura@example.org,2026-02-19,False,medium,2,7.806892580024597
4151,Lindsay Blake,despinoza@example.com,2025-07-24,False,high,8,11.472933351862087
4152,Tabitha Hancock,vincentmarshall@example.org,2024-12-21,False,low,1,1.7513851873572928
4153,Joshua Patel,christinaday@example.org,2024-10-18,True,low,1,5.252307427646366
4154,Courtney Hill,matthewsluis@example.net,2025-09-19,False,high,7,15.092228395336864
4155,Rhonda Miller,oclayton@example.com,2024-12-09,True,medium,3,7.788229948829219
4156,Melissa Jimenez,umaxwell@example.net,2024-10-17,False,medium,4,6.457899660928246
4157,Rebecca Bailey,gballard@example.com,2025-12-15,False,medium,3,7.446060515170268
4158,Ashley Rollins,john62@example.org,2025-06-09,False,high,6,10.05631075768899
4159,Eric Lee,brandywest@example.net,2025-11-03,False,medium,0,9.748623241308477
4160,Tony Perez,melanie70@example.org,2026-09-02,False,low,0,4.385568155448596
4161,Tracey Jones,james84@example.org,2024-10-28,True,low,1,4.300432828506997
4162,Heather Banks,katelyn54@example.com,2026-08-03,False,low,1,6.856338532466571
4163,Joanna Crosby,sbryant@example.net,2026-06-19,False,low,2,1.4509795813901456
4164,Rebekah Ho,dawnmerritt@example.org,2026-08-31,True,low,0,7.980295547636552
4165,Pamela Johnson,gibsondonald@example.net,2024-09-24,False,medium,2,8.90055856697656
4166,Randy Montgomery,ewolf@example.org,2026-04-12,False,medium,5,7.6440944086513865
4167,Brian Wallace,amedina@example.com,2024-11-26,False,medium,6,8.78194104901388
4168,Tiffany Duke,fortiz@example.net,2025-07-20,False,low,2,4.568905315256662
4169,Brittany Hamilton,kevin70@example.net,2025-03-26,False,low,0,2.4080045667612913
4170,Julie Wilson,pettywayne@example.com,2026-04-10,False,low,0,4.304083621530549
4171,Christopher Ford,schwartzdonna@example.org,2026-04-15,False,high,5,14.61586567790494
4172,David Parker,xhopkins@example.net,2025-11-05,True,medium,3,4.869964901570718
4173,Karen Mcclain,fischerdanielle@example.org,2025-03-27,True,low,0,5.476173591808756
4174,Kayla Garcia,mramos@example.net,2025-09-18,False,low,3,0.5
4175,Brenda Powell,justinjohnson@example.net,2024-12-15,False,low,0,4.4300716242744596
4176,Melanie Brown,ssaunders@example.org,2024-12-26,False,low,3,1.1520393323580658
4177,Dennis Howard,gochoa@example.net,2026-04-16,False,medium,4,3.5643725358306897
4178,Jacob Miller,pbrown@example.com,2025-03-13,False,medium,3,5.8597802979990075
4179,Denise Daniel,michaeljames@example.net,2025-08-26,False,medium,0,6.251090170597241
4180,Robert Ponce,jason25@example.org,2026-06-19,True,low,2,3.0701738488879537
4181,Christine Jones,jonathan11@example.net,2026-05-22,False,medium,4,4.3095350958003396
4182,Margaret Johnson,burnsjohn@example.com,2026-01-05,True,low,1,7.232851114980081
4183,Richard Ward,gregorylevine@example.com,2025-03-30,False,high,7,11.13481617012164
4184,Jessica Pennington,kaitlindiaz@example.org,2025-11-01,True,low,0,4.187090918772293
4185,Emily Coleman,walldaniel@example.net,2025-05-04,False,low,0,2.8547229611515936
4186,Laura Carr,jessica61@example.net,2025-04-07,False,low,1,3.352994661150054
4187,Emily Gonzales,amanda26@example.net,2024-12-20,False,high,12,13.324307761711053
4188,Jackie Ferguson,melissa94@example.org,2025-01-29,True,low,1,6.7312135325013704
4189,Cory Peters,margaretdixon@example.net,2025-02-15,False,low,0,5.416224280369178
4190,Tasha Cook,williamjohnson@example.org,2026-07-26,False,high,8,12.627682538521114
4191,Angel Crawford DDS,willisnicole@example.net,2026-05-11,True,medium,3,6.72022411464402
4192,Heather Kramer,rhonda52@example.com,2026-02-14,False,medium,3,7.435319588929181
4193,John King,ariana49@example.org,2024-10-12,False,low,1,8.36163009940837
4194,Robert Williams,hughesamanda@example.net,2026-07-25,True,low,2,4.0952143288923155
4195,Joshua Martinez,xdiaz@example.org,2025-09-16,False,low,0,5.032686001088113
4196,Rachel Ochoa,rebecca46@example.org,2025-11-18,False,low,1,5.914714910223555
4197,Alex Mathis,mcdonaldmichele@example.com,2026-05-02,False,medium,2,9.052324429688396
4198,Craig Graham,camposbruce@example.net,2026-06-04,False,medium,2,4.961146532448814
4199,Brenda Chen,taylor79@example.org,2025-07-05,True,low,0,7.019988648863862
4200,Michael Orozco,mannkenneth@example.org,2026-02-01,False,low,4,4.525972248209431
4201,Claudia Watson,karagood@example.net,2025-04-23,False,low,1,2.938870857726691
4202,Linda Michael,stacie27@example.net,2025-11-11,False,medium,4,10.665673384058167
4203,Tim Simmons,qvargas@example.net,2025-07-17,True,high,10,6.589310326638679
4204,Timothy Torres,jennifer57@example.net,2025-09-23,False,low,4,6.1744189235427935
4205,Jerry Lee,snydermorgan@example.net,2026-03-04,True,low,0,3.297942991637421
4206,Briana Daniel,davidthomas@example.net,2025-04-10,True,low,0,6.108900454304985
4207,Daniel Hanna,ihuffman@example.com,2025-06-28,False,low,1,6.80129337371481
4208,Thomas Nelson,mirandajoshua@example.org,2025-04-09,False,medium,3,7.439505910255098
4209,Gabrielle Richardson,martinnicholas@example.net,2024-11-15,False,low,1,4.9192520744317365
4210,Alan Smith,jasmineballard@example.net,2026-02-25,False,low,1,7.433080631754943
4211,John Santos,briana28@example.net,2026-08-11,True,low,2,7.311032449333338
4212,Timothy Fisher,lnorton@example.org,2025-12-18,True,low,3,7.996223071670721
4213,Derek Lozano,loricooley@example.com,2025-02-06,False,medium,1,5.440020685975679
4214,Michelle Meyer,cathycarrillo@example.net,2025-02-01,False,low,3,3.1622428554123423
4215,Haley Williams,nicolasburns@example.org,2024-11-06,False,medium,3,8.304002911705497
4216,Mark King,khuber@example.net,2026-04-16,True,medium,1,9.59063352320987
4217,Tammy Cooper,wjones@example.com,2025-03-18,False,medium,2,8.25816523848248
4218,Heather Smith,cameronchavez@example.org,2026-01-17,False,high,4,12.103147077639651
4219,Heather Alvarez,maureenmcdonald@example.org,2024-12-04,False,low,1,3.478427625255213
4220,John Lee,shelly48@example.com,2024-10-25,True,high,6,11.439973936563018
4221,Caitlin Vaughn,catherine08@example.org,2025-07-16,True,low,2,8.173595608870496
4222,April Brown,geraldcastro@example.net,2025-09-02,False,low,1,2.4289836264167715
4223,Terri Martinez,michael39@example.net,2026-02-11,False,low,0,5.629974909592529
4224,Patricia Anderson,charlesmurphy@example.net,2026-07-12,True,medium,5,5.246130836250948
4225,Kelli Marshall,danny57@example.net,2024-10-09,False,low,1,1.2139353965823476
4226,Adam Boyle,bauermichelle@example.net,2025-04-12,False,low,2,4.428067675622064
4227,George Jackson,david30@example.org,2025-08-08,True,high,4,9.886370484685868
4228,Jenny Banks,rnguyen@example.net,2025-05-23,False,medium,3,5.26174151500414
4229,Laurie Andrews MD,bradley97@example.org,2026-07-08,False,low,1,1.273069967629076
4230,Marco Byrd,seanshaw@example.com,2024-12-03,False,low,0,3.4451029812980494
4231,Donna Norris,parkertammy@example.org,2026-01-07,False,high,4,7.852913553219537
4232,Matthew Gentry,rebecca21@example.com,2026-06-20,False,low,2,6.479075490468483
4233,Corey Phillips,michelestrong@example.org,2025-07-26,False,medium,1,8.080012209804268
4234,Theresa Goodwin,ccole@example.com,2025-10-29,False,low,3,3.409779977853091
4235,Megan Neal,amanda74@example.net,2024-11-12,True,high,11,10.128494441545008
4236,Amy Brewer,jellis@example.com,2025-04-17,False,low,1,7.023893661738974
4237,Jermaine Young,umedina@example.org,2025-08-16,True,low,0,2.2695787992925327
4238,Walter Ramirez,natasharodriguez@example.net,2025-03-31,False,low,1,5.745757899837573
4239,Linda Murillo,tina78@example.org,2025-04-03,False,low,1,2.2196108535553147
4240,Andrew Fuller,pauljones@example.net,2026-05-23,True,low,6,2.5741631795142657
4241,Richard White,lyoder@example.org,2026-03-25,False,low,3,7.60992504616271
4242,Patricia Shepard,elizabethfry@example.org,2025-08-27,True,high,7,10.567240323643531
4243,Gordon Crawford,michaelvance@example.org,2026-09-10,True,low,1,5.302374237805448
4244,David Johnson,stephen89@example.com,2026-04-16,False,high,7,10.881600556690861
4245,David Thornton,matthewprice@example.org,2024-09-23,False,low,1,2.013100315934584
4246,Misty Smith,sabrina83@example.com,2026-01-08,False,low,0,3.4562503361810926
4247,Troy Johnson,charles36@example.com,2026-01-09,False,low,1,8.08588972227006
4248,Jose Hamilton,christina97@example.net,2026-04-27,True,medium,4,6.304824754110359
4249,Alyssa Jimenez,simmonsangel@example.com,2026-08-05,False,low,0,6.0792646586022325
4250,Donald Allen,djohnson@example.com,2026-03-08,False,medium,2,4.92697473848282
4251,Sean Freeman,patricia43@example.com,2025-11-01,True,medium,1,6.794172940473496
4252,Nicholas Mckenzie,sallen@example.com,2025-08-03,False,high,5,9.656145350816894
4253,Susan Mcclain,amarsh@example.net,2025-05-13,True,low,1,3.6413400662346604
4254,Sandra Kim,millskelly@example.net,2026-03-01,False,low,1,2.3487718393971884
4255,Donald Burns,nicole14@example.org,2026-03-02,True,medium,4,2.0825161534568988
4256,Kathryn Thompson,jeanneparks@example.org,2024-11-17,True,low,1,4.827718399355571
4257,Daniel Robinson,davidhart@example.org,2024-09-28,False,medium,2,6.4772761664137715
4258,Barbara Callahan,dorothysmith@example.net,2025-04-05,False,medium,1,6.788437070243708
4259,Tammy Bell,emclean@example.org,2025-06-10,False,low,1,2.1311190859594507
4260,Deborah Gross,ysantos@example.com,2024-09-23,False,medium,1,8.449669397339093
4261,Joshua Monroe,mcclainrichard@example.net,2025-05-02,True,low,0,2.7340059354074153
4262,James Knapp,zwalton@example.com,2026-05-07,False,low,1,5.887200105589199
4263,Janice Callahan,ckaufman@example.net,2025-06-02,False,low,0,2.4440616727606734
4264,Michael Hebert,brendacollins@example.com,2026-07-27,False,medium,2,8.699713003475647
4265,Jack Roberts,lmoreno@example.net,2025-09-19,True,high,6,13.345181066194629
4266,Julie Evans MD,adamjones@example.net,2025-10-27,True,high,4,11.909598911347606
4267,Jennifer Lawson,obowers@example.net,2025-10-07,True,low,0,0.5
4268,Desiree Brown,ataylor@example.com,2025-02-12,True,medium,4,6.766813155788545
4269,Christopher Delacruz,john31@example.net,2026-02-08,False,medium,1,8.115726059775229
4270,Dr. Cynthia Hoover DVM,dorseylauren@example.net,2025-03-29,False,low,2,0.5
4271,Hayden Shaw,matthew75@example.com,2024-12-24,False,high,8,9.114258329220617
4272,Christian Long,charles36@example.net,2025-08-18,False,low,2,6.753867463177324
4273,Jesse Mckay,loganpineda@example.net,2026-06-23,True,high,2,11.509068602073896
4274,Jonathan Marquez,douglasmark@example.com,2026-08-17,False,medium,4,5.699533827541429
4275,Jessica Mcdowell,lindseydaniels@example.net,2025-06-04,True,high,5,9.239468721045935
4276,Kimberly Beck,marshallamanda@example.org,2025-05-15,False,medium,2,6.682156682754628
4277,Stephanie Schwartz,hamptonsabrina@example.com,2024-12-21,True,low,0,2.211836300168377
4278,Taylor Parker,kfisher@example.net,2025-02-08,False,high,11,11.69986167996872
4279,Melinda Herrera,ryanheath@example.org,2025-09-07,True,medium,2,7.776364585448303
4280,Cheryl Olson,davisnatalie@example.org,2026-01-09,False,low,3,0.5
4281,Sarah Li,frazierwendy@example.com,2026-06-05,False,low,0,3.8501347607535807
4282,Sharon Copeland,amberguerrero@example.org,2024-11-30,True,low,2,3.9857997555685296
4283,Ricardo Solis,armstrongcynthia@example.com,2026-03-06,False,low,0,6.435727030004445
4284,Ronald Ochoa,robert22@example.org,2024-11-25,True,high,6,8.458880986123315
4285,Jason Chen,carolynduke@example.com,2024-10-14,False,low,0,4.398981997248183
4286,Colin Anderson,marcusnunez@example.org,2026-08-16,False,low,0,5.112909005514285
4287,Anthony Simpson,sheryl98@example.com,2024-11-04,False,low,1,2.555681676956609
4288,Christopher Thomas,allison35@example.org,2025-09-09,False,high,1,13.269076662016149
4289,Peter Reese,joanwright@example.org,2025-09-29,False,low,0,5.705357912664213
4290,Margaret Macias,qjohnson@example.com,2024-09-20,True,medium,4,4.699339133056637
4291,Christina Johnson,mcdonaldcole@example.net,2025-01-23,True,low,0,2.143017478634932
4292,Michele Allen,katherineburns@example.net,2026-01-01,False,medium,1,6.140407124002793
4293,Henry Scott MD,wmartinez@example.com,2026-08-11,True,medium,5,5.094352067765738
4294,Eric Mcintosh,taylor12@example.com,2025-07-11,False,low,1,5.655477977563603
4295,Steven Wright,laurenray@example.org,2025-12-05,False,low,2,4.958375061573921
4296,Michael Collier,reedsarah@example.org,2025-02-16,False,medium,2,8.446320225309906
4297,Scott Fields,kimthomas@example.net,2025-10-17,False,low,0,3.2264744225366977
4298,Stacey Gordon,lisa73@example.org,2026-02-15,False,low,1,4.668138724322775
4299,Andrea Anderson,walkersamantha@example.net,2025-11-30,False,low,3,7.058661307383404
4300,Jeremy Greene,leslie14@example.org,2024-11-18,True,medium,6,7.905883186275638
4301,Jennifer Nunez,arthurhowe@example.com,2026-06-06,False,low,3,1.3378110023098322
4302,Erika Davis,lovemary@example.org,2025-07-02,False,medium,5,4.950649207894372
4303,Jenna Roberts,madisongoodman@example.net,2026-05-01,False,low,0,2.1457140289289134
4304,Brandon Hernandez,welchsteven@example.org,2025-01-16,False,low,0,1.3397992344002416
4305,Jessica Robbins,luismurray@example.org,2026-05-30,True,medium,3,8.073427172597626
4306,Sonya Griffin,elizabeth10@example.net,2026-07-19,False,medium,2,8.287289251990448
4307,Paul Robinson,williamsbradley@example.org,2026-01-17,False,medium,2,5.235037269905639
4308,William Peterson,ebrewer@example.com,2026-06-26,False,low,2,3.365997061876695
4309,Jacob Gutierrez,qmartin@example.com,2026-08-23,False,low,2,4.48160527413151
4310,Daisy Hill,olittle@example.org,2026-02-20,False,low,0,3.9930513839932424
4311,Heather Mccormick,hfoley@example.com,2026-08-04,False,low,0,2.2066747043937607
4312,Felicia Goodman,masonowens@example.com,2025-02-14,True,high,8,7.9066546645002305
4313,Nicole Roth,daniel76@example.net,2026-01-24,True,low,0,3.4854327226523463
4314,Robert Ward,amurphy@example.org,2024-10-18,False,medium,5,9.12846762876782
4315,Tammy Hull,janicewest@example.com,2025-01-08,True,low,1,0.5
4316,Jennifer Nelson,dana10@example.net,2025-01-12,True,medium,4,8.985702163684536
4317,Bethany Davis,matthew79@example.net,2025-06-14,False,low,3,5.037761351410671
4318,Jody Anderson,csanders@example.com,2024-11-08,True,low,0,4.05616923407719
4319,Jeffrey Lewis,christineruiz@example.net,2024-11-13,True,medium,4,8.348735571296775
4320,Brittney Garza,davidharvey@example.org,2025-06-09,False,low,1,3.970717292393364
4321,Emily Werner,catherinemartin@example.net,2025-06-14,True,medium,4,8.7660723434511
4322,William Estrada,ashley28@example.com,2024-10-06,True,medium,4,8.10843147615922
4323,Megan Contreras,james08@example.com,2025-10-16,False,medium,3,7.06690824040297
4324,Zachary Carter,rpowell@example.net,2024-10-05,False,medium,1,4.1536794457028705
4325,Jessica Moore,reginald66@example.net,2025-05-01,False,medium,1,7.657356484696165
4326,Jessica Sutton,frazierannette@example.com,2025-02-18,False,medium,5,7.4073208454523565
4327,Christopher Fleming,rebecca08@example.com,2025-05-21,True,medium,5,8.870699638549464
4328,Richard Simmons,ysparks@example.com,2025-11-05,False,medium,3,6.917558513263765
4329,Christine Gentry,marknavarro@example.org,2025-09-09,False,medium,3,7.896105597209851
4330,Elizabeth Carey,tweeks@example.net,2026-02-20,True,low,1,8.950129278338606
4331,Anthony Fleming,xthompson@example.net,2026-01-28,False,high,2,11.31226706838725
4332,David Rich,gbutler@example.org,2025-06-03,False,low,0,4.031477159464637
4333,Elizabeth Daniel,dmiller@example.com,2026-06-16,False,medium,1,6.837652779366418
4334,Jonathan Dunn,nbender@example.org,2025-04-04,False,medium,5,11.183330870540159
4335,Steven Scott,molinaerin@example.net,2026-01-25,True,medium,1,7.320221781279194
4336,Angela Krueger,robert13@example.net,2025-04-25,False,medium,3,8.512622581378816
4337,Justin Fernandez,mistystephens@example.net,2024-10-08,False,high,9,10.92543756396082
4338,Patrick Adams,zrichards@example.org,2026-01-02,False,medium,3,2.3039977311913127
4339,Christina Sheppard,crystalbishop@example.org,2024-11-23,False,medium,2,9.051282193292574
4340,Brooke Arias,jonesjason@example.net,2026-03-30,False,medium,4,3.9591402957117614
4341,Aaron Hernandez,coxjavier@example.org,2025-03-14,False,high,6,9.281108562329283
4342,Mandy Jennings,carteradam@example.net,2025-01-25,False,high,7,8.679249498776922
4343,Angel Sanchez,cwebb@example.org,2025-01-29,True,medium,2,7.733224488588042
4344,Albert Charles,connormejia@example.com,2025-12-26,True,low,0,5.542788869780631
4345,Kenneth Norris,lyonshannah@example.net,2025-11-17,False,low,0,2.5357221960585234
4346,Dr. Tiffany Bennett MD,lorithompson@example.com,2026-06-01,False,low,0,7.3260627564236955
4347,Dawn Robinson,ewilson@example.com,2025-04-14,False,low,0,2.6021942359513908
4348,Jeffrey Wilson MD,hursthannah@example.com,2024-09-25,False,high,6,9.001656314308011
4349,Mr. Cody Johnson,brian93@example.net,2026-09-12,True,low,0,1.4025607300212508
4350,Alexandra Kane,justinreeves@example.net,2024-12-10,True,low,0,0.7637763643790021
4351,Carol James,johnsonmichelle@example.net,2025-02-21,False,low,0,2.292943383793011
4352,Billy Hall,jacob76@example.org,2025-06-08,True,low,0,7.047891618326567
4353,Amanda Martin,danielkim@example.net,2025-05-29,False,low,1,1.1730354604110405
4354,Joseph Whitehead,garyhughes@example.net,2024-10-07,False,low,0,5.353160840277481
4355,Angela Griffin,rodriguezryan@example.com,2026-04-21,False,low,3,4.410825394437321
4356,Jennifer Taylor,whitecody@example.org,2025-09-23,True,low,0,3.9203588477698004
4357,Nicole Reynolds,kimberlyjackson@example.org,2025-12-11,False,low,0,4.197024442159383
4358,John Roman,jason04@example.net,2024-09-26,False,low,0,5.785328837871099
4359,Angela Boyd,brownmatthew@example.com,2025-05-11,True,medium,5,8.468674936531439
4360,Joseph Shaw,amygutierrez@example.com,2025-08-10,True,low,0,2.9198125874932153
4361,Jonathan King,dbishop@example.net,2024-09-23,True,low,0,5.064572508827867
4362,Crystal Johnson,qlong@example.com,2026-05-18,False,medium,2,4.974545473174215
4363,Jordan Morris,millerraven@example.com,2025-01-18,True,medium,5,7.782163018833434
4364,Vicki Sanchez,amycunningham@example.org,2026-05-29,False,low,2,3.5800944327177606
4365,Cynthia Smith,daviseric@example.org,2025-03-23,True,medium,4,7.552158011096309
4366,Craig Reyes,joneschristine@example.org,2025-06-10,False,medium,2,9.37878275722586
4367,Andrew Edwards,craigdanielle@example.com,2026-06-05,False,low,1,1.7587319295926123
4368,Billy Davis,barnettjoseph@example.com,2026-08-05,False,medium,1,4.307985456773306
4369,Lacey Gaines,ocrane@example.net,2024-11-22,True,high,3,14.962957541728912
4370,Rachel Scott,westdonna@example.org,2025-05-01,True,low,1,6.019393440507006
4371,Michael Case,rayrobin@example.org,2026-09-16,False,low,1,2.1359634730499475
4372,Denise Stout,sporter@example.com,2025-08-23,True,medium,3,6.439885357631069
4373,Benjamin Valencia,josephross@example.org,2024-11-27,True,medium,2,3.624517183751272
4374,Christian Davis,etorres@example.com,2026-06-15,False,low,0,3.517730111224194
4375,Robert Anderson,elizabethpeters@example.com,2026-02-14,True,low,2,1.0229107219360971
4376,David Hayes,scottsandoval@example.com,2026-06-10,False,medium,5,5.7851815046477295
4377,Amy Lowery,amandawarren@example.net,2025-08-30,False,medium,6,7.59012572746471
4378,Michael Porter,nbernard@example.net,2026-06-20,False,low,1,2.5472861706197163
4379,Mark Morgan,osnow@example.org,2025-01-15,False,medium,3,7.895138356178051
4380,Amanda Ochoa,barbaramorales@example.com,2025-02-07,False,low,2,1.7907900916892525
4381,Kelsey Cannon,amanda42@example.net,2025-08-16,True,high,2,11.049650708321732
4382,Crystal Sharp,wflynn@example.org,2026-02-19,False,low,1,2.2984603833176394
4383,Kristen Tran,ysullivan@example.org,2025-08-29,False,medium,5,8.616734860115846
4384,William Perez,melodyjacobson@example.com,2025-12-23,False,low,2,5.164094161154832
4385,Brian Coleman,josephbrown@example.com,2026-02-05,True,medium,1,6.160460575266375
4386,James Norris,nicole52@example.com,2025-02-19,False,medium,1,5.646378528907371
4387,Sean Hawkins,olivialee@example.com,2024-10-11,False,low,1,0.7471384821668461
4388,Jack Lloyd,singhnicole@example.com,2025-02-13,False,low,3,4.831343948193152
4389,Taylor Miller,mcdonaldjoseph@example.net,2025-03-30,True,medium,5,8.728614117703083
4390,Evelyn May MD,welchamanda@example.com,2025-01-27,False,high,6,8.581754057207721
4391,Elizabeth Young,nolancharles@example.net,2024-12-08,False,low,0,3.861437759341736
4392,Jennifer Goodwin,rachelguerrero@example.com,2025-01-26,True,low,0,3.3583082113298066
4393,Kathryn Ramos,scott35@example.org,2026-01-07,False,low,0,1.7140656027090984
4394,Kelsey Simpson,wardmelissa@example.org,2025-08-23,False,low,0,4.355812519012401
4395,Debbie Jarvis,roblesjeffrey@example.com,2025-09-03,False,low,0,3.587201885118916
4396,Sylvia Hurst,morgansteven@example.net,2025-01-21,False,high,5,11.241990868727001
4397,Craig Jones,taylorrichard@example.com,2026-07-10,False,high,13,8.892726771907226
4398,John Bowman,tcase@example.org,2026-03-16,True,low,1,4.131107450300557
4399,Madison Mccall DDS,simmonsjill@example.net,2025-06-29,False,medium,2,6.507583046329026
4400,Jamie Hancock,callen@example.com,2025-12-05,False,medium,6,6.964837102723531
4401,Bridget Garrison,stonetravis@example.net,2025-12-21,False,high,7,8.281421897159671
4402,Adam Jones,samuel59@example.org,2024-12-01,False,low,2,7.301041806175947
4403,Emily Taylor,christopherwilliams@example.com,2026-03-28,False,low,3,5.110656294407811
4404,William Martin,gmccormick@example.org,2025-12-29,False,medium,4,7.6109909721456255
4405,Christopher Spencer,bakerjacqueline@example.net,2025-04-21,False,medium,3,9.847262363637027
4406,Samuel Montgomery,owilliamson@example.com,2025-09-22,True,medium,1,3.1191395489832794
4407,Andrew Brown,mitchelljoshua@example.com,2024-12-26,True,low,2,3.946776196077734
4408,Martin Walker,tjackson@example.net,2026-07-20,False,low,2,2.4517695409628875
4409,William Riley,aprilhouse@example.com,2026-03-12,False,medium,3,4.574569848402298
4410,Linda Bryant,donna63@example.com,2026-02-13,True,low,1,5.801728881097988
4411,Carolyn Hall,leonard79@example.com,2026-01-13,False,high,8,13.177587266261078
4412,Kimberly Decker,bwallace@example.com,2025-05-03,False,medium,3,7.37701856886729
4413,Amanda Willis,jessica81@example.com,2024-09-21,False,low,1,2.064778279640138
4414,Ryan Hudson,matthewstokes@example.net,2024-10-06,False,low,1,2.4549653596704806
4415,Henry Arnold,ymontgomery@example.com,2026-02-23,True,low,2,6.005449100163249
4416,Jennifer Howard,zsolomon@example.org,2026-07-12,True,low,0,3.090983401395459
4417,Bradley Jackson,daviskelly@example.com,2025-01-16,False,medium,3,6.949025925888777
4418,Eric Rios,foxnancy@example.org,2026-06-04,False,medium,5,9.432143838240759
4419,Edward Shaw,marcbrooks@example.com,2025-01-11,False,medium,3,9.068783244599123
4420,David Mejia,benjamin76@example.net,2026-07-27,False,low,2,2.669968773781423
4421,Erica Kemp,qhutchinson@example.net,2026-05-04,False,medium,1,7.061009629000856
4422,Heather Knapp,markjackson@example.com,2026-08-04,False,low,2,2.9243418630933986
4423,Sandra Barnes,millertravis@example.com,2026-04-05,False,high,5,9.108275587935934
4424,Sarah Chapman,christinehart@example.com,2025-05-15,True,low,1,1.2063463821941576
4425,Richard Sanders,erika99@example.net,2024-10-26,True,low,1,0.5487902352410705
4426,Danny Holmes,benjamin00@example.net,2025-03-28,False,high,10,15.370743466569895
4427,Kelly Miller,justinperry@example.net,2025-05-09,False,low,1,2.9759409714814398
4428,Connie Neal,chad39@example.com,2025-06-19,True,medium,0,8.143991274785368
4429,Christopher Mitchell,collinsjennifer@example.net,2025-01-18,False,low,0,5.232088794025634
4430,Jorge Taylor,ngibbs@example.com,2026-06-27,False,medium,6,5.5924065600279125
4431,Joseph Jimenez,jlopez@example.net,2025-01-27,False,medium,1,5.0766167699483
4432,Gregory Morrison,donnaholt@example.org,2025-04-15,True,medium,9,5.578429002797069
4433,Lisa Castillo,pwilliams@example.org,2026-09-08,False,high,2,9.65725296108023
4434,Megan Brown,kelly18@example.net,2025-04-26,False,medium,2,5.572401067722604
4435,Robert Jordan,ericamccoy@example.org,2024-11-20,True,high,7,13.318197163723347
4436,Juan Williams,gabriellejones@example.net,2025-03-12,False,medium,2,7.8298297114324065
4437,Nathaniel Cummings,djimenez@example.com,2025-08-16,False,low,0,3.547832273445852
4438,Gloria Finley,wcollins@example.com,2025-05-17,True,medium,3,7.627706662867076
4439,Christine Lam,austinlinda@example.net,2025-03-19,True,low,2,4.33620292252319
4440,Patrick Rodriguez,taylorclaudia@example.net,2025-05-06,False,medium,3,5.554104965529897
4441,Rodney Medina,jameswright@example.net,2026-08-10,False,low,3,4.014927678250067
4442,Jacob Mcgee,collinsdiana@example.com,2025-05-21,False,medium,1,4.617411788229971
4443,Julie Thomas,andre26@example.org,2025-06-26,False,low,1,2.3734813585229833
4444,Brian Chen,franciskenneth@example.net,2025-09-02,False,low,2,3.2203138911648126
4445,Timothy Conway,jhaley@example.org,2026-03-09,False,medium,3,10.469919153537681
4446,Chad Terry,lwright@example.net,2025-04-12,True,medium,1,7.982442982727186
4447,Gabriel Woods,michaelestrada@example.org,2025-03-04,False,medium,4,3.976390510643199
4448,Tina Hunter,shawntate@example.org,2025-06-18,False,high,4,8.775796212103984
4449,Dennis Downs,vargaspamela@example.net,2025-11-22,False,low,1,1.1281466858465925
4450,Sandra Howard,cruzjessica@example.net,2025-11-17,False,low,0,3.458493016888603
4451,Melody Hill,sdouglas@example.com,2025-07-31,False,medium,1,6.858183785838483
4452,Brianna Summers,johnsoncharles@example.com,2025-01-20,False,medium,3,5.390914770611835
4453,Veronica Koch,xsimpson@example.com,2025-03-23,True,medium,5,6.5236609152480565
4454,Rachel Shaw,mgill@example.net,2025-05-29,True,medium,6,4.227241855568432
4455,Steven Turner,vmcmillan@example.net,2026-01-27,True,high,6,12.686368438490021
4456,John Blake,rebecca28@example.net,2024-10-08,False,low,1,5.41582667810701
4457,Emily Jones,cmccullough@example.net,2025-09-15,False,low,0,5.052489895261667
4458,Samuel Williams,danieldavis@example.net,2025-04-23,False,low,3,3.846049902757971
4459,Laurie Anderson,cruzjoseph@example.com,2025-05-12,False,low,1,2.651946905460134
4460,Gregory Holland,mistywolf@example.com,2025-09-11,False,high,11,14.25973830950215
4461,Gina Davis,erin66@example.net,2026-08-02,False,low,1,3.949887200175313
4462,Ian Mcdonald,michael66@example.org,2026-06-08,False,high,6,9.704759331976135
4463,William Snow,knightrobert@example.net,2025-03-11,True,high,6,11.707113563314271
4464,Mark Peterson,lee61@example.org,2025-02-25,False,low,0,1.4187755244740163
4465,Jennifer Lopez,josewatson@example.org,2025-09-26,False,medium,5,7.569929830325394
4466,Lawrence Jones,christopherthomas@example.net,2025-07-29,False,medium,2,5.220847030089953
4467,Sarah Mcclain,jriley@example.com,2025-10-07,False,low,0,6.0126711382102584
4468,Samantha Burton,fstevenson@example.net,2025-07-25,True,medium,2,10.206738984014754
4469,Gregory Simpson,greenjamie@example.net,2026-06-19,True,low,1,1.9508266137090295
4470,Catherine Bailey DDS,hendersondean@example.org,2026-08-07,False,low,0,1.7038029318530055
4471,Douglas Willis,rodriguezpeter@example.org,2026-03-22,True,medium,4,5.901285136647902
4472,Roger Atkins,stevenfleming@example.org,2026-05-22,False,low,1,2.5650938551162445
4473,Gregory Burnett,fisheredward@example.org,2024-09-26,True,low,2,0.5
4474,Jason Harris,tracy56@example.net,2026-03-06,True,medium,6,4.851344054276526
4475,Lawrence Parker,smithkenneth@example.org,2026-05-23,False,medium,2,5.269355347904393
4476,Claire Garner,nharris@example.org,2025-05-01,True,high,8,12.864556709652748
4477,Michelle Torres,yclark@example.com,2024-12-20,False,medium,2,4.555041549364884
4478,Rachel Combs,wilsonzachary@example.org,2024-09-27,False,medium,4,8.055393006600246
4479,William Smith,rvincent@example.net,2026-02-26,False,low,2,2.628105492190507
4480,Melvin Gutierrez,donnahart@example.org,2026-07-21,False,low,0,4.548965815256842
4481,Shelly Mckinney,riosfrank@example.org,2025-08-25,False,low,2,2.1626112781598783
4482,Amanda Crosby,zcoleman@example.org,2025-07-01,False,low,0,6.191872295215149
4483,Lisa Castillo,santoseric@example.com,2025-11-17,False,medium,3,6.075881058443386
4484,Adam Harris,tcarr@example.org,2026-01-19,False,medium,4,2.779127027237813
4485,Victoria Johnson,tracyrobinson@example.net,2026-02-03,True,high,6,8.415040404818022
4486,Ashley Harris,jodi27@example.net,2025-05-17,False,medium,3,6.934947700179863
4487,Brett Welch,limaria@example.net,2025-03-19,False,medium,2,4.284351986733412
4488,Jonathan Peters,iclarke@example.net,2026-06-07,False,low,0,5.244281947401278
4489,Christian Sweeney,laura91@example.net,2025-06-04,True,high,8,10.762168697046818
4490,Linda Wagner,reginameadows@example.org,2025-05-15,False,high,6,8.362688181564264
4491,John Crawford,autumn36@example.net,2024-11-19,False,low,0,5.940497029336312
4492,Jessica Combs,williamcarney@example.org,2026-02-13,True,medium,2,8.902140703477817
4493,Jasmine Franco,diane90@example.org,2025-11-03,False,medium,4,7.294283638597401
4494,Deborah Osborne,emilygarner@example.com,2026-03-13,True,high,9,11.859182606628181
4495,John Lamb,eboyer@example.net,2026-06-24,True,high,5,10.66969175394325
4496,Kimberly Kim,allen09@example.org,2026-02-09,True,medium,3,10.072635147636094
4497,Michelle Garner,donaldclark@example.net,2026-01-07,True,low,0,5.382494017732412
4498,Pamela Chung,patricksmith@example.org,2025-11-15,False,low,0,1.8490485764732831
4499,Christian Stevens,jreyes@example.com,2026-01-21,False,medium,4,7.800137362680475
4500,Michael Vasquez,carneysamuel@example.org,2026-01-19,False,medium,3,6.507363840793465
4501,Scott Walker,andreadunn@example.org,2025-01-11,False,medium,5,10.984990817379952
4502,Laura Simmons,opatterson@example.com,2025-01-15,False,high,4,10.476088737482756
4503,Matthew Walker,wesley65@example.com,2025-09-06,False,medium,4,9.173143809861045
4504,Brian Fuller,baileydonna@example.com,2025-09-11,False,medium,1,10.200258198880931
4505,Scott Lee,cburns@example.com,2025-03-27,False,low,3,5.502255662839082
4506,Christina Sanchez,mking@example.org,2025-11-23,False,medium,4,8.60893218137255
4507,Gloria Huerta,pfrancis@example.net,2026-01-14,True,high,2,10.405090140270751
4508,Kelly Shaw,browneugene@example.org,2026-09-05,False,low,0,5.110823051698557
4509,Kevin Thompson,randerson@example.com,2026-04-09,False,medium,3,2.006340017558152
4510,Melissa Elliott,torresmelissa@example.com,2025-06-27,True,medium,2,7.020395364014233
4511,Lisa Owens,williamschad@example.net,2026-01-21,False,medium,4,7.020103144468398
4512,Tammy Hayes,jonathan73@example.net,2025-05-01,False,low,0,3.9749021107677103
4513,David Morales MD,spencerjoshua@example.org,2024-12-05,False,low,0,1.655586764288774
4514,Theresa Gray,millsdouglas@example.org,2026-08-20,False,medium,3,6.656981682217517
4515,Calvin Keller,diana25@example.net,2024-11-06,False,medium,1,5.84831957560398
4516,Steven Douglas,katelynburke@example.net,2024-09-28,False,low,2,3.2763720238309495
4517,Matthew Campbell,lawrencewest@example.net,2026-03-11,False,high,10,8.253904910669911
4518,Monica Perez,johndaniels@example.com,2026-01-27,True,high,3,12.319549517283555
4519,Mrs. Jessica Chaney,uguerra@example.net,2025-11-13,False,low,0,1.2242450742252569
4520,Zachary Jones,kimberlydecker@example.org,2026-01-04,True,high,11,10.411784458152102
4521,Sabrina Ruiz,amandamitchell@example.net,2026-02-11,False,medium,4,4.886723570588956
4522,Joseph Dixon,sallen@example.net,2026-01-16,False,high,4,12.490922909491001
4523,Shelia Fuentes,whitekaren@example.org,2025-09-25,True,medium,3,4.807541801493006
4524,Kaitlyn Bailey,anita85@example.org,2025-02-27,False,medium,5,8.472205746595332
4525,Ashley Hess,cbrown@example.com,2025-07-11,False,medium,3,9.86262522580274
4526,Benjamin Taylor,kathrynbaxter@example.org,2026-07-23,False,low,2,8.458929285824668
4527,Vickie Wallace,wnelson@example.net,2025-12-18,False,high,7,12.818918344995128
4528,Cynthia Huff,robertgray@example.com,2025-10-10,True,medium,4,5.672507106802112
4529,Shane Jackson,lbates@example.com,2025-05-12,False,low,2,5.468963311955876
4530,Julie Lopez,acampbell@example.com,2026-08-12,False,high,8,11.257542636706221
4531,Anna Mcgee,jeremy52@example.com,2025-08-08,False,medium,5,10.129915270057351
4532,Robert Gregory,tonyamorris@example.net,2025-07-21,True,low,3,5.862173040653687
4533,Lindsey Coffey,velasquezmichael@example.org,2026-03-28,False,high,9,11.609074797031916
4534,Brian Fitzgerald,ybarry@example.org,2025-10-20,False,low,0,2.490812861933198
4535,Francisco Patterson,csnyder@example.net,2025-06-14,True,low,0,4.052932179231351
4536,Nicole Mathis,walleramy@example.net,2026-03-09,True,medium,5,6.784940384383828
4537,Shannon Walker MD,thompsontodd@example.net,2026-08-15,False,low,1,2.4353332003009083
4538,Thomas Evans,nicholas33@example.net,2025-11-14,False,low,2,3.506162327651875
4539,Marcus Blackwell,joshuamorris@example.org,2025-05-23,False,low,0,6.817710616335745
4540,Spencer Rogers,ocastaneda@example.org,2025-07-09,False,low,2,2.917613034898756
4541,Adrienne Bowman,suzannecowan@example.net,2026-06-18,True,low,2,5.253612800837674
4542,Brandon Rodriguez,tmejia@example.net,2025-09-26,True,high,10,12.195854160048505
4543,Lauren Ford,timothy23@example.net,2025-08-27,True,low,1,3.6814087948762513
4544,Justin Curtis,terrence72@example.com,2025-10-07,False,low,0,2.78673086755478
4545,Shawna Hardin,haroldarmstrong@example.com,2024-11-22,True,low,1,5.425802726170293
4546,Tonya Fitzpatrick,donaldmolina@example.org,2026-06-13,False,low,0,1.8698262316425
4547,Savannah Lopez,ginaking@example.net,2024-11-26,False,high,5,8.934648941964026
4548,Denise Richardson,bridgeschloe@example.com,2025-10-16,False,low,0,1.492467336017954
4549,Tammy Allen,katie03@example.com,2025-07-09,True,medium,4,5.6482391277841835
4550,Tanner Moore,ryanlee@example.net,2025-04-27,False,medium,1,5.9684318649602
4551,Elizabeth Griffin,gward@example.com,2026-05-16,True,high,6,11.020023967637014
4552,Michelle Pena,leekimberly@example.com,2024-10-31,True,low,0,5.262515839814436
4553,Samuel Russell,paul34@example.com,2025-06-27,False,medium,4,5.4253018264389885
4554,Kelly Marks,jasonray@example.com,2025-10-20,False,medium,4,8.486730461011865
4555,Kyle Curtis,randall36@example.org,2024-11-14,False,medium,2,6.515886322578253
4556,Alan Spencer,ewilliams@example.org,2026-03-16,True,low,3,2.3494395007697833
4557,Brittany Hammond,shirleyhaynes@example.com,2025-05-03,False,low,1,6.502554049922853
4558,Roger Campbell,fcampbell@example.net,2024-11-23,False,high,6,10.948040793235961
4559,Cynthia Castaneda,michelefrazier@example.org,2026-08-08,True,low,1,4.48688142848026
4560,Trevor Garcia,yyoung@example.com,2025-01-26,True,low,1,6.21022708654818
4561,Briana Hill,kevin40@example.net,2025-12-26,False,medium,3,6.677374554452924
4562,Thomas Castaneda,khernandez@example.com,2024-11-12,True,high,4,7.960973323517832
4563,Madeline Dixon,ymiller@example.net,2026-09-06,True,low,0,5.94017197235463
4564,Andrew Keller,whitepedro@example.org,2025-04-22,False,medium,5,5.1977252185367675
4565,Mandy Ramos,james91@example.net,2025-06-22,True,medium,4,5.475295256655968
4566,Stephanie Ramirez,butlercourtney@example.net,2025-10-20,False,low,1,4.658222899346461
4567,John Spears,reginajordan@example.org,2026-06-19,True,low,2,5.350424860827009
4568,Denise Prince,michaelnewton@example.org,2025-08-20,False,medium,2,4.9897849983239695
4569,Maria Smith,navila@example.net,2025-06-19,False,high,10,10.377326693105624
4570,Matthew Johnson,danielle06@example.com,2025-08-08,False,high,6,10.991303026745632
4571,Gerald Conrad,kimberlyporter@example.org,2025-03-23,False,low,1,0.5
4572,Emily Scott,jacksonsamantha@example.net,2026-02-08,True,medium,1,7.507042960705228
4573,Peter Thompson,hooverhector@example.net,2026-07-08,False,medium,4,6.948649479291026
4574,Richard White,dillon76@example.net,2024-09-20,True,low,1,1.4441737868870588
4575,Brooke Lawson,matthewwilliams@example.com,2026-03-27,True,low,1,4.462060651485683
4576,Darren Marquez,kara91@example.org,2026-06-28,False,medium,2,4.885966991889283
4577,Anthony Cardenas,michaelharmon@example.org,2025-09-08,False,high,7,14.612637187675126
4578,Robin Kramer,annwagner@example.com,2025-04-22,True,low,0,4.592854711983065
4579,Tara Dudley,timothylong@example.com,2025-02-18,False,high,11,8.806143816676979
4580,Deborah Cameron,jo03@example.org,2026-09-08,False,low,3,5.614121124417038
4581,Margaret Nicholson,angela32@example.net,2026-01-05,True,medium,3,8.20860855940317
4582,Robin Cook,molinajoseph@example.net,2025-09-26,True,medium,3,4.372561310413678
4583,Brian Richards PhD,hawkinsrhonda@example.com,2025-09-09,True,low,0,3.755504576903287
4584,Lucas Webb,jonathan93@example.net,2024-12-05,False,low,1,4.81109875964056
4585,Calvin Ayers,johnsonjennifer@example.com,2025-07-03,False,low,0,6.52292160797761
4586,Kathy Hill,frivera@example.org,2025-09-03,False,low,1,8.878668557438534
4587,Linda Sullivan,ramosjeffery@example.com,2026-03-05,True,medium,5,9.069314739736416
4588,Sarah Norton,dale08@example.org,2025-10-20,False,high,7,11.972998033464059
4589,Jose Clark,michaelmathews@example.net,2026-01-26,False,medium,3,8.614859700591198
4590,Diane Torres,kimwilson@example.org,2024-12-26,False,low,1,0.5
4591,Michelle Webb,sbrooks@example.com,2025-07-21,True,high,5,10.31010136957105
4592,Justin Williams,simmonsrichard@example.net,2024-11-07,True,low,0,0.5
4593,Dennis Holland,wrightjohn@example.com,2026-06-27,False,medium,1,7.783584821947468
4594,Ronald Arroyo,katelynrobinson@example.org,2026-08-18,False,low,2,4.2626188307889175
4595,Heather Greene,joykhan@example.com,2024-10-18,False,high,9,13.072864711490334
4596,Vicki Lopez,shobbs@example.net,2026-06-12,False,medium,6,7.497542320094386
4597,David Pacheco,thouston@example.com,2026-09-03,False,low,1,3.443879591734082
4598,John Powers,cchase@example.com,2026-03-28,False,medium,4,5.802765684548286
4599,Amanda Bird,mferguson@example.com,2025-06-11,False,medium,0,4.048906446908623
4600,Vanessa Rogers,obautista@example.net,2025-06-26,False,low,0,3.347669183834843
4601,Amanda Gonzalez,andrew73@example.com,2025-10-18,True,low,2,5.29779759793087
4602,Lauren Nielsen,carterdaniel@example.net,2025-09-16,True,low,0,4.454691607050691
4603,Jessica Fowler,anthonyfoley@example.org,2026-04-29,False,low,0,4.871147965750856
4604,Kathryn Mcguire,zstanley@example.org,2026-01-26,False,low,0,2.4866794171298885
4605,Thomas Chapman,dflores@example.org,2025-03-06,False,low,0,3.3298634561446203
4606,Phillip Wilson,amanda57@example.net,2026-07-20,False,medium,3,4.372993213460486
4607,Timothy Rodriguez,paullamb@example.net,2025-01-12,False,medium,1,5.384313796020472
4608,Kristen Thomas,martintracy@example.net,2025-12-17,True,low,2,3.3375257114842856
4609,Katrina Buck,jonathanmoses@example.net,2024-11-03,False,medium,4,6.800621808743279
4610,Allison Moreno,ballmichael@example.net,2026-04-10,True,high,5,11.794320881293402
4611,Cheryl Reeves,mccarthyjoshua@example.com,2026-07-07,True,low,1,3.0222315306144294
4612,Joseph Richardson,bmaddox@example.com,2026-05-11,True,low,1,5.436816952853969
4613,Marcus Scott,nelsonkevin@example.org,2024-10-31,False,low,1,3.271117993788948
4614,Amanda Wallace,pwilliams@example.org,2024-10-25,True,low,0,4.723125737112374
4615,Wayne Williams,amoore@example.net,2026-03-13,False,medium,0,2.4825010843469935
4616,Justin Stanley,kara42@example.com,2026-07-25,False,low,1,2.4586750894310416
4617,Deanna Chapman,vjohnston@example.net,2025-01-05,True,medium,2,8.776105708090514
4618,Ashley Farrell,znorris@example.com,2025-07-13,False,low,0,2.885859612755363
4619,Erica Hill,william78@example.net,2026-09-03,False,high,11,9.79454130243925
4620,Monica Blevins,dbrowning@example.net,2025-05-11,False,low,1,6.684814829291849
4621,Natasha Thomas,flynnheather@example.com,2025-08-19,False,medium,3,5.259895760982044
4622,Chloe Morales,alvarezsarah@example.net,2024-10-02,True,medium,3,3.87661098640101
4623,Tim Bell,williamsdavid@example.org,2025-07-13,False,high,6,13.042726469799343
4624,Johnny Bell,afrank@example.com,2024-12-07,True,medium,4,8.822426207590754
4625,Jerome Haney,bgarcia@example.org,2026-03-13,False,low,1,5.834378882270693
4626,Jason Robles,gregory72@example.net,2026-02-26,False,low,2,1.4536305084509755
4627,Melissa Clark,tuckerjennifer@example.com,2025-07-05,True,high,8,10.930715621497557
4628,Carol Stephenson,thomasmichael@example.org,2026-08-14,False,low,0,6.050033667410055
4629,William Hall,floreskyle@example.com,2025-04-05,False,medium,4,6.185456387609151
4630,Mr. Anthony Campbell,gzhang@example.org,2026-09-05,False,low,0,4.518661942693768
4631,Dan Oliver,gsteele@example.com,2026-02-19,False,medium,2,6.0275897551249304
4632,Amanda Li,pkent@example.com,2024-10-09,False,medium,4,9.120371332648645
4633,Wanda Perez,erictownsend@example.org,2026-05-07,True,low,2,3.824566987083191
4634,Janet Graham,justin05@example.org,2026-03-09,False,high,6,13.889671024853424
4635,Christopher Bonilla,holtrobert@example.net,2025-04-08,False,low,0,5.412458461017667
4636,Michael Landry,dmcintyre@example.net,2026-01-17,True,high,8,11.57215167125822
4637,Steve Allen,mckayshawn@example.org,2024-12-11,False,low,0,1.712532921007091
4638,Robert Mathews,vphillips@example.com,2024-12-24,True,low,2,9.782423699677967
4639,Bryan Alexander,elizabeth70@example.com,2026-08-23,False,medium,0,7.34877133106487
4640,Tracy Johnson,zschmidt@example.com,2025-04-17,False,low,0,4.550186505999544
4641,Connor Hebert,urios@example.net,2025-07-05,False,low,0,2.9261540501605365
4642,James Edwards,johnsondeborah@example.com,2026-01-17,False,low,1,4.368733327618214
4643,Brandon Mcbride,xneal@example.org,2026-06-13,False,medium,4,7.535242105125329
4644,Shawn King,jeffery27@example.org,2025-04-01,True,medium,3,6.630438334714413
4645,Renee Cook,caldwellclaudia@example.com,2025-07-24,False,high,6,10.382852886560485
4646,Craig Adams,sandersfelicia@example.org,2025-05-09,True,low,1,3.4487088261479104
4647,Regina Reynolds,john22@example.net,2026-04-19,True,low,1,7.029048489569968
4648,Patricia Williams,bairdaaron@example.com,2025-10-08,False,high,4,11.519134301169922
4649,Kevin Ramos,bradley89@example.net,2025-03-20,False,high,9,7.137877015931975
4650,Richard Turner,pachecopatricia@example.net,2024-12-07,False,medium,2,8.779900192152173
4651,Lindsay Smith,boydandrew@example.net,2025-10-19,False,medium,4,7.30601074635733
4652,Shelia Rivera,paynejoseph@example.org,2025-02-23,False,medium,7,7.336518204709183
4653,Allison Mcknight,nealpatricia@example.com,2025-06-20,False,low,1,2.1852422296670087
4654,Connie Krueger,lpatrick@example.net,2024-10-15,False,medium,8,6.875537886055001
4655,Brian Young,davisjacqueline@example.net,2025-04-27,False,low,2,7.28876057140249
4656,Chad Fields,ritabeard@example.com,2026-08-22,False,medium,1,2.9654220454420415
4657,Patty Thomas,hernandezgina@example.net,2025-05-29,True,low,0,6.372556542463785
4658,Cheryl Waters,bryantlindsey@example.net,2025-09-25,False,medium,2,2.9368453513777633
4659,Sara Richards,carol26@example.org,2026-06-10,False,low,1,3.6931002977462306
4660,David Miller,julie56@example.net,2025-06-03,True,high,2,13.301406549333457
4661,Shelby Blake,ggomez@example.net,2024-11-27,True,medium,1,8.339156861010169
4662,William Hanson,turnersara@example.net,2026-01-24,False,high,8,10.029711469143715
4663,Matthew Sanders,benjamin62@example.net,2026-02-16,False,low,1,3.599648726402977
4664,Erica Bauer,kaylaboone@example.org,2025-08-28,False,medium,5,8.779498085628136
4665,Devin Luna,gcruz@example.org,2025-07-17,True,low,0,6.0844956660967995
4666,Maureen Carroll,tracy58@example.com,2024-12-13,True,low,1,4.5064381811063114
4667,Melissa Wyatt,barbaracollins@example.org,2025-10-01,True,low,2,6.648555526259343
4668,Mark Schaefer,emmawells@example.net,2025-06-02,True,low,2,1.5601382000195683
4669,Katrina Lawrence,hamiltonpatrick@example.com,2025-12-10,False,low,1,6.323990535162997
4670,Matthew Harper,stephaniegraham@example.org,2024-12-28,False,high,13,11.444142233335883
4671,David Drake,qpeterson@example.org,2025-10-12,False,low,0,7.725773799089637
4672,Lisa Goodwin,tammy78@example.net,2026-04-10,True,medium,1,8.968970004869313
4673,Taylor Logan,patriciasmith@example.com,2025-09-16,False,low,0,3.5915330278702777
4674,Alyssa Anderson,michael02@example.net,2025-06-27,False,medium,3,6.81021739061782
4675,Donna Gibson,elizabeth41@example.net,2025-04-12,False,low,0,0.823469713116944
4676,Benjamin Paul,stephaniefitzgerald@example.org,2026-05-15,False,low,0,0.5
4677,Matthew Simmons,ogates@example.org,2026-06-29,False,low,0,3.7385993465349188
4678,John Garner,oolson@example.org,2026-03-21,False,low,0,2.485182688041176
4679,Anne Stanley,phillipsandrea@example.net,2025-03-19,False,low,0,3.842976590476488
4680,Sarah Thompson,sparksdawn@example.com,2025-08-26,False,medium,3,7.461537077329214
4681,Marc Reed,jacobfitzpatrick@example.com,2024-12-31,True,high,9,15.364535619390987
4682,Kevin Pugh,dennisanderson@example.com,2025-09-01,False,low,1,4.405560725609989
4683,Joy King,dcraig@example.org,2026-09-15,False,high,6,11.492360467676624
4684,Kelly Wiley,christopherwalls@example.com,2025-10-07,False,low,1,2.7109433787286368
4685,Andrew Dawson,amandaaguilar@example.com,2026-02-20,False,medium,4,8.627573489844194
4686,Kimberly Wagner,gregory04@example.com,2025-05-18,False,low,0,3.8577028756179295
4687,Melissa Matthews,miguelshaw@example.net,2025-05-03,False,low,1,6.364194077100057
4688,Amy Reyes,feliciathompson@example.com,2025-03-13,True,low,2,3.1931844758609804
4689,Amy Ewing,lance16@example.net,2026-01-17,True,high,5,12.73635854610644
4690,Leslie Roberts,hnewman@example.net,2026-04-20,False,medium,2,5.415261471638702
4691,Pamela Black,alewis@example.net,2026-07-22,False,medium,3,8.088215307033742
4692,Sheila Nguyen,kimberly59@example.org,2026-02-14,False,medium,2,4.240635481747652
4693,Michael Rogers,othompson@example.com,2026-08-21,False,low,1,2.8090572226767656
4694,Malik Murray,bfreeman@example.org,2025-07-08,True,low,2,2.829117474801814
4695,Thomas Silva,kelly99@example.com,2026-01-27,True,low,1,5.253090537360293
4696,Michelle Spencer,lisabauer@example.org,2024-10-20,True,medium,1,7.5111456100744025
4697,Barbara Mccormick,newtongregory@example.com,2026-01-19,False,medium,1,8.150549866724543
4698,Jennifer Flores,tracy95@example.org,2025-03-22,False,low,1,5.531945816309123
4699,Nicole Williams,ogriffin@example.net,2026-04-14,True,low,1,4.755525160402298
4700,Alexis Dixon MD,crystal58@example.net,2025-09-06,False,medium,4,6.251360161491562
4701,Christopher Thompson,nancy96@example.com,2025-05-31,True,low,1,3.4197692700011832
4702,Lisa Cabrera,melissadodson@example.com,2024-12-11,False,low,2,2.334791176019531
4703,John Paul,whitejay@example.com,2025-02-15,True,low,1,6.805245906654874
4704,Erin Blackburn,cbrooks@example.net,2025-09-06,True,medium,3,7.164914059795169
4705,David Bowen,paulwhitaker@example.com,2025-10-11,True,low,0,4.4913264827544985
4706,Mr. Max Smith,qgreene@example.org,2025-08-27,False,medium,6,8.100805956659856
4707,Mark Jennings,michellejohnson@example.com,2024-11-19,True,high,6,10.437843512959757
4708,Laura Johnson,wendy66@example.net,2026-03-29,False,low,1,4.617180437899747
4709,Denise Hernandez,stevenskaren@example.org,2025-04-17,False,medium,9,7.496946435994185
4710,James Mason,kimberlymoss@example.org,2025-01-08,False,low,1,4.917101717570214
4711,Jasmine Zhang,jennifer55@example.net,2025-08-09,True,low,1,7.16947928609024
4712,Jamie Clark,wellsann@example.org,2026-03-17,True,medium,2,7.090933052466387
4713,Casey Barker,lisa64@example.net,2025-07-18,False,low,3,2.3063250424045227
4714,Teresa White,ndavis@example.net,2025-12-29,False,low,1,2.463156492513513
4715,Mary Santiago,danielberry@example.org,2026-06-09,False,high,10,10.150172922782808
4716,Felicia Wolfe,jeffrey09@example.com,2024-11-03,False,medium,3,10.78316067678718
4717,Gabrielle Oneal,brobinson@example.org,2026-01-07,False,medium,3,5.976472086532701
4718,Charles Frost,howardchris@example.com,2024-10-29,True,low,1,5.153834360807378
4719,Sheila Hanna,pittsmary@example.net,2024-12-06,True,low,3,6.895359980942237
4720,Matthew Hubbard,morganwatts@example.com,2026-03-19,False,high,9,11.627245420968539
4721,Lynn Munoz MD,timothyfuller@example.org,2026-03-31,False,low,3,3.008744652378545
4722,Lauren Stephens,smurray@example.org,2025-05-20,False,medium,2,8.586859319404956
4723,Kevin Klein,wellsvalerie@example.net,2025-11-21,False,low,2,6.29000295704397
4724,Lisa Guzman,nguyenjane@example.org,2026-08-30,True,high,8,10.307647100811582
4725,Alexandra Sandoval,jaydominguez@example.org,2025-02-20,False,low,2,3.7162465472339785
4726,Jordan Lee,robert21@example.org,2025-08-01,False,low,1,2.1198650892162965
4727,Kimberly Jones,solson@example.org,2026-03-14,True,low,0,6.0124791135167595
4728,Kelsey Thompson DDS,bryan95@example.com,2026-03-22,False,low,1,2.130517589516396
4729,Melvin Meadows,angela22@example.org,2026-02-06,False,low,1,4.394719170317847
4730,Carl Payne,bbarnett@example.org,2024-09-22,True,medium,4,10.084690365735698
4731,Patricia Payne,charlenewalker@example.org,2025-06-05,False,low,0,4.317106434564222
4732,Scott Rose,ugarcia@example.org,2025-06-01,True,low,0,3.14919178090142
4733,Mariah Evans,robertbeck@example.net,2025-09-17,True,medium,2,7.302039772648621
4734,Michael Flores,hcohen@example.org,2024-12-02,False,low,0,7.211868277457522
4735,Vincent Lutz,jessica08@example.net,2024-10-23,False,medium,6,7.5682265907003705
4736,Emily Singh,karen58@example.org,2026-01-06,True,medium,3,6.226449605403429
4737,Adam Smith,ftucker@example.com,2025-03-22,False,low,0,4.396045601156142
4738,Kevin Griffin,ybennett@example.net,2025-04-22,False,medium,1,6.9675475825914095
4739,Dana Robinson,lisa74@example.net,2025-11-11,False,high,5,11.859539243809955
4740,Christina Mendoza,ericgrimes@example.net,2025-07-29,False,low,0,7.72095270638459
4741,Kathryn Jensen,cooperhoward@example.com,2025-04-18,False,medium,1,5.257581273378763
4742,Margaret Sanchez,brent21@example.net,2025-04-17,True,medium,5,6.6662281863006365
4743,Mark King,karenjohnson@example.com,2026-06-11,True,low,1,4.810629272408996
4744,Jessica Larson,michael97@example.com,2025-03-09,True,low,0,5.078240344141797
4745,Jamie Armstrong,beverly98@example.org,2025-08-04,False,low,1,2.8183293801522655
4746,William Hall,ndiaz@example.com,2026-01-02,False,low,0,6.620288775267764
4747,Kelly Drake,rebecca57@example.org,2025-03-15,False,low,2,2.1870077618470685
4748,Lisa King,joseph96@example.org,2026-07-21,True,high,8,11.014063595699099
4749,Justin White,eking@example.com,2025-04-08,False,low,2,4.842444478870475
4750,Christopher Thomas,zachary75@example.com,2026-07-09,False,low,0,4.057361391397736
4751,Scott Oliver,frivera@example.net,2026-06-16,False,low,2,4.566610358760973
4752,Valerie Martinez,lisawilliams@example.org,2026-07-21,False,low,0,3.642523760620132
4753,Adam Mitchell,kimnoah@example.net,2025-06-11,False,high,4,7.397867790564032
4754,Nicholas Jones,joshuafrost@example.com,2025-07-13,True,medium,0,8.578114936166404
4755,Nancy Harrison,jacobyoung@example.org,2026-04-07,False,medium,4,9.917085531320968
4756,Gabrielle Harris,nancyrichardson@example.com,2025-05-05,False,medium,1,9.17621058520086
4757,Lauren Weaver,kbright@example.net,2025-01-31,True,medium,4,4.380433468642927
4758,Linda Hendricks,wcastro@example.net,2025-05-13,False,low,0,3.3667940233575147
4759,Matthew Arnold,djoyce@example.com,2025-03-17,False,low,2,3.2875072432328833
4760,Julie Robinson,mikaylabruce@example.com,2024-10-07,True,medium,3,7.920287771533397
4761,Mr. Jonathan Cochran DVM,gibbskaren@example.net,2025-12-31,True,medium,5,8.40010980710831
4762,Jack Williams,carolinemoore@example.net,2026-07-04,True,medium,3,5.474323869949011
4763,Tricia Yang,smithscott@example.org,2026-02-19,False,high,7,14.25149884985661
4764,Brittany Kelly,wblack@example.com,2025-06-27,True,low,2,3.531021537593381
4765,Marc Lambert,ronald11@example.com,2025-08-07,False,low,1,2.2880630960722916
4766,Juan Townsend,zmartin@example.net,2025-05-06,False,medium,2,5.2285038762481655
4767,Shawn Buchanan,glambert@example.net,2025-09-19,False,medium,1,5.08612691060585
4768,Gary Stewart,hannahdrake@example.com,2025-02-08,False,low,1,7.8796049797361984
4769,Luke Woods,nboyd@example.com,2024-10-12,True,low,2,5.309848896703069
4770,Michael Johnson,salinasmelissa@example.com,2025-12-04,False,low,1,4.8923418888864925
4771,Austin Anderson,stewartamy@example.net,2025-08-12,True,low,2,1.860451206258448
4772,Timothy Webb,jeffrey98@example.org,2024-12-08,False,high,11,12.608824971004772
4773,Molly Jackson,walkerdale@example.org,2024-09-19,True,medium,2,7.366471198070181
4774,Melissa Knight,alyssa06@example.net,2025-03-27,False,medium,5,7.499350055975569
4775,Christina Dalton,hendersonfernando@example.net,2025-07-03,False,low,1,6.908913913416675
4776,Jason Villa,wcastillo@example.net,2025-06-05,False,medium,4,4.291414147346126
4777,Nancy Molina,kelly05@example.net,2026-03-25,True,low,3,6.882466770825086
4778,Jessica Mccullough,michaelsmith@example.org,2025-01-26,False,low,1,3.6226908609836923
4779,Regina Patel,johnsonamber@example.com,2026-04-30,True,low,0,6.183135078448979
4780,Brittany Cooper,katelyn72@example.org,2025-10-07,False,low,0,2.78626396791109
4781,Todd Smith,christopher07@example.net,2026-08-13,False,medium,3,6.445424830492695
4782,Lauren Wilson,qsmith@example.org,2025-07-27,False,low,0,4.210014429784271
4783,Ashley Cooper,crystal61@example.org,2026-01-04,False,medium,3,5.309603771828887
4784,Donald Alvarado,brandon04@example.com,2025-10-26,False,medium,2,9.841998328433638
4785,Martin Matthews,conniejohnson@example.net,2025-12-17,True,medium,2,8.689482222246834
4786,Matthew Collins,cindy56@example.net,2025-05-30,False,high,5,13.704084737330277
4787,Stephanie Holloway,knappjeffrey@example.net,2025-07-02,False,low,3,4.655138353702531
4788,Jennifer Freeman,kevinnguyen@example.net,2026-07-19,False,high,6,8.020127700294857
4789,Andrew Blair,michaelpatton@example.com,2026-06-16,True,high,7,9.283483755073544
4790,Debbie Lucas,pmorales@example.net,2025-12-06,False,low,0,3.0053181847951262
4791,Monica Green,brittanyvaughan@example.net,2024-10-01,False,medium,2,3.7391317473451267
4792,Shelley Ramsey,ksimpson@example.com,2024-12-03,False,low,1,1.78545029007081
4793,Kenneth Rodriguez,lwilliams@example.net,2026-08-09,False,low,2,6.266695987206584
4794,Jonathan Smith,claytara@example.net,2026-07-15,True,low,1,0.628101597861499
4795,Steven Hall,noah12@example.net,2024-11-27,False,medium,5,5.866668789182075
4796,James Nguyen,jcruz@example.com,2025-08-05,False,low,0,2.5816174549725552
4797,Sean Robinson,martinezrichard@example.net,2025-08-14,False,low,1,2.744448597732759
4798,Sean Buchanan,sarah94@example.com,2025-04-10,False,low,0,3.08939917994
4799,Anthony Elliott,owilson@example.net,2025-02-26,False,medium,6,11.996546758578187
4800,Patricia Davis,rjohnson@example.org,2025-06-24,False,medium,1,7.059170853458145
4801,Angela Flowers,seth65@example.org,2026-05-31,False,medium,2,9.597463878826485
4802,Brian Lopez,justin58@example.net,2025-12-24,True,high,9,10.5268318319923
4803,Rebecca Rodgers,jessica54@example.org,2026-01-13,False,high,10,11.214259570612503
4804,Rebecca Wilson,sarahmeyers@example.net,2024-10-20,False,medium,2,8.580933166329018
4805,Karina Patterson,morrisonlisa@example.org,2025-08-08,False,medium,3,9.938688586632418
4806,Tara Fitzgerald,rachel76@example.org,2026-02-15,True,low,0,4.245664639192674
4807,Mr. Bryan Kim,adam26@example.net,2024-12-17,False,medium,2,3.1123903062143072
4808,Douglas Nguyen,paul83@example.org,2026-05-08,True,high,8,11.180849855930845
4809,Christian Davis,sheila55@example.org,2026-05-26,False,medium,3,9.18195810602974
4810,Heather Spears,kendra75@example.org,2025-06-13,False,low,0,3.654244954561425
4811,Kathy Brown,deborah82@example.net,2024-09-27,False,low,1,5.301185239927486
4812,Benjamin Myers,kurtschwartz@example.org,2026-01-10,False,low,3,3.4770150708479592
4813,Joseph Garcia,edwardharrison@example.com,2025-03-17,False,low,1,6.125254994775978
4814,Jason Cole,bgonzales@example.net,2025-05-21,False,medium,5,8.844855501236621
4815,Katie Martinez,kathryn87@example.net,2026-02-16,False,low,2,3.120092015557975
4816,Lauren Hernandez,joseph93@example.org,2025-02-12,False,low,1,2.4031055489967015
4817,Mark Simpson DVM,qortiz@example.net,2026-05-06,False,low,0,6.740803602277828
4818,Abigail Mcdaniel,richardhenderson@example.com,2026-01-03,False,low,0,7.134390628539478
4819,Cody Lee,tmartinez@example.net,2026-04-09,False,low,1,0.5
4820,Karen Carlson,john03@example.net,2026-01-28,True,low,3,1.1982100816464523
4821,Curtis Pena,huntdaniel@example.com,2025-04-10,True,low,1,6.603233727584973
4822,Brooke Henderson,meltonmonica@example.org,2025-09-19,False,medium,1,6.156934771950064
4823,Nancy Mendez,stephanie11@example.com,2025-04-07,True,low,1,0.5
4824,Stephanie Elliott,wardjohn@example.org,2026-06-08,True,low,0,5.09154485414042
4825,Angela Nunez,asmith@example.org,2025-03-09,False,medium,2,7.170864693161593
4826,Anthony Sanders,robertzhang@example.org,2026-05-02,False,low,1,5.794870857888143
4827,Trevor Arnold,duanemclean@example.com,2024-12-03,True,low,1,4.283221831375444
4828,Wendy Thomas,gnixon@example.org,2025-05-22,True,high,9,11.179711510485124
4829,Beth Brown,antonio57@example.net,2026-06-30,True,low,2,5.759321994737874
4830,Matthew Foster DDS,johnsonyolanda@example.com,2025-12-31,True,medium,3,8.493819974512645
4831,Tyler Schmidt,dcantu@example.net,2025-02-21,False,low,0,1.3730919618889312
4832,Pamela Hawkins,danielwilliams@example.org,2025-08-28,True,low,2,3.4803255599978544
4833,Joseph Beltran,mcleankaren@example.net,2024-10-01,False,low,0,3.5507703241268374
4834,Lindsey Finley,gentrymatthew@example.net,2026-01-17,False,low,2,5.50935827961427
4835,Robert Olson,traciwalls@example.com,2025-04-14,False,low,1,4.688956881694049
4836,Stephanie Cole,bryanjackson@example.org,2025-10-12,True,medium,3,9.445088305865978
4837,Teresa Hernandez,geraldandrews@example.net,2026-01-27,True,medium,2,3.360835721084583
4838,Erin Johnson,brittany38@example.net,2026-08-13,False,high,7,10.681329177692128
4839,Katherine Ware,jimmy18@example.net,2025-07-08,True,high,1,11.272618051243015
4840,Kyle Gibson,brownlisa@example.net,2025-01-22,False,low,1,4.839713116317564
4841,Dr. Claire Jenkins,timothybell@example.net,2026-01-05,False,low,3,7.814206826689771
4842,Diana Hull,amberward@example.org,2026-06-19,False,medium,2,7.941754856732314
4843,Mr. Andre Carpenter DDS,wallaceduane@example.net,2026-06-22,False,low,0,2.863682809992576
4844,Pamela Esparza,campbelljason@example.org,2026-04-30,False,low,1,5.2568983592563985
4845,Jason Fisher,wilsonchristopher@example.com,2024-10-10,False,medium,1,5.363576606079293
4846,Megan Zhang,marksmith@example.com,2025-01-17,False,high,6,14.015348669225546
4847,Wesley Brown,chrishughes@example.com,2024-12-22,True,low,0,4.990581110774791
4848,Ryan Perez,graykelly@example.net,2026-08-15,False,medium,1,6.846516538374537
4849,Adam Alvarez,ymartinez@example.net,2025-04-21,True,low,1,6.584640270210515
4850,Oscar Williams,munozdana@example.com,2024-10-09,True,medium,3,5.024886805815502
4851,Steven Smith,robert73@example.net,2025-06-06,False,low,1,3.7394760473821997
4852,Yolanda Diaz,christopher63@example.com,2025-01-29,False,low,4,2.8153709237670306
4853,Matthew Johnson,lindakaufman@example.com,2025-09-03,True,high,8,11.697970066588011
4854,James Nguyen,ssmith@example.net,2025-01-18,False,medium,3,6.596982205263028
4855,Stephen Alexander,christopher49@example.org,2025-06-13,False,low,0,5.204105046420249
4856,George Hernandez,nshields@example.net,2026-05-30,False,medium,5,6.336453212510512
4857,Ricky Mack Jr.,stewartsteven@example.net,2025-12-18,False,medium,2,7.3550332404874545
4858,Tammy Larson,moralesjessica@example.org,2024-11-29,False,high,6,9.302018304163573
4859,Emily Krueger,jonesfrancisco@example.com,2024-12-11,False,medium,3,8.66461977250823
4860,Robert Collins,olivia67@example.org,2024-11-11,True,low,0,3.9054187085829306
4861,Christina Jones,thuang@example.com,2024-11-24,True,medium,3,5.28266541310267
4862,April Ortiz,kyle50@example.net,2025-06-02,True,medium,2,10.360699907736484
4863,Abigail King,bankslaura@example.com,2025-07-09,False,medium,1,6.671893353822378
4864,Julia Hughes,debrajohnson@example.org,2026-01-22,False,low,2,4.06326803235783
4865,Joseph Vincent,gibsonanthony@example.org,2026-08-24,True,low,2,6.414892087925876
4866,James Friedman,bgreen@example.org,2025-11-08,True,medium,5,7.887722461460826
4867,Sarah Spears,kelly26@example.net,2024-10-29,True,low,0,4.490260427060115
4868,Jessica Wilkins,melissajones@example.com,2026-06-16,False,low,1,6.2064647722430974
4869,Philip Thompson,huffjon@example.com,2025-05-07,False,medium,3,6.323154083733443
4870,James Kim,renee82@example.org,2025-03-04,False,low,1,5.981209259727751
4871,Maria Kline,david11@example.com,2026-07-22,True,medium,6,6.412808091173465
4872,Anthony Stone,corey59@example.org,2025-03-11,False,medium,3,5.663264750537509
4873,Jenny Flores,brucetyler@example.com,2025-03-24,False,high,12,14.58771577683122
4874,Timothy Garcia,rgoodwin@example.net,2026-04-20,True,medium,4,5.462421435914817
4875,Andrew Morris,dale37@example.net,2024-12-03,False,medium,4,6.6271832962218875
4876,Michael Davidson,cynthiasherman@example.org,2026-08-10,True,high,6,10.711322546960377
4877,Sarah Williams,knichols@example.net,2026-03-19,True,low,1,5.531260676343233
4878,James Rodriguez,traceyhill@example.net,2026-01-23,True,high,4,10.044143462445575
4879,Tracy Fowler,ftorres@example.org,2025-03-11,False,high,1,9.768890332604531
4880,Jacqueline Pena,wwright@example.net,2025-09-02,False,low,0,1.965855097944146
4881,Jeffery Ingram,marycox@example.org,2024-11-12,False,low,0,2.623163447421067
4882,Michaela Robles,brandon09@example.org,2025-08-30,False,low,0,3.211357481832518
4883,Paul Holmes,shawkins@example.com,2025-04-02,True,low,2,5.7933989785141335
4884,Manuel Jackson,murphykristin@example.com,2024-10-11,False,low,1,3.878292634515988
4885,Thomas Hernandez,schmidtsergio@example.org,2025-06-30,False,low,0,7.96995376499043
4886,Jennifer Harris,keithsimmons@example.net,2024-11-26,False,low,1,1.5544731535522485
4887,Shannon Johnson,fthompson@example.net,2026-01-03,False,low,1,7.415373434306741
4888,Allison Rowland,longlauren@example.org,2026-03-29,False,medium,5,5.197296114752753
4889,Michael Wilson,carrie82@example.org,2025-02-18,True,medium,2,6.817985214225915
4890,Cathy Price,ataylor@example.net,2026-02-17,False,low,0,0.9886122556625083
4891,Samuel Hahn,lmartinez@example.net,2025-08-20,False,low,1,6.1117442827121184
4892,Vincent Davis,kylie77@example.org,2025-01-01,False,low,0,8.404430289364345
4893,John Lyons,hector14@example.net,2025-01-06,False,low,0,0.5
4894,Cathy Gonzales,peggygreen@example.com,2026-01-05,False,medium,6,6.844440737980869
4895,Luke Jensen,matthewmadden@example.net,2025-05-16,False,low,0,4.425339912340309
4896,Mary Bradford,jeremy09@example.com,2025-06-07,True,medium,3,8.898330125380719
4897,Melinda Vasquez,randallpowers@example.org,2025-09-10,False,medium,2,10.269263669819175
4898,Gregory Hernandez,hendersonerin@example.org,2024-12-20,False,low,1,4.830173315708876
4899,David Garcia,allenjared@example.org,2024-10-09,False,high,4,11.129865957145386
4900,Jake Hubbard,thompsonjorge@example.net,2025-04-09,True,medium,6,6.084891637237083
4901,Paula Roberts,jacksondonald@example.net,2024-12-19,False,low,1,8.361817638736948
4902,Christopher Johnson,hfloyd@example.com,2026-06-28,False,low,0,3.397911009114289
4903,Karen Pugh,jamie13@example.com,2024-09-26,False,high,5,12.669634317335175
4904,Heather Humphrey,timothyjackson@example.org,2026-08-13,True,low,1,3.5287875132722357
4905,Robert Yang,donaldbanks@example.net,2024-09-22,True,low,2,4.179972879453851
4906,Linda Griffin MD,charlescole@example.net,2025-04-26,True,high,10,15.171341906048763
4907,Kimberly Buchanan,ambergonzalez@example.net,2025-04-09,True,low,1,6.222712368346187
4908,Stacy Brock,davislaura@example.com,2024-11-01,False,low,0,6.03129346599943
4909,Derek Jackson,lawrence07@example.com,2026-06-24,False,high,9,12.84370074085766
4910,Frank Hall,marc88@example.org,2026-06-04,False,low,3,4.282465524941732
4911,Kristen Garcia,maxwellanthony@example.net,2026-05-03,False,low,0,4.84692498320284
4912,Nichole Holmes,brian28@example.com,2025-09-12,False,medium,1,5.908863699412304
4913,Kristen Martin,zachary53@example.com,2024-11-08,False,medium,6,9.306909281758822
4914,Randy Garcia,javierjohnson@example.org,2025-06-23,False,low,0,2.597755576541835
4915,Steven Brown,olewis@example.org,2024-11-30,False,low,0,1.5294206532183288
4916,Andrea Jordan,duarteveronica@example.net,2025-05-18,False,high,9,11.128668081632247
4917,Allison Sanchez,jessicarandall@example.com,2026-01-31,True,low,2,3.4462391509478323
4918,Johnny Jones,nsmith@example.com,2025-11-10,True,low,2,4.218694036044226
4919,Alyssa Davis,natashakemp@example.com,2026-09-08,False,medium,0,7.975214735122243
4920,Carl Woods,myersmaria@example.com,2026-08-30,False,high,8,9.126028252983032
4921,Edwin Hansen,xsanchez@example.com,2024-11-01,False,low,1,2.9462448880809653
4922,Gary Taylor,rogerspatricia@example.com,2026-04-30,False,low,1,5.8361858384354495
4923,Lori Wilson,olsenvalerie@example.net,2026-03-04,False,low,0,1.3977831859870102
4924,Karen Hess,boonelee@example.net,2025-05-10,False,medium,2,8.911762551361427
4925,Kimberly Carroll,zryan@example.net,2025-03-29,False,low,1,4.361422311891539
4926,Gabriel Padilla,hollowayseth@example.com,2026-09-16,False,low,1,4.086510480383464
4927,Ernest Brown,rebecca55@example.com,2025-09-07,False,medium,2,6.95540975749254
4928,Mrs. Rachel Williams,zbrewer@example.com,2025-12-01,False,low,0,1.6686598287362346
4929,Dana Middleton,jonesnicole@example.net,2024-11-14,False,medium,2,8.150493064228076
4930,Hannah Soto,hughestimothy@example.net,2024-11-09,False,low,0,2.4451044853424366
4931,Richard Ashley,kyle40@example.org,2024-09-27,False,medium,5,5.483568523882839
4932,Amanda Carter,wscott@example.com,2025-12-17,False,medium,5,7.111880435994161
4933,Ricky Phillips,xbell@example.com,2024-10-01,False,low,1,3.5663545158123693
4934,Kristen Jacobs DVM,ucoleman@example.com,2025-07-23,False,medium,2,6.4727114405111745
4935,Corey Williams,vmorrison@example.org,2024-11-22,True,low,2,1.8248954591783244
4936,Carolyn Stafford,rgomez@example.net,2025-06-17,False,low,3,3.2717915822230372
4937,Autumn Knight,parkerdaniel@example.org,2025-08-05,True,high,7,9.630878180046558
4938,Sarah Parsons,charles64@example.com,2026-08-13,True,medium,3,9.07075992304032
4939,Dr. Nathan Hughes,loriwhitaker@example.org,2025-12-19,False,low,1,5.3384349738670505
4940,Stephanie Frank,jackiemartinez@example.com,2025-07-08,False,low,1,4.667640808826551
4941,Jack Richmond,gutierrezjonathan@example.com,2025-04-09,True,low,0,7.848075687677497
4942,Diane Juarez,johnparker@example.net,2025-10-19,False,low,0,5.8253182751034505
4943,Steven Jones,chaselaura@example.com,2025-12-24,True,medium,6,6.242642614499739
4944,Patrick Becker,mmahoney@example.net,2025-01-10,False,low,3,4.357912822572885
4945,Nicole Nguyen,robbinsjoseph@example.com,2026-08-29,False,low,3,4.988003334606035
4946,Laura Torres,andrewskyle@example.com,2026-06-01,False,high,11,9.300066766651398
4947,Dawn Sullivan,dawnroberts@example.net,2026-05-27,True,medium,2,5.284910321794634
4948,Kristin Schneider,ewalton@example.com,2026-01-17,False,high,8,7.942702069610615
4949,Karen Lang,cschaefer@example.net,2024-10-21,False,low,1,2.6437109072162084
4950,Scott Bell,wyattshawn@example.com,2024-12-19,False,low,1,0.5
4951,Jill Alexander,sreynolds@example.com,2026-03-22,False,low,4,3.780005782314657
4952,Angela Martinez,patriciamartin@example.com,2024-12-19,False,medium,1,6.002671033275404
4953,Mariah Clark,lgraham@example.com,2026-05-29,False,low,1,2.2330766098348587
4954,Kiara Kelly,hflores@example.org,2025-12-21,False,low,1,1.8571662400769435
4955,Jessica Hartman,qwashington@example.com,2026-06-05,True,high,15,12.072437850366368
4956,Karen Olson,nelsonmichael@example.com,2026-05-29,False,low,0,5.0292726481333805
4957,Timothy Taylor,wendy01@example.com,2025-06-14,False,low,1,4.051733020576599
4958,Luke Johnson,stephen52@example.com,2025-06-29,False,high,7,13.610163184276832
4959,Katherine Dodson,sarah84@example.com,2025-05-22,False,low,2,0.8868096893779556
4960,Michael Kennedy,vclark@example.net,2025-04-04,True,low,1,2.5497121390353135
4961,Michael Mcgrath,keyrachel@example.org,2026-04-11,False,medium,0,9.08799038266137
4962,Caitlyn Mcfarland,oanderson@example.net,2026-02-08,False,medium,4,8.857581196633639
4963,James Murphy,tbrown@example.net,2025-11-16,False,medium,6,8.218701791156082
4964,Todd Moore,bmontoya@example.org,2025-07-14,False,low,1,5.264158767062828
4965,Leonard Johnson,kimberlygraham@example.com,2025-03-30,False,medium,2,2.7569653414203517
4966,Tanner Greene,james50@example.org,2026-08-21,False,medium,2,6.987654051440035
4967,Jennifer Garcia,jeffrey77@example.net,2025-10-07,False,low,2,3.3200629902817913
4968,John Fisher,anne19@example.org,2025-06-29,False,medium,2,8.466750372726567
4969,Jessica Cook,vlang@example.net,2025-01-24,True,low,3,3.12586702661277
4970,James Jones,haustin@example.org,2025-09-04,False,low,2,6.447840403233835
4971,Christine Mendoza,smithbryan@example.org,2026-03-23,False,high,8,10.7675732456888
4972,Samantha Riley,jasontownsend@example.com,2025-03-06,False,low,0,4.509887682847499
4973,Jessica Dalton,katherineramirez@example.com,2024-11-28,False,medium,4,4.487639946556428
4974,Michael Chambers,rebecca91@example.org,2026-01-02,False,medium,2,3.0800822959262786
4975,Ryan Fisher,benjamin11@example.net,2025-01-09,False,low,0,3.127958203638527
4976,Kyle Davis,lmelendez@example.com,2024-11-27,False,low,1,3.0384869865459327
4977,Charles Pacheco,annabullock@example.org,2026-09-13,False,high,7,13.612197425531482
4978,Janice Reynolds,qlucas@example.org,2025-02-23,False,low,3,8.140916630708142
4979,Donna Lopez,jenniferhoward@example.net,2026-03-17,True,low,0,7.503946780929852
4980,Stacie Moreno MD,thomasmendoza@example.com,2025-12-20,True,low,1,3.821221276121034
4981,Erika Moss,velasquezjessica@example.com,2025-08-31,True,medium,3,5.718172103211613
4982,Ricky Cowan,lisamorales@example.com,2024-10-22,False,medium,5,7.182008791085502
4983,Heather Moore,jwilliamson@example.com,2026-06-10,False,medium,2,8.682261883533616
4984,Elizabeth Schroeder,hannahthomas@example.net,2026-02-25,True,low,0,3.6990273676997876
4985,Katherine Dyer,michelle12@example.net,2026-08-26,False,medium,4,6.119882453920156
4986,Jonathan Castillo,ykramer@example.net,2024-11-18,False,high,9,10.739212895592328
4987,Jeremy Bush,candicecline@example.com,2025-05-05,False,medium,3,7.9629082116262815
4988,Diane Manning,qrobinson@example.net,2024-10-24,False,low,1,7.136293411143514
4989,Alejandro Jones,stevenscurtis@example.org,2024-12-25,True,low,1,3.240548421349091
4990,Diana Buchanan,stephenmcneil@example.org,2025-07-23,True,low,1,1.6703828842794621
4991,Thomas Carter,wwalker@example.com,2024-10-09,True,medium,5,4.783625784123075
4992,Jacqueline Orr,johnsondaniel@example.com,2025-09-26,False,low,1,1.4225162087606438
4993,Jeremy Perez,hessthomas@example.net,2024-10-21,True,low,1,0.8191709264783569
4994,Ana Beck,mhill@example.org,2026-07-11,True,high,5,11.118969879994326
4995,Jason Johnson,aduarte@example.org,2026-08-08,True,low,2,6.2931336726060785
4996,Melody Cuevas,nlewis@example.org,2026-05-20,False,low,0,4.572831208921677
4997,Mr. Andrew Skinner,davisnicole@example.com,2025-11-05,False,low,1,5.2323224610295895
4998,Billy Lindsey,samanthamoore@example.net,2026-01-26,False,low,1,6.07189228062971
4999,William Perry,alexandriacook@example.net,2025-11-25,False,low,1,3.097629369603739
5000,Amy Sexton,melissa43@example.com,2025-10-19,False,low,0,6.197939991638275
5001,Donald Ruiz,greerjennifer@example.org,2026-09-14,True,low,1,6.9362125361323965
5002,Eric Williams,julie11@example.net,2026-08-08,True,low,0,6.190872565358058
5003,Susan Hayden,jbrown@example.com,2025-07-11,False,low,1,6.0316522894686955
5004,Rebecca Park,laura77@example.net,2025-08-03,False,low,3,6.015911803604016
5005,Garrett Durham,nicholas57@example.com,2024-09-24,True,high,8,8.593326312828115
5006,Christopher Morales,katherine69@example.com,2026-01-15,False,medium,1,10.573580970879345
5007,Jennifer Rodriguez,qmorgan@example.org,2026-03-12,False,medium,3,9.9075921041445
5008,Richard Rodriguez,evansangela@example.org,2025-06-24,False,high,3,12.251553029661235
5009,Justin Valentine,vlambert@example.com,2026-07-15,False,medium,2,8.479062573367504
5010,Christopher Vasquez,ujefferson@example.org,2025-03-28,True,low,0,1.161048562794393
5011,Anna Evans,julie94@example.org,2026-03-19,True,medium,0,6.3733181813057325
5012,Mark Moreno Jr.,melanie15@example.org,2025-03-03,True,medium,3,5.6702920257950105
5013,Mary Krause,robertking@example.net,2026-08-11,True,low,0,4.847232424145009
5014,Edward Scott,qswanson@example.net,2024-12-12,True,high,6,12.616984548857705
5015,Terry Smith,fkeller@example.com,2026-01-08,True,low,0,2.1001507124074914
5016,Joseph Winters,ronaldray@example.org,2026-01-22,False,low,1,1.8296673577922142
5017,Paul Buchanan,gjenkins@example.net,2024-10-22,False,low,1,3.136514685392993
5018,Sean Logan,benjamin76@example.org,2024-11-15,False,low,0,5.779420363206804
5019,Joyce Todd,pageamanda@example.org,2024-09-21,False,medium,4,3.967802836399727
5020,John Wright,terri57@example.com,2024-12-02,False,medium,0,6.256122119865062
5021,Tammy Olson,hamiltontony@example.net,2024-11-24,False,low,2,3.3555436544371675
5022,Rebecca Thompson,kevinlin@example.com,2025-02-15,False,medium,1,7.556890674838012
5023,Leslie Hernandez,eric25@example.net,2025-09-07,False,medium,5,8.825909240613836
5024,Jay Poole,kristen08@example.net,2025-11-13,False,low,0,4.636491275974933
5025,Randy Reed,lindsey76@example.net,2026-03-08,False,low,2,4.02020910211186
5026,Shannon Johnson,emilymartin@example.com,2026-04-24,False,low,3,6.248264772464172
5027,Daniel Davis,heathamber@example.org,2025-06-06,False,low,1,7.929224499783077
5028,Amanda Jones,kgolden@example.net,2024-10-22,False,low,0,4.510798216109856
5029,Michelle Ellis,rachelho@example.net,2025-06-02,False,low,0,4.802786792232279
5030,Ashley Martinez,wnolan@example.org,2025-08-02,False,medium,2,6.411714860849448
5031,William Sullivan,amber63@example.com,2026-06-05,False,low,1,6.785468237510054
5032,Richard Sanchez,mpalmer@example.org,2026-05-02,True,medium,3,6.288341745192975
5033,Cassandra Marks,brandon80@example.com,2025-12-11,False,high,13,9.857275648176442
5034,Jeffrey Owen,pweiss@example.net,2025-09-17,False,high,6,14.161629812586467
5035,Ryan Melendez,patricia00@example.net,2024-09-21,True,low,1,0.8879040623007368
5036,Joshua Robertson,melissafischer@example.net,2025-03-06,False,medium,2,9.264026046843508
5037,Aaron Jordan,jacquelineedwards@example.net,2026-02-22,False,medium,2,4.513098396151044
5038,Joseph Horton,yclay@example.com,2025-11-05,False,low,1,2.0309846225486057
5039,Danielle Watson,mitchelltaylor@example.net,2026-09-02,False,high,10,11.885706987676974
5040,Theresa Adkins,brianharrison@example.org,2025-09-10,False,medium,2,7.7375926159166
5041,Allison Allison,hbaker@example.org,2024-09-21,False,medium,1,6.1826195713020855
5042,Amber Morse,princedavid@example.net,2025-10-21,False,low,0,4.57340942577196
5043,Suzanne Murphy,iclark@example.net,2026-04-07,True,low,0,7.1367535104953355
5044,Catherine Parker,kmoore@example.net,2025-05-13,False,medium,7,8.848348699287431
5045,Christopher Edwards,alexandersteele@example.net,2025-06-08,True,medium,5,9.225673487098913
5046,Jacob Brown,markking@example.org,2024-11-24,False,low,1,1.742318171969659
5047,Jordan Chambers,alexander51@example.org,2026-09-06,False,low,1,7.724599604694307
5048,Melissa Wiley,christopher05@example.net,2024-11-24,False,high,5,10.548328280585435
5049,Cameron Faulkner,vasquezcrystal@example.org,2026-09-02,False,medium,5,7.215607915057239
5050,Jacqueline Rivera,javieringram@example.com,2025-07-12,False,medium,2,9.258675358373033
5051,Rachel Reyes,shane87@example.net,2025-02-13,True,high,6,11.778229908689031
5052,Brittany Wood,carriebennett@example.org,2025-06-13,False,medium,0,7.862091276650679
5053,Robert Gonzales,kevinhess@example.org,2025-02-13,True,low,0,0.8017157897859213
5054,Ryan Gilbert,deannanichols@example.org,2025-11-06,False,medium,2,4.5678081900516005
5055,Jean Mitchell,ryanclark@example.com,2025-05-31,True,medium,4,6.405097564684537
5056,Angela Torres,heather94@example.com,2026-08-15,False,low,0,3.9153481807140285
5057,Autumn Johnson,victoria46@example.net,2025-03-07,True,medium,1,6.359438098987815
5058,Veronica Ferguson,xrich@example.org,2025-03-12,False,low,0,3.803011187740922
5059,Amber Gonzalez,eric33@example.org,2026-02-05,False,medium,1,9.335077747251162
5060,Olivia Garcia,jsmith@example.com,2024-10-07,True,high,6,12.028416305297482
5061,Mary Simpson,adam43@example.net,2026-07-20,True,low,3,7.81180910905889
5062,Jessica Turner,caindenise@example.com,2024-10-19,False,low,1,3.3675849294743454
5063,Ernest Gross,mfarley@example.com,2025-09-21,False,medium,3,5.962379435650239
5064,Wesley Washington,cameronkim@example.org,2025-02-12,True,medium,4,7.50876095925272
5065,Amanda Stevens,franklinvictoria@example.net,2025-01-20,False,low,1,3.5487632569427072
5066,Anthony Mcdaniel,cory62@example.org,2024-09-20,False,medium,4,8.140003882585807
5067,Lori Flynn,zfranco@example.com,2025-10-08,False,medium,2,9.360980737161357
5068,Mrs. Mariah Jones,kstephens@example.com,2024-09-26,False,high,4,12.36424727076586
5069,Stephen Ross,hutchinsonerik@example.net,2024-10-22,False,low,0,1.0883634296988163
5070,Carla Jackson,nicholas80@example.com,2025-10-22,True,medium,2,9.07103760692197
5071,Jerry Anderson,craig99@example.com,2026-09-14,False,low,0,2.1755801963915635
5072,Daniel Williams,schmidtjoseph@example.net,2024-09-21,False,high,4,12.440334876414736
5073,Sarah Dyer,jonathan87@example.net,2025-11-11,True,low,1,10.264652301616923
5074,Rebecca Nelson,jamesbutler@example.com,2025-10-17,True,medium,1,4.842298077342821
5075,Judith Fitzgerald,paulwhite@example.org,2024-11-08,False,low,1,4.993204819351881
5076,Melissa Henderson MD,uevans@example.net,2025-12-04,False,low,2,2.059299817215366
5077,Madison Torres,schmidtjenny@example.org,2026-05-26,False,medium,1,4.047964221284785
5078,Joseph Nielsen,janice37@example.org,2024-12-19,False,high,8,9.238099975397411
5079,Shelly Rose,mitchellpaula@example.com,2026-04-15,False,low,4,6.068233461812012
5080,Joshua Fields,crystalgonzales@example.net,2024-11-13,True,medium,6,7.101136026416586
5081,Valerie Wilson,ybarnett@example.org,2025-04-03,True,medium,4,5.461291676671059
5082,Desiree Sharp,jamesrodriguez@example.net,2025-01-12,False,medium,2,8.2909709677921
5083,Robert Bell,iortiz@example.org,2025-10-08,False,medium,5,5.213771536769199
5084,Tammy Alexander,jennifer64@example.org,2026-03-30,True,low,0,4.242489390591812
5085,Jerry Sullivan,mtaylor@example.net,2026-02-10,False,medium,4,5.198720504043759
5086,Emily Simmons,lesliecooper@example.com,2025-01-05,False,high,9,9.559440031758205
5087,Richard Morales,chelseaarmstrong@example.org,2026-09-14,False,high,3,9.288236987244735
5088,William Fisher,bradley01@example.com,2026-09-11,False,high,7,14.002725009640466
5089,Darren Martin,angelalambert@example.net,2025-02-24,False,medium,5,7.644790190253879
5090,Chad Harris,wtaylor@example.net,2026-06-24,False,low,1,3.9865646679233926
5091,Jonathan Fisher,fbarry@example.org,2025-03-02,False,low,0,8.625821259521746
5092,Jonathan May,hansenlarry@example.com,2026-01-07,False,medium,6,6.762401985055665
5093,Eric Ingram,robertcastillo@example.net,2025-06-12,False,low,1,4.823334656431808
5094,Amanda Blair,lynngutierrez@example.com,2026-06-05,True,medium,4,8.574323036036343
5095,Amanda Lloyd,mitchellkrista@example.net,2026-07-13,False,low,2,3.29283037394358
5096,Anthony Rodriguez,qkelly@example.net,2026-06-18,False,low,0,2.691944781310268
5097,Tommy Walls,benjamindavis@example.net,2026-06-15,False,low,6,3.8534917724953175
5098,Bianca Moss,wacosta@example.net,2026-02-05,False,low,3,5.219111937991606
5099,April Lucas,lorianderson@example.net,2026-01-24,False,low,0,5.453323004238202
5100,Taylor Ellis,brianayala@example.org,2025-01-11,False,low,0,2.1244067512891442
5101,James Nicholson,ghudson@example.org,2026-03-19,False,low,1,5.211613298803075
5102,Joseph Contreras,linlisa@example.org,2025-02-20,False,low,0,2.6243296133154423
5103,April Thomas,sampsonrichard@example.org,2025-01-03,False,low,3,4.21620252625033
5104,Jason Mccormick,kylejohnston@example.com,2026-03-29,False,low,1,3.1119728094862236
5105,Charles Jordan,bruce53@example.com,2025-09-17,False,high,7,11.39488395246772
5106,Samuel Miller DVM,moorenathaniel@example.net,2026-06-21,False,medium,2,4.761095562813461
5107,Ryan Leach,mcooper@example.net,2026-07-08,False,low,0,4.619326119931164
5108,Eugene Frederick Jr.,jennifer55@example.org,2026-08-22,False,high,4,10.717283645768097
5109,Nancy Pittman,kathrynwilliams@example.org,2025-07-06,False,low,0,5.845810418038798
5110,Monica Smith,courtneydavies@example.net,2026-08-20,False,medium,2,8.10895251963398
5111,Douglas Schneider,jeremy29@example.net,2025-05-01,True,low,0,5.188764741547784
5112,Kelly Fry,usteele@example.com,2026-06-21,False,high,4,10.72534474570326
5113,Zachary Villanueva,oanderson@example.net,2026-03-30,False,medium,4,7.4792911497793195
5114,Susan Castillo,dorisphillips@example.net,2026-04-22,False,low,1,5.189185683236179
5115,Mark Sparks,johnsoncandace@example.com,2025-10-31,False,low,2,3.6396820667068726
5116,Christopher Romero,cameronfields@example.org,2024-12-15,True,low,1,3.196866072828815
5117,Jessica Hunter,dmontes@example.org,2025-04-13,False,medium,3,7.41080154520382
5118,April Day,kelliott@example.org,2025-06-09,True,medium,5,8.585530287288751
5119,Kendra Green,erika56@example.com,2026-08-21,True,low,1,0.87317305451672
5120,Wendy Walker,samanthahill@example.net,2026-06-15,False,high,7,8.824462755404861
5121,Kayla Smith,charlesgross@example.net,2025-05-16,True,low,1,2.6942477628313224
5122,Cynthia Fitzpatrick,melody90@example.net,2025-08-29,False,medium,2,6.9398587659205235
5123,Monica Martinez DDS,walshlaura@example.org,2025-07-02,False,medium,2,7.80960272787957
5124,Anna Keller,floresjose@example.com,2026-08-31,False,medium,3,8.068357709907099
5125,Claudia Marshall,dwilliams@example.com,2026-06-05,False,low,0,1.5746795038888335
5126,Marc Arroyo,littlesarah@example.com,2026-01-19,False,low,1,7.016739399818896
5127,Jared Huynh,davidcook@example.org,2024-09-20,False,low,3,4.881985376276308
5128,Lisa Williams,gwilliams@example.net,2026-09-18,False,medium,7,8.246356972861907
5129,Margaret Alexander,vsimpson@example.org,2026-02-11,False,low,1,2.6562075095169924
5130,Lisa Howell,paultrujillo@example.net,2025-04-25,True,low,2,2.5454988885353966
5131,Brian Shelton,tinarocha@example.com,2026-08-30,False,low,1,6.401046183906841
5132,Brittany Martin,juliasmith@example.com,2026-04-28,False,medium,2,5.854533290513919
5133,Ethan Cummings,gabriel47@example.net,2026-05-18,False,medium,2,5.746118728897857
5134,Tina Ward MD,jamesharris@example.net,2025-08-10,False,medium,5,6.0543652088918325
5135,Crystal Mcguire,danielleroth@example.com,2026-07-05,True,low,1,3.128756842494692
5136,Lisa Henderson,villarrealnoah@example.net,2024-10-24,False,low,0,7.0282889495445495
5137,Alex Smith,jacksonallison@example.com,2026-01-15,True,low,2,5.280971127337926
5138,Heather Velasquez,abrown@example.com,2024-12-15,False,medium,6,9.532509392356623
5139,Gabriel Hunt,baxterkristen@example.org,2024-11-26,False,medium,2,6.912733060523969
5140,Erin Lewis,ydavenport@example.net,2025-02-17,True,medium,2,6.32883491212355
5141,Julie Johnston,jennaschaefer@example.com,2025-04-15,False,low,1,1.8950187580571147
5142,Janice Lopez,rbartlett@example.net,2025-08-31,False,medium,2,6.24267491750133
5143,Billy Macias,elizabethmalone@example.org,2025-10-17,True,low,0,6.42555864040909
5144,Matthew Wallace,umorrison@example.org,2025-05-02,True,low,0,6.865391067244105
5145,Danielle Franklin,wheeleranne@example.net,2025-04-03,False,high,9,11.545826370332072
5146,Laura Stanton,qthompson@example.net,2025-02-13,True,low,3,0.9849399476171063
5147,Vincent Gould,katiegriffin@example.net,2024-11-11,False,low,4,3.1592807490745156
5148,Scott Perez,arice@example.net,2025-08-09,False,medium,2,7.203153935483579
5149,Brian Weaver,christopher10@example.org,2024-11-22,False,high,6,9.947854653399352
5150,Jodi Osborn,gkelly@example.com,2025-04-09,True,medium,0,7.403512538520984
5151,Jennifer Bean,harveylinda@example.net,2025-08-19,True,low,1,2.858119201014681
5152,Adam Davis,brian43@example.com,2026-09-15,False,medium,1,4.456919499443554
5153,April Lopez,matthew64@example.com,2025-06-15,False,low,2,3.2728113301472415
5154,Sarah Monroe,dcox@example.org,2026-03-02,False,medium,3,7.895518491354581
5155,Karen Mccann,duranmatthew@example.com,2025-10-02,True,high,5,11.371502735715374
5156,Rebecca Pham,johnbrown@example.com,2026-07-01,False,low,2,2.550956637690896
5157,Michael Wilson,afields@example.org,2026-05-23,False,low,1,5.642816646200547
5158,Felicia Atkinson,yrobinson@example.org,2025-05-11,False,low,1,4.0097245098671825
5159,Shelly Martin,tapiajenna@example.org,2025-12-26,True,low,0,4.590167024493932
5160,Brittany Harris,drodriguez@example.com,2024-12-08,False,medium,3,8.54661174624836
5161,Jessica Martinez,robinsonmelanie@example.com,2024-10-30,False,low,1,3.2315094483252462
5162,Debra Wilson,bramos@example.net,2025-02-13,False,low,1,5.0416272244917435
5163,Veronica Gutierrez,bradleychristy@example.net,2024-10-23,False,low,4,2.0823922912584774
5164,Luis Wilcox,edwardroy@example.net,2025-02-25,False,low,2,5.481347828671449
5165,Nicole Weaver,jennifer79@example.net,2025-09-24,True,medium,2,8.426346484251201
5166,Dawn Robinson,christy86@example.net,2026-02-01,True,medium,2,6.955177514192474
5167,Jillian King DDS,alexandermaxwell@example.org,2025-11-08,True,medium,2,4.521391637452682
5168,Steven Scott,brittany50@example.org,2026-05-04,False,medium,5,8.044405089342819
5169,Philip Pugh,jchavez@example.net,2026-01-11,True,low,2,3.446455131643879
5170,Garrett Griffin,hillamanda@example.net,2025-01-29,True,high,13,8.556849265910303
5171,Ronnie Parker,davidsonshannon@example.com,2026-04-20,False,medium,2,9.509312089853376
5172,Donald Bowman,donnabrooks@example.net,2025-07-13,True,low,0,7.592294756633516
5173,William Miller,davidvaldez@example.net,2024-11-02,False,low,2,1.1227259675285013
5174,Nicholas Fletcher,zroman@example.org,2024-10-07,False,medium,2,7.254213929950175
5175,Linda Torres,juan40@example.com,2026-01-29,False,low,0,4.503891236725398
5176,Erin Jacobs,christinavelez@example.com,2025-11-01,True,medium,1,6.723454666971397
5177,Zoe Warner,deangina@example.com,2026-04-18,False,medium,2,6.151574080928956
5178,Amy Hanson,dbernard@example.net,2025-07-24,False,low,2,4.40529063419661
5179,Angel Ali,kyle16@example.net,2025-07-26,False,low,0,2.6578256031938956
5180,Anne Woods,mcohen@example.com,2025-01-15,False,medium,1,6.138598853387378
5181,Stephen Harrison,petersonapril@example.com,2025-10-28,True,low,2,6.69459380037566
5182,Michael Scott,rwashington@example.net,2026-08-31,False,medium,5,7.048095538238131
5183,John Mitchell,johnsonbrian@example.org,2025-06-12,False,medium,4,9.397412847570896
5184,Kelly Gutierrez,jbailey@example.net,2025-08-02,True,low,0,2.9559187032263745
5185,Melissa Bishop,pbarnes@example.org,2025-12-07,False,medium,0,5.9119111208070745
5186,Sarah Shields,howardcox@example.net,2025-11-10,True,low,1,2.526536225512789
5187,Chad Callahan,qhall@example.net,2026-05-21,False,low,2,0.774324947984729
5188,Mrs. Nicole Terry,ubrown@example.net,2025-04-29,False,medium,3,3.909392918063784
5189,Jenny Jackson,judith43@example.net,2025-04-09,False,medium,1,8.051827602575603
5190,Catherine Allen,wilsonlawrence@example.com,2025-09-01,False,medium,1,6.664690129765001
5191,Peggy Chambers,molly13@example.net,2025-10-21,False,low,0,5.205301518470508
5192,Vickie Shaffer,ericmcconnell@example.com,2025-06-09,False,low,1,3.896695202980221
5193,Cindy Simpson,fordphyllis@example.com,2025-01-05,True,low,4,2.549850125986997
5194,Mrs. Diana King,codyharris@example.com,2026-04-24,False,low,0,6.942731406506333
5195,Mr. Jeffrey Hahn,andreahenry@example.org,2025-06-18,True,low,1,4.22218638612342
5196,Michael Gates,kelsey80@example.com,2026-04-12,True,high,9,14.760634213688348
5197,Steven Williams,aprillopez@example.net,2025-05-29,True,low,0,1.8493411905608008
5198,Christopher Lopez,bjohnson@example.org,2025-12-22,True,high,3,9.372137778805362
5199,Jonathon Ford,oscarmills@example.com,2025-06-02,False,low,0,6.614777641008454
5200,Michael Barnes,sharonbeck@example.com,2026-09-14,False,medium,2,6.050448584305069
5201,Alejandro Miller,melissafields@example.com,2026-03-18,False,low,0,7.770447853596336
5202,Cindy Turner MD,sharon77@example.com,2026-03-25,False,medium,3,6.834054188696773
5203,Kimberly Horton,flewis@example.org,2025-03-09,True,medium,3,6.561407346959111
5204,Kevin Medina,warrenmichelle@example.net,2026-08-28,False,high,2,14.600266080805573
5205,Jonathan Ryan,yatesjanet@example.net,2026-04-13,False,high,5,12.23740524381426
5206,Matthew Carr,shawn53@example.net,2025-09-08,False,low,2,6.22602888787127
5207,Debra Roberts,mooremark@example.com,2025-01-09,False,low,0,4.405243191711899
5208,Adam Oconnell,kristeningram@example.com,2026-01-25,False,low,1,6.720224021013625
5209,Bonnie Knight,hmartinez@example.org,2025-08-11,True,low,1,0.5
5210,Sonya Bennett,zhudson@example.net,2025-02-12,False,medium,1,3.7143788384267618
5211,Gina Johnson,hbarrett@example.org,2025-10-02,False,medium,3,3.866404085030033
5212,Charles James,ssmith@example.org,2025-09-07,False,low,0,4.46588354424044
5213,Jon Lindsey,sanchezdebra@example.net,2024-09-27,False,low,0,5.2367538410134
5214,Gary Ashley,udurham@example.net,2024-10-13,True,low,1,5.763327296818094
5215,Lisa Jones,luispayne@example.net,2025-12-11,False,high,6,10.296751099872862
5216,Samantha Byrd,hfarmer@example.org,2024-11-24,False,medium,4,6.822805142413151
5217,Julia Campbell,robinharris@example.com,2024-10-06,False,medium,2,8.273048926434022
5218,Jennifer Johnson,tina84@example.com,2026-04-12,True,medium,3,7.298174586777
5219,Robert Freeman,pittmanglenn@example.net,2026-02-19,False,low,1,2.9906155693132326
5220,Sarah Lewis DDS,kimberlyjones@example.net,2024-11-12,False,medium,4,9.051868414501131
5221,Amy Torres,holly09@example.com,2025-11-08,False,low,0,6.015502865493678
5222,Tyler Bennett DDS,gregory81@example.net,2026-03-27,True,high,4,12.817220877787967
5223,Robert Charles,kramirez@example.net,2024-11-23,True,medium,3,6.237498100652594
5224,Stephanie Garcia,tamarakelly@example.net,2025-08-06,False,high,6,10.631668964390041
5225,Daniel Anderson,danieljones@example.net,2024-12-09,False,medium,4,7.616703241532318
5226,Alice Thompson,mistysnyder@example.com,2025-10-07,True,high,5,9.296400965922752
5227,Shelley Patel,andrewrobinson@example.com,2024-12-12,False,medium,5,3.540349040139785
5228,Sean Jackson,kdavis@example.org,2024-09-25,False,low,0,3.570425663066214
5229,Brent Williams,stevensdonna@example.org,2026-03-25,True,high,2,12.573434209417927
5230,James Walsh,jamespearson@example.org,2025-02-22,True,medium,3,10.345725274024991
5231,Andrew Johnson,walllarry@example.org,2026-06-12,False,medium,1,6.3184627011518835
5232,Jasmine Hughes,lisajohnson@example.com,2025-09-15,False,medium,4,7.1507344800805255
5233,Brooke Chen,michael98@example.org,2025-08-01,False,medium,7,8.188195874609864
5234,Christine Jennings,jeremy35@example.org,2024-12-08,False,low,0,6.514948970988398
5235,Cody Anderson,johnsonmegan@example.net,2025-04-04,False,medium,3,5.154907343103834
5236,Karina Johnson,elizabeth51@example.org,2025-02-26,False,medium,4,2.0918194978717315
5237,Kevin Ramos,hancocksarah@example.org,2025-04-20,False,low,1,3.576328787316257
5238,Eric Little,matthewwelch@example.com,2025-07-18,False,low,2,7.2702315753585545
5239,Justin Walker,hperez@example.com,2025-09-04,True,medium,2,7.189689118781073
5240,Larry Chapman,parkanthony@example.net,2025-04-24,False,low,0,7.328871111016708
5241,Michael Freeman,daviskyle@example.net,2025-03-13,True,high,4,11.995244235104707
5242,James Smith,perezjonathan@example.net,2026-07-10,False,medium,2,4.606174074504056
5243,Ryan Dixon,paul42@example.org,2024-11-28,True,medium,1,5.821679122138674
5244,Matthew Harper,jasonsmith@example.com,2026-09-02,False,low,0,3.8545848745274243
5245,Joseph Velazquez,sullivanalfred@example.net,2024-12-08,False,medium,1,7.25025285731773
5246,Mr. Jesus Cooper,peterberger@example.com,2025-12-25,True,medium,4,6.205850637073594
5247,Diana Davis,qholland@example.org,2026-01-23,True,medium,3,6.604320131545976
5248,Lori Campbell,jessicacraig@example.com,2025-07-25,True,low,0,4.20361287445252
5249,Sheila Grant,kmueller@example.org,2024-12-30,False,medium,2,7.309562408019543
5250,Ryan Bautista,bmiller@example.org,2025-06-25,False,high,5,8.995723243820297
5251,Crystal Freeman,christopher42@example.net,2026-08-23,False,high,6,9.837386907576965
5252,Julie Parks,vpace@example.org,2024-11-04,False,low,2,3.8636133945287625
5253,Kevin Kelly,williamscourtney@example.org,2026-09-04,False,medium,5,7.041041339149885
5254,Hayley Ruiz,roger42@example.com,2026-02-02,True,low,0,4.397332505407957
5255,Christina Soto,finleychelsey@example.net,2025-10-03,True,medium,3,8.808613862525215
5256,Frank Newman,bakerryan@example.com,2025-08-07,False,medium,4,6.019377063233422
5257,Craig Smith,daniel06@example.org,2025-01-18,False,low,1,4.201386031988019
5258,George Odonnell,donnamiller@example.com,2026-03-15,True,high,7,11.76302490200216
5259,Cody Lopez,solomonmichael@example.org,2025-09-12,False,low,2,4.314465531377983
5260,Andre Price,wmendez@example.net,2025-04-02,True,low,3,7.931384593108575
5261,Brian Lopez,jasonabbott@example.net,2025-07-11,True,low,1,3.8876353852466723
5262,Ashley Hodges,lauriehenderson@example.net,2026-09-01,False,medium,5,5.852278923830523
5263,Brian Burnett,rmitchell@example.net,2025-07-13,False,low,3,4.1211315137783995
5264,Karen Green,patrick50@example.net,2025-03-28,False,high,7,8.96329142487983
5265,Patrick Jones,john99@example.net,2025-01-09,True,low,0,0.6923712453565329
5266,Alan Carpenter,xavierwilson@example.org,2025-10-03,False,medium,1,6.978319320549518
5267,Pamela Rodriguez,allisongarrison@example.com,2026-01-30,False,low,0,4.047107355022581
5268,David Mcmillan,krogers@example.org,2025-10-15,True,high,1,11.11457936131327
5269,Shannon Hart,maxwelljacob@example.org,2026-05-02,False,high,10,12.046464904418755
5270,Sierra Horn,james67@example.org,2026-06-30,False,low,1,2.6427220146648276
5271,Kimberly Cain,annarose@example.org,2024-12-03,False,low,2,3.7082748918692783
5272,John Conner,heatherpitts@example.net,2026-06-12,False,low,1,4.730747538482397
5273,Alan Smith,libarra@example.com,2024-10-13,True,high,7,12.443052862257959
5274,John Mata,michael40@example.com,2025-11-24,False,high,4,11.161140935000658
5275,Audrey Parker DDS,jruiz@example.net,2025-04-29,False,low,1,2.8668613918198194
5276,Michael Schultz,robert69@example.com,2025-11-30,False,low,1,5.1043571101147265
5277,Christopher Bennett,tperez@example.com,2025-02-24,False,low,1,4.6723426646232795
5278,Theresa Burns,leemichelle@example.net,2024-11-14,False,low,1,5.4042282783535045
5279,Amanda Ortiz,felicia14@example.org,2026-01-31,False,low,0,4.206062597865031
5280,Alex West,edwardray@example.net,2025-08-08,True,medium,4,6.948111169240434
5281,Kimberly Davidson,wjohnson@example.net,2025-12-20,False,medium,8,10.562766286858011
5282,Julie Smith,jacob36@example.net,2025-03-12,False,low,0,0.5
5283,Matthew Ford,jonestara@example.net,2026-09-15,False,low,0,2.6808609222382325
5284,Benjamin Cooper,zbaldwin@example.com,2026-03-19,False,medium,4,4.578882707388977
5285,Caleb Rodriguez,steven20@example.com,2025-02-14,True,low,1,4.271048595058405
5286,John Moody,jessicacollins@example.com,2026-05-13,False,low,1,3.74464991117217
5287,Gregory Michael,shannon31@example.net,2024-11-28,False,medium,3,9.03991008502066
5288,Joseph Vargas,epowell@example.net,2026-03-02,False,medium,1,6.90074322124507
5289,Sean Mills,jeffrey30@example.org,2025-04-23,False,high,5,6.771505500534389
5290,Kara Fitzgerald,sullivanrachel@example.org,2025-10-02,False,low,2,4.274797413505761
5291,Stacy Sparks,penny89@example.org,2026-03-21,False,medium,2,8.642244519217012
5292,Diana Gould,angelacasey@example.com,2024-11-04,False,high,9,11.316094243703233
5293,Michael Johnson,zrobinson@example.com,2026-05-21,False,low,1,5.210070281623539
5294,Justin Norris,leerhonda@example.org,2025-11-22,False,low,2,4.860806845463376
5295,Patrick Smith,adam30@example.net,2025-10-06,True,low,2,5.843652583014579
5296,Destiny Rodriguez,moralestracy@example.com,2025-11-16,True,medium,3,10.462393803278722
5297,Christina Vaughn,gpeters@example.org,2026-06-21,True,low,2,5.969276617855497
5298,Karen Anderson,cynthiapacheco@example.net,2024-12-02,True,low,1,7.513821832818762
5299,Gregory Clark,michaelgordon@example.org,2024-10-12,False,medium,1,5.599506287157444
5300,Curtis Tucker,pwilliams@example.org,2025-09-21,False,low,3,2.611430099669056
5301,Nicholas Malone,jpowell@example.net,2025-09-13,False,low,0,3.9141560232780233
5302,Alexis Moore,alyssa10@example.com,2026-02-07,False,medium,3,4.690031599634667
5303,Brandon Castillo,thompsonwilliam@example.org,2025-08-08,False,low,2,1.1314885400584505
5304,Lindsay Fernandez,shellycowan@example.net,2026-07-02,True,high,4,9.81082749530461
5305,Rebecca Cobb,hillashley@example.org,2025-11-25,False,low,0,2.04218110668789
5306,Raymond Lawrence,johnlevy@example.org,2024-10-19,False,low,0,4.4614220145532935
5307,Eric Hunt,heathchristopher@example.com,2026-04-25,False,low,0,5.51799826782077
5308,Rachel Goodwin,victoriaroth@example.com,2025-09-17,False,medium,3,4.134855352586893
5309,Michael Ramirez,fjohnson@example.com,2026-02-14,False,low,1,2.3295058756246054
5310,Chris Clay,scottsamuel@example.org,2024-10-15,False,high,3,8.678283196007134
5311,Nicole Anderson,vparker@example.com,2025-01-31,False,low,3,1.7998748235176003
5312,Kimberly Hester,epark@example.org,2026-04-27,True,medium,2,6.11557142794965
5313,Jesse Novak,warnerterri@example.org,2025-12-08,True,low,1,0.5
5314,Evelyn Jones,rickeycarroll@example.net,2024-10-23,True,medium,5,7.062159036474524
5315,John Jones,qwheeler@example.net,2025-02-25,False,medium,1,6.232668119371877
5316,Jennifer Erickson,thomasflowers@example.com,2025-07-19,False,medium,2,4.6470836857356925
5317,Scott Nelson,matthewchavez@example.net,2025-09-15,False,low,0,3.883140493114406
5318,Kristine Watts,tamara83@example.com,2024-11-10,False,high,3,10.084093999593287
5319,Tanya Palmer,scottcollins@example.net,2026-07-10,False,medium,0,4.795946636480078
5320,Manuel Mayo,campbelljoseph@example.com,2024-09-21,False,high,4,14.607309623707014
5321,Ryan Crawford,moorevalerie@example.net,2025-01-22,True,low,1,4.859948460453215
5322,Tyler Peters,gentrykatherine@example.net,2024-09-20,False,medium,4,8.223339016197178
5323,Nathan Clark,briannasmith@example.net,2026-09-13,False,medium,3,1.7480109852892598
5324,Amanda Lewis,christopher26@example.net,2026-07-02,True,low,0,0.7588914389000045
5325,Alexandra Simon,luis10@example.net,2025-07-17,True,low,0,5.368547948903013
5326,Lisa Watkins,delacruzmelanie@example.net,2025-09-20,False,medium,3,5.319582051003648
5327,Christine Miller,cindyjohnson@example.net,2025-08-28,False,medium,5,9.960460649408112
5328,Earl Howard,jonesshelby@example.com,2025-08-11,False,low,1,3.5816266445327245
5329,John Boyd,cynthiapeters@example.org,2026-02-01,True,low,2,1.0108099964539
5330,Mckenzie Webster,phillip55@example.com,2025-02-18,False,low,3,4.66484942204091
5331,Pamela Massey,williamsrichard@example.org,2026-03-17,True,medium,1,9.501323015572298
5332,Samantha Russell,kellerjames@example.org,2025-08-06,False,low,0,1.699543643515523
5333,Robert Martin,heather69@example.com,2026-02-13,False,low,0,3.699891185557716
5334,Bradley Lewis,cdelacruz@example.com,2025-08-18,True,low,1,5.207019272312802
5335,Heidi Long,cruzjames@example.org,2025-07-20,False,high,5,8.367760092560092
5336,David Warren,lisacollins@example.net,2025-11-22,False,low,2,4.148625780897918
5337,James Swanson,palmerkatherine@example.net,2025-10-29,True,medium,1,8.474775018621893
5338,Dylan Smith,tzavala@example.net,2025-08-09,True,low,3,5.546895200765149
5339,Charles Paul,veleznichole@example.com,2025-12-09,False,medium,2,6.776239801861638
5340,Brooke Newton,natashaburke@example.net,2025-04-18,False,low,0,5.699163734944719
5341,Todd Parks,moodyjoshua@example.net,2025-05-12,False,low,1,3.43569602992941
5342,Lisa Carlson,alvarezmatthew@example.com,2026-04-12,False,high,8,11.083537983721845
5343,Kristin Anderson,briandavidson@example.com,2025-05-30,False,low,0,5.276884291286299
5344,Vanessa Ramos,hollandmitchell@example.org,2025-04-14,False,low,0,3.9792860121368765
5345,John Webb,mbarajas@example.com,2026-04-29,True,high,7,9.198016204858154
5346,Maria Paul,josephguzman@example.com,2025-02-24,False,medium,3,7.761817667283206
5347,Javier Edwards,haguilar@example.org,2024-10-10,False,medium,2,7.544948592192965
5348,Felicia Santiago,amandaweber@example.net,2025-04-09,False,low,3,2.979399930153394
5349,Justin Doyle,nicholaschapman@example.com,2025-11-09,True,low,3,3.400095739701005
5350,Cynthia Price,iadams@example.net,2025-07-26,False,low,1,2.5768168320842326
5351,Wanda Myers,stonetimothy@example.com,2025-03-06,False,medium,4,7.771378329722998
5352,Victoria Phillips,marcusjohnson@example.net,2026-07-07,False,medium,1,7.968703402945572
5353,Anthony Campbell,jorge42@example.com,2024-10-26,True,low,0,4.005340179413053
5354,Eric Cooper,timothyjenkins@example.org,2025-12-01,False,low,3,2.551680862353681
5355,Ronald Martin,dramirez@example.com,2025-05-08,False,medium,2,8.534061588969141
5356,Louis Carr,patrick03@example.com,2025-10-22,False,medium,2,5.001680113096048
5357,Dr. Amanda Edwards,loweandrew@example.net,2026-01-03,False,high,6,14.753798550753363
5358,Karen Smith,ghoward@example.org,2025-11-12,True,low,1,1.9986197673170296
5359,Cindy Lang,tracielong@example.com,2026-05-23,True,low,2,2.437029577629234
5360,Zoe Mendoza,kerri63@example.org,2026-03-29,False,low,1,5.159818789195937
5361,John Stone,richardsimon@example.net,2026-03-31,True,low,1,3.4023592747196116
5362,Andrea Winters,kathylong@example.net,2024-12-14,False,low,0,3.1224035391816916
5363,Craig Garner,randerson@example.net,2025-09-29,True,medium,2,9.602779831649727
5364,Leonard Powell,lisa49@example.com,2025-08-14,False,medium,1,5.673735152161284
5365,Courtney Phillips,lisachurch@example.net,2025-05-21,False,medium,5,5.369259991845572
5366,Brian Marshall,brandonfernandez@example.org,2026-05-30,False,low,4,2.206738878455201
5367,Sharon Gilbert,samantha28@example.org,2026-07-20,False,low,1,3.599472281596274
5368,Leah Carson,john65@example.org,2025-04-17,False,high,5,10.0738980865365
5369,Joseph Montgomery,johnsonchristopher@example.org,2026-06-20,False,low,2,1.2539223352806492
5370,Richard Stewart,alexis41@example.com,2025-12-27,True,high,4,8.907253436012347
5371,Michael Neal,stevenholmes@example.org,2026-01-07,False,low,0,3.472089100875363
5372,Jerry Stark,lindaperez@example.com,2025-08-02,False,low,3,5.694626851423214
5373,Emily Moore,arnoldjonathan@example.com,2025-08-11,True,medium,3,6.31643372346291
5374,Angela Melton,nicolerandall@example.net,2026-04-04,False,high,5,8.372398257851657
5375,Jason Jones,christianparker@example.net,2026-01-06,False,high,2,11.489344068693876
5376,Katelyn Sanchez,daniellerichardson@example.org,2025-02-19,True,low,1,2.9764516230075255
5377,Jessica Haynes,juan12@example.net,2026-04-25,False,low,1,2.006251761694216
5378,Peter Ramirez,lgibson@example.com,2025-03-27,False,medium,2,8.244854759055526
5379,Angela Guzman,janicedixon@example.net,2024-12-10,True,low,1,5.365828289147848
5380,Daniel Cook,matthewochoa@example.com,2026-05-14,True,medium,2,5.221814748959858
5381,Mike Cardenas,mariapatel@example.com,2026-04-30,False,low,1,4.915468085139413
5382,Kathleen Fritz,houstonjohn@example.net,2025-04-13,False,high,8,9.914848178148318
5383,Rebecca Bradford,joannescott@example.org,2025-08-22,False,medium,0,4.109243325877442
5384,Brandon Booth,andrew82@example.net,2025-03-27,False,low,1,2.7266815068601433
5385,Megan Stewart,robert51@example.org,2024-10-31,True,low,1,2.37016331373004
5386,Mary Newman,davisstacey@example.net,2025-05-30,False,medium,4,6.513513753415134
5387,Colleen Gonzales,john03@example.org,2025-05-06,True,medium,2,10.814528848679958
5388,Eric Church,joseph28@example.org,2026-02-02,False,high,5,7.3446717421682255
5389,Alan Silva,kimberlysimon@example.org,2024-12-05,True,medium,5,7.145612257725213
5390,Tim Sosa,vsanchez@example.net,2025-02-03,False,low,2,4.182188019827459
5391,Andrew Blake,sonyareese@example.org,2026-06-23,False,medium,4,5.109186721609658
5392,Steven Maldonado,jasmine62@example.net,2025-04-26,False,low,0,6.13759111031528
5393,Mr. Gregory Glass MD,marypatrick@example.net,2025-03-14,False,high,8,12.313191561196538
5394,Donna Jones,christopher88@example.net,2025-06-03,False,medium,5,6.329217893968622
5395,Jeremiah Morse,sheltonariel@example.com,2025-01-27,False,low,0,2.149555386810343
5396,Katrina Munoz,alexandernash@example.net,2025-12-02,False,low,3,0.727963345280028
5397,Isaiah Schneider,richard07@example.com,2025-05-25,True,low,2,5.692143259829273
5398,Michael Shelton,abowman@example.org,2026-07-16,False,medium,5,5.33220262986644
5399,Todd Aguirre,ckelly@example.com,2024-10-27,False,medium,6,6.813201752721167
5400,Sheila Beck,tuckerolivia@example.net,2026-07-12,True,high,7,10.161734204724421
5401,James Shannon,tannertina@example.org,2025-11-16,False,low,0,2.666777375584857
5402,Samantha Gillespie,timothy73@example.net,2025-01-18,False,low,1,3.115838028392476
5403,Mark Scott,alexander73@example.net,2024-12-01,True,low,2,4.617891998500636
5404,Dr. Matthew Curry,martinezhenry@example.org,2026-03-25,False,low,0,8.57562884303195
5405,Christopher Maldonado DDS,omontgomery@example.com,2026-07-28,False,low,1,5.829890525056622
5406,Angela Fowler,aperry@example.com,2025-09-06,False,medium,5,7.512334433722623
5407,Katherine Berry MD,xpeterson@example.org,2026-09-10,True,low,1,3.8445186943374
5408,Kimberly Rodriguez,alexandersmith@example.net,2025-06-27,False,high,10,8.445189222740165
5409,Kelly White,eric90@example.org,2026-05-24,False,low,0,2.6883481105144478
5410,Benjamin Rodgers PhD,jason08@example.com,2024-10-05,False,low,3,4.827663476967831
5411,Justin Alvarado,sandersdonald@example.org,2026-06-02,False,high,9,12.804234326623071
5412,Russell King,thomas06@example.org,2026-04-19,False,low,1,2.0726594151048885
5413,Jesse Schneider,hvelez@example.net,2026-06-27,False,low,1,1.7888916112043876
5414,David Daniels,browneugene@example.net,2024-10-06,False,medium,2,5.64785098605153
5415,Kaitlin Patrick,barberdiana@example.com,2024-11-01,True,low,0,4.257799826832678
5416,James Marshall,isingh@example.net,2025-06-15,False,low,2,2.1645532842769404
5417,Joanna Smith,lindawalker@example.net,2025-08-21,False,low,1,5.0462369743045015
5418,Madeline Christensen,kayla91@example.org,2026-05-09,False,low,0,3.4989741583702463
5419,Michelle Silva,juliadavid@example.net,2025-04-12,False,low,0,6.189645904859558
5420,Jennifer Martin,medinakeith@example.org,2025-02-06,False,medium,4,4.142978655823756
5421,Allison Carr,anthonyford@example.org,2024-09-19,False,high,4,11.21152884724092
5422,Troy Mcdonald,jose53@example.net,2026-04-08,False,medium,3,9.189892697974805
5423,Dylan Dawson,iclark@example.com,2024-11-15,False,high,12,10.194252329195253
5424,Robert Wilkins,briancameron@example.com,2025-09-23,False,medium,0,4.041569491110181
5425,Robert Thompson,rfrye@example.org,2026-06-12,False,low,0,5.09017151282242
5426,Susan Patton,angela08@example.net,2025-09-29,False,medium,5,5.409895820381058
5427,Michael Rodriguez,wayne44@example.net,2026-06-23,False,low,1,2.446376941991531
5428,William Maldonado,ilivingston@example.org,2024-11-30,False,medium,2,4.806033112733992
5429,Michael Black,cunninghamrachel@example.net,2026-06-17,False,low,0,2.446527583505703
5430,Dr. Valerie Durham MD,edwin67@example.org,2026-05-16,False,low,1,3.393468578845983
5431,Benjamin Hayes,boyleamanda@example.net,2026-01-02,True,low,1,5.6944105047328675
5432,Willie Decker,carterolivia@example.com,2026-06-19,False,medium,4,6.328572087223215
5433,Jessica Hudson,cynthiacarter@example.org,2025-05-26,False,medium,3,3.787128287062734
5434,Jeremy James,zlove@example.org,2026-01-28,False,low,1,4.453189249088619
5435,Ann Sims,ujohnson@example.org,2026-08-31,False,high,12,8.368618219073054
5436,Mary Singh,garciaerica@example.org,2026-06-24,False,medium,8,4.9338298990890195
5437,Matthew Brown,zflynn@example.org,2025-06-01,False,medium,4,5.719774468455296
5438,Anne Bishop MD,donaldbrown@example.com,2025-09-09,True,medium,2,5.456627083434209
5439,George Garza Jr.,wardtamara@example.net,2026-09-01,False,low,1,5.05875025583331
5440,Michael Garrison,lindawagner@example.com,2024-11-23,False,low,3,3.6313091917490583
5441,Peter Vega,hamiltonamy@example.net,2024-11-20,False,low,4,4.903407906791884
5442,Monica Sanders,anthonyconrad@example.net,2024-10-30,False,high,8,8.767120936999493
5443,Margaret Lewis,joshuabradley@example.com,2025-03-19,False,low,1,5.057596728321535
5444,Antonio Davies,oramos@example.org,2025-04-13,False,medium,4,7.533920483578601
5445,Steven Green,jford@example.org,2026-04-26,False,low,2,4.813187825877636
5446,Dylan Smith MD,mturner@example.net,2025-02-11,False,medium,2,8.338783639454961
5447,David Turner,ujohnson@example.net,2025-01-21,False,medium,4,8.370297184586606
5448,Ashley Powers,hawkinsmichael@example.net,2026-04-18,True,low,1,2.5571188049871036
5449,Jeffrey Bullock,curtismiddleton@example.com,2025-10-04,False,medium,6,7.373435121536473
5450,Randy Skinner,zlong@example.org,2025-03-31,False,medium,2,7.361251538810159
5451,Brian Ramos,jose76@example.com,2026-02-22,True,medium,2,6.855402000874214
5452,Betty Morales,vblack@example.org,2025-07-16,False,low,2,5.403644060561351
5453,John Jones,wrightgwendolyn@example.org,2025-12-21,True,high,5,9.984615150895346
5454,David Gibson,adrian05@example.com,2025-03-26,False,medium,4,3.351671670217234
5455,Joseph Williams,ibarnes@example.com,2025-10-01,False,medium,0,8.604059870541915
5456,Joshua Wright,stephenwilliams@example.net,2026-04-06,False,medium,3,5.896055224463045
5457,Lawrence Fernandez,samanthacox@example.com,2026-05-14,True,low,1,5.039363549696983
5458,Kimberly Wilson,alvaradonichole@example.org,2025-05-02,False,medium,2,7.209871878771479
5459,Dr. Harry Russell,corey91@example.org,2026-01-09,False,high,8,11.001175974595185
5460,Ricardo Lin,sotomaria@example.net,2026-05-09,True,low,1,5.663692707165879
5461,Robert Meyer,ann01@example.org,2025-08-19,True,medium,1,3.7929379217681207
5462,Stephen Petty,rochapaul@example.net,2026-09-15,False,low,1,8.362157157648245
5463,Roy Smith,maldonadojuan@example.com,2025-11-08,True,low,1,6.724212775322782
5464,Alexis Fox,anthonypham@example.net,2025-11-27,False,low,0,3.3594884623590002
5465,Keith Williams,ggreen@example.net,2025-12-13,False,medium,7,2.7818817939582408
5466,Justin Phillips,heathersanchez@example.com,2025-03-21,False,high,5,12.533016001679293
5467,Jason Flores,hburch@example.org,2026-07-28,False,high,14,11.295108386543253
5468,Shawn Flores,vickiwilliams@example.org,2025-10-28,True,medium,3,7.1080934885793345
5469,Joshua Caldwell,roykayla@example.net,2024-09-27,False,medium,3,8.742082462298017
5470,April Cook,stephenhernandez@example.com,2026-06-12,True,low,0,2.381518833228585
5471,Lori Hartman,brentcampos@example.org,2024-09-25,False,medium,4,7.360260199794996
5472,William Daniels,kduncan@example.org,2025-02-14,True,medium,3,11.654343662188092
5473,Julie Duffy,xjackson@example.com,2024-11-07,True,medium,1,4.404596814506982
5474,Melissa Cantrell,griffinmary@example.net,2026-07-04,True,medium,2,4.45432191838637
5475,Cesar Alvarado,melinda28@example.com,2025-02-23,False,low,1,1.6581383691567004
5476,Sarah Torres,jademyers@example.net,2025-11-17,False,low,0,4.168027096243459
5477,Sally Freeman,christina59@example.org,2024-10-26,False,low,2,5.966280455589175
5478,Raymond Hall,michaelsweeney@example.net,2025-05-30,False,low,0,5.567482960327558
5479,Brittany Robertson,josepena@example.net,2025-09-29,False,low,1,5.993483003294427
5480,Stacy Miller,bellsusan@example.net,2025-09-09,False,medium,8,4.207202869090571
5481,Michael Hernandez,umiller@example.net,2025-12-01,False,high,8,10.239514470794246
5482,Veronica Hutchinson,caleb79@example.com,2025-12-20,False,medium,3,1.841439204423402
5483,Andrew Marshall,hillmelissa@example.net,2024-11-16,False,high,6,11.215555312315297
5484,Tristan Mullen,gsims@example.com,2025-05-22,False,low,1,4.041273080715011
5485,Kimberly Webb,brad09@example.org,2025-07-22,False,low,1,8.266252153040208
5486,Penny Cordova,jessica07@example.net,2025-01-31,True,medium,4,6.247477183887739
5487,Anthony Little,kellyleah@example.org,2025-11-08,False,medium,1,4.684456382589749
5488,Dr. Vincent Sandoval DVM,jmorris@example.net,2026-07-13,True,medium,3,6.132665601828788
5489,Gregg Fuentes,morgan68@example.org,2026-02-13,False,high,7,7.579313466481553
5490,Jessica Greene,smithmatthew@example.net,2025-11-02,False,high,3,11.079586903281012
5491,Daniel Vincent,jane49@example.net,2026-09-05,False,medium,3,8.023546425240813
5492,John Johnson,teresacooper@example.net,2026-02-06,False,medium,2,9.370992821905297
5493,Matthew Strong,heather60@example.net,2026-08-05,False,medium,3,6.421663509538066
5494,Kara Washington,marypatel@example.com,2025-04-17,False,high,7,11.185948314182008
5495,Troy Krueger,mathewanderson@example.net,2025-12-02,False,low,1,4.539568797678182
5496,Anna Mueller,johnsonhannah@example.com,2025-03-19,False,medium,4,7.5254991003017535
5497,Elizabeth Townsend,wagnerlori@example.org,2024-10-21,True,high,12,9.02816006849939
5498,Cory Stewart,dhutchinson@example.org,2025-02-22,True,low,0,5.213318915426255
5499,Jessica Peters,sarahsweeney@example.com,2025-05-27,False,low,1,4.6161207187743045
5500,Nicholas Reed,william85@example.com,2026-06-20,False,low,2,5.018308593227978
5501,Nathaniel Simmons,gadams@example.com,2025-10-06,False,low,2,1.7216384709551464
5502,Emily Mcpherson,crodriguez@example.org,2024-10-27,False,high,10,8.897964110494339
5503,Dean Davidson,melinda34@example.com,2025-12-16,False,low,0,3.702738160032587
5504,Kevin Reid,keith04@example.org,2026-02-03,False,low,1,1.3258948505864243
5505,Andrew Estrada,mlewis@example.com,2024-10-17,False,low,0,2.2412063535726023
5506,Frances Rodriguez,millsbrittany@example.net,2024-12-15,True,high,3,14.581712026891841
5507,Jessica Baxter,mark42@example.org,2025-11-12,False,low,0,3.5442864205577482
5508,Mary Sanchez,keithgilbert@example.net,2025-08-20,False,low,1,5.365417078185741
5509,Julia Miller,valenciajennifer@example.com,2025-08-06,False,medium,1,6.739195539094956
5510,Elizabeth Meyers,qwilliams@example.net,2025-12-17,False,low,2,3.1510132713618955
5511,Kevin Rivera,samuelcooley@example.org,2026-01-31,False,medium,3,2.5037382678733584
5512,Denise King,tanyatorres@example.com,2025-06-30,True,low,1,4.074013360534629
5513,Kim Lewis,omiller@example.net,2024-11-23,True,low,1,5.461205558224849
5514,Mary Trujillo,uparker@example.com,2025-10-05,False,high,4,12.792557116746558
5515,Edward Miller,kwalters@example.net,2024-11-06,True,low,1,2.377228119949064
5516,Sara Fitzgerald,villarrealjames@example.org,2024-12-25,False,low,1,4.493826796134709
5517,Jacob Terry,ievans@example.net,2026-09-15,False,medium,1,8.215249441680756
5518,Tara House,amanda76@example.net,2025-05-10,False,low,1,3.490332128978176
5519,Sara Bowman,oblack@example.org,2025-09-15,True,medium,3,7.166549259029594
5520,Sean Rodriguez,michaelsellers@example.org,2025-01-21,False,low,2,2.425630937957454
5521,Patrick Green,jamescochran@example.net,2025-09-30,False,medium,3,6.670799684652482
5522,Catherine Bailey,gjones@example.com,2026-09-14,True,low,1,4.867432339752727
5523,Julie Wise,curtis49@example.org,2025-09-28,False,low,3,3.480256471154465
5524,Casey Haynes,jamiemarshall@example.net,2026-07-09,False,medium,1,8.92979973805477
5525,Joseph Jones,osmith@example.com,2025-06-28,False,low,2,3.385056340028539
5526,Denise Clark,psmith@example.net,2025-06-19,True,low,0,0.5
5527,Danielle Richardson,charles62@example.net,2026-04-29,True,low,0,2.656609284438239
5528,Kathleen Cain,edward51@example.com,2026-01-26,False,low,1,5.455466997183869
5529,Crystal Bell,wellsdebra@example.net,2025-06-23,False,low,1,0.6954070997829191
5530,Amanda Cross,amanda26@example.org,2025-12-25,True,low,2,7.987733569533571
5531,Samantha Frey,justin72@example.org,2025-03-24,True,high,6,8.999946558879579
5532,Tanya Cantu,brandonsullivan@example.org,2026-08-21,False,low,0,4.212523121340328
5533,Lisa Smith MD,thomassingleton@example.org,2025-02-08,False,high,4,13.851147816332466
5534,John Walton,qhart@example.org,2025-02-25,False,low,0,3.7253541384527953
5535,Hunter Allen,brittany18@example.org,2025-10-29,False,low,0,6.113003170616345
5536,Lisa Strickland,alyssa69@example.net,2024-10-18,False,low,1,4.460930974318407
5537,Michelle Freeman,margaretrandall@example.net,2024-09-20,False,medium,2,11.890597930242414
5538,Morgan Martinez,rsmith@example.com,2024-09-25,True,low,2,2.227720133971805
5539,Stephen Wood,gibsonleonard@example.com,2025-07-16,False,low,1,3.6811952648430677
5540,Hannah Morris,brewermarcus@example.com,2026-06-14,False,high,12,15.82050637046657
5541,Richard Joseph Jr.,garywhite@example.com,2025-03-12,True,low,0,3.7380760340865504
5542,David Brown,dillonmargaret@example.net,2025-08-27,False,low,0,2.1106619867684797
5543,Nancy Sanchez,matthewmiller@example.net,2026-04-23,False,low,1,6.088583595899896
5544,Eric Higgins,daughertyeric@example.com,2024-12-06,False,medium,3,10.205928693843331
5545,Cindy Spencer,adamsjennifer@example.org,2025-12-26,False,low,1,0.5
5546,Elizabeth Thomas,georgeallen@example.org,2025-03-06,True,medium,3,4.890028706126256
5547,Michael Smith,leeseth@example.net,2025-01-21,False,low,0,0.5
5548,Candace Bates,bryan97@example.net,2024-11-27,False,low,1,2.549735518957762
5549,Gabriela Blake,teresa17@example.com,2025-01-30,True,low,3,4.788971717112912
5550,Noah Stone,zmoss@example.com,2025-04-14,False,high,5,8.11742955255435
5551,Kimberly Levy,xellis@example.org,2025-06-19,True,medium,6,5.948590389396034
5552,April Lopez,dwilliams@example.com,2025-03-16,True,medium,0,6.8089341858489245
5553,Jamie Anderson,reneegriffith@example.com,2025-07-24,False,low,0,5.240346253548317
5554,Carla Jones,rubenmatthews@example.com,2025-05-10,True,low,1,3.856576967249181
5555,Kimberly Ruiz,mhancock@example.net,2026-03-02,False,low,0,4.202302533347431
5556,Eric Potts,calebreynolds@example.net,2025-01-12,False,low,0,8.050210215695515
5557,Christopher Moreno,jamesle@example.org,2025-02-08,False,low,0,3.163791060855616
5558,Erika Bowen,matthewgamble@example.com,2025-01-01,False,low,2,4.298871730166175
5559,Patricia Hensley,samantha01@example.com,2025-04-24,True,high,14,8.950226085001374
5560,George Martin,johnathanwood@example.com,2026-01-24,True,low,2,3.0563947597675374
5561,Samantha Bradley,rebeccaterry@example.com,2024-10-13,False,low,0,0.654210999957662
5562,Christopher Sanford,jamesbest@example.com,2024-12-09,False,low,0,3.303269338447011
5563,Shannon Tran,jaredboyd@example.net,2026-01-01,False,medium,3,7.038142801507426
5564,Rachel Miller,petersonkathryn@example.net,2025-12-29,False,low,0,3.9348878115571626
5565,Justin Ward,brian25@example.com,2024-12-21,False,low,2,4.357174412907527
5566,Michael Lee,olsonanita@example.org,2025-10-30,True,medium,5,8.246746363289258
5567,Elizabeth Petersen,smaldonado@example.com,2026-02-25,True,medium,7,7.42433907772824
5568,Carol Harvey,amy56@example.com,2024-10-18,False,low,1,2.261559242696305
5569,Jane Taylor,stephenmcmillan@example.net,2024-09-18,False,low,1,4.802924998410738
5570,Robert Byrd,leah41@example.org,2026-03-17,False,medium,2,9.852994545437165
5571,Paul Richardson,tthompson@example.org,2024-12-31,True,low,0,2.2953367771316957
5572,Jill Kemp,hartmansarah@example.com,2026-08-13,False,medium,3,7.496906525905529
5573,Laura Turner,wrightroger@example.com,2025-01-20,True,medium,4,7.980998982008033
5574,Ralph Wolf,andrewflores@example.net,2026-03-07,False,low,0,4.5419043711176315
5575,Jason Jones,kennethbrown@example.net,2026-07-12,False,medium,2,9.816391211226184
5576,Wendy Clark,reedpamela@example.net,2025-03-31,False,medium,2,5.759221743235773
5577,Amanda Brown,pferguson@example.org,2025-12-14,True,high,9,9.776595850540971
5578,Holly Barber,burgessjacob@example.com,2025-01-15,False,medium,5,8.790192925482566
5579,Jennifer Willis,samuel70@example.com,2025-08-04,False,high,6,11.785179160014977
5580,Jane Campbell,oburton@example.org,2025-08-25,False,medium,1,4.192805400838784
5581,Amanda Warren,dennisjessica@example.org,2024-12-25,False,low,4,5.5868865909886205
5582,Dr. Kelly Smith MD,sherri11@example.net,2025-09-25,True,medium,6,6.675331627947571
5583,Kevin Smith,jonathan10@example.net,2026-08-27,False,high,9,13.359526763597135
5584,Jessica Hale,dennislinda@example.net,2025-01-22,False,medium,0,5.537831790984935
5585,Keith Clark,qroberts@example.org,2024-12-22,False,low,0,1.2636641386180645
5586,Andrew Boone,charlesowen@example.com,2026-04-15,False,low,1,6.605772340295113
5587,Jacob Boyd,cdunn@example.com,2025-07-18,True,medium,6,6.199143878982786
5588,Jill Patrick,adamsjoseph@example.org,2025-05-28,False,low,1,6.02657299646269
5589,Jamie Knight,adamsdavid@example.com,2025-08-30,False,medium,3,9.108071365057171
5590,Ana Osborne,vwilson@example.org,2024-12-12,False,low,1,0.5
5591,Jessica Hancock,qmathis@example.org,2026-03-21,False,medium,3,8.350163681624387
5592,Deborah Johnson,hollandrobert@example.com,2024-09-25,False,high,10,10.533595939881636
5593,Michael Porter,michael10@example.com,2025-02-11,True,low,2,2.125859431281339
5594,Chelsea Smith,marcjohnson@example.net,2026-09-10,False,low,1,3.9992785492854477
5595,Nathaniel Thompson,dunnsamuel@example.org,2026-03-12,True,medium,2,6.358209130185389
5596,Kevin Stewart,lisarussell@example.org,2026-01-22,True,medium,4,4.5221772751588905
5597,Lauren Pena,kimberlywhitaker@example.net,2026-09-06,False,low,0,7.275761300098717
5598,Michele Adams,johnsonbrooke@example.net,2025-09-22,False,low,1,7.057119387683897
5599,Nathan Weber,mcknightbrenda@example.net,2026-02-12,False,medium,2,6.450031227420172
5600,Cathy Meyer,jessica59@example.com,2025-12-17,True,low,0,3.9332810012200925
5601,Deborah Lee,lori26@example.com,2025-03-27,True,low,0,5.312149930970991
5602,David Giles,zgarrett@example.com,2026-07-03,False,low,0,4.54629112214013
5603,Sherry Johnson,farleygeorge@example.net,2026-03-05,True,medium,6,6.77133780188132
5604,Julie Fuentes,andrewsimmons@example.com,2025-09-16,False,low,0,3.9720526355404098
5605,Mary Gibson,smithaaron@example.net,2026-07-01,False,medium,4,5.292803691480359
5606,Anthony Lynch,cynthiamiller@example.net,2026-06-09,True,low,3,3.318093314262928
5607,Patrick Davis,shawn20@example.net,2025-01-27,False,low,1,6.1664354962140795
5608,Jeffrey Miller,bday@example.org,2025-08-10,False,medium,1,8.683100563046958
5609,Brittany Cain,jessica26@example.net,2026-05-26,True,medium,1,8.451578529664774
5610,Stephen Hart,btapia@example.org,2026-09-02,True,low,1,3.712884982636985
5611,Alicia Nelson,colleennewton@example.org,2026-01-12,False,medium,4,4.7952022718970415
5612,Yvonne Myers,arobinson@example.org,2026-04-07,False,low,1,7.312243234818453
5613,Stephen Clark,bradley66@example.net,2026-09-17,False,medium,5,7.9684501766547005
5614,Ricky Peterson,foxanthony@example.org,2025-05-24,True,medium,3,7.4450955044408635
5615,Meghan Brown,bradleygarrett@example.org,2025-06-08,False,low,3,4.809345505500955
5616,Leslie Wagner,belltheresa@example.com,2026-07-01,True,high,10,12.7531077742365
5617,Emily Miller,kimberly24@example.org,2025-07-20,False,medium,4,8.781894613386827
5618,Jacob Lyons,alexanderchristopher@example.org,2026-03-29,False,low,2,1.4462952371251463
5619,Natalie Mccullough,robertboyd@example.net,2024-09-28,True,low,1,4.474006403977499
5620,Tony Cole,anna11@example.com,2025-08-02,False,low,1,6.189445768479368
5621,Alexander Steele,ramirezmargaret@example.com,2025-12-31,False,medium,3,7.580675270483274
5622,Shannon Cook,qgomez@example.org,2026-07-02,False,low,0,1.0132856222364492
5623,Amy Ryan,mjohnson@example.net,2024-10-31,False,low,0,5.531008167561664
5624,Eddie Jordan,nicole75@example.org,2026-04-05,False,high,3,13.186199765650846
5625,Benjamin Stewart,doris74@example.org,2025-11-29,True,medium,2,4.714143744451524
5626,Aaron Garcia,ellisbradley@example.net,2024-10-06,False,low,2,6.684600499955166
5627,Brandon Smith Jr.,leahsmith@example.org,2026-05-30,True,medium,2,6.747067106482136
5628,Brent Mack,harperchristina@example.net,2025-08-23,False,low,0,3.4446904647233434
5629,Joseph Roman MD,kross@example.org,2025-09-17,False,low,1,1.4598305229746966
5630,Erik Huang,campbellkristen@example.com,2026-03-16,True,medium,3,2.0441929817987763
5631,Stacie Robbins,jbenjamin@example.org,2026-02-03,True,low,0,3.793656560868924
5632,Miss Sierra Anderson,smithjoseph@example.net,2026-04-19,False,medium,4,6.940880642069471
5633,Caroline James,alexandraturner@example.com,2025-06-05,False,medium,3,5.148471920698604
5634,Charles Davis,patrick86@example.com,2026-06-18,True,low,1,3.885028501578393
5635,Stephanie Horn,wkrause@example.org,2026-06-20,False,high,5,6.907469137307058
5636,Kim Thompson,angela61@example.net,2025-04-28,False,low,1,3.7214680072501096
5637,Nicholas Boone,ymckee@example.net,2026-01-03,False,medium,0,7.823325933872691
5638,Sarah Hunt,xmorgan@example.net,2025-08-25,False,low,0,4.860171199350864
5639,James Robinson,desireewhite@example.net,2024-09-29,False,low,0,4.038429698908372
5640,Timothy Martin,ymedina@example.com,2025-01-10,False,medium,5,4.934505069699488
5641,James Sampson,stewartkristine@example.org,2024-12-08,False,high,11,8.961213362152778
5642,Katherine Moss,bwilliams@example.com,2026-08-10,False,high,7,13.972101611658678
5643,Evan Blackwell,kshaw@example.net,2025-05-02,False,low,3,2.5748420656453543
5644,Sarah Ward,karlarobinson@example.com,2025-03-20,True,low,2,0.5
5645,Amanda Hopkins,connie03@example.net,2025-10-25,False,low,1,4.360472770918629
5646,Stephen Gonzalez,nicholas69@example.org,2025-10-05,False,low,1,3.773382192768394
5647,Mrs. Kiara Davies MD,oleon@example.org,2026-02-02,False,low,0,4.144869127031966
5648,Courtney Jones,andrewsmith@example.net,2026-04-24,False,low,2,0.8513125835534008
5649,Andrew Carter,bblack@example.org,2025-06-07,True,low,2,4.12127497646944
5650,Pamela Solis,sarahramirez@example.com,2024-11-08,False,low,2,6.829061586221
5651,Brittany Braun,michael18@example.org,2025-02-10,False,low,2,4.243396815723664
5652,Joseph Torres MD,duane50@example.com,2026-04-27,True,medium,5,6.223037250355527
5653,Joseph Anderson,brookemckenzie@example.org,2026-01-06,False,low,2,2.9043342933700735
5654,Jessica Patterson,vcamacho@example.org,2024-10-13,False,medium,5,4.437430160008319
5655,Wesley Flores,pmarquez@example.org,2025-07-01,False,medium,5,5.44181828252443
5656,Daniel Price,henry47@example.com,2024-11-18,False,medium,4,5.763969855255558
5657,Ronald Guerra,edwardstewart@example.com,2026-02-18,False,medium,2,6.936477353419624
5658,Katie Hammond,susanbaker@example.org,2025-07-19,False,low,0,6.910480604299499
5659,Angela Rose,vmaldonado@example.com,2025-08-30,False,high,7,13.29188084520506
5660,James Green,fjohnson@example.net,2025-03-23,False,low,1,1.2600886759060206
5661,James Johnson,brownjessica@example.org,2025-05-15,False,medium,7,12.045696459266084
5662,Rachel Stein,sara62@example.com,2025-10-03,False,medium,5,3.4264807662746044
5663,Tracey Wells,qreyes@example.org,2024-12-25,False,medium,2,10.386274983128114
5664,Zachary Gill,melvin37@example.com,2026-01-12,False,medium,2,9.830225453936109
5665,Carl Holland,robertkelly@example.net,2026-04-04,False,low,1,3.877948802855054
5666,Catherine Walker,ymendoza@example.org,2025-08-16,False,low,1,6.492929028793137
5667,Glenda Bryan,youngkevin@example.net,2026-08-27,False,low,0,3.132254755350511
5668,Tracy Wright,wward@example.com,2025-03-10,True,low,1,3.298011716801123
5669,Lori Jackson,chasejose@example.org,2025-05-18,True,low,2,7.981865140737875
5670,Kathleen Sanders,cherylgood@example.net,2026-06-04,True,low,0,5.000976761412757
5671,Tony Chandler,scruz@example.net,2025-01-16,True,low,1,4.710097213192313
5672,Dominic Allen,rebecca28@example.com,2024-11-02,False,high,3,11.821540678385793
5673,Patricia Holmes,denise43@example.org,2024-12-23,True,high,5,11.058873381484775
5674,Melissa Owens,andreacollins@example.org,2026-04-28,False,high,7,10.181396223532076
5675,Luis Cowan,lori80@example.com,2026-02-10,False,low,1,4.1273944093063655
5676,Janice Ramsey,ryanshannon@example.org,2026-06-29,False,medium,4,11.114056497942514
5677,Teresa Thompson,kyletrujillo@example.org,2024-12-08,False,low,1,3.7566408375329527
5678,Jesus Castillo,petersonrichard@example.com,2025-01-10,False,low,0,8.043253280040732
5679,Christine Randolph,youngallison@example.com,2025-02-09,False,low,1,6.825335606518334
5680,Michael Jarvis,carrollmegan@example.com,2025-07-25,True,medium,1,6.5572581803062855
5681,Michelle Coleman,julie69@example.net,2025-10-21,False,high,7,11.30792453253127
5682,Maria Reynolds,vjackson@example.org,2025-09-20,False,low,1,7.011014297098393
5683,John Beltran,davidsnyder@example.net,2026-08-31,False,low,0,3.063439812859648
5684,Jessica Williams,cgarcia@example.org,2025-12-28,False,high,9,10.50821145401951
5685,Laura Stevens,matthewherrera@example.net,2025-01-22,False,low,2,1.153015267587305
5686,Whitney Harper,zavalaanthony@example.net,2025-02-03,False,medium,3,4.912473803464831
5687,Courtney Alexander,matthew24@example.com,2026-05-19,False,high,6,11.888401491783723
5688,Anne Jones,april22@example.org,2025-10-30,True,low,2,3.603741159425521
5689,Felicia Wallace,hayesanthony@example.com,2025-08-29,True,high,7,10.932078756197496
5690,Michael Gonzalez,clarklaura@example.com,2026-07-09,False,low,0,5.63368979319716
5691,David Gonzalez,kpreston@example.com,2025-05-11,True,low,1,4.243826327048932
5692,Daniel Ward,heatherrojas@example.net,2026-08-25,False,medium,3,7.4387772692810845
5693,Ann Garcia,stacy67@example.com,2026-04-03,False,medium,3,2.9462901656818445
5694,Ebony Chapman,melinda77@example.org,2025-03-06,False,high,11,10.636596095485082
5695,Karen Ward,mikegonzalez@example.org,2024-11-05,False,low,2,7.519776031533548
5696,Thomas Rivera,paul36@example.com,2025-12-12,False,low,2,4.296750554574192
5697,Regina Kaufman,pmason@example.com,2025-12-24,True,medium,1,3.5850322454404298
5698,Victoria Collins,rachael81@example.org,2026-01-14,False,medium,2,8.671819546275856
5699,Cheyenne Anderson,wvillarreal@example.org,2025-11-04,True,low,0,7.155911250111629
5700,Jamie Mckinney,hillmikayla@example.net,2025-04-21,False,low,1,7.332983536783283
5701,Sharon Avila,mendezgregory@example.com,2025-03-28,True,high,5,14.837684844511989
5702,Philip Mccoy,jordanelizabeth@example.net,2026-07-07,False,high,6,8.965894410542361
5703,Kent Clark,htaylor@example.org,2024-12-28,True,medium,3,9.953386861491968
5704,Jorge Cummings,brianahoover@example.net,2026-06-23,True,medium,5,7.082068520104285
5705,Ashley Oneal,christy47@example.com,2024-11-14,False,medium,1,5.900292786945165
5706,Nicole Sharp,phunt@example.org,2025-05-02,True,low,0,4.913395124980192
5707,Amanda Lin,evelyn46@example.net,2024-09-30,False,low,0,4.670467146746164
5708,Patricia Wilson,jason36@example.org,2026-07-19,False,medium,4,5.820221441267634
5709,Craig Garcia PhD,kentmaurice@example.net,2025-05-18,False,low,0,4.390456265880662
5710,Mary Hanson,blakethomas@example.net,2026-08-27,False,medium,5,5.363231381517645
5711,Sarah Haney,guzmancarl@example.com,2025-04-20,False,low,0,0.5
5712,Jason Best MD,stoutmargaret@example.net,2025-04-27,False,medium,1,9.054881967385302
5713,Rachel Johnson,wuvalerie@example.com,2026-05-13,False,low,0,3.989621573342382
5714,Peter Peterson,veronicabutler@example.net,2025-06-26,True,high,5,9.664602479702227
5715,Edwin Welch,dianajacobson@example.com,2025-02-16,False,medium,6,6.856096637542935
5716,Samuel Gutierrez,watsonmatthew@example.net,2026-09-07,False,low,1,4.992359531482775
5717,Heather White,tammy24@example.net,2026-09-10,True,low,2,3.5777722085702806
5718,Natalie Hoffman,linkevin@example.net,2025-09-15,False,medium,2,9.43900248639574
5719,Donald Stephenson,marcus16@example.net,2026-03-07,True,low,3,0.5
5720,Douglas Bridges,rsherman@example.com,2024-11-29,True,low,1,0.5
5721,Krystal Wood,simsjimmy@example.net,2026-04-08,False,medium,3,9.022019640714658
5722,James Hammond,balexander@example.net,2026-06-14,False,low,0,2.7346430933700208
5723,Mrs. Vickie Sloan,erica68@example.net,2024-10-19,True,low,1,2.177966020024802
5724,Chelsea Green,johnsonlaura@example.net,2026-01-13,False,low,0,5.4397611673140025
5725,Brenda Ayala,timothy39@example.net,2026-05-09,False,low,2,7.189567592973495
5726,Cheryl Johnson,wruiz@example.org,2025-01-08,True,low,2,5.4999894105823035
5727,Juan Peters,april30@example.com,2025-03-21,False,medium,2,4.60996330602229
5728,Juan Lara,theresa95@example.net,2026-01-08,False,low,2,9.6671608589132
5729,Alexis Brown,spencerjohn@example.net,2025-06-27,False,medium,0,3.0689020111197545
5730,Andrew Johnson III,kevin12@example.net,2025-02-05,False,high,7,10.026359713201861
5731,Timothy Smith,erika25@example.com,2026-06-26,True,medium,4,7.861650216518779
5732,Janice Morris,ryan44@example.org,2026-08-03,True,high,4,10.56348588425579
5733,Michelle Schwartz,dbrown@example.net,2025-02-04,True,medium,5,7.020385830612652
5734,Gary Chapman,crawfordryan@example.org,2024-11-27,False,low,1,2.882485207105819
5735,Kaylee Young,karen09@example.com,2026-03-19,False,low,0,4.306059584614324
5736,Brandy Rhodes,andersonpaul@example.com,2026-09-16,False,high,5,14.370448238407235
5737,Kelli Rangel,smithcaleb@example.net,2025-02-16,True,high,4,16.06742165826026
5738,Allison Barnes,xrogers@example.net,2026-09-09,False,medium,3,6.9029349480435025
5739,Susan Lopez,paulparker@example.com,2025-03-13,False,high,10,13.511672850951907
5740,Steven Thompson,bradyjoseph@example.net,2026-01-01,True,low,1,5.330518053493459
5741,Curtis Craig,cooperchristina@example.org,2025-12-11,False,low,3,4.418876641836682
5742,Monica Nelson,grahamjesse@example.org,2025-05-18,False,medium,3,9.31307372638523
5743,Christopher Johnson,slopez@example.org,2026-08-15,False,high,11,8.816068319428018
5744,Jacqueline Miller,joyce98@example.net,2026-05-23,False,medium,5,10.386837639357562
5745,Jacqueline Rogers,brittany52@example.net,2025-07-25,True,low,2,4.639123578335871
5746,Evan Taylor,jgonzalez@example.com,2024-12-30,False,low,1,0.98430807181736
5747,Karen Day,ashleybrown@example.org,2024-10-04,False,low,2,0.7025905587914187
5748,Billy Hickman,patrickhampton@example.net,2026-01-04,False,high,3,13.44822779945288
5749,Brianna Edwards,mary81@example.org,2024-12-04,True,medium,3,3.7405322843220907
5750,Philip James,jeremy30@example.org,2025-04-11,True,low,0,3.5557767753011005
5751,Alan Wilson,cameroncoleman@example.com,2025-01-31,True,low,1,1.3336088624168059
5752,John Mendoza,oconnellnathan@example.net,2026-07-14,False,low,0,4.025970829719189
5753,Casey Mendoza,qjohnson@example.org,2025-07-27,False,low,0,0.5356276837265592
5754,Kristine Ross,vsalazar@example.net,2026-08-03,True,low,2,2.9547022237199827
5755,Heather Powers,twong@example.org,2024-11-03,False,medium,6,10.847910351466581
5756,Scott Vazquez,christine67@example.org,2026-02-12,False,low,1,4.893870629813357
5757,Cheryl Cunningham,doughertyscott@example.org,2025-12-12,True,low,0,3.888436430755427
5758,Ernest Barrett,cynthia20@example.org,2024-11-05,False,medium,1,3.537112696539343
5759,Rachel Webb,oconnordouglas@example.net,2025-06-14,False,medium,3,5.70493122938593
5760,Courtney Banks,jasonarnold@example.com,2025-03-06,False,medium,2,8.178060710707971
5761,Steven Dodson,vmercer@example.net,2026-06-23,True,low,3,6.216991834354233
5762,Michael Pruitt,cperkins@example.com,2024-12-10,False,medium,4,6.345769313816938
5763,Kelsey Robbins,priscilla11@example.com,2025-09-14,True,low,1,6.610905152635434
5764,Betty Aguilar,troymorris@example.com,2026-08-03,False,medium,4,10.264979792747376
5765,Alexandra Morales,jasonberg@example.net,2026-05-25,True,low,1,2.5239631202349986
5766,Jordan Griffith,jennifer93@example.com,2024-11-07,False,low,5,5.207817951219085
5767,Matthew Crawford,stoneandrew@example.net,2026-02-07,True,high,7,7.505273702658032
5768,Andrea Proctor,orice@example.com,2025-04-10,False,medium,1,5.181261366578366
5769,Nicholas Bryan,george43@example.com,2025-12-06,True,low,1,2.4299459995959487
5770,James Krueger,kyle67@example.org,2024-12-14,True,medium,4,2.794422175610025
5771,Jennifer Fox,plove@example.org,2025-04-22,False,medium,5,7.671372264314503
5772,Dwayne Butler,nicholas27@example.org,2026-02-05,True,low,1,0.9758360557769827
5773,Mark Garcia,stewarttyler@example.com,2024-12-15,False,low,0,5.563808104021269
5774,George Burton,matthew79@example.com,2025-12-27,False,high,6,13.513450403686722
5775,Joe Bowers,alvarezscott@example.org,2026-05-19,True,low,0,7.645845232308599
5776,Jacqueline Novak,rittercharles@example.org,2024-12-02,False,medium,5,7.356883628426115
5777,Ashley Ruiz,briana12@example.net,2025-12-19,False,high,8,17.370188964319688
5778,Jerome Martinez,richardsonmatthew@example.net,2026-07-18,False,medium,3,7.4209582476722
5779,Samuel Garcia,iroberts@example.com,2025-07-30,False,medium,2,8.386578717389268
5780,Matthew Parker,katherinecurry@example.org,2025-08-04,True,high,4,10.06461412653794
5781,Patrick Casey,lopezbrett@example.org,2024-09-20,False,low,0,6.7220947273061045
5782,Kenneth Williams,nicholasmoore@example.org,2026-08-16,False,low,1,2.4360158567442816
5783,Ashley Ramirez,nbarnes@example.com,2025-08-13,True,medium,2,6.120467406763159
5784,Christopher Johnson,vickiemccann@example.net,2025-11-10,False,medium,4,10.897052084891627
5785,Ryan Howell,brianoconnor@example.com,2026-03-04,True,low,1,3.0521349210230393
5786,Steven Price,nunezkayla@example.com,2026-07-19,True,high,10,11.460535460772208
5787,Denise Bell,randycarpenter@example.com,2024-11-09,True,low,1,2.738746680738519
5788,Alyssa Johnson,antoniohudson@example.com,2025-07-10,True,high,6,13.184210879516952
5789,Anthony Clarke,johnlopez@example.com,2024-12-14,False,medium,4,4.785697110570589
5790,Julie Martinez,ykennedy@example.org,2026-07-01,False,low,2,4.537797490958966
5791,George Jordan,christophernelson@example.org,2025-04-03,True,high,5,10.722836033535277
5792,Andrew Serrano,jay07@example.com,2025-01-19,False,medium,3,7.724185474716476
5793,John Williamson,rita93@example.net,2025-07-07,False,medium,0,4.900007334606311
5794,Carly Luna,millerkim@example.net,2025-12-30,True,low,2,5.8170764146543394
5795,Kendra Moses,wilsonbryce@example.org,2024-10-12,False,low,4,5.890652783322063
5796,Michael Carpenter,alyssadiaz@example.org,2025-01-04,False,medium,0,11.6475781692838
5797,George Nelson,sandersjohn@example.org,2025-03-29,False,low,1,3.83891265392225
5798,Lisa Dunn,hjohnson@example.net,2025-01-19,False,low,1,6.131930136650759
5799,Nathaniel Richardson,david93@example.org,2026-01-12,False,medium,1,7.913066346492103
5800,Amy Martinez,ellen16@example.net,2026-05-17,True,low,0,5.907297919654061
5801,Emily Caldwell,williamstammy@example.com,2026-01-14,True,low,2,4.939368962181647
5802,Victoria Baker,matthewsbradley@example.com,2025-02-10,False,low,0,5.596902843718908
5803,Andrew Williamson,cellis@example.com,2024-09-25,True,medium,2,6.085018791009357
5804,Richard Collier,stacyroth@example.com,2025-07-05,False,low,0,2.233675179951043
5805,Gabriel Ewing,ismith@example.com,2026-06-17,False,low,0,1.2435625929600573
5806,Kevin Pruitt,karen32@example.org,2026-01-23,False,medium,2,8.424072918721906
5807,Mr. Brian Olsen,daniel59@example.net,2025-01-21,True,low,0,1.4021034789292197
5808,Robert Perkins,icarlson@example.org,2024-12-22,False,medium,6,6.1837109546204765
5809,Brenda Bailey,chad75@example.com,2026-08-25,False,low,0,3.7355345416596117
5810,John Brooks,qmartin@example.com,2026-06-10,False,high,9,7.490095525328853
5811,Sara Villanueva,ryansmith@example.net,2025-11-01,False,low,0,3.4592492583992898
5812,Matthew Williams,jessicalang@example.com,2025-09-26,False,low,0,5.033629904060377
5813,Mark Bell,melissaperry@example.com,2025-06-24,False,high,6,10.900768998546356
5814,Kimberly Johnson,robert30@example.org,2024-10-24,False,medium,1,8.953942319777841
5815,Kari Diaz,heatherhopkins@example.org,2025-04-11,True,high,8,9.24238214166818
5816,Lisa Castro,patriciachavez@example.org,2025-03-30,False,medium,3,3.5363926021481045
5817,Cindy Kennedy,fholloway@example.net,2025-03-03,True,high,5,12.052199890989323
5818,Charles Russell,morgan54@example.org,2025-09-17,False,low,0,3.2529618892690313
5819,Shawn Bishop,shelbysimon@example.net,2025-02-21,False,medium,3,9.61191196959593
5820,Amanda Ruiz,caseychristina@example.com,2025-12-09,False,low,0,2.340137759811877
5821,Thomas Butler,ortegaanthony@example.net,2026-05-09,True,low,1,6.089208919898859
5822,Joseph Cummings,andrew33@example.com,2026-02-28,False,medium,6,8.500002792543059
5823,Zachary Strickland,maria27@example.com,2025-12-02,False,low,2,2.6334294735648296
5824,John Robles,jwhite@example.org,2026-04-26,True,medium,1,8.310970649428208
5825,Cynthia Flores PhD,lmontgomery@example.org,2026-04-09,False,high,5,10.011299760101123
5826,Timothy Ramos,colin65@example.net,2026-09-10,True,medium,2,6.389117572312724
5827,Jennifer Payne,kimberlyphillips@example.net,2026-04-13,False,high,5,13.168735375002312
5828,Courtney Perkins,ali@example.net,2026-08-13,True,medium,1,6.800281126130748
5829,Erica Hernandez,tfoster@example.com,2024-11-05,False,medium,4,10.414762209508895
5830,Kayla Lewis,dominiquechavez@example.org,2026-03-10,True,high,7,7.83468065605131
5831,Michael Medina,xrivera@example.org,2026-04-07,False,medium,3,9.336730551422601
5832,Jessica Neal,wendy16@example.com,2026-06-24,True,low,0,1.3693478298962232
5833,Mariah Ward,davidcandice@example.com,2025-11-19,False,medium,0,5.146565675059832
5834,Patrick Taylor,thill@example.net,2026-02-18,True,medium,0,7.325346143120792
5835,Hannah Garcia,jimmy04@example.org,2026-06-28,True,medium,3,10.710940434858532
5836,Christopher Lawson,mmoore@example.org,2025-09-16,False,low,2,7.820927794942503
5837,Devon Lester,herbertgarcia@example.org,2026-01-27,False,low,0,2.9900711029170086
5838,Matthew Patrick,glee@example.org,2026-01-19,True,low,1,2.9117493371086116
5839,Melanie Johnson,jonathanharris@example.com,2025-05-14,False,low,3,0.5338122940329515
5840,Christopher Reilly,jessicamurphy@example.net,2026-03-09,True,low,1,0.5
5841,John Johnson,jared51@example.org,2025-05-08,False,high,7,14.020192397143562
5842,Dakota Powers,wendy17@example.org,2025-12-04,False,low,2,7.65354000020438
5843,Tracy English,zhall@example.org,2026-03-27,False,medium,2,9.143569470224927
5844,Mark Miles,michelle33@example.net,2025-12-25,False,low,0,4.9045592151190895
5845,Carol Turner,iowen@example.net,2026-08-23,True,high,7,8.031347128228482
5846,Bridget Sanders,ashleynewman@example.net,2025-03-23,False,low,3,6.261663646324521
5847,Melissa Thompson,michael18@example.com,2025-11-10,False,high,10,10.920773086614028
5848,Ariel Elliott,simmonsgregory@example.com,2025-11-28,False,medium,3,6.004608400029834
5849,Thomas Morris,mmorgan@example.org,2026-07-22,False,medium,0,6.9182953208811835
5850,Ashley Walker,yschwartz@example.org,2025-07-30,False,medium,5,9.352158119270449
5851,Adam Nelson,shawnsmith@example.net,2026-04-20,False,high,5,10.305871893626113
5852,Janet Miller,ehaynes@example.org,2025-07-20,False,low,1,4.400831326867713
5853,Sarah Richmond,thompsonshawn@example.net,2026-05-06,False,low,2,5.233646169145112
5854,Selena Alvarado,chowell@example.org,2026-09-09,False,medium,3,6.453813164921253
5855,William Dickerson,christopher62@example.net,2025-02-07,False,medium,2,6.884495005497344
5856,Vanessa Newman,oarnold@example.com,2025-05-05,False,high,4,8.51715434498458
5857,Kristin Vaughn,aoconnell@example.org,2025-12-06,False,medium,3,1.2061507258040036
5858,Jack Wright,chavezmatthew@example.org,2025-03-27,False,high,6,11.88767209208127
5859,Jessica Phillips,amberquinn@example.com,2024-10-23,False,low,0,7.830170748251555
5860,Julie Bruce,wrogers@example.com,2025-07-20,True,high,5,10.697328913290926
5861,Amy Phillips,david09@example.com,2025-07-01,True,low,3,3.2954933255294776
5862,Nicholas Robinson,debbie28@example.net,2025-01-31,False,low,3,6.562948105630607
5863,Daniel Williamson,ntucker@example.com,2025-02-13,False,low,0,4.273102343438666
5864,Michael Lambert,savagesteven@example.com,2025-07-14,False,high,9,13.946383025951517
5865,Kayla Myers,donaldmarquez@example.net,2026-09-10,False,medium,3,7.3600382788292835
5866,Michael Gonzalez,fthompson@example.org,2024-11-13,False,medium,1,6.379480572159064
5867,Traci Kim,tammypeterson@example.com,2025-05-29,True,low,1,2.5801722057161216
5868,Derrick Wood,colemanashley@example.net,2025-05-22,False,low,2,3.571136619827601
5869,Betty Baker,zyoung@example.org,2025-12-05,False,high,7,13.255997980529001
5870,Michele Meyer,heather41@example.com,2025-11-16,False,medium,2,8.059140186572995
5871,Patricia Evans,christopherprince@example.net,2024-12-13,True,medium,2,11.05291226217915
5872,Benjamin King,rileysteven@example.com,2025-01-03,False,medium,2,9.234207583054257
5873,Krista Crane,tgreen@example.org,2026-08-12,False,medium,1,7.253489732301631
5874,Patrick Holt,ybraun@example.org,2025-02-11,False,low,2,2.5465125140668428
5875,Joel James,brendanchavez@example.net,2026-06-24,False,low,0,3.5753909168468008
5876,Lisa Flores,aguilarrandall@example.net,2025-06-03,True,medium,4,5.127137606517312
5877,Susan Howell,andrew23@example.com,2026-08-13,False,high,5,9.553221595351074
5878,Jack Williams,josephbryan@example.org,2025-09-28,True,low,2,5.65965273165819
5879,Brenda Matthews,christopher39@example.org,2024-09-21,False,low,1,4.881802726984998
5880,Heather Brown,torresjonathan@example.net,2026-05-16,False,medium,3,7.320244135325491
5881,Luis Brown,yvette52@example.org,2025-09-05,False,high,5,13.034482702378558
5882,Luke King,scooper@example.com,2025-05-05,False,low,2,0.5
5883,Diane Taylor,nhall@example.org,2026-04-08,False,low,0,2.6692311220076377
5884,Kristin Snow,kcooper@example.org,2025-02-16,False,high,7,11.08282057828496
5885,Curtis Brown,kennethclark@example.org,2025-07-23,False,medium,5,5.78212889773774
5886,Matthew Clarke,linda03@example.com,2025-12-28,False,low,3,3.373775782943317
5887,Shelly Roberts,sanfordfelicia@example.net,2026-06-26,True,medium,3,8.561512004776208
5888,Mrs. Michelle Curtis,kruegerjade@example.com,2024-12-08,False,low,1,1.1430377467064465
5889,Brittany Cherry,christopherreyes@example.org,2026-06-26,False,medium,5,3.9881320099864306
5890,Laura Nixon,ricenicholas@example.net,2026-01-17,True,low,0,5.582816614970124
5891,Bradley Shaffer,stephensstacy@example.org,2025-01-08,False,medium,3,8.737926195832099
5892,Tamara Hawkins,rosborn@example.com,2026-07-15,False,low,3,4.550995445777945
5893,Brenda Larsen,shannon53@example.com,2025-07-24,False,high,12,9.517545165151716
5894,Arthur Jones,michaelbrowning@example.com,2026-02-07,True,low,0,7.193616559007299
5895,Danielle Petty,zmartin@example.org,2026-01-16,False,low,1,6.899598289884008
5896,Michael Faulkner,brianjones@example.net,2025-05-28,False,low,1,7.318426503573786
5897,Frank Lawson,penachristy@example.com,2026-04-01,False,low,1,6.057507360650252
5898,Steven Gilbert,joe10@example.com,2026-06-01,False,medium,2,7.771378349323165
5899,Mr. Thomas Lopez,ucordova@example.org,2026-08-12,False,high,5,8.289075338968697
5900,Michael Trevino,barbara68@example.net,2025-11-12,True,medium,6,5.809385553135703
5901,Victor Cox,jenny20@example.org,2024-09-19,False,high,9,9.113119654712019
5902,Vicki Lyons,erika44@example.net,2026-05-31,False,high,4,16.124089097664744
5903,Charles Griffin Jr.,lindseymadison@example.net,2026-06-05,False,low,0,4.215129668739591
5904,William Gregory,curtispearson@example.com,2025-05-15,False,high,12,9.802358210072521
5905,Brandi Waters,audreyjohnson@example.org,2025-01-24,False,medium,4,9.550819870557081
5906,Ashley Williams,wanderson@example.org,2024-10-28,False,medium,2,6.934498235046616
5907,Paul Harper,caitlinroth@example.com,2025-05-14,False,low,1,2.436521713816626
5908,Wayne Moore,stevenschneider@example.com,2026-03-29,True,low,0,2.6547083100728814
5909,Timothy Rios,jaredjohnson@example.org,2025-01-11,False,low,0,2.3846614662231413
5910,James Kim,davidmartin@example.com,2025-07-20,False,medium,3,5.7873754860434765
5911,Daniel Turner,anna95@example.com,2026-08-03,False,low,1,3.9669328208046917
5912,Austin Best,megan09@example.net,2025-11-06,False,low,1,1.4480668609707057
5913,Angela Evans,samantha76@example.org,2026-03-24,False,low,1,2.930831464689094
5914,Susan Werner,michaelbutler@example.com,2026-04-03,False,low,1,7.526083383956167
5915,Jeffrey Collins,lkim@example.com,2026-07-06,True,low,1,4.366304077418561
5916,Jonathan Sharp,david65@example.org,2025-07-04,True,low,1,2.420102286200411
5917,Patricia Gutierrez,michelle11@example.com,2025-11-20,False,medium,2,11.290318367843534
5918,Luis Russo,robert70@example.com,2026-06-17,True,low,0,2.232796753435814
5919,James Bishop,brandon80@example.com,2026-02-03,True,medium,2,5.712686471811933
5920,Aaron Crane,trobinson@example.org,2025-09-21,False,medium,1,5.150858692226176
5921,Edward Butler,zrivera@example.net,2025-12-29,True,low,1,4.366210380564426
5922,Lucas White,danielcannon@example.org,2025-11-02,False,low,0,0.5
5923,Robert Griffith,holly62@example.com,2025-06-21,False,medium,1,4.074170226043842
5924,Nathan Eaton,william49@example.com,2025-12-22,False,low,2,3.27199753090421
5925,Brent Chambers,joshua89@example.org,2026-03-05,True,low,0,2.878881886626777
5926,Courtney Chen,martinshields@example.com,2025-11-09,False,low,0,3.8151588403448264
5927,Lindsey Mendez,hamiltonmichael@example.com,2026-07-24,False,high,5,12.924445870559747
5928,Lindsay Morgan,andreawells@example.net,2025-05-11,True,low,1,2.995931312922452
5929,Adam Steele,kelleytyler@example.com,2026-03-23,True,low,2,6.363992908446444
5930,Ralph Martinez,patricia63@example.org,2025-07-24,False,high,7,8.970778346393267
5931,Joshua Robbins,edwardsaaron@example.net,2026-09-15,True,medium,2,6.550908197641354
5932,Paul Reid,montgomeryshaun@example.net,2026-08-22,True,medium,8,8.40909271114226
5933,Ryan Cox,hrichardson@example.org,2025-03-28,True,low,1,2.643267573615896
5934,Donna Burke,gary04@example.org,2024-09-30,True,low,2,2.9992942143505816
5935,Elizabeth Davis,amyhowe@example.com,2025-05-10,True,medium,0,8.789171065337351
5936,Sandra Payne,markjohnson@example.com,2025-05-03,False,low,0,4.664150877606496
5937,Stephen Obrien,stephenconley@example.com,2026-09-05,True,high,11,9.68424516547013
5938,Dr. Sandra Riley,bsandoval@example.net,2025-07-08,True,medium,1,6.379026695331721
5939,Jessica Hill,kathleenvelasquez@example.org,2026-05-08,False,low,1,6.929405999708557
5940,Scott Harris,tiffany59@example.com,2025-10-16,False,medium,2,7.366788120323543
5941,Joel Brown,iaguilar@example.org,2025-07-18,False,medium,3,10.17330399968716
5942,Ashley Brooks,carly60@example.net,2026-01-02,True,low,0,5.25448244218191
5943,Caleb Smith DDS,lisa20@example.net,2026-03-29,True,low,0,3.915999584068971
5944,Willie Erickson,vsilva@example.com,2025-02-15,False,low,1,1.0216800437090097
5945,Dean Lee,sara63@example.org,2025-09-01,False,medium,7,6.704709640125836
5946,Kayla Griffith,sanchezamber@example.com,2026-07-01,False,medium,3,2.651314546744648
5947,Shelby Rodriguez,sotoeileen@example.net,2026-01-28,True,high,9,8.7996158973317
5948,David Hogan,natalie23@example.org,2024-11-25,True,low,0,4.595932276978639
5949,Donald Soto,dsmith@example.org,2025-01-01,False,medium,2,6.6161056891344305
5950,Patricia Butler,juliewashington@example.net,2026-01-03,False,low,1,5.437502486213662
5951,Misty Lee,geraldwilliams@example.net,2026-08-04,True,low,0,4.005019619669001
5952,Anthony Campbell,donna35@example.org,2025-12-03,False,high,5,10.016403862608081
5953,Sherri Hoffman,lgilmore@example.com,2025-08-31,True,low,1,3.6957095723533784
5954,Amanda Carter,elizabethpeterson@example.net,2025-11-24,True,low,2,6.9636176163901755
5955,Richard Chen,frank41@example.com,2024-10-19,True,medium,3,4.872493942293145
5956,Robert Valdez,melissaglover@example.org,2025-09-14,False,high,7,8.862654465866417
5957,Christine Johnson,francojoanne@example.com,2025-11-11,True,medium,2,9.995863488842751
5958,Robert Davis,jeffreydorsey@example.net,2024-12-11,True,medium,2,7.981714463593132
5959,Christopher Martin,fullermatthew@example.org,2025-12-10,False,low,1,5.263608554393308
5960,Katelyn Barnes,yvette62@example.org,2024-11-24,False,low,0,6.625650901038023
5961,Alexa Brown,bradleytaylor@example.org,2026-05-12,True,low,3,5.940104774251191
5962,Jim Hampton,ureynolds@example.net,2025-12-27,False,low,1,3.978911008984819
5963,Christy Hernandez,darrenhorton@example.net,2025-05-19,False,medium,0,5.2417412640257535
5964,Ashlee Allen,sandra68@example.net,2026-09-03,True,low,2,3.0994668161370433
5965,Lauren Johnson,lorimiller@example.net,2025-04-14,True,low,1,5.743228819081509
5966,Tara Scott,elizabeth94@example.net,2025-11-26,False,medium,4,4.338286540635917
5967,Edward Kirby,robertsjohn@example.com,2026-09-12,True,low,0,3.7898484541370596
5968,Jo Ward,ashleywillis@example.com,2026-05-05,False,low,3,1.3404032799167052
5969,Shane Turner,robert57@example.com,2025-09-30,True,low,2,4.145259998285959
5970,Nancy Moore,jacquelinehunt@example.net,2025-10-13,False,low,1,6.09381948184943
5971,Elizabeth Stewart,dyercheryl@example.org,2025-03-19,False,low,1,2.488803503312002
5972,Mrs. Kristin Moore,sheilagarcia@example.com,2026-02-13,False,high,9,8.429397360850063
5973,Kathryn Green,christinafreeman@example.com,2026-07-04,False,low,1,8.265288052687271
5974,Richard Alexander,lutzjohn@example.org,2025-01-15,False,medium,3,4.847272066825669
5975,Zachary Arellano,moranmelissa@example.net,2025-02-18,False,low,0,3.422657762702137
5976,Charlotte Wells,jeromehancock@example.com,2026-07-17,False,medium,2,5.796991827891134
5977,Edward Jones,ereed@example.org,2026-08-08,False,medium,1,4.235362049466539
5978,Jeffrey Martin,nhurley@example.org,2026-08-17,False,medium,4,6.730386776075523
5979,Willie Schmidt,tammystevens@example.com,2026-01-29,True,high,3,10.252751724588117
5980,Rachel White,kraymond@example.org,2025-10-08,True,low,2,6.486804684299699
5981,William Cannon,acostaangela@example.com,2026-03-31,False,high,4,10.616628711035283
5982,Melissa Black,roserhonda@example.net,2025-12-15,False,medium,7,7.281555459105055
5983,Bryan Meyers,justindeleon@example.org,2025-07-15,False,high,4,12.11909386860475
5984,Matthew Chapman,matthew43@example.org,2025-04-13,True,medium,5,7.300647773190442
5985,Michelle Mack,aanderson@example.com,2024-10-24,False,medium,2,5.379645999900864
5986,Krystal Harding,kellyhill@example.org,2026-05-16,False,medium,6,8.582303052209621
5987,Sara Johnson,salazarchristopher@example.net,2026-08-24,False,low,3,5.3860274393694265
5988,Brian Lee,kellyperez@example.net,2025-09-30,True,high,5,8.796180310051039
5989,Kathleen Yu,jonathan83@example.net,2026-03-10,False,low,0,2.6054311384374254
5990,Barbara Taylor,michaelharvey@example.net,2026-08-07,False,high,6,13.545519385353815
5991,Kyle Miller,kevinrodriguez@example.net,2026-05-22,False,low,0,4.397756023797404
5992,Julie Martin,kelly95@example.org,2026-09-18,True,low,1,2.637402922687534
5993,Kenneth Fuller,kellylisa@example.net,2025-02-18,False,low,1,2.2112853078963166
5994,Raymond Ford,daniel65@example.org,2026-07-30,False,low,3,5.958731220805629
5995,Amber Watson,teresa27@example.com,2025-06-29,False,medium,2,4.057001539526656
5996,Sean Walker,etaylor@example.com,2024-11-24,True,high,6,9.316689866752096
5997,Mrs. Jasmin Jenkins,thomas43@example.net,2026-04-10,True,low,1,3.460657855858371
5998,Dr. Cynthia Nelson,ymata@example.org,2026-03-16,False,low,0,6.2354302657611775
5999,Rebecca Diaz,glennjeremy@example.org,2026-07-26,False,low,0,2.7341993361346577
6000,Kevin Miller,jameslee@example.com,2026-08-29,False,medium,4,7.580738096733132
6001,Brian Taylor,manningjamie@example.net,2024-11-20,False,medium,2,3.3983023257710787
6002,Christian Alexander,benjamin74@example.net,2026-02-28,False,low,3,5.190080745438128
6003,Gregory Shields,barbaranguyen@example.com,2025-05-22,False,medium,4,5.035415513525139
6004,Michele Ramirez,ewalker@example.com,2025-12-01,False,low,1,6.03404304320323
6005,Hector Larson,clarkmatthew@example.com,2026-09-18,True,medium,3,6.690448652126452
6006,Stacy Moore,scottmcneil@example.com,2025-08-03,False,low,1,3.7780289314578366
6007,James Kirk,robertwolfe@example.com,2024-11-11,False,medium,1,9.081744386816913
6008,Jeremiah Smith,wanda52@example.org,2025-04-21,False,low,0,4.057040303773621
6009,Melissa Ward,jgreen@example.com,2025-04-17,False,low,1,3.7734483488771704
6010,Anthony Nelson,pmiller@example.com,2024-10-17,False,high,7,8.476608570077552
6011,Donna Christensen,ogaines@example.org,2024-12-06,False,low,0,6.131502257994088
6012,Gregory Singleton,pamelaknight@example.com,2025-01-31,False,medium,3,8.216561917854193
6013,Raymond Fowler,joshua24@example.org,2024-11-25,True,low,0,3.255400660392961
6014,Patrick Lewis,ycarr@example.org,2026-02-14,False,high,1,10.5675488604979
6015,Joshua Schmidt,matthewhiggins@example.com,2026-07-02,False,medium,5,5.992341442829656
6016,Miss Tiffany Simmons,jose87@example.com,2026-03-31,False,medium,3,6.715867172748493
6017,Keith Juarez,wgreen@example.net,2025-04-19,False,medium,5,7.325589961090688
6018,Kevin Lucero,jason82@example.com,2025-05-14,True,low,1,3.9654220052455855
6019,Lauren Simpson,bryan78@example.net,2026-06-18,False,medium,7,5.00989728516565
6020,Karen White,jesse81@example.com,2025-10-10,True,medium,2,4.40890146386735
6021,Jennifer Gonzales,nathan19@example.org,2026-01-27,False,low,0,5.223844446164088
6022,Regina Gutierrez,brewerdawn@example.net,2025-11-25,False,medium,4,6.625999650736405
6023,Christopher Gonzales,smithalan@example.org,2026-03-04,True,low,2,6.5779172805976955
6024,Rebecca Oneill,elee@example.net,2026-05-30,False,high,7,11.099416289106623
6025,Anthony Harris,bobhiggins@example.com,2024-11-12,False,low,2,2.352422249629213
6026,Alicia Roberts,ghill@example.net,2026-08-19,False,medium,2,5.997215908046843
6027,Justin Booker,chad03@example.com,2025-09-13,False,low,0,6.204165870471865
6028,Alexis Carroll,ericblair@example.net,2025-10-06,False,high,9,13.897720752628977
6029,Amanda Horne,mjones@example.org,2026-03-20,False,medium,1,8.617784490740277
6030,Kari Harvey,ricerobert@example.com,2025-11-24,True,high,8,10.871101442323685
6031,Karen Wolfe,orobinson@example.org,2026-08-31,False,medium,7,5.003938116057356
6032,Rebecca West,tracygutierrez@example.org,2024-11-18,True,medium,3,5.414026692259578
6033,James Lynch,druiz@example.org,2025-11-26,False,low,1,3.355847849891082
6034,Arthur Lewis,crystal66@example.net,2026-06-13,False,low,1,6.9291646196972625
6035,Jamie Smith,kristin70@example.org,2025-09-18,False,medium,0,6.2090327220266275
6036,Ariel Calhoun,davidwilson@example.net,2025-07-04,True,low,2,3.1834697800087657
6037,Shelly Raymond,floresmegan@example.org,2024-12-16,False,low,0,4.414527457245012
6038,Angela Rocha,grossashley@example.com,2026-03-02,False,low,0,2.660992880146349
6039,Richard Moon,egilbert@example.org,2024-10-16,False,medium,1,7.586465413166304
6040,Mrs. Elizabeth Miller,lperez@example.net,2025-01-05,True,medium,7,6.463645786366044
6041,Brian James,rhondastark@example.com,2025-09-23,False,low,1,0.6342288648264978
6042,Jeffrey Thomas,villanuevatodd@example.org,2026-05-05,True,low,0,6.777495424097182
6043,Eric Olsen,cstewart@example.org,2026-02-16,True,medium,2,8.411813878995657
6044,Brooke Baldwin,ruthbass@example.com,2025-12-27,True,low,1,4.623172539095973
6045,Michael Meza,aaron24@example.org,2026-08-26,False,medium,2,5.7625439103894065
6046,Brenda Lewis,harry17@example.net,2025-05-10,False,low,1,1.3796275213082527
6047,Kathleen Martinez,ericmoore@example.com,2024-11-22,False,low,0,5.480858034497782
6048,Robert Anderson,danielwarren@example.com,2025-07-25,False,medium,3,8.353747965439219
6049,Ruth Ramirez,gregoryreese@example.net,2024-09-25,False,high,12,15.78058900990139
6050,Lisa Williams,cheryl30@example.net,2025-11-14,False,low,1,2.24242863902821
6051,James Cole,ythompson@example.org,2025-12-24,False,medium,3,8.257396600945485
6052,Michelle Sweeney,megan91@example.net,2024-10-18,False,low,0,2.556377093327037
6053,Katherine Riggs,lydia95@example.com,2026-09-09,False,high,5,12.332343739483061
6054,Margaret Allison,regina57@example.com,2026-02-24,True,low,0,4.738473638522618
6055,Michael Mccullough,mrodriguez@example.com,2025-01-18,True,medium,1,8.06117241318554
6056,Lauren Reid,adrianasweeney@example.org,2025-01-02,False,low,1,1.0474441671355463
6057,Carrie Mcdonald,usimmons@example.com,2026-03-24,False,low,1,6.156220277684221
6058,Donna Porter,kayla46@example.net,2025-04-29,False,low,1,7.058189733033979
6059,Maria Lopez,cortezeric@example.org,2026-06-01,False,medium,3,7.295198351168698
6060,Jason Sherman,michael38@example.net,2025-01-21,True,low,2,4.301268680636885
6061,Breanna Wright,jennifer35@example.com,2025-07-19,True,medium,2,6.987449855070757
6062,Victoria Schroeder,xcabrera@example.com,2026-01-21,False,low,0,6.817285432908273
6063,Steven Hernandez,mcphersontiffany@example.net,2025-12-11,False,medium,2,5.821938242187717
6064,Dakota Pacheco,efowler@example.net,2024-11-14,False,high,9,11.152765979374548
6065,Jesus Arellano,rochanancy@example.org,2026-07-26,False,low,0,5.404242705476547
6066,Raymond Rodriguez,nmonroe@example.org,2025-06-03,False,medium,5,7.4462680479861145
6067,Caitlyn Jones,amy65@example.org,2025-11-13,False,low,1,0.737080880044632
6068,Dakota Greene,andrew79@example.org,2024-12-15,False,low,1,2.108562051067496
6069,Amy Rios,browndeanna@example.com,2025-04-21,False,low,1,3.3807703011367036
6070,Charles Freeman,karenbyrd@example.com,2025-07-05,False,medium,7,3.611918109381122
6071,Jeremy Gutierrez,angelaflowers@example.net,2025-01-22,False,high,8,8.851762137084966
6072,Taylor Savage,obutler@example.net,2025-12-30,False,medium,3,5.946733116585012
6073,David Francis,mmorgan@example.net,2026-06-12,True,low,0,2.477408194043943
6074,Karen Miller,adamstiffany@example.org,2025-07-30,False,low,1,2.2599573650065743
6075,Brandi Walker,zsantiago@example.com,2026-03-06,True,medium,3,8.295297254087286
6076,Diana Gonzalez,marthaluna@example.net,2024-11-03,False,medium,4,8.894952129137955
6077,Michael Taylor MD,rebekah05@example.net,2025-04-13,True,low,1,7.814527018408583
6078,David Gibbs,tracy52@example.net,2026-08-12,False,low,1,3.6460613313135575
6079,Dr. Matthew Cook,jgaines@example.net,2025-10-20,False,high,10,10.966702606977485
6080,Robert Morgan,anthony42@example.org,2024-10-03,False,medium,2,11.637449654958212
6081,Mark Carr,rodriguezmaria@example.com,2025-08-09,False,medium,2,6.2119949938032955
6082,Douglas Clark,griffithscott@example.net,2025-10-22,False,medium,2,6.174102474490333
6083,Carl Manning,melissalewis@example.net,2025-05-23,True,low,3,5.978544382472485
6084,Timothy Conley,reesecourtney@example.org,2026-01-09,True,low,0,2.489242666510199
6085,Terri Larson,michellewood@example.net,2025-02-15,False,high,6,12.338940328914926
6086,Katherine Francis,thompsonmichael@example.com,2025-06-09,False,low,0,4.318287356815167
6087,Katherine Johnson,yvonnerojas@example.org,2024-11-02,True,low,1,0.5
6088,John Estrada,angela62@example.com,2026-05-19,False,high,3,7.842273928701787
6089,Becky Miller,triley@example.org,2025-10-27,False,low,0,3.289935178221736
6090,Karen Ellis,hallstephanie@example.net,2025-02-22,True,medium,2,5.563302280605441
6091,Maureen Becker,durhamrobin@example.com,2025-10-16,False,high,7,10.459122937517186
6092,Wendy Rivera,jenniferwebb@example.net,2025-07-25,True,low,0,0.869424479389711
6093,Michael Harris,jordankatrina@example.org,2026-01-01,False,medium,2,5.40626697799461
6094,Taylor Fisher,jgrant@example.net,2026-02-07,False,high,2,7.217813484695533
6095,Mr. Daniel Sandoval,brandonlawrence@example.net,2026-08-09,False,medium,5,6.333062697923701
6096,James Gilbert,suttondarlene@example.net,2025-10-22,False,low,1,4.539278975076668
6097,Nancy Holmes,kelly64@example.net,2025-03-09,True,medium,3,6.662513323416577
6098,Taylor Miller,tsherman@example.net,2025-05-08,False,low,4,3.7610436478545033
6099,Carolyn Goodman,corywilliams@example.net,2026-02-06,False,low,2,5.334925143978059
6100,Michelle Christensen,owright@example.net,2025-06-14,False,high,7,8.564414582409475
6101,Gabriel Jackson,pattersonmichael@example.org,2025-02-10,False,high,4,11.347595215493744
6102,Sara Navarro,laurenrobertson@example.com,2024-11-14,False,medium,8,7.456500576912426
6103,Kayla Maldonado,kyle30@example.org,2025-08-23,False,high,13,11.142823707830628
6104,George Lowe,erojas@example.com,2024-12-15,False,high,3,10.834823073783754
6105,Stephanie Underwood,mindy83@example.org,2025-07-08,True,low,1,2.6250857226580733
6106,Christopher Richardson,janicegonzalez@example.com,2025-08-17,True,medium,4,9.570079790396058
6107,Michael Cervantes,dbaxter@example.org,2025-02-01,True,medium,3,6.740508763186436
6108,Gabrielle Bryant,cpatterson@example.com,2025-11-12,True,low,3,9.77845330950143
6109,Alicia Zuniga,ronaldfry@example.com,2025-09-27,True,medium,6,8.16213636689722
6110,Gregory Boone,derekhines@example.com,2025-09-15,False,low,1,6.9404270211007875
6111,Mariah Green,emilysmith@example.com,2025-02-07,False,low,2,0.5
6112,Drew Anthony,brandy60@example.org,2024-09-21,False,low,0,4.334224142620268
6113,Matthew Moore,ogarcia@example.org,2025-10-11,False,low,0,5.56630228068499
6114,Leslie Page,thomasknight@example.net,2025-11-25,True,low,0,5.052106506525312
6115,Kristin Chase,ihutchinson@example.org,2025-07-17,True,low,2,2.100092950412474
6116,Ryan Friedman,dmclaughlin@example.com,2026-03-16,False,low,1,4.846395653555967
6117,Andrew Meyer,usutton@example.net,2024-12-18,True,low,2,5.906756677603354
6118,Eric Patton,david89@example.org,2025-01-18,False,medium,6,2.865467861883264
6119,Robert Bass,vrogers@example.org,2025-09-09,False,medium,4,8.657305185449868
6120,Billy Miller DDS,ksantana@example.org,2024-12-11,False,low,0,6.1077159373035
6121,Micheal Mcguire,brhodes@example.org,2026-04-13,True,medium,6,6.586835939360399
6122,Luis Farley,ehopkins@example.org,2026-06-09,False,low,0,3.6386934320308497
6123,Erica Molina,vgarrett@example.org,2025-06-25,True,medium,4,8.139880824714732
6124,Joy Harrison,johnathan36@example.org,2025-10-14,True,medium,2,6.02993585023669
6125,Victoria Lee,youngmatthew@example.org,2025-02-12,True,high,12,11.268740575164218
6126,Micheal Collins,gsingleton@example.com,2025-05-14,False,low,2,4.813791514592601
6127,Patrick Patterson,kevin48@example.org,2024-12-10,False,low,0,4.494128650267003
6128,Sarah Freeman,danielmartinez@example.com,2026-07-11,True,low,1,10.005304969823374
6129,Teresa Mullen,lori50@example.org,2026-04-03,False,low,2,3.2542944573780135
6130,Daniel Duran,ibrooks@example.net,2026-01-15,False,low,0,2.9066332780818787
6131,Jason Hart,onorris@example.net,2025-09-11,False,low,2,4.322621640405847
6132,John Vasquez,kylemartin@example.net,2025-03-11,False,high,10,8.668269989830211
6133,Sara Weeks,josephguerra@example.org,2025-07-24,True,low,1,4.0050081227326375
6134,Samantha Taylor,yfisher@example.com,2025-07-23,False,high,8,8.348728180854373
6135,Micheal Williams,omeyers@example.org,2026-06-13,False,low,1,5.522789315129673
6136,Crystal Werner,fwyatt@example.com,2025-03-24,False,low,0,1.781432711475702
6137,Amanda Moss,james71@example.net,2026-04-05,True,low,3,4.618810649679345
6138,Cody Bush,robinsonsally@example.com,2024-10-13,False,low,5,4.5646633295816335
6139,Gabriela Campos,thomassutton@example.com,2025-02-09,True,medium,6,7.782256331162694
6140,Brandy Moyer,clarkelizabeth@example.com,2025-07-05,True,medium,3,5.079827892000152
6141,Jeffrey Ward,thomas87@example.net,2026-07-12,False,low,0,2.4183957554856406
6142,Kelly Hunt,michael87@example.net,2026-03-07,True,high,4,11.72126669541336
6143,Michael Woods,cartercarol@example.com,2026-07-20,True,medium,3,6.504933464689894
6144,Elaine Jones,galvanbrianna@example.org,2026-04-25,False,low,0,5.029861261687421
6145,Laura Gomez,ryandebra@example.net,2026-04-12,True,low,3,5.323277003439296
6146,Tiffany Gill,blong@example.net,2026-08-28,False,low,0,3.514359256211558
6147,Ms. Elizabeth Smith,jacobcruz@example.com,2024-11-01,True,high,3,11.111679556016474
6148,Anthony Stewart,josedavis@example.org,2024-10-16,False,medium,4,7.200857881672089
6149,Jason Anthony,jasonthompson@example.net,2025-04-12,True,high,6,8.519987942628132
6150,Jeffrey Wright,eroy@example.org,2025-10-17,True,low,1,5.458763470096067
6151,Teresa Frazier,karinagarza@example.org,2025-04-26,False,high,7,11.574680314993122
6152,Joseph Coleman,jross@example.net,2026-03-21,False,medium,2,8.95929372859091
6153,John Hernandez,matthewwelch@example.com,2026-03-20,False,high,6,14.787106282363688
6154,Michelle Benitez MD,sarahhendricks@example.net,2025-02-04,False,low,0,5.04364144990045
6155,Kristin Conley,john12@example.org,2024-10-11,False,medium,1,10.116197570667879
6156,Laura Williams,comptonanthony@example.org,2025-04-10,False,medium,1,6.737634428269354
6157,Joanne Lewis,isaac37@example.net,2025-03-18,False,low,1,4.385568007176991
6158,Edwin Schultz,bryan71@example.net,2025-11-10,False,high,7,7.35168366920208
6159,Dr. Christopher Jones,ebowers@example.net,2026-06-03,False,medium,1,8.112541717267783
6160,Morgan Meza,suzannemay@example.org,2024-11-29,False,low,1,5.780940178469874
6161,Kathleen Simpson,amber21@example.net,2025-05-25,False,medium,4,8.494151484472239
6162,John Rogers,dennistracy@example.net,2025-07-23,False,medium,3,9.377834296463304
6163,Charles Mcdaniel,brenda19@example.com,2026-02-11,False,high,10,15.49267509523091
6164,Emma Bishop,fjackson@example.com,2025-06-01,True,high,4,11.642485550558089
6165,Jeff Howe,bmaxwell@example.org,2026-05-22,False,medium,3,7.486243678882477
6166,Cindy Hunt,rford@example.com,2024-12-16,False,medium,2,6.111043580210425
6167,Kevin Ponce,vasquezjennifer@example.com,2024-09-18,False,medium,4,9.780902417165295
6168,Veronica Walsh,martinezdeborah@example.net,2026-06-09,True,low,2,2.851494458921237
6169,Nancy Torres,scottmooney@example.com,2026-08-12,False,medium,3,6.2640001197652
6170,Wayne Robinson,wmason@example.org,2025-07-22,False,medium,3,4.792802081628192
6171,Donna Villanueva,martha49@example.org,2026-01-12,True,low,3,6.214710088334966
6172,Jennifer Brewer,carolyn87@example.net,2025-04-04,True,medium,2,4.983020511116026
6173,Melissa Smith,garretttran@example.com,2025-09-19,False,medium,4,8.909324369620146
6174,Michael Ruiz,tara78@example.com,2026-04-15,True,low,0,3.942008630917318
6175,John Steele,neaton@example.org,2025-11-15,True,low,1,2.777443803148393
6176,Troy Roberts,bartlettdaniel@example.org,2025-01-05,False,high,5,10.45853658016743
6177,Joe Smith,taylorrobert@example.com,2026-03-22,False,low,0,4.51711714153261
6178,Jacqueline Hodges,mary55@example.net,2026-01-03,False,low,1,5.271703089425706
6179,Brent Carrillo,donnacoleman@example.org,2025-01-02,True,high,6,7.369280910676291
6180,Katherine Patterson,tinahernandez@example.net,2026-08-25,False,low,1,2.9541729889934727
6181,Vernon Brown,jonathanfox@example.net,2025-10-09,False,low,4,2.412117914749002
6182,Denise Fuller,carlamassey@example.net,2025-09-02,True,low,1,2.9311528766418005
6183,Shane Harrington,katelynsalazar@example.org,2025-03-16,True,medium,4,10.231943288994053
6184,Craig Griffin,nspencer@example.net,2026-02-26,True,high,9,9.061125765266816
6185,Kevin Moreno,william73@example.net,2026-06-16,False,low,1,3.7623384262445874
6186,Joshua Bartlett,vbailey@example.org,2025-03-19,False,high,3,14.205311532849784
6187,Robert Reid,timothyproctor@example.org,2026-03-07,False,low,0,3.9493968228740837
6188,Brian Munoz,bennettzachary@example.net,2025-07-10,False,low,0,2.759237449231051
6189,Tara Hickman,brookemonroe@example.net,2026-03-01,True,high,5,10.558494009535346
6190,James Moore,rickywelch@example.org,2025-10-13,False,medium,5,3.808622960364793
6191,Joanna Alexander,idrake@example.com,2026-08-22,False,low,2,1.2260673939552627
6192,Crystal Guzman,patelcarlos@example.net,2024-10-21,True,low,0,2.361983767081812
6193,Jessica Solomon,jeffward@example.net,2025-09-08,False,low,2,3.4038139207400815
6194,Jeff Villegas,paulbrown@example.org,2025-03-13,False,low,2,4.823297130325889
6195,Justin Kennedy,perryrodriguez@example.net,2025-04-06,False,medium,0,7.992323261777619
6196,Lisa Colon,jmiller@example.net,2025-04-26,True,low,2,0.5
6197,Tony Bonilla,josephpowell@example.org,2025-11-30,False,medium,2,5.476417634088092
6198,Ralph Morton,austin72@example.net,2026-07-28,False,low,3,3.2490311996237153
6199,Sarah Romero,alicia00@example.net,2025-12-16,True,medium,4,6.781199297498637
6200,Kayla Hamilton,kristendaugherty@example.net,2026-04-23,True,low,3,4.27612047314646
6201,Melissa Spears MD,christina48@example.com,2026-03-18,True,medium,2,10.130331696340104
6202,Lawrence Brooks,marybean@example.com,2025-03-08,False,low,3,0.8305313340541804
6203,Edward Cunningham,baldwintony@example.net,2026-07-21,False,low,0,4.659826859621612
6204,Jill Thomas,donaldpatterson@example.com,2026-03-05,False,medium,3,6.296091869787981
6205,William Villa,stephaniesmith@example.com,2024-09-26,True,low,0,5.7614618062224565
6206,Jack Brown,zkirby@example.net,2025-08-27,False,medium,5,5.141640369314567
6207,Jessica Hart,princedaniel@example.com,2025-03-12,False,low,4,5.040076544014682
6208,Mariah Byrd,ariaszachary@example.org,2025-01-09,False,low,0,5.27179147756759
6209,Amanda Peterson,brownrichard@example.net,2026-01-31,False,medium,4,9.1673679095996
6210,Holly Wilkerson,sarah39@example.net,2025-01-10,False,medium,3,2.654081704339199
6211,David Flores,nmorgan@example.org,2024-12-19,False,low,1,6.031882180694835
6212,William Duke,joshua13@example.net,2026-04-27,False,medium,3,2.947526451859834
6213,Jacqueline Miller,mmorales@example.org,2025-02-17,False,low,3,8.234647400421032
6214,Juan Stewart,brenda07@example.org,2025-05-31,True,high,4,11.515937896751584
6215,Pamela Harper,smithryan@example.org,2025-07-15,False,medium,4,4.452644741131321
6216,Richard Morton,tcarter@example.net,2026-01-04,False,low,0,1.3356018306944106
6217,Ronald Jarvis,mlane@example.org,2026-05-19,False,medium,6,9.550268872082409
6218,Donald Anderson,zsmall@example.net,2025-11-18,True,low,0,7.108174946388429
6219,Stacy Sanders,adrianmay@example.net,2025-04-15,False,low,1,5.227362056233267
6220,Benjamin Howard,patrick08@example.org,2026-03-15,False,low,0,3.3356443368017126
6221,Brittany Ortiz,jacqueline85@example.net,2026-09-18,False,medium,1,4.660308499319987
6222,Erika Austin,kelleyjoseph@example.org,2025-11-26,True,medium,3,9.514503658122262
6223,Tony Greer,veronica71@example.net,2026-04-04,False,low,2,3.263700666021662
6224,Margaret Mcmahon,jon74@example.net,2025-08-28,True,low,0,3.602637768863203
6225,James Walker,bassphilip@example.org,2025-11-19,True,low,0,3.240575364564342
6226,Mrs. Jenna Rodriguez MD,taylorpamela@example.net,2026-04-10,True,medium,1,5.720144295343966
6227,George Butler,michele60@example.com,2024-10-09,False,low,0,8.150792151287003
6228,Alex Dixon,dawn76@example.com,2025-09-07,False,medium,1,8.166430797635574
6229,Christy Brock,brandymcintosh@example.com,2025-09-09,False,low,2,5.876315214779795
6230,Christian Bradley,bushmark@example.org,2024-11-17,False,low,1,2.428363197350441
6231,Patty Dennis,bmorton@example.net,2024-12-18,False,high,5,10.502811184563859
6232,Jay Harrington,wjones@example.com,2025-02-01,False,low,0,5.330511389908863
6233,Crystal Miller,libeverly@example.org,2025-08-03,False,low,1,6.584896365436958
6234,Michael Young,olee@example.net,2024-12-06,False,low,0,6.4012318973084295
6235,Scott Wright,connorbaker@example.org,2025-03-19,False,low,0,3.6963474557855083
6236,Patricia Smith,paul32@example.net,2025-08-07,False,medium,5,6.811682294161232
6237,Regina Butler,jbrandt@example.com,2025-07-17,False,high,5,8.789053033193515
6238,Nicole Mullen,johnsonjennifer@example.net,2025-11-12,False,medium,4,7.975705625539709
6239,Spencer Molina,murphymarilyn@example.org,2026-07-17,True,low,2,5.6595222430864
6240,Debra Cohen,shawn18@example.net,2024-10-24,False,low,0,6.936431344937578
6241,Mr. Thomas Mcbride,lloydnichole@example.net,2026-06-16,False,medium,6,8.491850774109956
6242,Michael Cameron,friedmanjoseph@example.com,2024-11-24,True,low,3,4.106801297451217
6243,Linda King,adavis@example.com,2026-07-21,True,medium,2,4.6064129321675775
6244,Charles Foster,xherrera@example.com,2026-06-06,False,medium,4,1.4510455147215184
6245,Gary Waters,zrobinson@example.com,2025-07-26,False,low,2,3.912201788072429
6246,Marc Bell,jacksonjeremy@example.com,2026-07-24,False,medium,2,4.578894708528912
6247,Crystal Pham,davenporthenry@example.com,2025-07-28,False,low,0,6.692027645852698
6248,Ryan Austin,foxphilip@example.com,2025-06-26,False,medium,3,7.809170948542907
6249,Jose Powell,amanda05@example.org,2025-02-11,True,medium,2,7.169985549734931
6250,Angela Gonzalez,michaelwilson@example.org,2026-08-10,False,medium,5,7.265796473628398
6251,Carla Hunter,tlopez@example.com,2026-09-02,True,low,1,4.2569246692287495
6252,Cheryl Jackson,jeremyoliver@example.net,2024-12-07,False,low,1,7.0484310631927745
6253,Angela Hale,kgrant@example.com,2025-10-04,False,low,2,2.9643391886663717
6254,Travis Hays,doris13@example.net,2026-02-15,False,high,7,12.093856022220749
6255,Michael Simpson,rosekyle@example.com,2024-10-08,True,medium,4,7.431840591372585
6256,Leonard Hernandez,fgarcia@example.com,2025-07-12,True,low,0,4.857412599473773
6257,Kevin Patrick,cruzwilliam@example.org,2026-03-13,False,low,1,7.572580647773288
6258,Gary Miller,harperjorge@example.com,2024-11-13,False,low,1,3.185231353874362
6259,Mary Roberts,sandra86@example.org,2025-05-03,False,low,1,4.1700920956571705
6260,Austin Simmons,lambertbrandon@example.net,2026-01-18,False,low,1,1.7289397795862396
6261,Thomas Torres,jason37@example.net,2026-08-21,False,medium,3,4.754821448077784
6262,Alicia Fuentes,raustin@example.com,2026-08-06,True,medium,0,4.495360534178786
6263,Michael Evans,bellthomas@example.org,2025-08-31,False,low,1,7.270216162604656
6264,Kelly Smith,harrischarles@example.com,2025-09-23,True,low,0,3.597732098566618
6265,Aaron Rodriguez,timothy14@example.com,2024-12-01,False,low,0,5.514837099560641
6266,Annette Aguilar,mark38@example.com,2026-06-06,False,low,3,0.9421543035168347
6267,Andrew Wiggins,brookesimmons@example.org,2026-05-28,True,high,9,8.717817279599052
6268,Kimberly Allen,reyesamber@example.net,2024-12-29,False,high,6,10.733743152483571
6269,Christopher Gonzalez,morrowcassandra@example.com,2026-07-28,False,medium,1,4.743538310018521
6270,Misty Cruz,matthew30@example.net,2024-09-23,True,medium,4,5.61124846866689
6271,Deborah Reeves,craigchristina@example.net,2024-11-18,False,low,0,3.283641806436348
6272,Crystal Brown,trevorholloway@example.org,2026-02-22,True,low,2,5.768354922778612
6273,Zachary White,kimberlywalker@example.com,2025-12-10,False,medium,3,5.918217474497329
6274,Dennis Clark,vzamora@example.net,2024-10-23,False,high,13,9.580516142719436
6275,Howard Murphy,franktodd@example.net,2026-07-15,True,low,0,2.9588058372705524
6276,Daniel Sanford,michelle97@example.org,2026-04-03,True,medium,2,6.705115096825616
6277,Anne Rhodes,lisa96@example.com,2025-01-02,False,medium,4,7.596976213728284
6278,James Brown,bishopcindy@example.com,2025-01-10,False,low,0,6.026647005798272
6279,Adam Edwards,diana31@example.com,2025-04-18,False,low,1,3.7475134587591623
6280,Lisa Bond,ryanbarnes@example.net,2024-10-24,True,low,1,5.122627268327007
6281,Paige Wolfe,nicole26@example.org,2024-10-18,False,low,3,5.2061334549458245
6282,Paul Andrews,garymeyer@example.org,2025-06-08,True,low,0,2.116800806722929
6283,Thomas Lopez,sandra45@example.net,2025-11-05,True,medium,1,7.044982476373697
6284,Arthur Olson,mmorris@example.com,2025-12-17,False,low,2,7.282624893162559
6285,James Edwards,zacharywaters@example.net,2026-01-23,False,medium,1,8.729312922319203
6286,Felicia Graham,ronnierussell@example.com,2026-04-05,True,medium,5,4.178887368607759
6287,Bobby Smith,davidjones@example.org,2026-01-01,False,low,0,0.5
6288,Tracie Snyder,daniellefrazier@example.com,2025-01-26,True,high,6,7.457121156214504
6289,Omar Lewis,keith57@example.com,2025-11-04,False,high,8,11.086939550945226
6290,Lori Montgomery,annamartinez@example.org,2025-06-16,False,high,5,12.257661433814961
6291,Andrew Vincent,hannah52@example.org,2025-06-02,True,low,2,5.044279965488935
6292,Michael Mitchell MD,bentleyryan@example.net,2026-03-01,False,medium,1,5.0989543099408365
6293,Rhonda Navarro,teresascott@example.org,2026-08-22,False,high,5,6.682994586446443
6294,Frank Snow,gardnerelizabeth@example.org,2024-10-16,False,medium,5,5.138437311972139
6295,Alejandro White,baldwinjason@example.com,2026-08-21,False,medium,3,8.093212617093743
6296,Brent Li,derekhernandez@example.com,2026-07-16,False,medium,2,5.329330962731097
6297,William Walls,ofuentes@example.org,2025-07-16,False,high,8,11.362267993594328
6298,Mrs. Elizabeth Flores DVM,rogersbenjamin@example.com,2024-12-18,True,medium,2,8.995650342786888
6299,Katherine Atkins,zpierce@example.org,2026-03-31,False,high,6,12.297853629667042
6300,Meghan Fowler,clarkroberto@example.com,2025-02-01,False,high,5,10.826065320676292
6301,Michelle Long,michael46@example.net,2026-01-28,False,medium,3,4.721622307803496
6302,Mitchell Carson,christopherwalter@example.com,2025-08-08,True,high,6,14.016356850663419
6303,Danielle Gonzalez,gomezmatthew@example.org,2025-08-15,False,low,0,6.990119005411677
6304,Kristin Harrison DDS,crystalsmith@example.org,2026-06-22,False,low,1,2.8802632509994845
6305,Duane Archer,alexissalazar@example.net,2025-10-13,False,high,8,8.03574480109004
6306,Veronica Greene,alexander86@example.com,2026-08-04,False,low,2,2.49636462742386
6307,Laura Lawson MD,lutzwhitney@example.org,2026-06-28,True,high,8,7.763465621899405
6308,Donna Cordova,hnelson@example.org,2025-03-08,False,low,1,7.576431279965957
6309,Linda Bates,thomaschristopher@example.com,2024-12-09,False,medium,4,5.568246364808853
6310,Erin Hodges,rachelmorse@example.org,2025-05-19,False,medium,6,4.211228627133445
6311,Shawn Johnson,bortiz@example.net,2025-07-31,False,medium,1,7.585279773179624
6312,Kim Li,jason16@example.org,2026-07-17,True,medium,0,9.85655590578514
6313,Michael Sullivan,torreschristina@example.com,2025-02-16,False,low,2,0.5831172682311148
6314,Jennifer Cox,kaitlyn10@example.com,2025-06-03,True,medium,1,7.563640172033168
6315,Matthew Randolph DDS,stevenberry@example.org,2025-10-30,False,low,1,4.539927588043166
6316,Wanda Hines,mbishop@example.org,2026-09-10,True,medium,1,9.628095246968197
6317,Elizabeth Scott,jacobgreen@example.com,2026-04-03,True,low,1,4.627185353244412
6318,Brian Reed,iwilliams@example.net,2026-08-27,False,high,8,12.04817466786292
6319,Marcus Hunt,flemingbrandon@example.net,2026-06-18,False,low,1,9.872388979582512
6320,Monica Montgomery,stewartlauren@example.com,2026-03-16,False,low,0,6.611068006412728
6321,Hunter Brown,alexis13@example.net,2025-03-31,False,medium,4,7.248936764173111
6322,Michelle Cordova,ystout@example.com,2025-03-23,False,low,0,2.9364117987356946
6323,Carolyn Jenkins,staylor@example.com,2026-02-03,False,low,1,4.124504918870406
6324,Nancy White,jason60@example.com,2024-12-19,False,medium,1,8.37793867267614
6325,Troy Chavez,devon39@example.net,2026-02-13,False,medium,2,6.486561662278109
6326,Sarah Rice,karen27@example.com,2025-09-20,True,low,1,3.384511911867525
6327,Keith Kelley,martinkristopher@example.com,2025-06-29,False,low,1,3.8244280069446317
6328,Stacey Maxwell,jacobstracy@example.org,2024-09-23,False,low,0,0.5
6329,Julie Mccarthy,wcraig@example.org,2026-05-18,True,high,7,13.808255151709554
6330,Lisa Jones,debra31@example.com,2024-10-28,False,low,1,2.9188087678744434
6331,Hayley Harris,ageorge@example.net,2025-06-29,False,low,2,5.181634914017899
6332,Matthew Mcdonald,jmccall@example.com,2025-01-27,False,medium,3,3.603127946424944
6333,John Vasquez,cohenmarcus@example.org,2025-03-03,True,low,3,6.614044528229574
6334,Tim Lopez,zjohnston@example.com,2025-04-04,False,high,10,8.518941868220953
6335,Sydney Jones,chadgarcia@example.org,2025-11-26,False,low,0,1.5380915798776953
6336,Lisa Benitez,eric66@example.org,2024-11-20,True,medium,4,3.3409112664826957
6337,Daniel Watkins,sheadawn@example.net,2026-08-08,True,high,7,10.499082792008144
6338,Autumn Jones,mdavidson@example.net,2025-06-22,False,low,0,2.9503778315494387
6339,Daniel Torres PhD,markburgess@example.com,2025-05-13,False,low,0,1.123390918669792
6340,Paul Taylor,nicolemcdaniel@example.com,2025-09-26,False,medium,4,5.679124412175829
6341,Cody Moran,kfarmer@example.org,2026-02-20,False,low,1,4.962600191426385
6342,Jennifer Beltran,pstewart@example.net,2025-02-26,False,low,0,3.295404267032747
6343,Michael Crawford,bphillips@example.com,2024-11-21,False,low,1,3.0044678259323185
6344,Michael Buchanan,morrisblake@example.com,2025-03-28,False,medium,2,7.707593015983978
6345,Dan Stephenson,awu@example.org,2025-07-07,False,low,1,6.118801796357724
6346,Mark Benjamin,ashley41@example.org,2026-01-24,False,low,1,4.288762167968387
6347,Travis Fuller,lorigutierrez@example.com,2025-01-18,False,medium,4,7.586413742157661
6348,Monica Lopez,qvalentine@example.net,2025-05-05,True,low,0,6.869066753522035
6349,James Barnes,bcarr@example.com,2026-01-12,False,high,7,9.511302109101015
6350,Mark Mcintosh,acarlson@example.net,2025-02-07,True,low,1,4.963108935378172
6351,Ann Hall,davidgilbert@example.net,2026-03-10,True,medium,4,5.722733670309076
6352,Krista Taylor,gallegosaaron@example.net,2026-08-13,False,low,0,3.1713039585253995
6353,Karen Morrison,mjones@example.com,2025-12-17,False,medium,0,7.006606713776536
6354,Heather Parker,hgomez@example.com,2026-03-12,False,low,1,5.613649230706929
6355,Kimberly Aguilar,theresa26@example.org,2026-05-09,False,medium,3,6.435396773007705
6356,Catherine Moore,tknight@example.com,2024-11-09,False,low,0,3.8132912574279088
6357,Nicole Cunningham,rreyes@example.com,2025-12-11,False,low,0,1.5892833695939714
6358,Cheryl Dennis,crose@example.net,2025-09-21,True,high,6,11.618820641431876
6359,Amanda Carroll,brianwarner@example.org,2025-04-14,True,low,1,4.117673916240223
6360,Karen Hood,millerbrandon@example.com,2025-02-20,True,low,0,3.027222807019899
6361,Marie Mckee,danielle51@example.net,2026-02-02,True,medium,1,2.9870547699260133
6362,Brittany Farley,mhernandez@example.org,2026-04-18,False,low,1,5.364714025826519
6363,Noah Hernandez,barbarawilliamson@example.com,2024-11-06,False,medium,4,8.031177987078381
6364,Tina Sims,ehines@example.org,2025-10-18,True,high,9,12.175291551706287
6365,Lindsay Gonzales,cprice@example.net,2026-05-11,True,low,1,4.027517250517671
6366,Adam Arnold,ian96@example.com,2025-05-16,True,low,1,7.184780583441867
6367,Michael Hogan,rmorgan@example.org,2024-10-05,False,high,3,12.291554513060234
6368,Robert Reyes,parkererica@example.net,2025-12-26,False,low,2,0.5
6369,Lisa Martinez,lthomas@example.net,2025-09-28,True,low,2,3.7440445730507355
6370,Adam Smith,john39@example.org,2026-09-18,False,medium,4,6.652286163026913
6371,Lauren Dunn,haynescynthia@example.net,2025-07-14,False,low,0,4.741643810355882
6372,Alisha Morgan,lutzkaren@example.com,2025-11-09,True,low,3,6.428455468856268
6373,Sean Campbell,scottpetersen@example.net,2025-01-17,False,low,1,4.9036443150655895
6374,Marie Smith,tiffany41@example.com,2024-11-20,False,high,5,10.740276916918477
6375,Daniel Sutton,rlamb@example.org,2025-10-02,False,low,3,7.439048228261125
6376,Erin Shields,phall@example.net,2024-12-02,True,low,1,4.29556908682371
6377,William Fitzgerald MD,charles37@example.com,2026-07-27,False,low,0,6.885469059091099
6378,Samuel Cook,david52@example.com,2026-07-30,False,low,1,6.658909757821958
6379,Christine Bell,fyoung@example.net,2024-11-10,False,medium,5,4.586259312250105
6380,Jennifer Cobb,jennifer68@example.com,2026-04-30,False,low,2,1.918449789208248
6381,Colton Cohen,sparkscraig@example.org,2026-06-28,False,medium,4,5.63997703992009
6382,Mariah Case,gina18@example.com,2025-10-07,False,high,8,10.962790588695528
6383,Samantha Brown,patrick23@example.net,2025-06-15,True,low,0,3.025861176044212
6384,Madeline Vargas,ghicks@example.net,2024-09-28,False,medium,3,8.036524819969898
6385,Tonya Medina,heatherrogers@example.org,2026-05-04,True,medium,6,5.881765032225079
6386,Robert Foster,shawnsanders@example.net,2025-01-27,True,medium,4,10.496535304918318
6387,Mackenzie Hawkins,rhunt@example.com,2026-08-19,True,low,0,0.5
6388,Sarah Gonzalez,kylecaldwell@example.com,2026-03-18,False,low,0,2.7225508675062295
6389,Brandon Wong,thomas08@example.org,2025-01-31,True,low,1,3.349503949606802
6390,Teresa Lewis,terrymary@example.org,2025-05-03,False,low,0,0.7180691979632661
6391,Anna Stevenson,andrewwolf@example.com,2025-06-24,False,high,9,9.746662887771578
6392,Mark Phillips,anna34@example.net,2026-07-31,False,low,0,5.460917951305647
6393,Paige Spears,ubarnes@example.net,2025-12-07,True,low,1,4.4639606581360205
6394,Ian Brown,montgomerychristopher@example.org,2025-02-09,False,low,3,4.875134691274265
6395,Alexander Parsons,ajones@example.com,2026-02-13,False,low,1,3.1994286951751323
6396,Michael Morales,melissa48@example.net,2026-07-16,False,medium,3,6.912346366508528
6397,Valerie Velazquez,tmartinez@example.net,2026-07-21,True,low,1,6.297890084619089
6398,Kayla Nichols,omunoz@example.com,2025-03-22,False,low,0,3.775279293949151
6399,Gabriel Gonzales,vernon72@example.org,2026-04-19,False,low,0,0.5
6400,Jennifer Gonzalez,thernandez@example.net,2024-11-11,False,high,3,11.877217488672263
6401,Matthew Nelson,stephanie72@example.org,2024-11-06,False,medium,2,4.814487014601093
6402,Amy Brown,hhenderson@example.com,2025-03-14,False,high,8,11.995348722087979
6403,Brett Gardner,kristin93@example.com,2025-09-28,False,medium,3,7.730480550036638
6404,Nathan Christensen,romankevin@example.org,2026-04-10,False,medium,2,5.075368614419555
6405,Melissa Davis,mariestewart@example.com,2025-06-25,False,medium,2,6.7292799187358465
6406,Diana Becker,randall67@example.org,2025-05-21,False,low,0,6.74254279260644
6407,Theresa Maddox,taylorsharon@example.org,2024-12-03,True,low,3,1.6587348783703062
6408,Alicia Morgan,kathyhudson@example.com,2025-12-23,False,medium,1,7.2174330433349185
6409,Regina Henson,michaelsavage@example.org,2025-05-28,False,low,1,5.333613429853041
6410,Gregory Dawson,jacobwiggins@example.net,2026-04-24,False,low,1,1.3740760366172085
6411,Deanna Williams,bjones@example.net,2026-03-27,True,medium,7,5.519126865541186
6412,Kellie Huber,fuentesjames@example.org,2025-01-13,False,high,13,11.104760088594416
6413,Mary Crawford,jay10@example.org,2026-02-20,True,low,1,4.028835420693456
6414,Kevin Cunningham,alecsmith@example.org,2024-10-22,False,medium,2,6.1988995754580065
6415,Robert Fisher MD,rodriguezkevin@example.com,2025-07-31,False,medium,2,6.258128494033619
6416,Brittany Bell,vjohnson@example.net,2024-10-21,False,low,0,0.5
6417,Anthony Fleming,kmoss@example.org,2025-04-04,False,high,8,8.694903368331605
6418,Larry Jones,blackjames@example.net,2025-07-22,False,medium,3,4.6874585290226225
6419,Paul Lopez,rickyblankenship@example.com,2024-11-15,True,low,0,3.3840858637203297
6420,Jasmine Wallace,dmcclure@example.net,2025-08-18,False,low,2,3.870453335877855
6421,Jason Leblanc,sarah26@example.net,2024-11-29,True,high,7,8.794370546547778
6422,Michelle Chen,ibuckley@example.net,2024-11-21,False,low,0,2.2743376654298846
6423,Anne Taylor,marissa77@example.org,2025-06-09,True,low,0,1.4177839249707596
6424,Regina Kennedy,blake62@example.com,2025-04-21,False,high,4,9.59242533146738
6425,Angela Newton,lramos@example.net,2025-06-14,False,low,1,2.159888732516057
6426,Darius Berry,aliciabrown@example.com,2026-05-23,False,low,1,7.131749095184728
6427,Shawn Johnson,joshuahanson@example.net,2026-04-18,False,medium,2,8.238238100616035
6428,Christy Mercer,amyduran@example.org,2026-08-02,False,medium,4,7.980281060778183
6429,Edward Thompson,rpatel@example.net,2025-02-08,True,medium,5,12.228740022601766
6430,Jeremiah Goodwin,robertmartin@example.org,2025-03-07,False,medium,2,9.21388126660237
6431,Laura Allen,kimberly46@example.net,2025-09-18,True,high,10,10.95018936422149
6432,Danielle Juarez,brayshelly@example.org,2026-06-12,False,high,7,11.074014264009534
6433,Elizabeth Burke,dgarcia@example.net,2026-01-17,False,low,1,1.1774885563186874
6434,Steven Knight,berrycharles@example.net,2025-11-09,False,medium,2,8.643739544518256
6435,Valerie Pearson,randy61@example.com,2024-10-02,True,medium,5,6.68062628018084
6436,Bailey Goodwin,jenniferbell@example.net,2026-08-27,False,low,3,3.1191179534941176
6437,Michael Anderson,krausejessica@example.net,2024-10-12,False,low,1,4.359519321204658
6438,Hannah Chang,nathaniel00@example.com,2025-04-23,False,medium,3,8.121538718719597
6439,Jeffery Cameron,cfrazier@example.com,2026-03-03,True,low,1,0.5
6440,Kathleen Hamilton,andrewwilson@example.com,2025-10-18,False,medium,0,6.9599169828930005
6441,Thomas Lewis,floresstephen@example.org,2026-03-16,False,medium,3,6.037435555236392
6442,Michelle Park,levyelizabeth@example.org,2024-09-21,True,high,1,11.256652168116803
6443,Brittany Dennis,mariahtaylor@example.net,2025-08-24,False,medium,2,5.03405426113372
6444,Sydney Fisher,rcarr@example.com,2025-06-28,False,high,7,9.940552187290004
6445,Christine Lopez,poncekelly@example.com,2025-01-10,False,medium,2,7.620322572884548
6446,Kristina Romero,clayscott@example.com,2026-06-14,True,high,7,11.112258907394544
6447,Jessica Cooper,erica78@example.com,2025-07-03,False,medium,2,7.146523664339785
6448,Brandon Dominguez,joshuawest@example.org,2025-03-30,False,high,9,12.243040691573334
6449,Bethany Delgado,christopher52@example.org,2026-01-18,True,low,1,3.750580298463353
6450,Stephen Nguyen Jr.,zcastillo@example.org,2025-03-26,True,low,0,3.0431872123560524
6451,Denise Castro,cortega@example.com,2025-08-09,False,low,0,5.6667120501424
6452,Craig Griffin,finleywhitney@example.org,2024-11-06,False,medium,4,6.954642634290055
6453,Sarah Cuevas,tylerrusso@example.com,2026-08-27,False,high,4,6.025638161350396
6454,Mary Wagner,tkim@example.com,2026-03-05,False,high,5,10.117319977888966
6455,Adam Parks,ortegamaureen@example.com,2025-10-14,False,medium,1,9.205242425881824
6456,Christopher Morrow,xclark@example.com,2025-05-17,False,medium,2,5.53430230977833
6457,Jennifer Stewart,reedchristopher@example.org,2025-04-20,False,low,2,3.959729087017863
6458,Scott Joseph,courtneyshaw@example.com,2025-12-17,False,low,1,1.8046683706603028
6459,Sandra Jordan,gedwards@example.net,2025-03-22,True,low,1,7.516216618997067
6460,Rhonda Logan,snyderlauren@example.net,2025-05-31,False,low,2,4.917912512928615
6461,Jason Johnson,mike22@example.com,2025-05-01,False,low,0,3.6804148952644833
6462,Deborah Cruz,matthew95@example.net,2025-09-08,True,medium,4,6.627899704604886
6463,Riley Fitzpatrick,danny83@example.org,2024-09-22,False,medium,0,6.628885112006196
6464,Caitlin Stephenson,millerdenise@example.net,2024-10-24,True,medium,3,6.827070526971977
6465,Paul Burke,johnsonkathy@example.net,2025-03-22,True,low,0,4.898462026369986
6466,Emily Nash,sean73@example.com,2026-02-01,True,low,2,4.759799313860833
6467,Justin Perez,lopezvirginia@example.net,2026-09-18,False,medium,1,8.737419663038608
6468,Samantha Allen,ucarpenter@example.com,2025-12-17,False,low,2,1.4167061573656459
6469,Kevin Davidson,peter87@example.org,2024-12-28,False,high,11,8.152172318705915
6470,Mrs. Emily Nelson,ronald71@example.net,2025-02-03,True,medium,2,8.321262246052989
6471,Charles Melendez,hsweeney@example.com,2025-05-30,False,low,0,1.6490752324480296
6472,Lisa Johnson,graysarah@example.org,2025-11-11,False,medium,1,10.616601742178126
6473,Craig Brown,bthomas@example.com,2025-07-11,False,low,1,1.9624388466073341
6474,Ms. Kim Knight,rthompson@example.com,2026-03-26,False,low,0,5.043634844038089
6475,Tyler Sanchez,jessicasutton@example.org,2026-02-02,False,medium,3,5.211086063950559
6476,Travis Ellis,ginawilcox@example.net,2025-09-29,False,medium,3,6.367154812833466
6477,Briana Johnson,petersoncole@example.org,2026-01-02,True,high,9,14.297212559207441
6478,Angela Reyes,antonio41@example.net,2025-06-28,True,low,0,4.05702840040009
6479,Zachary Freeman,mirandamichele@example.com,2025-09-17,True,medium,1,7.7912220982242495
6480,Lucas Potter,gregorymaynard@example.com,2024-10-07,False,low,1,7.1219060512455306
6481,Philip Marshall,john67@example.com,2026-06-23,True,low,1,6.776644409175773
6482,Dillon Fields,franklisa@example.org,2024-12-29,False,high,10,8.522957053759123
6483,Ms. Mary Gomez,john67@example.org,2024-10-28,False,low,1,2.90712060731632
6484,Grant Thompson,rmcclure@example.com,2025-12-02,False,low,1,6.864408294195047
6485,Kimberly Taylor,christophertaylor@example.net,2026-06-22,False,low,1,4.238234351162164
6486,Troy Diaz,jilljackson@example.org,2024-10-03,True,medium,1,2.7495360074508595
6487,Debra Anderson,tanner67@example.org,2025-08-18,True,high,6,10.355514624243796
6488,Michele Cross,meaganevans@example.net,2026-05-09,False,low,0,3.3197048176622306
6489,Roger Harrison,ojones@example.org,2025-06-18,False,medium,6,5.9367788147426594
6490,Whitney Mcbride,rclark@example.org,2024-12-22,False,medium,3,6.309968559446527
6491,Robert Stewart,kmercado@example.com,2026-08-25,False,low,0,6.566243431758425
6492,Jacqueline Lewis,aguirrelauren@example.org,2025-02-05,False,low,1,6.365607502740916
6493,Michael Gordon,mtaylor@example.net,2025-02-02,True,high,6,7.009973030656602
6494,Hannah Roberson,mschultz@example.org,2025-06-29,False,medium,3,5.93825200777539
6495,Patrick Thompson,holsen@example.net,2024-10-10,True,low,2,3.79281422324275
6496,William Peck,ashley70@example.com,2026-01-05,True,low,1,6.023038727949709
6497,Lauren Oliver,hartrichard@example.net,2026-05-08,False,high,8,13.745777051344062
6498,Matthew Dawson,robert39@example.com,2026-04-17,False,low,0,6.305106537318943
6499,Steve Atkins,csmith@example.org,2024-10-17,False,low,2,6.479668718588178
6500,Cassandra Mcneil,joe20@example.net,2025-11-20,True,low,1,3.17558709500467
6501,Heather Odom,riceallison@example.com,2025-07-25,False,high,7,8.383651780076143
6502,Jeremy Houston,linjustin@example.net,2025-01-28,False,low,1,1.7014087899141161
6503,Samantha Prince,mackrebecca@example.org,2025-11-07,False,high,6,11.11454267378342
6504,Jennifer Brown,orobertson@example.net,2025-09-20,True,medium,5,4.906893265683566
6505,Jeffrey Williams,mvaughan@example.org,2025-07-25,True,low,0,3.8558386424621944
6506,William Brown,rachel50@example.com,2026-05-12,False,medium,5,7.214374087121807
6507,Beth Ford,fitzpatrickheather@example.com,2025-01-08,False,low,0,4.843934246272815
6508,Suzanne Guerrero,qfranklin@example.net,2026-03-15,True,low,2,4.615237679294986
6509,Elijah Herrera,xowens@example.net,2026-07-31,False,high,8,12.675386160572955
6510,Dawn Mendez,ramirezjennifer@example.com,2024-09-24,False,medium,1,6.122631382350553
6511,Stuart Smith,lewisshelley@example.com,2025-03-29,False,high,4,11.537301619670021
6512,Devin Dennis,changjohn@example.org,2025-02-04,True,high,10,14.483700608774557
6513,Frederick Cummings,jeffreysimmons@example.org,2025-12-31,False,low,1,5.141175187438171
6514,Zachary Le,mark15@example.com,2024-12-13,False,low,1,3.4834995580397834
6515,Jacob Ryan MD,smiller@example.net,2024-10-24,False,low,0,6.057626648076132
6516,Gregory Miller,morenopatrick@example.net,2026-03-06,False,high,15,9.610663624478796
6517,Dr. Marcus Garrett II,william91@example.com,2024-10-29,True,low,0,4.369277160702901
6518,Kevin Leonard,christopherflores@example.net,2025-05-30,False,high,8,9.367891882185079
6519,Joseph Wong,xwood@example.com,2025-08-20,True,medium,3,8.070851912605745
6520,Michael Rodriguez,jillarnold@example.org,2025-09-12,False,low,1,2.798084742206523
6521,Kimberly Hill,oherrera@example.com,2024-09-30,False,low,1,5.754597039739512
6522,Lynn Miller,jennifer41@example.net,2026-08-06,False,low,0,5.105993279984875
6523,Darius Tapia,vicki70@example.org,2025-08-27,False,low,1,0.5524520512227165
6524,Tonya Cole,maryfreeman@example.org,2024-11-05,False,low,1,1.5626331423530289
6525,Corey Williams,kristy97@example.org,2025-01-30,True,medium,4,4.985399030958517
6526,Angela Johnson,nataliemartin@example.net,2025-09-04,False,low,0,5.151092947788403
6527,Samuel Glass,hamiltonandrew@example.org,2025-09-22,True,low,2,0.5
6528,Jasmine Bishop,patrick11@example.net,2026-06-08,False,low,1,6.1826150590752
6529,Kenneth Boyer,benitezlawrence@example.com,2025-04-28,True,high,7,11.503558043677675
6530,Robert Johnson,mmorris@example.net,2025-06-20,False,high,5,14.185862305594712
6531,Dennis Hancock,waltervargas@example.net,2024-11-26,False,high,10,10.35516602463468
6532,Barbara Wells,ngardner@example.com,2026-07-08,True,medium,1,11.65906017498385
6533,Rebecca Chung,elizabeth22@example.org,2025-07-19,False,low,0,6.160896653658375
6534,Laura Wolf,matthewcooper@example.org,2024-10-27,False,low,3,5.478959149472741
6535,Roy Nichols,orichardson@example.org,2025-03-22,True,low,1,2.7605784487305667
6536,Brent Gates,huntermichael@example.org,2025-04-18,False,low,0,4.329974279548366
6537,Kimberly Morse,scotthinton@example.com,2026-05-29,False,medium,1,8.12956159916594
6538,Jessica Logan,brandon93@example.org,2026-08-05,False,high,9,9.128648172585489
6539,Teresa Davis,fmiller@example.com,2026-01-17,True,high,9,12.470891387520616
6540,Darrell Williams,brandttravis@example.org,2025-08-03,False,low,1,2.853803907653231
6541,Mr. Peter Green MD,shawdanielle@example.org,2024-10-01,False,low,1,5.026589328985375
6542,Paul Walter,perezbrian@example.net,2025-12-28,False,medium,4,6.596341649139637
6543,Desiree Kelley,scottalan@example.org,2026-03-03,False,medium,5,6.963973320245537
6544,Sandra Townsend,danielguerrero@example.net,2026-06-11,False,low,0,0.8633470884146988
6545,Lauren Owens,rcrosby@example.com,2025-03-19,False,low,0,2.143804485107321
6546,Jason Roberts,ujones@example.net,2026-06-24,True,medium,3,5.4777730621838225
6547,Justin Preston,rebecca83@example.org,2026-07-16,False,low,1,3.343818869984599
6548,Lisa Ramos,ohenson@example.net,2024-12-03,False,high,8,9.994112326119293
6549,Natalie Watts,heidilynch@example.org,2026-06-12,False,medium,6,2.630403996344681
6550,Courtney Boyd,meganbennett@example.com,2024-12-15,False,low,3,4.918361109665172
6551,Mark Maxwell,estephens@example.org,2025-06-20,False,low,1,1.7978450847542145
6552,Luis Wilson,jessicaspence@example.com,2026-01-23,False,medium,1,5.3212329921615975
6553,Kathryn Walters,ykelly@example.com,2026-07-27,True,low,0,3.759342017983969
6554,Jacqueline Harper,ualvarado@example.net,2026-07-14,False,low,0,0.8325623606716568
6555,Jeffrey Lewis,williamssteven@example.org,2026-03-07,False,medium,1,6.2535807344960865
6556,Casey Rios,kimberlyyoung@example.org,2025-11-05,False,low,1,3.5117724493035447
6557,Raymond Vazquez,ryanhart@example.com,2026-05-07,True,medium,2,6.347913301815469
6558,Jeremy Newman,jose60@example.net,2026-03-15,False,medium,4,7.635522851828926
6559,Brad Stevens,derekwright@example.org,2025-12-28,False,low,0,3.144274555300435
6560,Jessica Castro,laurenromero@example.org,2026-09-06,False,medium,5,8.777409173998189
6561,Dr. Terri Chapman,matthew76@example.net,2026-03-25,False,medium,2,6.351130284949573
6562,Joseph Lewis,gonzalesjessica@example.net,2024-11-07,False,low,0,0.5
6563,Lindsay Barber,randerson@example.net,2026-01-05,False,medium,1,7.1033364982012195
6564,Douglas Mejia,colleen97@example.com,2026-07-02,True,medium,5,3.87780066750586
6565,Mark Bonilla,amber67@example.org,2024-12-08,True,low,1,5.3141988011570245
6566,Ray Carter,maria63@example.com,2025-02-12,False,medium,4,9.469836741106583
6567,Richard Ramsey,bookerjohn@example.com,2026-08-01,False,medium,3,6.527578438042643
6568,Peggy Barton,awhite@example.net,2025-12-05,True,low,0,1.094037290376943
6569,Maurice Brown,douglasgarcia@example.com,2025-07-24,True,low,1,3.471186449052876
6570,Michael Harvey,hwilson@example.org,2025-04-01,False,low,2,3.908833357359677
6571,Leonard Pham,jenniferwilliams@example.org,2026-07-15,True,low,3,2.665292823646617
6572,Krista Barnett,hernandezchristian@example.org,2026-09-13,True,medium,3,6.401495488233238
6573,Jennifer Edwards,samanthacruz@example.net,2024-11-22,False,low,2,4.668945405165341
6574,Brandon Bray,rhonda46@example.com,2025-06-11,False,high,4,11.910563317838294
6575,Robert White,michelemahoney@example.com,2025-06-11,False,low,4,3.584137718191098
6576,Riley Fischer,baileyrobert@example.org,2024-10-05,True,low,0,6.11245437396988
6577,Curtis Hunt,william50@example.org,2025-08-10,True,low,1,6.180213937576397
6578,Daniel White,melanie01@example.net,2024-11-21,False,medium,2,8.452066330855759
6579,James Murray,ncurtis@example.com,2026-05-28,False,medium,1,8.822271717725119
6580,Meghan Washington,shortjared@example.org,2025-05-01,False,medium,4,5.138733816311419
6581,Donald Chase,lhill@example.org,2026-01-31,False,low,1,5.208871999997575
6582,Gregory Johnson,barnettjames@example.com,2026-03-09,False,low,0,2.7121136641497148
6583,Joseph Williams,mhurley@example.org,2025-12-01,False,low,3,5.650762010430473
6584,Nicholas Cox,duanebryant@example.org,2024-10-13,False,medium,3,6.66635721037036
6585,Lauren Glenn,xcannon@example.com,2026-09-03,True,low,1,5.076798715279104
6586,Jose Avila,quinnann@example.net,2026-04-26,False,medium,5,4.757799413936092
6587,Heidi Spears,chaneymichele@example.org,2025-11-06,False,high,11,10.100524117738317
6588,Brittany Sanchez,lmartinez@example.org,2024-12-25,False,medium,4,7.666694011932598
6589,Heather Francis,rodriguezheather@example.net,2025-01-19,True,low,2,4.598335721505539
6590,Kenneth Rodriguez,aaronjohnson@example.org,2026-06-16,False,low,2,4.460984619419384
6591,Ashley Lewis,josephwilson@example.com,2025-11-09,False,low,0,5.898885351126426
6592,James Fleming MD,henrylisa@example.org,2025-08-29,False,medium,4,13.67476382496461
6593,Suzanne Hernandez,sonyawarner@example.net,2024-12-16,False,low,1,2.3831071405391193
6594,Heather Miller,john62@example.net,2026-03-23,True,medium,4,8.032174819946187
6595,Michelle Higgins,helen04@example.net,2026-07-29,True,high,9,10.686606897840154
6596,Alyssa King,laura71@example.com,2025-10-25,False,medium,4,6.529626614651255
6597,Lisa Thompson,kellyhughes@example.org,2026-05-05,False,low,0,4.090535286690794
6598,Cory Anderson,hsmith@example.com,2026-06-03,False,low,0,2.4860054986491176
6599,Sean Yu,jhumphrey@example.net,2025-01-14,False,high,14,7.998669779961499
6600,Tina King,jgonzalez@example.net,2025-02-22,False,high,7,11.251696781610972
6601,Angela Peterson,carteryvette@example.net,2026-04-09,False,low,2,5.240834967249033
6602,Kimberly Woods,ramirezsteven@example.net,2024-11-22,False,low,1,3.383786457210028
6603,Daniel Adams,cooperbrenda@example.net,2026-03-07,False,low,2,3.6833734408764855
6604,Frank Campos,gregorywright@example.org,2025-04-01,True,low,3,1.8378636030911872
6605,Mary Fischer,jessica19@example.net,2025-06-14,False,medium,3,8.58750847703583
6606,Nicole Pearson,zwebb@example.com,2025-09-14,True,medium,3,6.854373444314834
6607,Rachel Manning,bjohnson@example.com,2025-01-26,False,medium,3,6.31523204097928
6608,April Mccarthy,jacobturner@example.net,2026-05-19,False,medium,3,5.323840678223485
6609,Calvin Salazar,amy72@example.com,2025-10-01,False,low,1,1.7546551827030958
6610,Beverly Wilson,sarasavage@example.net,2026-09-02,False,medium,3,9.311021029849242
6611,Frank Coleman,jessicadalton@example.net,2026-06-05,False,low,0,3.2602615139890068
6612,Alison Wells,wheelerwyatt@example.org,2025-01-21,False,medium,1,9.522922061552446
6613,Ronald Kelly,smithjade@example.net,2025-04-06,False,medium,2,8.817484362427498
6614,Mark Shelton,ncunningham@example.org,2026-03-05,False,low,0,5.043921409642006
6615,Richard Anderson PhD,jacksonchristopher@example.org,2026-04-22,False,medium,2,5.738757747698918
6616,Caroline Harper,meganmonroe@example.net,2026-09-01,False,low,0,6.10777372625275
6617,Kayla Fox,kristina43@example.org,2025-07-30,True,medium,3,6.589436754298739
6618,Christopher Jackson,piercemelissa@example.com,2025-08-30,True,low,2,6.8865981181362415
6619,David Barton,henrykristin@example.org,2026-07-05,True,high,6,10.672338339321616
6620,Brittany James,lydia20@example.net,2025-05-14,False,high,6,12.801535952387374
6621,Angela Lopez,chendricks@example.org,2026-08-23,True,high,4,10.97871379948125
6622,Michelle Levy,becky11@example.com,2024-12-07,False,low,1,0.5
6623,Stephanie Young MD,iwright@example.net,2025-05-27,False,low,1,4.027288763078995
6624,Mary Smith,thomascarrie@example.com,2025-09-22,False,low,0,4.065166140999177
6625,Christina Wolf,valerievelazquez@example.net,2025-08-06,True,high,3,9.947846707578652
6626,Jessica Henry,larry29@example.net,2026-03-29,False,high,7,11.92472158516318
6627,Marc Clay,linda19@example.com,2025-08-05,False,low,1,5.13628607220657
6628,Kathleen Williams,greenechristopher@example.net,2026-02-15,False,medium,3,6.43694189259445
6629,Crystal Lopez,wbriggs@example.net,2025-01-04,False,high,8,6.324656871417291
6630,Julie Harris,rosariokaren@example.org,2025-06-17,False,medium,7,8.143605841867203
6631,Mikayla Daniels,hfisher@example.net,2026-01-05,False,medium,5,5.372885091611496
6632,Kimberly Brown,brownkevin@example.org,2024-12-09,False,low,3,5.533445846987383
6633,Kelly Mason,cheryl91@example.net,2025-01-04,False,low,2,5.9961752920797435
6634,Erika Carpenter,alvarezjesse@example.net,2025-06-30,True,low,1,5.126368907935504
6635,Bryan Walker,kristinavalenzuela@example.org,2026-09-12,True,low,0,2.2233719164742682
6636,Melissa Knight,zamoramargaret@example.org,2026-07-05,False,low,0,3.4913104550937835
6637,Christopher Hill,joe65@example.com,2026-08-24,False,medium,1,4.2225078771799485
6638,Morgan Miller,maytony@example.net,2026-01-16,False,low,0,6.131756494740187
6639,Ana Cole,reedmonique@example.com,2025-11-15,False,medium,1,8.096351288108496
6640,Amanda May,josephmorrison@example.com,2025-10-13,False,low,0,4.130449963338555
6641,Alyssa Cowan,brandon09@example.org,2024-10-12,True,low,1,2.9334607485362874
6642,Kevin Morales,morrisonjacqueline@example.org,2026-08-02,False,low,1,5.263521173836654
6643,Cheryl Sanders DDS,pedrocruz@example.org,2026-03-29,False,low,0,2.6518781926912514
6644,Cynthia Williams,aaron99@example.net,2024-10-07,True,high,9,10.760187177895679
6645,Diana Black,bennettdaniel@example.net,2024-12-03,False,low,1,4.721977650082817
6646,Jaclyn Smith,catherine08@example.com,2025-05-15,False,medium,2,8.540023631519217
6647,Donna Nelson,jennifer39@example.org,2024-11-19,False,medium,4,4.307810702558753
6648,Ryan Hamilton,jonathan93@example.com,2026-07-21,True,medium,2,5.4377786708164875
6649,Ashley Hernandez,gholmes@example.net,2024-12-17,True,medium,5,3.5454705055515263
6650,Thomas Mccoy,tholder@example.net,2026-01-21,True,low,3,5.46479225111017
6651,Brad Marshall,andrewburton@example.net,2024-12-15,False,low,1,4.613186060215155
6652,Betty Hanna,markhardin@example.net,2024-12-10,False,low,1,0.5
6653,Michelle Howell,martinscott@example.com,2024-11-29,False,low,0,5.782596942857191
6654,Brandon Johnson,larry46@example.com,2025-08-01,False,medium,2,10.27768537236182
6655,Valerie Brown,lindareed@example.com,2026-06-24,False,low,2,6.487117119164877
6656,Brandon Morgan,nancy84@example.com,2025-11-07,False,medium,4,8.353444987945903
6657,Heather Larson,kingmelissa@example.net,2024-10-01,False,medium,5,6.15443565734917
6658,Victoria Hopkins,anthony90@example.com,2025-04-27,False,low,2,9.58046279956227
6659,Emily Duncan,debramclean@example.org,2026-05-16,False,medium,2,9.896313946970908
6660,David Berger,zvelasquez@example.net,2025-02-23,False,low,1,2.321154815257933
6661,Stacey Kent,ellisrichard@example.net,2025-07-09,False,low,0,8.394516015140583
6662,Christian Scott,hunter31@example.com,2025-09-04,False,low,1,5.113196828146251
6663,Alexa Morse,kristen11@example.org,2025-04-08,True,high,5,9.299661822935969
6664,Rebecca Kim,ryanmurphy@example.net,2026-04-23,True,medium,5,11.335448241239256
6665,Jorge Baxter,victoriastevens@example.com,2025-07-18,False,low,3,0.5
6666,Terry Lucas,henry60@example.org,2025-08-21,True,medium,2,6.4997502244707235
6667,Jillian Villarreal,matthew13@example.org,2026-04-20,False,low,1,1.8168925640721856
6668,Colton Rios,sharon70@example.org,2026-01-21,False,medium,4,5.610445249486293
6669,Dr. Bethany Harris,dawnmeadows@example.org,2025-01-17,False,medium,3,9.46360037200229
6670,Melinda Williams,truiz@example.org,2026-04-11,False,low,2,1.5426893504807198
6671,Thomas Hays,jeffrey11@example.com,2025-07-10,False,low,2,6.430580345275109
6672,Connie Horn,stephaniemays@example.net,2026-06-24,False,medium,1,8.213949426342973
6673,Michael Frank,amy33@example.com,2025-04-16,False,medium,3,8.326195264772199
6674,Gregory Hoover,hking@example.com,2026-03-21,False,low,0,2.5144722451782027
6675,Cory Carr,clarkdavid@example.org,2025-08-01,True,medium,3,6.532321569194901
6676,Dr. Kayla Owens,huntmolly@example.org,2026-05-19,False,medium,6,9.26942955672011
6677,Sherry Cook,zbaker@example.net,2024-11-21,False,low,3,0.5
6678,Robert Richardson,dalepayne@example.net,2025-02-07,True,medium,10,4.901689317879533
6679,Matthew Harrison,watkinskevin@example.net,2026-02-18,False,low,1,3.169488043707366
6680,Sonya Woodard,wreilly@example.net,2025-06-20,False,low,0,4.349740704522514
6681,Jason Whitaker,washingtonkara@example.org,2025-03-03,False,medium,2,9.6950543824193
6682,Melissa Mendoza,david75@example.com,2025-05-27,True,medium,3,7.104342380003419
6683,Lisa Blackburn,virginiawilliams@example.org,2025-01-31,True,low,4,6.9606192013238655
6684,Betty Faulkner,ydavis@example.com,2025-03-03,False,medium,1,4.250068704645328
6685,Nicholas Fitzgerald,sabrina99@example.net,2025-08-14,False,low,1,3.524272666228482
6686,Tabitha Jones,dennis92@example.com,2026-03-21,False,low,0,7.715394545626939
6687,Ricky Gilbert,jessicafisher@example.com,2025-07-28,True,low,0,8.434266749126767
6688,Anthony Bean,lunaclarence@example.net,2026-06-10,True,low,0,5.350967736275688
6689,Andrew Williams,johnsonerin@example.com,2025-07-01,False,low,0,2.390734008524192
6690,Gary Wong,collinsmatthew@example.com,2026-07-06,False,low,1,6.497543237119963
6691,Jennifer Reed,gonzalezmeagan@example.com,2025-02-18,False,low,1,1.871560598654288
6692,Catherine Stevens,margaretbullock@example.net,2025-11-30,False,medium,1,6.262705083394696
6693,Richard White,allison80@example.com,2026-04-06,False,high,11,10.237034997154424
6694,Robert Page,steven65@example.com,2025-02-20,False,low,1,2.5175830075674925
6695,Kyle Martin,scottjoel@example.org,2025-01-17,False,medium,2,4.951706150569914
6696,Elizabeth Sutton,shawn91@example.org,2025-07-11,False,low,1,4.2867714681699525
6697,Deborah Drake,grantdustin@example.org,2025-12-31,False,medium,1,6.328912307973492
6698,Devin Berry,joshua48@example.com,2025-10-06,True,low,2,7.317423253002708
6699,Jennifer Harvey,kevin51@example.net,2025-03-28,False,high,7,12.092466383576674
6700,Jacob Taylor,scottnicolas@example.org,2025-09-03,False,low,1,6.1685185736054775
6701,Richard Miller,rebeccaanderson@example.com,2026-04-15,False,high,8,6.977203102719985
6702,Ashley Miranda,jessicabell@example.com,2025-06-13,False,medium,3,8.266044792990616
6703,Marcia Thomas,jennifer13@example.com,2025-01-22,False,low,3,5.376037215980123
6704,Samantha Bauer,qlittle@example.org,2024-11-01,False,high,6,16.910321068031028
6705,Megan Hoffman,melissacarr@example.org,2025-03-23,False,low,0,3.5022022118013854
6706,Candace Klein,tanya39@example.org,2026-05-08,True,medium,3,4.764004225338203
6707,Matthew Davidson,anamoore@example.net,2025-11-04,False,low,1,4.842009298197128
6708,Ryan Clark,alexander39@example.net,2025-04-27,True,medium,2,6.828018701184924
6709,Erica Smith,myersdavid@example.org,2026-01-31,True,low,1,4.540873743897809
6710,Casey Costa,randall62@example.org,2025-08-27,False,medium,5,5.666792748421683
6711,Nicole Howe,lhutchinson@example.com,2025-03-05,True,medium,1,5.551601248733291
6712,Barbara Lester,monica65@example.org,2026-02-18,True,high,7,9.688320298877592
6713,Leslie Chavez,debrajones@example.com,2025-06-26,False,medium,6,4.8634595092917206
6714,Joshua Morris,matthew01@example.org,2026-01-10,True,low,0,5.237562471266319
6715,Terry Mccann,anita31@example.org,2026-08-29,True,medium,0,6.766174397541812
6716,Sherri Sanchez,andrewknight@example.org,2026-01-08,False,low,1,3.739292731547651
6717,Michael Martin,natalie76@example.com,2026-07-19,False,medium,0,7.672148404993914
6718,Amber Lindsey,mharrell@example.net,2025-10-23,True,low,0,2.3174440748867076
6719,Jamie Ortiz,bruce00@example.net,2026-08-09,False,medium,3,7.363871658481419
6720,Katherine Murphy,betty62@example.com,2026-01-17,False,low,2,6.025068032126448
6721,Leslie Cross,christopherdiaz@example.org,2024-10-25,True,low,2,0.5664866275593048
6722,Daniel Cohen,ryangreen@example.com,2025-11-17,True,medium,0,5.293561381883512
6723,Jeffery Walters,bevans@example.org,2025-12-22,True,low,0,2.965037716136937
6724,Christopher Wilson,renee57@example.org,2024-10-01,False,low,2,5.505428691645806
6725,Jaime Hooper,craigcochran@example.net,2026-03-10,True,medium,4,6.034410786230583
6726,Paula Arnold,natasha55@example.org,2025-01-08,True,low,1,4.480312501892704
6727,Linda Lindsey,gomezalexandra@example.org,2026-03-03,True,medium,3,10.676951880257148
6728,Christopher Galloway,kimberly93@example.net,2025-01-05,False,medium,2,4.485534474838099
6729,Kim Faulkner,gwalter@example.net,2025-10-09,False,high,7,9.618014374320218
6730,James Gregory,alyssamitchell@example.com,2026-03-08,False,medium,2,5.130216947162032
6731,Christopher Lewis,qgarcia@example.org,2025-07-30,True,medium,5,3.9326283331843275
6732,Tracy Delgado,stevensevan@example.com,2026-02-15,False,high,11,15.85514059992764
6733,Amanda Werner,brian94@example.org,2026-06-28,True,low,3,3.0702521016524287
6734,Louis Perez,jwells@example.net,2026-05-28,False,low,2,6.177304355511652
6735,Dennis Wood,mayskelsey@example.org,2026-03-13,False,high,1,11.782868689988524
6736,Carolyn Holloway,omills@example.org,2025-05-01,True,low,0,0.5
6737,Kathryn Garcia,fraziermichele@example.net,2025-08-22,False,low,1,3.695968423884907
6738,Olivia Boone,morrisshelly@example.net,2025-11-22,False,low,0,3.8765042812912203
6739,Kevin Donovan,stephentate@example.org,2025-12-21,False,low,1,4.376562777319888
6740,Joseph Craig,holly63@example.org,2024-09-26,False,high,6,12.990508789352113
6741,Vanessa Perkins,mschroeder@example.org,2025-04-28,False,low,1,4.209186512131133
6742,Martha Patrick,katiewu@example.com,2024-12-28,True,medium,4,9.916722366560322
6743,Zoe Henry,bramirez@example.com,2025-03-13,True,low,1,0.5
6744,Thomas Moss,apeters@example.org,2026-01-30,True,medium,4,8.292360097006362
6745,Edward Sanders,davisrichard@example.net,2025-06-14,False,low,1,1.4741570164446438
6746,Wanda Taylor,whiteheaddavid@example.net,2025-09-14,False,low,2,5.410858605219767
6747,Christopher Russell II,glenmiller@example.org,2026-06-02,True,medium,5,5.5080597806869145
6748,Matthew Lara,heatherglover@example.net,2026-01-18,True,low,1,3.6794594032474564
6749,Billy Miller,brandonmiller@example.com,2026-05-04,False,medium,4,6.190937943479588
6750,Michael Davis,glenda96@example.org,2026-09-14,True,high,6,10.872018809875188
6751,Denise Anderson,lopezcarlos@example.com,2025-05-11,False,low,1,2.885115612306226
6752,Brittany Foley,gbrady@example.org,2026-03-19,False,low,0,5.1216995055687935
6753,Christopher Holmes,shane36@example.net,2025-04-16,True,medium,3,7.740669762555615
6754,Christopher Collins,lbrown@example.com,2025-12-18,False,low,1,2.006835695456342
6755,Fernando Mcguire,raymond69@example.net,2024-12-23,False,medium,4,11.92940396864433
6756,Karen Hale,yhernandez@example.org,2026-02-12,False,low,1,0.5
6757,Kelly Kim,hicksrobert@example.net,2025-03-13,False,low,2,3.9591335412396353
6758,Elizabeth Quinn,jerry75@example.org,2025-10-24,False,high,11,9.247515620115163
6759,Martha Watts,pedro98@example.org,2026-08-18,False,high,10,9.974380308765337
6760,Diana Mahoney,shannongonzalez@example.net,2024-12-23,False,low,2,4.440818430119235
6761,Wayne Robbins,christine41@example.net,2026-06-19,False,low,0,5.928214914320473
6762,Rhonda Ellis,bakerstanley@example.org,2025-05-29,True,high,8,9.614313994456369
6763,Mackenzie Jackson,copelandryan@example.net,2026-04-04,True,low,0,4.054398748365818
6764,Danielle Holmes,rubioallen@example.net,2025-12-27,False,low,0,0.9743520141296647
6765,Kimberly Fisher,jcross@example.org,2025-12-19,False,medium,3,4.360793863391718
6766,Mark Harris,edwardcisneros@example.org,2024-12-20,True,high,7,10.817278955147037
6767,Jennifer Smith,lori32@example.net,2026-07-05,True,low,0,6.4634503474209914
6768,Johnny Perez,devon16@example.org,2025-09-30,False,high,7,12.02379333953434
6769,Taylor Contreras,katherine99@example.com,2025-10-19,False,medium,4,7.019353924580534
6770,Wanda Martin,davidshaw@example.net,2025-04-26,True,high,4,10.085376103569109
6771,Victoria Wilson,gmiller@example.net,2024-11-25,False,medium,5,3.6828379386417254
6772,Christina Zuniga,allenjeremy@example.net,2025-05-08,False,medium,4,7.919089883800846
6773,Savannah Miller,melvin54@example.com,2025-08-10,False,high,7,9.303826029464453
6774,Alexis Williams,veronica99@example.com,2026-04-27,False,low,2,6.156431056262841
6775,Carmen Thompson,christina73@example.org,2025-02-24,False,low,2,2.852624699683255
6776,Scott Diaz,warrenkrista@example.com,2026-05-24,True,low,0,6.366388708489563
6777,Brianna Williams,rossadam@example.net,2026-04-12,True,low,1,3.902451766820652
6778,Mark Gibson,stephaniefrancis@example.com,2025-09-06,True,low,1,0.5
6779,Jordan Perkins,fconway@example.net,2026-03-08,False,medium,4,7.337314990343614
6780,Julie Young,martinwalker@example.org,2025-09-17,True,medium,4,7.727279287949324
6781,Tracy Lopez,kimberly05@example.com,2025-11-26,False,low,0,1.573389079182534
6782,Ronald James,cranegary@example.net,2026-06-27,True,low,0,0.9424456512023607
6783,Patrick Valenzuela,zjacobs@example.org,2025-04-10,False,low,4,5.099821613391241
6784,Kenneth Austin,ernestsandoval@example.com,2025-05-15,True,high,4,9.089992212369292
6785,Jerry Sanchez,fhernandez@example.com,2026-06-02,False,high,3,8.074520870304529
6786,Terri Brown,vmorris@example.com,2026-02-06,True,low,1,4.780041912188737
6787,Shane Castillo,daniel67@example.net,2025-04-27,False,low,1,3.8087784416339385
6788,Michael Clarke,floydtravis@example.org,2026-02-12,False,low,1,5.291733336664462
6789,John Kemp DDS,younglisa@example.com,2026-09-07,False,high,9,7.052054517176776
6790,Brandy Craig,goodalec@example.org,2025-03-01,False,low,3,3.752602667481401
6791,Joseph Trujillo,chanjasmine@example.net,2024-10-01,False,medium,4,8.335226447831152
6792,Lisa Lee,williamchase@example.org,2025-02-04,True,medium,4,8.967065160478606
6793,Daniel Serrano,scottrobinson@example.org,2026-07-31,True,low,0,4.672721129837491
6794,Rebecca Johnson,andrea88@example.org,2026-04-04,False,low,2,4.7325482675580135
6795,Mia Cunningham,sperez@example.org,2025-12-31,True,low,0,5.884387645833897
6796,Roy Fox,rebeccayoung@example.net,2026-01-15,False,medium,4,6.691909696924976
6797,Jennifer Sawyer,sotorobert@example.org,2025-04-08,True,low,1,2.628200978432257
6798,Joe Perry,rebeccatate@example.net,2024-11-03,False,medium,1,4.7288349807641055
6799,Austin Duncan,amy70@example.com,2026-01-05,False,medium,6,10.147454972967008
6800,Tiffany Brady,joseph49@example.org,2024-12-14,False,medium,1,5.989931017515141
6801,Andrew Cooper,scottbonilla@example.com,2025-05-20,False,low,1,2.5767410457960436
6802,Adrian Garcia,foxderek@example.net,2025-04-26,False,low,1,1.690948304674675
6803,Alice Martin,zpennington@example.org,2025-09-07,False,medium,2,6.357524600359337
6804,Jacqueline Wilson,megan27@example.net,2026-08-28,False,high,11,10.408670426629074
6805,Bridget Jones,haynesjeffrey@example.org,2026-03-04,True,low,0,5.1630990636291285
6806,Scott Weaver,wmurray@example.com,2026-04-21,True,low,0,4.928031449616559
6807,John Owens,richard53@example.net,2026-07-26,False,high,9,11.413363574739206
6808,Tamara Rivera,wmitchell@example.org,2025-12-10,False,medium,6,8.837709499686033
6809,Crystal Vazquez,mharrington@example.net,2025-09-11,True,low,0,3.3222410948617966
6810,Dylan Rowland,christinacunningham@example.com,2025-09-04,False,low,0,3.088513381331569
6811,Randy Nguyen,sloanveronica@example.org,2024-11-19,False,medium,4,6.721054367895795
6812,Andrew Atkinson,hfernandez@example.net,2026-05-19,False,high,10,10.330171416844976
6813,Jason Woods,chad87@example.net,2026-03-16,True,low,0,4.749803085599868
6814,Clifford Stewart,weberjerry@example.net,2025-01-05,False,low,1,4.795289948030861
6815,Shane Wong,joseph54@example.com,2026-07-16,True,low,1,4.4240536241729265
6816,Jill Mcintyre,kellyrobles@example.net,2026-03-04,False,low,0,4.685046796769069
6817,Robert Bryant,russellphilip@example.com,2025-08-12,False,medium,4,9.536141201590464
6818,Nichole Martinez,beckernicholas@example.org,2025-08-29,False,low,1,2.611127608093814
6819,Kim Martin,jbennett@example.org,2025-05-07,True,high,5,6.841986417874159
6820,Shannon Franco,rhondastephens@example.net,2026-06-08,False,low,1,5.800911162021659
6821,Allen Jones MD,thompsonchristopher@example.org,2026-07-06,True,medium,0,12.469224358365754
6822,Robert Maynard,diaztimothy@example.org,2025-01-22,False,low,1,1.1921367616025669
6823,Carolyn Fletcher,franklinjames@example.com,2024-12-22,False,medium,4,8.604485506535038
6824,Katie Roberts,tonywhite@example.net,2025-01-30,False,low,0,4.570287300215518
6825,Dawn Ramsey,camachomichael@example.net,2024-12-23,False,medium,3,5.164914487136961
6826,David Williams,fernandezvincent@example.net,2024-12-13,False,medium,3,4.17224259407911
6827,Thomas Sanders,zjordan@example.net,2025-08-25,False,medium,5,1.5416409848230934
6828,Corey Davis,candiceadams@example.net,2025-12-07,True,low,0,5.722927127479627
6829,Karen Miller,rperry@example.net,2026-08-10,False,medium,1,8.082902187816357
6830,Brian Doyle,marquezjill@example.com,2025-11-03,True,low,0,5.03950745489813
6831,Tracy Hawkins,carlos20@example.net,2026-02-27,False,low,0,5.421575783177178
6832,Marc Simmons,kristinarogers@example.net,2025-03-28,False,low,0,5.2177213195843475
6833,Jamie Roberts,cynthia93@example.net,2025-03-21,False,low,0,6.55457413872414
6834,Annette Houston,michelle87@example.net,2026-05-05,False,medium,1,5.9950522236071535
6835,Kara Taylor,thomas50@example.org,2026-07-14,False,medium,0,3.0482926642359423
6836,David Robbins,batesolivia@example.org,2026-08-19,False,low,2,5.5388811528183455
6837,Derrick Mitchell,sarah03@example.net,2024-09-27,True,high,9,8.703761067395874
6838,Kimberly Rivera,charrison@example.org,2025-03-10,False,medium,5,4.990751868180798
6839,Michael Meyer,moyerluis@example.org,2025-07-12,False,low,1,0.5
6840,Jennifer White,thowell@example.org,2025-12-07,False,medium,1,6.185720883647223
6841,Shannon Johnson,steventaylor@example.net,2026-08-22,False,medium,3,5.088869797372264
6842,James Patel,ricardomitchell@example.net,2026-04-03,True,low,1,1.4120356909685698
6843,Alexander Robbins,durhamcheryl@example.com,2025-05-19,False,medium,3,4.732296526078953
6844,Erika Mills,chad49@example.org,2026-05-01,False,low,1,5.115753288527757
6845,Sara Marquez,fletcherdennis@example.net,2025-03-08,True,low,1,6.120714586751159
6846,Austin Alvarado,natalie86@example.org,2025-07-18,False,low,0,2.818615155089674
6847,Joshua Williams,peter07@example.org,2026-01-14,False,low,1,0.5104539479767811
6848,Deborah Rogers,tuckercatherine@example.org,2025-08-03,False,medium,1,8.440754227646694
6849,Sergio Beard,weavermadison@example.com,2025-07-05,True,medium,4,7.391066475678598
6850,Angela Wilkerson,zfleming@example.org,2026-04-01,False,low,1,5.124591932708312
6851,Anthony Nichols,vward@example.net,2026-05-06,False,medium,1,3.291727045690704
6852,John Burke,ggamble@example.org,2025-07-26,True,medium,5,8.323307533431446
6853,Mark Hanson,christian98@example.net,2025-10-27,False,medium,1,8.807685125625573
6854,Eric Wells,christopherbowman@example.net,2026-03-31,True,medium,2,8.053152876928438
6855,Joel Woodard,cjohnson@example.net,2026-04-03,True,low,1,3.7969359434018273
6856,Nancy Arnold,larrymoody@example.com,2025-04-13,True,medium,1,8.517821512811196
6857,Crystal Jackson,tmccarthy@example.org,2026-08-31,True,low,0,6.962435392048771
6858,Roger Simmons,thomaswilliams@example.org,2026-07-30,False,low,2,3.8646770997960327
6859,Tony Reyes,wmorales@example.net,2025-11-04,True,low,0,0.5
6860,Anthony Richardson,lbenitez@example.org,2024-10-07,False,low,0,2.3084811830128293
6861,Dawn Allen,hendersonkathleen@example.com,2026-07-31,True,low,2,4.400248127901926
6862,Amanda Cantrell,kwalters@example.org,2026-06-10,True,low,4,4.607899333151706
6863,George Neal,zacharyharris@example.org,2025-03-02,True,medium,3,11.536631461708259
6864,Kevin Curtis,melissa85@example.net,2026-02-01,True,low,2,0.59646419755867
6865,Taylor Mccoy,everettlindsay@example.com,2025-08-01,False,medium,1,4.837781666625772
6866,Jonathan West,johnsonandrew@example.org,2026-05-28,False,medium,6,7.04728931159889
6867,April Smith,julieross@example.org,2025-08-25,False,high,4,10.901580615844523
6868,Mitchell Bryan,kyle99@example.org,2025-07-01,True,medium,1,9.726580330331554
6869,Tiffany Neal,jreed@example.net,2025-12-07,False,medium,3,8.630481366613726
6870,Phillip Gomez,moorelisa@example.net,2024-12-12,True,low,1,1.9976577761567729
6871,Isabella Bryant,theresajones@example.net,2025-08-23,False,low,0,5.044048196193891
6872,James Wilson,keithobrien@example.org,2025-02-20,True,medium,2,7.989780758206098
6873,Robert Williams,candrade@example.org,2025-08-04,False,low,1,4.328287329094643
6874,Susan Parker,ryankenneth@example.net,2026-07-15,False,low,0,3.52167393258159
6875,Bruce Paul,bryantkatherine@example.org,2024-11-26,False,high,5,9.501561796149979
6876,Daniel Wilson,melissa34@example.net,2025-09-17,True,medium,3,7.8590331339039
6877,Russell Mitchell,francotammy@example.org,2025-08-14,False,medium,2,7.9023465769728185
6878,Brian Ramirez,hneal@example.net,2025-11-14,True,medium,1,8.327421921082458
6879,Trevor Lynch,mcraig@example.net,2024-12-22,False,medium,1,7.852027909688604
6880,Amanda Burnett,heather63@example.com,2025-06-12,False,medium,3,5.686963346572775
6881,Melvin Smith,carlburke@example.net,2026-05-02,False,low,1,1.865362833891214
6882,Michael Espinoza,david35@example.net,2025-06-12,False,medium,4,4.652269889445311
6883,Angela Armstrong,joseph70@example.com,2026-04-19,True,medium,6,6.241870640718892
6884,Donna Scott,greendylan@example.org,2024-09-21,False,low,0,4.233496586438246
6885,Philip Gordon,csmith@example.org,2025-03-17,True,low,1,1.5962238009656327
6886,Jessica Abbott,carlhuber@example.org,2026-04-29,False,medium,5,5.905344974085989
6887,Dustin Weaver,fgomez@example.org,2026-07-06,True,medium,6,5.628834118627385
6888,Kristen Edwards,michaeldavid@example.net,2025-07-31,True,low,2,3.2197294448727476
6889,Janet Thomas,christinacisneros@example.net,2025-05-11,False,low,1,6.05528982741396
6890,Robert Stevens,reedmichelle@example.com,2025-02-22,False,low,1,3.4518789969568537
6891,Lisa Wolfe,cwebster@example.com,2026-09-11,True,low,1,3.3700663716200125
6892,Danielle Black,pthomas@example.com,2026-03-26,False,high,7,13.168261485146772
6893,Wendy Chang,staceychen@example.net,2026-01-18,False,low,0,2.503372043667484
6894,Felicia Murray,cynthia04@example.com,2025-09-06,False,low,1,3.6077071384945287
6895,Joseph Wolfe,dmyers@example.org,2026-06-21,False,medium,6,7.0398799684897275
6896,Daniel Moore,jason32@example.net,2026-05-09,False,low,0,5.61875886756312
6897,Candace Anderson,colemankristen@example.com,2025-10-10,False,low,1,5.51014746359377
6898,Steven Frazier,paulahall@example.org,2024-11-09,False,low,0,3.0924692994315905
6899,Jennifer Coleman,sara03@example.net,2024-10-29,True,low,3,7.6818387604064515
6900,Erin Phillips,weaverheather@example.org,2025-02-20,False,high,5,9.69604023670756
6901,Ryan Cervantes Jr.,hilljoseph@example.org,2024-10-14,False,low,0,1.7310521648849795
6902,Lauren Brown,loriwilliams@example.net,2026-05-24,False,medium,5,6.429855805190768
6903,Amy Rice,zwiley@example.net,2025-04-19,False,high,9,10.22799213090693
6904,Jacqueline Boyd,eric52@example.com,2025-08-05,False,medium,1,7.007613668456251
6905,Julie Diaz,sskinner@example.com,2026-08-27,False,low,0,4.9689809143518096
6906,Kathleen Peterson,morrisondwayne@example.com,2024-12-22,True,low,0,1.1624591011018532
6907,Jeremy Lynch,michelehines@example.org,2024-11-22,False,high,10,9.918256132408843
6908,Louis Vance,jamesconner@example.com,2025-12-07,True,low,0,0.7927287618641019
6909,Michael White,simonjackie@example.net,2025-05-08,True,medium,2,7.794481799188217
6910,Joanna Robinson,jonroberts@example.org,2025-10-01,True,medium,2,8.10473078471561
6911,Christy Thomas,virginiagillespie@example.com,2025-12-29,False,medium,4,3.947499717266786
6912,Nicholas Gonzalez,roberta76@example.org,2024-11-02,True,medium,5,4.544198541231776
6913,Tiffany Flores,william76@example.com,2025-04-25,False,high,6,8.215812394993554
6914,Rebecca Gates,reeddana@example.net,2025-11-08,False,medium,5,4.8316675936021465
6915,Allen Sanchez,umullins@example.net,2026-07-30,False,high,7,10.344040750502332
6916,Maureen Rhodes,dana29@example.net,2026-06-04,False,low,1,5.049461788330536
6917,Joseph Ortiz,stevensandrew@example.com,2024-11-14,True,medium,1,6.952421370801321
6918,Hannah Barton,linda07@example.com,2026-04-30,False,low,1,5.244018735707387
6919,Barbara Boyd,fblackwell@example.com,2025-10-28,False,low,1,1.4900590622572043
6920,Amy Jones,lbass@example.com,2026-07-10,False,high,4,10.926292186498031
6921,Monica Khan,darlenekelly@example.com,2025-01-19,False,low,1,4.898825772282603
6922,Charlotte Myers,danielle11@example.com,2025-12-18,False,low,0,1.8028923488384638
6923,Mrs. Alexandra Baker,kathryn68@example.org,2026-03-08,False,low,0,1.881867282852987
6924,Lindsey Mcclure,umiller@example.org,2026-02-06,False,low,0,4.18530861726142
6925,Carrie Mccarthy,shepardheidi@example.org,2024-12-19,True,low,0,3.450251889008177
6926,Holly Decker,maysjohn@example.org,2026-04-30,False,low,0,2.9824742706364757
6927,Edwin Austin,nguyenjennifer@example.org,2026-09-14,False,high,2,14.448987734708474
6928,Jessica Rowe,mclaughlindebbie@example.com,2026-05-25,False,medium,2,8.829798674007575
6929,Randy Jones,warrenpaul@example.net,2025-08-16,False,high,13,10.824011504308608
6930,Austin Medina,michaelfleming@example.com,2026-07-24,True,medium,4,2.5064981120887113
6931,Colton Payne,teresahernandez@example.com,2026-07-09,False,low,0,4.861992271394359
6932,Timothy Carpenter,jonathangarcia@example.com,2026-01-07,False,medium,2,11.376818940960632
6933,Tara Ramirez,colemelissa@example.com,2026-03-21,False,high,7,11.936496507423863
6934,Mr. Russell Cruz,crystalnelson@example.com,2025-10-23,False,medium,1,7.600032083174311
6935,Brandon Rich,karencampbell@example.net,2024-09-24,True,medium,5,7.9670013865320595
6936,Casey Johnson,qduran@example.net,2026-06-26,False,low,0,2.748248697083258
6937,Kelly Murphy,brian22@example.com,2026-02-26,False,low,2,4.9423879741454755
6938,Melissa Anderson,hendersonryan@example.com,2024-12-19,True,medium,1,5.574844147429934
6939,Kevin Potter,jonathan45@example.org,2026-02-20,True,low,2,4.903975282386231
6940,Jennifer Burns,cameronflowers@example.net,2025-02-05,False,high,9,14.085839131968402
6941,Nathaniel Phillips,rgarcia@example.net,2025-10-02,False,low,1,3.2893346339374196
6942,Jeremy Acosta,whitney23@example.com,2026-09-06,False,high,8,10.746396856673556
6943,Michael Cunningham,tmartinez@example.net,2025-07-21,True,low,4,0.6335455023413559
6944,Katrina Rivers,gabrielhurst@example.org,2025-05-22,True,low,1,2.613753316630901
6945,William West,zgreen@example.net,2025-11-15,True,medium,2,5.536014507569853
6946,Joseph Vasquez,robinsonthomas@example.org,2025-05-24,False,low,1,3.9961251921549428
6947,Sheryl Joseph,donald21@example.net,2026-06-29,False,high,6,8.918868670054737
6948,Veronica Solomon,grossalexander@example.org,2025-02-22,False,high,2,8.983331980731297
6949,Brandi Noble,lopezerica@example.net,2025-09-02,False,low,0,4.5158946656203955
6950,Eric Calhoun,michaeljohnson@example.org,2024-12-18,False,low,1,5.936687528169861
6951,Nicholas Allen,richardperry@example.com,2025-12-29,False,low,0,1.331611716604189
6952,Seth Romero,christina99@example.com,2025-10-19,False,medium,1,6.994078238293106
6953,Sarah Wilson,jennakemp@example.com,2026-04-26,False,low,1,4.259831795418102
6954,Danielle Martin,mjimenez@example.com,2026-06-03,False,low,2,4.964574529785348
6955,Shelby Moore,christopherholland@example.net,2026-01-11,False,high,11,10.16022158336131
6956,Travis Ross,lisalopez@example.net,2026-05-03,False,high,12,9.588857604487771
6957,Anne Green,graygerald@example.net,2026-04-21,True,low,0,4.509635751448963
6958,Peter Byrd,elizabeth11@example.net,2026-07-31,False,medium,2,8.913803528847481
6959,Andres Savage,dawn76@example.com,2024-11-26,False,medium,4,7.062326798735563
6960,Zachary Olson,theresa07@example.com,2026-04-28,False,high,8,12.503077655952566
6961,Curtis Wright,robert93@example.org,2025-04-26,False,low,2,5.867387803630209
6962,Jennifer Rivera,heather22@example.net,2026-08-15,True,medium,6,7.9845647473398
6963,Anthony Carson,tony05@example.net,2025-07-27,False,medium,4,7.428260087377866
6964,Patrick Cox,rmiller@example.net,2026-07-19,True,low,1,4.450912754742916
6965,Crystal Morse,connor67@example.net,2026-05-27,False,low,0,2.4782287351727703
6966,Nancy Harris,nathanmartin@example.net,2024-11-30,False,high,7,11.55657362693322
6967,Kyle Frost,karenfowler@example.net,2025-01-12,True,medium,3,6.239259479997257
6968,Timothy Miller,mileshaley@example.net,2025-07-23,True,low,5,2.32369251135186
6969,Stacey Baker,bwarren@example.net,2026-07-20,False,high,6,10.810348782371396
6970,Aaron Brown,cantrellrichard@example.com,2025-03-20,False,low,5,4.097791701393096
6971,Joshua Thomas,qmcmahon@example.org,2025-09-21,False,low,0,5.7483798884238135
6972,Melissa Reeves,jeremy98@example.net,2025-08-21,True,low,0,6.512975375266423
6973,Alisha Walton,lanebrandi@example.net,2025-11-18,True,medium,2,6.46491040556072
6974,Melissa Ferguson,diane11@example.com,2025-04-17,False,low,1,2.1450950521503387
6975,Eric Thomas,scollins@example.com,2024-11-16,False,high,6,7.3356577982820514
6976,Christopher Frazier,debrajohnson@example.org,2024-10-24,False,low,2,7.517509078821477
6977,Jesse Hill,hawkinstina@example.org,2024-10-09,False,low,3,3.0304902890061856
6978,Lauren White,wjohnson@example.org,2026-06-29,False,medium,5,8.95416732672399
6979,Kimberly Howard,zsantana@example.org,2024-11-30,False,low,1,4.178745532441387
6980,Jose Smith,dkim@example.com,2026-07-28,True,low,1,3.6427145427409413
6981,Nancy Howard,ngeorge@example.com,2025-04-09,False,low,1,3.715492923697037
6982,Ruben Nelson,jeffreyward@example.net,2025-04-10,False,low,2,2.422428178138316
6983,Susan Ross,medinalauren@example.com,2026-08-25,True,low,0,2.7440433595339835
6984,Melissa Campbell,christopheryoung@example.net,2025-06-22,False,high,4,10.419299930027643
6985,Steven Harris,zwilliams@example.org,2025-08-23,False,low,0,3.270944377376511
6986,Charles Nelson,patrickrodriguez@example.net,2026-04-22,False,low,0,5.915188129030333
6987,Amy Flores,woodardryan@example.net,2025-09-23,True,medium,4,4.078125738759388
6988,James Turner MD,rodgersbrian@example.com,2025-03-23,False,medium,5,8.37075427756258
6989,James Bishop,traceyconner@example.net,2025-06-02,False,high,3,10.593095836158659
6990,Barbara Drake,angela67@example.com,2025-10-08,True,low,2,2.7596802157702083
6991,Nicholas Parker,zmiranda@example.org,2025-12-10,False,low,1,1.7689984252412678
6992,Martin Frederick,daviddennis@example.org,2026-04-14,False,low,0,2.439766436739749
6993,Melissa Sanders,chenjennifer@example.net,2026-04-21,True,medium,5,5.070922422056322
6994,Casey Bonilla,michellenichols@example.com,2026-03-10,True,medium,1,5.348985736747782
6995,Daniel Miller,piercemarc@example.net,2024-10-03,False,low,1,6.8559758405968765
6996,Jamie Wilson,benjamincopeland@example.com,2025-04-27,True,low,2,5.377144535596767
6997,Jeffrey Walker,ncurry@example.com,2025-02-07,False,medium,3,4.358834425359954
6998,Mary Wilson,lauracochran@example.org,2025-02-19,True,low,2,2.4739689916305867
6999,Duane Campos,browntravis@example.net,2026-08-29,False,low,2,3.038488629952634
7000,Robin Mckee,dawn79@example.net,2026-03-10,False,low,2,1.9921536995141405
7001,Mr. Peter Thompson II,kbass@example.net,2025-02-24,False,medium,2,7.980866834495755
7002,John Doyle MD,whitedavid@example.net,2025-12-15,True,medium,6,8.54828263268878
7003,Stacy Jones,scottmanning@example.com,2026-06-25,False,medium,1,4.84510009927309
7004,Michelle Bates,brandon74@example.net,2025-12-28,False,low,0,5.838670974500878
7005,Angela Perez,amandagonzalez@example.com,2025-11-15,False,low,1,4.504158579252733
7006,Lisa Payne,kendrahoffman@example.org,2025-03-11,False,low,1,5.3111712135173015
7007,Alec Jennings,annarivas@example.com,2026-03-19,True,high,8,9.11724881865308
7008,Sandra Gonzalez,ujones@example.org,2025-04-13,False,low,0,6.43865233867167
7009,Angela Roberts,pamela61@example.net,2026-02-26,False,high,8,11.152927986785304
7010,Kathy Brewer,sandersstephanie@example.net,2025-04-16,False,medium,5,8.702046965387572
7011,Rebecca English,frankyoung@example.net,2025-12-15,False,low,0,4.9170835076834285
7012,Lauren Buck,jennifer89@example.org,2026-01-01,False,low,0,4.771152072222147
7013,Austin Norton,sellerstimothy@example.org,2025-01-04,False,low,0,3.7510869543148138
7014,Martha Macias,vevans@example.com,2025-10-02,True,medium,2,7.5445535624219975
7015,Ann Zamora,joseph08@example.net,2025-02-13,False,medium,0,8.854624069053854
7016,Debra Hernandez,toddtaylor@example.net,2026-03-26,True,high,1,8.908933233260887
7017,Jon Rivera,thomas70@example.org,2025-02-22,True,low,0,2.1708276803580437
7018,Michael Lopez,morrisonneil@example.org,2025-11-28,False,low,0,0.5
7019,Edgar Allen,thammond@example.org,2026-07-28,False,low,0,2.9578579968301284
7020,Eric Davis,tonyaturner@example.com,2024-10-21,False,medium,2,8.095217377255866
7021,Jean Rodriguez,bfarmer@example.net,2025-04-20,False,low,1,4.7345495619891995
7022,Theresa Mcdonald,rcobb@example.net,2025-12-08,False,low,0,3.544797540421029
7023,John Patterson,kmiles@example.com,2024-12-18,True,low,1,3.6247394754209514
7024,Elizabeth Tate,trichardson@example.net,2025-12-21,True,medium,1,8.435986763692856
7025,Brandon Church,bryan08@example.net,2026-08-11,False,medium,2,4.552916867916284
7026,Kevin White,hughescolin@example.com,2025-07-17,False,medium,5,8.870425043010806
7027,Ryan Kemp,paige88@example.org,2026-09-08,False,medium,3,6.808265465330267
7028,Theodore David,joshua90@example.com,2026-05-27,False,medium,3,9.81533226910725
7029,Maria Matthews,dominique17@example.net,2026-07-19,True,medium,3,8.156169017979023
7030,Beth Williams,timothy08@example.com,2025-10-31,True,high,6,12.894865296644916
7031,Erin Martinez,eugenewiggins@example.net,2026-06-17,True,medium,1,6.766933317761966
7032,David Shelton,andrea02@example.net,2026-07-24,False,high,5,11.577329421167724
7033,John Woods,thomasmarcia@example.com,2025-10-19,False,low,2,3.584901340066184
7034,Robert Dalton,tthompson@example.net,2024-11-17,False,medium,1,8.376986787732006
7035,Rachel Kennedy,englishsheila@example.net,2025-02-12,False,low,1,6.9769998205808985
7036,Jennifer Johnson,jameslarry@example.com,2026-05-24,False,low,1,7.05399761675001
7037,Micheal Richards,espinozadeborah@example.net,2025-11-10,False,high,2,10.351296596989453
7038,Samantha Beck,pdaniel@example.com,2025-12-19,False,medium,3,8.51340513846931
7039,Christina Hall,lisa30@example.net,2026-01-17,False,low,1,2.1882118873294814
7040,Gina Waters,wardwilliam@example.com,2025-03-09,False,high,4,14.936842077732381
7041,Shane Martinez,michaelmassey@example.net,2024-10-12,True,low,0,2.6303596208860567
7042,Regina Hill,hannadiana@example.com,2026-04-06,False,medium,3,7.374936643200902
7043,Craig Lewis,lisadavenport@example.org,2026-02-09,True,low,1,6.802863710502341
7044,Scott Gomez,vparsons@example.net,2024-10-31,True,low,2,6.855672665961729
7045,Chad Little,brooksamy@example.com,2026-03-24,True,low,1,3.9472385762493984
7046,Megan Ray,shannonwood@example.org,2026-06-07,False,low,0,6.532835811675104
7047,Natalie Foster,paynefelicia@example.net,2024-11-29,True,low,0,2.369666658079601
7048,Mark Williams,billy79@example.net,2026-07-29,False,medium,4,9.19178156241647
7049,Aaron Underwood,solisdenise@example.net,2024-10-31,False,low,0,4.448379407656032
7050,Kristina Brock,kimberlydickerson@example.com,2026-04-29,False,low,2,1.8616040128762008
7051,Lawrence Cunningham,gregoryrichardson@example.org,2026-01-06,False,low,1,6.106552683053586
7052,Luis Marshall,james75@example.org,2026-05-08,False,low,0,2.6863031015510446
7053,Kimberly Garcia,savannahmoore@example.org,2026-07-06,False,low,2,3.333702005920416
7054,Amber Taylor,troyfletcher@example.net,2024-11-18,True,low,1,3.28985389930122
7055,Andrew Williams,annbenton@example.com,2024-09-27,False,low,1,2.6504002330566676
7056,Leslie Watson,hmcgrath@example.net,2025-03-27,True,medium,0,5.455686803245994
7057,Darryl Miller,zimmermanernest@example.com,2025-05-03,True,low,1,1.84512316193893
7058,Eric Taylor,charles34@example.com,2025-09-12,True,medium,3,5.446404154796698
7059,Tara Washington,vsalazar@example.org,2025-12-13,True,high,5,7.6943395584305385
7060,Brittany Reed,houstonlauren@example.net,2026-01-06,False,medium,3,11.83576515607297
7061,David Kelly,jillianhall@example.com,2025-02-25,True,low,1,2.3465177082946926
7062,Kristi Ward,hannahblack@example.com,2025-04-18,False,high,8,13.202655623267395
7063,Johnathan Lynn,villegascrystal@example.org,2024-12-31,True,medium,2,6.606896635792268
7064,William Williams,gibbslaura@example.org,2025-12-05,False,low,0,2.9503006963016145
7065,Marvin Smith,nathaniel97@example.net,2026-04-20,False,high,12,9.171037815032474
7066,Samuel Escobar,william43@example.org,2025-05-19,False,medium,3,2.9037090633923093
7067,Dean Mullins,wcompton@example.org,2026-04-20,False,low,0,3.0320146616171657
7068,Daryl Thomas,glasschristopher@example.com,2026-01-08,True,high,5,12.631536389918145
7069,Erin Robertson,henrykylie@example.org,2026-07-14,True,low,0,6.259840357522188
7070,James Bailey,douglas46@example.net,2026-05-08,True,high,11,7.631856672282478
7071,Thomas Klein,nthompson@example.org,2025-02-10,False,low,1,2.4903262318189343
7072,Christopher Martinez,collinsjose@example.org,2025-09-01,True,low,3,3.130312862307821
7073,Alyssa James,andrea92@example.com,2025-06-13,True,medium,1,9.796042582745388
7074,Carol Griffith,davidromero@example.net,2025-06-03,False,high,7,10.515669270889271
7075,Joshua Johnson,julie14@example.org,2026-01-13,False,medium,5,9.899928381724711
7076,Casey Perez,rebecca09@example.net,2025-03-26,False,low,0,5.651077846334859
7077,Willie Ferguson,bowenmargaret@example.org,2025-04-22,True,medium,2,6.120473911811343
7078,Chase Jones,tara13@example.org,2025-06-01,True,high,4,9.63254468302751
7079,Robert Wright,jacksonkatrina@example.com,2025-05-29,False,medium,6,5.090653617524033
7080,Melissa Lee,valenzueladanny@example.net,2025-06-03,False,high,4,8.393526251902928
7081,Mary Vang,burgessrose@example.net,2024-12-25,False,low,1,6.591615744430105
7082,Maria Huerta,christinepatterson@example.com,2024-12-26,False,low,1,5.300483590281107
7083,Michele Fowler,watkinswilliam@example.org,2026-04-02,True,low,1,3.584998765471436
7084,Evan Chavez,robert99@example.org,2026-09-15,False,low,2,3.64402863541856
7085,Jeffrey Lee,thomasnorris@example.org,2025-07-18,False,high,3,12.678644711427907
7086,Christina Campos,tylerwhite@example.com,2025-07-03,True,low,2,2.340264003041902
7087,Anthony Shields,alyssa04@example.org,2026-04-04,False,low,0,7.182636347149158
7088,Tammy Long,johnwilliams@example.com,2025-06-07,False,low,0,6.1077535832496075
7089,Zachary Campbell,felicia93@example.com,2025-07-02,False,medium,4,8.186150067453827
7090,Tracy Garcia,meyerkenneth@example.org,2026-07-16,False,high,7,12.405216169094194
7091,Joy Ramirez,williamsonkathy@example.net,2025-11-19,False,medium,1,6.985936813779186
7092,Tracy Vazquez,zramirez@example.net,2026-08-03,False,high,8,12.651834264556562
7093,Marc Stokes,miranda21@example.net,2025-05-13,False,low,1,3.6797354287008375
7094,Robert Anderson,fgibson@example.net,2025-10-16,False,high,8,8.587215673098541
7095,Stephanie Spears,nbrown@example.com,2024-11-04,True,low,1,4.387855511748569
7096,James Robinson,daviddoyle@example.com,2026-01-05,False,high,7,11.77167142877584
7097,Victoria Lawrence,evanstommy@example.net,2025-01-26,True,low,4,4.537750024469537
7098,Gloria Snow,ysimon@example.net,2026-04-14,False,low,2,3.0402982763068485
7099,Brian Graham,yross@example.com,2025-03-15,False,high,8,10.085894061854104
7100,Taylor Mullins,benjaminarcher@example.net,2025-10-10,False,medium,2,3.5841034965369305
7101,Christine Robinson,wellstracy@example.org,2026-01-16,False,medium,3,4.849575362435636
7102,Jason Howell,rodriguezstacy@example.net,2026-07-06,False,medium,1,9.388127631465528
7103,James Reyes,vkim@example.net,2026-01-22,False,medium,2,6.8820753586897006
7104,Heather Jennings,tlewis@example.com,2025-10-05,False,high,7,7.772850158963198
7105,April Oliver,qjensen@example.com,2026-03-25,False,low,0,4.351282539125639
7106,Leslie Richards,prowe@example.org,2025-06-28,False,medium,4,6.927580395848831
7107,Christian Simon,stephensashley@example.org,2025-11-08,False,medium,2,5.2772692600819635
7108,Sierra Hall,foconnor@example.com,2026-05-16,False,medium,4,7.101111503167633
7109,James Hall,david36@example.org,2024-10-01,True,low,4,3.377658217901374
7110,Heather Smith,curtisjoshua@example.net,2025-02-08,False,low,0,2.2870599483269407
7111,Phyllis Berry,joneslogan@example.org,2026-04-21,True,medium,0,7.694048154549363
7112,April Duke,fharper@example.com,2026-06-03,False,low,3,0.7360428629595539
7113,Mary Barber,hmartinez@example.org,2025-06-18,False,medium,4,3.982545058605363
7114,Jennifer Green,andreasmith@example.net,2024-10-07,True,high,8,8.28651354198621
7115,Victor Shelton,mary61@example.net,2025-07-17,False,low,0,5.139919935104869
7116,Michael Howard,lsanders@example.com,2025-06-04,False,low,1,3.2592248850721752
7117,Mr. Terry Stephens MD,karenthompson@example.net,2026-03-05,False,low,0,2.3674156678415725
7118,Marcus Joseph,kimwu@example.org,2025-08-16,False,low,1,1.792172933672679
7119,Laura Diaz,scantrell@example.org,2025-08-08,False,medium,4,4.80767670105637
7120,Laura Friedman,sheltonerin@example.com,2024-10-06,True,medium,2,9.610809429030393
7121,Erica Mcdonald,mullinsdennis@example.com,2026-05-30,False,low,1,4.020486645852506
7122,Garrett Thomas,mstevens@example.com,2026-07-09,False,medium,1,1.4853484994605344
7123,Larry Giles,cortiz@example.com,2025-03-06,False,low,2,0.576713604913536
7124,Molly Williams,loweryashley@example.com,2025-07-08,False,low,1,0.5
7125,Amber White,johnsonsamantha@example.net,2026-02-11,False,medium,1,7.3112281774773376
7126,Carlos Hunt,johnflores@example.org,2024-10-09,False,low,0,3.3948025259105292
7127,Christopher Green,diamond62@example.net,2025-12-19,False,low,0,5.211253539731214
7128,Stephen Johnson,jonathan09@example.com,2024-12-04,False,low,0,3.5411109870816384
7129,Laura Powell,michael55@example.org,2025-08-09,True,low,0,6.310996731593839
7130,Jason Austin,robertcharles@example.com,2024-10-07,True,low,2,5.336934578780934
7131,Sheri Russell,fwood@example.org,2024-10-31,False,low,0,2.4475890806983065
7132,Molly Dawson,mitchelljames@example.org,2025-07-11,False,low,0,5.384017025216359
7133,Robert Dixon,shelley99@example.com,2025-08-14,False,medium,1,5.497940793177389
7134,Lauren Bolton,uharper@example.net,2025-10-22,False,medium,5,6.6738123228563
7135,Betty French,qjones@example.com,2025-11-14,False,high,7,7.430450861735936
7136,Matthew Walker MD,nfernandez@example.org,2026-06-20,False,low,2,4.788266477704354
7137,Joseph Rose,amber03@example.net,2024-11-30,False,low,0,4.10377671567152
7138,Julia Boone,rogerssuzanne@example.net,2026-03-15,False,low,3,7.068896250806192
7139,Nathan Hunter,jason42@example.net,2025-08-14,False,low,0,1.7993962111627462
7140,Crystal Manning,ydennis@example.com,2025-02-13,True,low,0,0.5
7141,April Johnson,scottstephanie@example.org,2025-01-16,False,low,1,6.469667934027949
7142,Patricia Butler,cynthia10@example.com,2026-03-31,True,low,2,6.4584679113656716
7143,Robin Huynh,englishheather@example.net,2025-10-26,False,low,2,4.224893528148066
7144,Joshua Thompson,sheilagreen@example.com,2025-10-05,False,low,0,3.4975107877909575
7145,Elizabeth Jackson,brownjustin@example.net,2025-04-12,False,low,1,7.590599699948511
7146,Scott Tucker,jacquelinemiller@example.net,2025-03-19,False,high,3,13.328176934495646
7147,Jason Bryant,michellethompson@example.org,2025-01-05,True,low,3,5.828034641131823
7148,Judy Moses,tina61@example.com,2025-04-06,False,high,10,11.694157435404897
7149,Mark Harris,williamsmartin@example.com,2025-10-03,True,low,4,8.04965239645689
7150,Scott Moore,josephmyers@example.com,2026-05-03,True,medium,1,9.311104693205756
7151,Darren Ayala,tlee@example.org,2026-07-17,False,high,7,11.303090775582099
7152,Taylor Brock,sarah89@example.org,2024-12-23,False,medium,5,6.4543323352997355
7153,Amanda Hernandez,hubbardjamie@example.com,2024-10-10,False,low,1,5.07853803642298
7154,Rachel Williams,fbonilla@example.org,2025-12-14,False,low,1,0.5
7155,Jason Gordon,kelseyrogers@example.org,2025-11-11,False,low,2,1.9311863531230058
7156,Lisa Craig,amandarogers@example.net,2025-06-25,False,medium,2,7.414256065304648
7157,Dana Gray,brewereric@example.net,2025-07-25,True,low,1,3.359743097472057
7158,Michelle Nichols,xochoa@example.com,2026-02-25,False,medium,3,6.4938012504028855
7159,Nichole Anderson,gaysarah@example.net,2026-05-24,True,low,2,3.9727636805071596
7160,Evan Ayala,garciaheather@example.net,2026-03-27,False,low,0,7.612113747213824
7161,James Rodriguez,elamb@example.net,2025-10-27,False,medium,3,8.39580147915284
7162,Jeremy Garcia,charles29@example.org,2025-12-23,False,low,1,5.061058569666066
7163,Kelly Smith,melissapierce@example.net,2025-05-13,False,medium,8,5.793902397311511
7164,Jerry Ross,kelly50@example.net,2025-05-12,False,medium,0,7.526668778309837
7165,Joseph Rogers,hughesbrent@example.org,2025-11-15,True,medium,1,4.955025633783341
7166,Kaylee Fernandez,christy84@example.com,2026-05-28,True,low,0,3.9139608286526633
7167,Charles Price,duncanmichael@example.com,2024-10-23,False,low,2,3.4062926818637456
7168,Brandi Daugherty,lopezaaron@example.com,2025-08-23,False,low,0,5.994687031162278
7169,Joseph Huang,riveraandrew@example.net,2025-02-26,False,low,4,4.73603000504166
7170,James Escobar,jbrown@example.net,2025-09-13,False,low,1,5.152066596991663
7171,David Parker,sharonhorton@example.net,2025-12-24,False,high,4,10.263340740172753
7172,Briana Robinson,donaldhoward@example.net,2025-09-25,False,medium,2,7.997219856479168
7173,Matthew Galloway,torreschristian@example.org,2025-09-08,False,low,0,2.935068177909482
7174,Brent Powers,davismary@example.com,2025-04-26,False,medium,3,9.166779037632638
7175,Matthew Robertson,alexis46@example.net,2024-11-10,False,low,0,6.3333137246887805
7176,Andrea Collier,beardtroy@example.org,2026-06-30,True,low,1,8.184556229587038
7177,Mr. Patrick Hall,shelby46@example.org,2025-08-10,False,low,2,3.100534408842975
7178,Carolyn Parker,cynthiaeverett@example.com,2024-09-24,False,medium,2,7.4559054760226955
7179,Alex Moore,bpeters@example.net,2026-09-13,False,medium,2,9.008129620552754
7180,Christine Douglas,james14@example.com,2025-06-11,False,medium,6,5.400192630017395
7181,Christopher Smith,christophermoore@example.com,2025-10-14,False,low,0,5.019978774735259
7182,Jim Reed,reginald98@example.net,2025-02-12,False,medium,6,8.114618937236553
7183,Phillip Hernandez,alexandra16@example.net,2026-05-24,True,low,2,0.5
7184,Stephen Roach,wattsthomas@example.org,2024-11-06,False,low,3,3.8176067054774983
7185,Brian Robertson,bowersjanice@example.com,2026-02-09,False,low,0,0.8808037309275862
7186,Marc Adams,xmurray@example.org,2024-11-22,False,medium,6,6.385808219322183
7187,Rachel Ramirez,kelsey88@example.net,2025-01-24,True,low,1,2.811308583981036
7188,Dennis Gonzalez,bflowers@example.net,2026-02-28,False,medium,2,11.053977512400099
7189,Megan Byrd,jlewis@example.org,2025-09-12,False,low,1,1.2281626330174094
7190,Stephen Reeves,cassandrabanks@example.org,2025-03-05,True,low,1,3.108354320973127
7191,Aaron Long,pjennings@example.com,2025-07-10,False,medium,2,10.767034145990632
7192,Kevin Pruitt,xking@example.org,2026-07-25,True,low,2,3.3509613593212215
7193,Jennifer Howard,patrickknox@example.com,2026-03-10,False,low,0,6.5646348719101795
7194,Donald Walker,moorematthew@example.org,2025-01-31,False,low,1,2.8364456759829935
7195,Caroline Greene,thomas04@example.net,2025-04-23,False,medium,1,10.8183707788633
7196,Derek Roberts,jedwards@example.com,2024-11-08,True,low,3,4.613960039672306
7197,David Phillips,johnsanthony@example.org,2025-04-29,False,low,0,2.959615006117741
7198,Stephanie Bonilla,nixonmichael@example.net,2025-02-24,False,high,8,14.144418578598266
7199,Lisa Castillo,stevenwoods@example.com,2026-04-20,True,medium,5,3.451939946519221
7200,Courtney Kennedy,lbartlett@example.com,2026-04-05,False,medium,4,8.647601206528902
7201,David Webb,kimberly12@example.net,2026-01-18,True,medium,2,6.394871466560181
7202,Patricia Donaldson,andersonjill@example.org,2025-07-26,True,medium,3,5.846975056087217
7203,Douglas Klein,kwest@example.net,2026-05-27,False,medium,3,6.293118453821532
7204,Sandra Wagner,heather06@example.net,2025-10-26,False,low,4,1.7698304453391565
7205,Jimmy Morales,cummingskelly@example.org,2025-10-31,False,medium,2,2.9567949930834567
7206,William Thomas,rgordon@example.net,2024-11-09,False,high,8,11.768256796735015
7207,Christopher Stevens,zreed@example.net,2025-02-06,False,medium,3,6.845701088497346
7208,Melissa Patton,estafford@example.org,2024-10-06,True,low,0,3.2614605798013803
7209,Henry Anderson,danielwalter@example.com,2025-08-23,False,low,1,6.169279825558345
7210,Mr. Tracy Bennett,samanthadyer@example.org,2026-01-15,False,low,1,3.7782140055221203
7211,Calvin Gay,pwatson@example.net,2025-11-01,False,low,0,5.5993571784275264
7212,John Watkins,mnorris@example.com,2025-04-21,False,medium,5,5.61397072142957
7213,Matthew Jones,collinsamy@example.net,2026-05-04,True,medium,4,5.693667632376398
7214,Juan Combs,devin05@example.org,2024-10-29,False,medium,2,7.187986213225736
7215,Rachel Francis,oconnordawn@example.com,2024-09-27,False,medium,4,9.228808432802557
7216,Amanda Stewart,danielleclark@example.net,2026-08-19,True,low,1,6.289065757721636
7217,Gabrielle Rose,frankarroyo@example.com,2024-10-28,True,high,6,13.990304852449942
7218,Jason Curry,carellano@example.org,2026-05-08,True,low,0,5.65523778861509
7219,Teresa White,scottwilliam@example.com,2026-07-16,False,medium,3,8.844361769923157
7220,Shannon Lawrence,serranotimothy@example.org,2026-08-16,True,medium,7,3.5606223836140165
7221,Tammy Esparza,tammypratt@example.net,2026-04-11,False,low,2,4.050142376631179
7222,Justin Walker,oprice@example.com,2025-04-14,False,medium,3,8.655259286171402
7223,John Campbell,halldawn@example.com,2026-08-08,False,medium,3,7.592242826658898
7224,Paul Adams,laurie61@example.org,2026-04-02,False,medium,2,6.733544934404604
7225,Jennifer Brewer,mmora@example.com,2025-04-30,True,medium,3,10.153444402207992
7226,Jeffrey Snyder,wbutler@example.net,2026-08-29,False,medium,0,4.063334287385375
7227,Joshua Lowe,scastaneda@example.net,2025-12-21,True,medium,3,5.4400186038192775
7228,Jesse Mccall,hernandezcarmen@example.net,2026-02-20,False,medium,2,8.957076323145241
7229,Vernon Crawford,rodriguezbriana@example.net,2025-07-27,True,low,2,3.693137979981398
7230,Lauren Foster,laura21@example.com,2025-04-19,False,medium,2,6.4199035069818295
7231,James Peters,james86@example.net,2025-04-22,False,low,0,2.0784550106831947
7232,Darrell Grant,randrade@example.org,2026-05-14,False,low,0,6.397170360350797
7233,Steven Gomez,stacey73@example.net,2026-06-12,True,high,8,8.165514217329797
7234,Jeff Hayes,hday@example.org,2025-05-27,True,low,2,3.742481473671461
7235,Cole Smith,melissalogan@example.com,2025-02-22,False,low,1,2.615622012514325
7236,Jennifer Welch,kimberly73@example.net,2025-08-13,False,high,8,10.570955907242029
7237,Melanie Reyes,fphillips@example.org,2025-10-12,True,low,1,4.491972924369653
7238,Megan Olson,josephcarpenter@example.org,2026-09-08,True,low,2,3.2439041426392805
7239,Margaret Alexander,daniel75@example.com,2026-08-13,False,high,7,11.793057794626039
7240,Diane Ramirez,hwilliams@example.org,2025-11-22,True,medium,3,3.4124082237485203
7241,Robin Cline,nmendez@example.com,2026-07-25,False,low,1,2.3848373529338485
7242,Reginald French,jasonpacheco@example.org,2025-06-22,False,low,1,6.81861600475026
7243,Johnathan Brown,lhogan@example.com,2025-02-06,False,low,1,4.747961114644384
7244,Theresa Webster,williamsthomas@example.net,2025-12-11,False,low,1,4.329196099293794
7245,Jimmy Esparza,orichards@example.com,2026-03-01,False,medium,4,9.123624062903279
7246,Walter Jones,stephaniesaunders@example.net,2026-04-03,False,low,0,3.575529390272035
7247,Eileen Johns,bhill@example.com,2026-02-01,False,low,0,6.081379279656532
7248,Aaron Bowman,kreed@example.net,2025-05-18,False,medium,2,6.788446092812855
7249,Andre Murphy,gneal@example.com,2025-10-13,False,low,1,2.5002245081162426
7250,Lisa Hernandez,michellebray@example.org,2026-04-03,False,low,0,1.433475652651992
7251,Hannah Shelton,tlucas@example.net,2024-12-11,False,medium,1,7.734548185864547
7252,Mark Miller,clarkjustin@example.org,2024-09-18,True,low,0,4.384916299060588
7253,Nicholas Dunn,carlosporter@example.com,2026-05-21,False,medium,4,4.8318634790622665
7254,Joseph Kennedy,haleylinda@example.net,2025-10-30,False,low,2,2.60532209822287
7255,Lisa Thomas,sosatimothy@example.org,2025-03-08,True,low,0,2.537828002072297
7256,Michael Romero,mdrake@example.net,2025-10-17,False,medium,2,6.671747868151553
7257,Megan Bowen,wsantiago@example.net,2026-05-07,False,low,1,4.91139944716475
7258,Danny Lindsey,garymoyer@example.org,2025-10-20,False,low,0,5.753121393382619
7259,Melinda Taylor,michaelafletcher@example.com,2024-10-05,False,medium,2,6.303145829304229
7260,Jane Young,todd34@example.net,2025-10-22,True,low,0,4.472666019625415
7261,Jennifer Todd,jordanwallace@example.org,2026-09-12,False,medium,3,3.4521046353704645
7262,Michael Turner,lancemitchell@example.org,2026-01-21,False,low,1,3.6786369004060075
7263,Jacob Patterson,mdavis@example.com,2025-01-31,False,medium,8,7.372222913051268
7264,William Young,christinesmith@example.net,2026-08-14,False,low,1,8.222246802281436
7265,Rhonda Miller,dennisgarcia@example.com,2026-06-02,False,medium,5,10.400664887872129
7266,Abigail Hawkins,nicholasalvarez@example.org,2026-06-17,True,high,9,9.424491419722468
7267,Bill Wilson,megannichols@example.net,2024-11-02,False,medium,4,9.88486692515285
7268,Glenn Dixon,eortega@example.org,2025-12-01,False,medium,5,5.895437005626986
7269,Tom Smith,kimberlyjohnson@example.net,2025-06-12,True,low,1,1.0994026955371838
7270,Gregory Mendoza,millerandrea@example.com,2025-06-01,True,low,0,3.820643727547716
7271,Thomas Lopez,mooreperry@example.com,2026-03-03,False,medium,2,8.284953569989227
7272,Tonya Black,brownsheila@example.net,2025-06-03,False,high,9,7.387605712472683
7273,Wanda Fuller,erikbaker@example.org,2026-02-04,False,medium,2,7.557184669674031
7274,Rickey Baker,freynolds@example.com,2025-11-11,False,high,6,9.628094149001466
7275,Carl Williams,swilcox@example.net,2025-04-08,False,low,1,2.315156563864111
7276,Andrea Lopez,michaelbeard@example.net,2025-11-21,False,medium,5,6.113694829442709
7277,Christopher Jones,ericksongeorge@example.com,2025-06-20,True,medium,2,5.177874964191386
7278,Gregory Hunt,rosebenjamin@example.com,2024-12-10,True,high,4,12.892088940728945
7279,Teresa Smith,msellers@example.com,2025-02-28,True,low,0,3.692462659282227
7280,Elizabeth Atkins,tonimoore@example.org,2026-06-29,False,low,0,2.0677714461035723
7281,Heather Brown,ryancarroll@example.com,2025-11-16,False,high,9,9.238931949173285
7282,Alexander Luna,vwilkinson@example.net,2025-01-10,True,medium,3,8.107802527907829
7283,Dennis Jordan,mosleypamela@example.org,2026-03-04,False,medium,4,5.047267332465103
7284,Brady Hinton,swilliams@example.com,2026-03-01,False,low,0,3.43887833888666
7285,Brandon Pruitt,fwhite@example.org,2025-01-06,False,low,0,2.6808338151835764
7286,Angela Floyd,bmartin@example.net,2025-02-15,False,low,2,4.644426667255469
7287,Sandra Smith,torresjeremy@example.org,2026-05-23,True,high,8,7.833839170670963
7288,Robert Villanueva,caseylaurie@example.org,2026-09-11,False,low,0,3.2934720512333597
7289,Michelle Black,jerryolson@example.org,2024-11-15,True,medium,2,8.487512796066623
7290,Brenda Weaver,hvelasquez@example.com,2026-07-29,False,medium,0,5.134230957381073
7291,Thomas Dudley,turnermelissa@example.net,2025-08-26,False,low,2,3.607356895128264
7292,Steven Harmon,smithsheena@example.net,2026-03-11,False,low,0,4.495161952936447
7293,Diane Robbins,mmclaughlin@example.com,2025-10-10,False,high,7,11.458050164993727
7294,Jake Wilkinson,lopezalexandra@example.com,2026-08-12,False,high,8,9.23472609108627
7295,Scott Stevens,john51@example.net,2025-06-07,False,low,0,4.280115090027393
7296,Christopher Walker,jonathan25@example.net,2025-10-29,False,high,7,14.31957418284673
7297,Heidi Rivera,smithalicia@example.org,2025-12-25,False,low,1,2.3653649425987036
7298,Brendan Smith,uhill@example.org,2024-11-15,False,medium,4,7.527646654175245
7299,Lynn Hartman,zmitchell@example.net,2024-09-26,False,medium,2,5.231656731968414
7300,Melanie Holloway,john77@example.com,2025-03-09,False,low,0,4.550077257203391
7301,Victoria Wilson,ibauer@example.org,2025-06-14,False,high,6,10.92431582466533
7302,John Miller,smithsamantha@example.org,2026-04-20,True,medium,5,10.144836176529683
7303,William Meyer,sscott@example.com,2025-11-16,False,medium,3,3.918177116471495
7304,Mrs. Kristin Davis,erica16@example.com,2025-12-12,False,low,0,1.8166339287805773
7305,Alicia Williams,rebecca51@example.net,2026-02-05,True,high,8,9.450554710032574
7306,Kenneth White,jamesstephanie@example.org,2026-06-01,False,low,4,4.312634833245922
7307,Alexis Mendoza,kimberly42@example.com,2025-01-13,False,high,12,10.938811431172056
7308,Sarah Nielsen,greenebryan@example.net,2026-07-17,False,low,0,4.299896235169504
7309,Elizabeth Murillo,gracejohnson@example.net,2025-09-03,False,low,0,7.764359137277783
7310,Joseph Elliott,fernandonelson@example.org,2025-05-16,True,high,7,11.541601813671836
7311,Stephanie Bryan,ruth13@example.org,2025-03-02,False,low,0,1.5987142852082772
7312,Tasha Newton,rebecca32@example.org,2025-01-30,False,low,0,6.248834936293328
7313,Daniel Kelly,jwilliamson@example.net,2026-04-19,False,medium,2,8.296429963177074
7314,Kathleen Colon,whogan@example.org,2025-05-01,True,low,0,7.286469771749951
7315,Yolanda Chase,donald16@example.net,2025-12-18,False,low,2,0.6351254613768447
7316,Douglas Kelly,kristinetrevino@example.org,2025-10-03,False,medium,3,4.156509099084277
7317,Dalton Adams,zwalls@example.com,2026-03-13,True,low,1,1.6449078757333844
7318,Tara Torres,mlong@example.net,2026-03-03,True,medium,7,8.413337093782006
7319,Daniel Robertson,aperkins@example.net,2026-08-12,True,low,1,1.6381686553494275
7320,Brent Barnett,pthompson@example.org,2025-11-07,False,high,6,14.092217887211309
7321,Monica Mora,neallisa@example.com,2025-12-20,False,low,0,4.473983521462927
7322,Stephen Martin,amandaestrada@example.com,2026-03-08,False,low,1,3.6944050919550087
7323,Roberto Jones,hensonjohn@example.net,2026-07-27,False,low,1,3.816431420743829
7324,Wendy Reynolds,theresa69@example.com,2026-08-10,True,low,1,3.731850778305442
7325,Vincent Mcgee,huntlance@example.com,2026-01-01,False,medium,2,7.430256464994307
7326,Daisy Johnson,huntallison@example.net,2025-08-20,True,low,1,4.487752365868028
7327,James White,michael33@example.com,2025-07-12,False,high,7,10.717371445764691
7328,Mary Finley,jeffreythomas@example.net,2026-04-16,True,low,1,5.4672830365362985
7329,Mr. Cesar Wu Jr.,susanberry@example.org,2024-10-07,True,high,9,13.809273613278448
7330,Angela Moore,bishopmichael@example.net,2025-10-03,False,low,1,6.09979370183823
7331,Zachary Garrett,tcontreras@example.com,2025-06-20,False,medium,2,4.402075270801795
7332,Steven Johnson,stephen76@example.net,2025-10-07,False,low,1,0.5
7333,Christina Moody,rlindsey@example.com,2025-09-22,False,low,2,3.9167543695488867
7334,Deanna Franco,oclark@example.org,2024-10-18,False,low,0,5.8690130860542
7335,Denise Garcia,jburnett@example.org,2025-04-13,False,medium,3,7.422842457080084
7336,Holly Mcgee,holdenregina@example.net,2025-10-07,False,low,1,3.9902807744321658
7337,Ann Roberts,rodriguezderek@example.com,2024-12-25,False,high,11,10.782392543718016
7338,Nathan Garcia MD,connor65@example.com,2026-05-14,False,low,0,2.139322330713785
7339,Joanne Snyder,katie37@example.org,2026-03-31,True,medium,3,6.203806832026897
7340,Jacob Scott,susan55@example.net,2025-03-29,True,low,1,2.0333658938262684
7341,Beth Becker,stephen66@example.org,2024-10-29,False,low,1,2.9498857793468716
7342,Dr. Steven Ray,lucasoscar@example.net,2025-03-02,False,low,1,4.1867038240590295
7343,Jackie Evans,cindy40@example.org,2025-05-03,True,medium,2,7.642969131700119
7344,Lisa Morales,qsmith@example.com,2025-11-03,False,high,5,10.889080829338294
7345,Dillon Garrison,kgarner@example.com,2026-08-18,True,low,1,7.24290501630407
7346,Jeffrey Humphrey,martinkelly@example.org,2026-09-07,False,low,0,4.200710892173519
7347,Erin White,khananthony@example.org,2025-06-06,False,low,1,4.016936087442101
7348,Mr. Nathan Nelson,garciajulie@example.com,2024-12-26,True,medium,4,9.971690737353827
7349,Kevin Walker,jacobholmes@example.org,2025-04-23,True,high,4,11.67264034079562
7350,Angela George,steven87@example.org,2025-04-17,True,medium,1,4.8214573364405755
7351,Cynthia Griffin,benjaminwarner@example.org,2025-05-06,True,low,1,5.488413449164618
7352,Daniel Moss,kowens@example.com,2025-09-28,True,medium,4,7.344939864377335
7353,Heather Manning,rebecca25@example.net,2025-05-09,True,medium,4,8.197422880030137
7354,Fernando Reid,david41@example.com,2025-03-18,True,medium,3,9.90347195753802
7355,Donna Kelley,pamelayoung@example.net,2025-09-27,False,low,1,0.9181779308478002
7356,Jennifer Johnson,debra44@example.net,2025-01-08,False,low,1,5.72491914136652
7357,Stacey Williams,priley@example.com,2025-05-18,False,high,8,10.71116967048643
7358,Mr. Brian Huber,riceaaron@example.com,2025-02-12,True,low,4,3.309794558809492
7359,Dwayne Nelson,burtonpenny@example.net,2026-01-02,True,medium,3,7.471660824545157
7360,Lindsey Cooper,qwilliams@example.com,2025-07-15,False,medium,2,5.298661572561793
7361,Amy Tran,ukelley@example.org,2025-06-04,True,medium,4,6.520524464769325
7362,Cynthia Parker,whitemichael@example.com,2025-12-25,False,medium,6,9.66646324988922
7363,Belinda Hill,andrew36@example.net,2025-03-15,False,medium,2,9.06362937236658
7364,Elizabeth Moore,martinezjoseph@example.com,2026-03-21,False,medium,0,6.587955265813238
7365,Lori Bass,paul65@example.org,2026-07-12,False,medium,0,6.272811712014363
7366,Christy Oliver,mcamacho@example.com,2025-12-03,False,low,2,4.702655010140669
7367,Sean Brooks,trevor39@example.org,2025-03-27,True,low,0,4.009671498630496
7368,Edward Butler,lindalee@example.net,2026-09-09,False,high,8,11.011852589396948
7369,Christine Wolfe DDS,petersdavid@example.org,2025-02-23,False,high,12,8.69755261067142
7370,Corey Acosta DVM,beasleystacey@example.net,2025-09-18,True,low,1,7.72648732603967
7371,Lindsay Underwood,trevinohayley@example.net,2026-04-07,True,low,1,4.315651573508536
7372,Adam Buckley,gpugh@example.net,2025-09-23,False,high,7,12.138984655359176
7373,Samantha Hurley,mflores@example.net,2025-02-21,False,medium,4,6.870181833592575
7374,Andrea White,kristinaobrien@example.org,2024-12-06,False,medium,4,6.238237921467145
7375,Amy Torres,joshuamccarty@example.net,2025-12-01,False,low,1,3.4637402069032808
7376,Matthew Robertson,john53@example.com,2025-01-26,False,medium,1,6.163431374415143
7377,Joseph Davis,kelli58@example.com,2025-11-09,True,medium,1,12.320451679796694
7378,Alan Harris,austinsmith@example.net,2025-12-06,False,high,8,10.530702456739535
7379,Joshua Stein,hbrown@example.com,2025-03-04,False,medium,3,6.2320800815765685
7380,Michael Cox,reedconnie@example.org,2026-05-14,False,low,2,3.7708777219737013
7381,Julie Rhodes,fwalls@example.com,2025-01-12,False,low,1,4.645393125722972
7382,Brenda Torres,wsimpson@example.net,2024-09-20,False,medium,2,7.056870501240672
7383,Randall Davis,masonbrian@example.org,2026-01-01,True,low,2,3.0919079847900433
7384,Donald Garcia,diana74@example.net,2025-11-25,False,low,0,5.058750044087567
7385,Deborah Watson,nmorgan@example.org,2025-08-07,False,low,2,6.945538857763831
7386,Taylor Smith,scottfrey@example.com,2025-05-27,False,medium,6,4.481585405335271
7387,Daniel Gonzalez,james48@example.net,2025-12-06,True,medium,5,5.667172578677164
7388,Allison Guerra,glassgary@example.org,2024-10-04,True,low,2,5.096908990449745
7389,Regina Cole,yconner@example.com,2026-09-12,False,low,2,5.236793311766604
7390,Michael Wood,sstephens@example.com,2024-12-08,False,low,1,0.5
7391,Jonathan Mason,clarencekaufman@example.org,2026-09-15,False,medium,3,6.856240303327413
7392,Dr. Zachary Hernandez,brian47@example.net,2026-02-28,False,medium,1,7.990459606887011
7393,Megan Harris,erodriguez@example.net,2025-07-20,False,low,1,5.36809726290728
7394,Olivia Barnett,chenpatrick@example.org,2026-02-04,False,low,2,7.515361620775673
7395,Beth Hobbs,christopher55@example.org,2025-11-23,False,medium,5,8.189324449236574
7396,Phillip Gonzalez,morrisonadrienne@example.org,2025-02-27,False,medium,0,3.53670725568029
7397,Candice Hill,reneepayne@example.net,2025-01-09,False,low,4,2.3265429368573525
7398,Lucas Sims,joshuabrowning@example.com,2026-06-22,True,low,0,5.5925634194353595
7399,Elizabeth Green,ashley59@example.org,2025-03-19,False,low,4,3.0728973981671253
7400,Benjamin Strickland,maryball@example.net,2025-10-11,False,medium,9,10.46034411154328
7401,Perry Kelly,martinronald@example.net,2025-11-02,True,medium,3,4.87106129314081
7402,Andrew Sandoval,jesseyoung@example.com,2024-11-30,False,medium,5,4.585924807654413
7403,Kevin Page,marcusbaker@example.net,2026-04-22,False,low,2,0.5
7404,Alec Miller,ggardner@example.org,2026-05-09,False,low,1,4.667891946451829
7405,Wendy Valdez,joshuabrown@example.com,2025-02-02,True,low,2,3.0356281636044007
7406,Ebony Ramirez,scottkim@example.com,2026-02-17,True,low,0,5.637164974590577
7407,Wendy Blake,lutzscott@example.org,2026-03-25,False,low,1,3.0488281350721906
7408,Austin Morgan,mary76@example.com,2025-08-12,True,low,0,3.0907116390194873
7409,Ruben Doyle,fishersarah@example.com,2025-05-21,False,high,9,10.628613429858916
7410,Anna Gonzales,eking@example.org,2025-08-01,False,high,11,13.444698341251804
7411,Karen Davis,kpruitt@example.org,2026-05-07,False,low,0,3.2072322539568265
7412,Victor Pope,mark19@example.com,2026-02-16,False,low,1,3.964099410627742
7413,James Sparks,kelleyalexis@example.com,2025-04-01,False,medium,1,8.785525486866275
7414,Joseph Barber,ortegacatherine@example.org,2024-10-01,False,medium,6,8.966641987894366
7415,Mrs. Lisa Steele,valenciachristina@example.net,2025-10-19,False,medium,1,9.645550496850227
7416,Erin Johnston,perezdaniel@example.com,2024-10-04,False,high,5,12.954671800649795
7417,Tammy Stevens,cookrebekah@example.net,2025-11-19,False,low,0,2.2972260503116653
7418,Jennifer Tucker,bibarra@example.com,2024-10-23,True,medium,0,5.57841701139165
7419,Stephanie Jordan,david68@example.org,2024-10-04,False,low,1,4.983856524908937
7420,Wendy Gallegos,dianadiaz@example.net,2025-04-24,False,low,1,3.382308886341948
7421,Sergio Rogers,sarah15@example.org,2025-07-06,False,medium,3,9.965791657744862
7422,Kristin Davis,millererika@example.com,2026-09-07,False,low,0,5.5925852328854875
7423,Christina Dixon,hansenluke@example.net,2025-03-21,False,high,8,11.215801343687497
7424,Sharon Chavez,shopkins@example.com,2025-11-09,False,low,1,2.8291407817981384
7425,Charles Davis,kathleenmitchell@example.org,2026-02-01,False,low,3,5.695294484508954
7426,Lisa Maxwell,wmatthews@example.com,2024-11-26,False,low,2,3.3802761810469475
7427,Steven Walters,steven01@example.com,2025-10-22,False,low,2,4.373711595563723
7428,Austin Thomas,nicole02@example.org,2025-10-02,False,low,1,5.927144206916856
7429,Timothy Mendez,bradleymedina@example.com,2026-03-05,False,high,5,8.914017196344071
7430,Roger Hill,lbaxter@example.net,2026-07-17,False,low,1,3.57233520866783
7431,Justin Martin,kimberly95@example.org,2025-08-07,False,low,1,7.142465776713136
7432,Scott Ramsey,james72@example.com,2026-04-27,False,high,2,9.335036549270418
7433,Amanda Sanders,tara90@example.com,2026-08-04,False,medium,4,8.484826910508128
7434,Dr. David Morris II,nicholas08@example.net,2025-09-30,False,low,2,5.064694403988908
7435,James Hoover,zachary70@example.com,2026-08-08,False,medium,3,6.573239047972547
7436,Katherine Silva,seanharvey@example.org,2026-07-15,False,medium,1,5.239144726153461
7437,Jessica Valentine,shannongilbert@example.org,2024-10-14,False,medium,3,3.231490654078914
7438,Jillian Smith,veronicalane@example.net,2026-07-21,False,low,1,3.811927345900047
7439,April Hoffman,ealvarez@example.com,2026-01-18,False,medium,3,7.322334793312636
7440,Elizabeth Thompson,justin10@example.org,2025-12-15,False,low,2,4.577482373194786
7441,Charles Smith,wendyruiz@example.com,2026-05-08,True,high,9,8.256613535411102
7442,Cody Blair,dylan09@example.net,2025-02-22,False,low,2,6.7523520792046465
7443,Kayla Martinez,youngjoshua@example.org,2026-07-18,True,low,1,0.9596597948805874
7444,Rodney Patton,nicolerandolph@example.net,2026-09-12,True,medium,0,8.733325115167004
7445,Richard Gibbs,sandrawalsh@example.net,2026-06-29,False,medium,6,8.472653734824158
7446,Michelle Stone,larsontrevor@example.net,2025-10-26,False,medium,1,7.819041523725938
7447,Elizabeth Rios,amy22@example.org,2025-01-20,True,high,6,9.701289154949798
7448,Tracy King,alan64@example.com,2024-11-25,False,low,0,0.5
7449,Sarah Graves,ycarter@example.com,2026-05-06,False,low,2,5.350990570908546
7450,Stephanie Evans,poncerichard@example.org,2026-07-16,False,medium,5,7.6073574148395835
7451,Alexander Jones,cochraneric@example.net,2025-04-03,False,medium,1,10.712646514537973
7452,Ashley Spencer,vazquezbrian@example.com,2025-01-26,False,low,1,3.2781658413961656
7453,Kevin Cabrera,rileywhite@example.com,2025-11-02,False,low,0,0.5
7454,Nicholas Moore,ylee@example.com,2024-11-06,False,medium,1,5.900584533675099
7455,Kevin Campbell,hunterhoward@example.com,2024-09-21,False,low,1,6.110477467321552
7456,Jeffrey Schmidt,kmitchell@example.com,2026-03-16,False,low,3,5.2803882909726845
7457,Katherine Wang,isolomon@example.com,2026-01-24,False,low,0,5.556815576497312
7458,Scott Hudson,hamiltonbrandon@example.com,2025-06-29,False,medium,2,6.325319597357225
7459,Jeremy Velazquez,thomas99@example.org,2026-01-18,False,medium,1,8.046350905674679
7460,Christina Hale,kingstephanie@example.org,2025-04-09,False,high,6,11.696649917779052
7461,Justin Jones,tammyalvarado@example.com,2025-11-28,False,medium,3,8.244862853313155
7462,Alexandra Brown,melindacarter@example.com,2024-12-10,False,medium,6,6.533480307376856
7463,Monica Thomas,qbrown@example.com,2026-01-17,False,low,0,4.330651469566073
7464,Bethany Anderson,wyates@example.org,2025-07-22,True,high,9,8.278697347788182
7465,Amber Johnson,lynn41@example.com,2025-02-27,False,low,2,4.216223949120328
7466,Ronnie Warner,roy66@example.org,2025-12-03,False,high,4,13.090984445141551
7467,Jonathan Pittman,jessicawilliams@example.org,2025-03-13,False,low,0,0.5
7468,Kathleen Fields,mharvey@example.com,2025-05-06,True,medium,3,5.56493328800121
7469,Henry Ramirez,zcrawford@example.com,2026-04-29,False,low,2,6.665551894283684
7470,Michelle Robinson,longbreanna@example.net,2026-08-17,True,low,0,7.308350246754516
7471,Christy Turner,evanhenderson@example.net,2025-03-24,False,low,1,1.1577955653149576
7472,Michael Brennan,jennifer42@example.org,2025-04-29,True,low,3,2.9999913412089816
7473,Alan Armstrong,leslieoliver@example.org,2025-05-20,False,low,0,2.425516472803489
7474,Pamela Frye,robertojones@example.com,2025-07-07,False,low,0,4.2181635746063195
7475,Kurt Miller,timothygomez@example.net,2025-08-18,False,low,1,7.1142783077874325
7476,Amanda Ellis,kathydavis@example.net,2024-10-24,False,low,2,3.9348799460914714
7477,Warren Garza,barrettsusan@example.com,2025-04-05,False,low,0,3.798047790163629
7478,Ashley Bartlett,benjamin94@example.org,2026-08-27,True,medium,4,6.436708770965066
7479,Robert Ortega,brenda03@example.org,2025-01-01,True,low,0,5.2144561168494645
7480,Sara Ward,autumn59@example.org,2026-07-17,False,medium,7,6.915447597219057
7481,Michael Rodriguez,zmorgan@example.org,2025-06-22,False,high,7,9.354324356227641
7482,Joshua Rodriguez,nwang@example.org,2025-10-23,False,high,10,9.33689358373172
7483,Brittany Kelly,randywalter@example.com,2026-08-31,False,low,1,4.550353492586911
7484,Lisa Harrison,madelinepena@example.com,2024-11-10,True,low,1,1.9397186064007426
7485,Victoria Martinez,garciastacy@example.com,2026-07-06,False,low,1,4.670918927710493
7486,Jonathan Thompson,wilsonjimmy@example.org,2025-01-22,False,low,0,4.083343707883646
7487,Joshua Gallagher,michael35@example.com,2025-12-20,True,low,1,5.523575104961171
7488,Tammy Walker,elizabethhernandez@example.org,2026-04-28,True,low,0,2.219223027671328
7489,Angela Bowen,kylescott@example.net,2025-06-23,True,high,5,7.574980817897307
7490,Bethany Jacobs,sandratrujillo@example.org,2024-11-14,False,medium,2,7.190947541878356
7491,Donald Dalton,hinesaaron@example.com,2025-07-21,False,low,1,5.259345742164308
7492,Carlos Cooper,caitlin44@example.com,2025-06-17,False,medium,4,7.174296015844834
7493,Jessica Brown,gphillips@example.org,2026-06-01,True,low,1,2.586158018694449
7494,David Yu,stephaniekerr@example.com,2024-11-03,False,low,0,4.603887027520218
7495,Brian Johnson,westmichael@example.com,2025-10-14,False,medium,2,4.933879643378188
7496,Garrett Dixon,williamhansen@example.com,2024-11-21,True,medium,7,9.411014744759422
7497,Zachary Peterson,vlynch@example.org,2025-09-03,False,low,0,5.640458215425337
7498,Michael Carlson,kglenn@example.com,2026-08-17,False,medium,6,4.990040668324795
7499,Emily Good,paulpowell@example.org,2024-11-28,False,high,9,10.07369943818372
7500,Nicole Yang,hannahsanders@example.org,2025-10-21,False,low,1,5.088227305976682
7501,Eric Johnson,whitejustin@example.net,2025-06-07,False,medium,3,6.304570425824023
7502,Natalie Woodard,ashleymartin@example.com,2026-09-08,True,medium,2,8.003661641575729
7503,Nichole Hernandez,macknicole@example.com,2026-03-15,True,high,3,11.364036941760196
7504,Janet Carter,angelamarshall@example.com,2025-08-20,False,low,1,4.926150812672126
7505,Janice Daniels,johnporter@example.org,2025-12-13,False,medium,5,7.854615906588931
7506,Brittney Grimes,sarah35@example.org,2025-07-11,False,medium,2,6.876555706424653
7507,Cindy Vargas,elizabethvelasquez@example.net,2025-06-29,False,high,5,10.466005342079063
7508,Charles Henderson,jerryrodriguez@example.org,2025-11-19,False,medium,7,3.967719891186119
7509,Michael Shaw,yramirez@example.com,2026-04-29,True,high,7,12.466780164804936
7510,Michael Shaffer,elizabethbanks@example.net,2025-07-15,False,low,1,4.203293598939363
7511,Janice Aguilar,mharper@example.com,2026-07-27,False,high,6,9.551562867807627
7512,Mark Obrien,sphillips@example.net,2026-05-20,False,medium,4,9.052832351986243
7513,Julia Martinez,cassandra19@example.net,2025-11-21,False,low,2,4.459314625615591
7514,Nathaniel Ross,erin72@example.net,2024-11-27,False,low,0,4.117784660654117
7515,Yolanda Roy,grossdarren@example.com,2025-08-10,False,high,3,11.663087495957193
7516,Kristie Faulkner,suttonkristi@example.org,2025-08-28,False,low,0,3.741987145864423
7517,Jose Payne,grace27@example.org,2025-12-29,False,medium,4,7.900341997296962
7518,Alyssa Ward,braysara@example.net,2025-11-05,False,medium,3,7.845720734309691
7519,Brian Wilcox,worr@example.net,2026-07-16,True,low,0,4.787932575750116
7520,Tara Rubio,petermartinez@example.net,2025-02-24,False,medium,4,7.996560139870152
7521,Allison Ellis,jameschavez@example.org,2026-01-10,True,low,2,4.140421300165546
7522,Alexander Hartman,danielhuber@example.org,2026-07-28,False,low,2,5.4436499843464485
7523,Scott Richardson,deleonteresa@example.net,2025-12-22,False,medium,4,4.091154833811043
7524,William Guerrero,deanmeredith@example.net,2026-08-19,False,low,1,6.081505715022589
7525,Michaela Brooks,anthony58@example.net,2025-08-24,True,medium,1,7.244919552654536
7526,Preston Larson,kimberly52@example.org,2025-11-30,False,medium,3,5.773485547045976
7527,Karen Johnson,crystal84@example.com,2025-11-01,True,low,0,2.5787516205516736
7528,Ernest Mitchell,mckenziemorris@example.net,2026-09-02,False,medium,4,6.790395021715264
7529,Jodi Thompson,lopezwilliam@example.net,2026-06-23,False,medium,2,6.899881290580417
7530,Jo Wright,erica37@example.org,2026-05-27,False,low,1,3.940117486192028
7531,Daniel Harris,simsscott@example.net,2026-08-31,True,low,1,6.866145718455735
7532,Tracy Kelly,mnorton@example.org,2025-11-27,False,high,8,13.812205359897828
7533,Ronald Long,wmartinez@example.net,2025-07-24,True,low,0,3.379797429020739
7534,Kaitlyn Flynn,sharris@example.com,2024-10-25,False,high,9,7.393016963902678
7535,Christy Long,dcontreras@example.org,2025-06-27,True,high,7,13.198804272794858
7536,Samantha Becker,savannah40@example.com,2025-03-02,False,medium,1,6.629862151052143
7537,Kim Arnold,amy22@example.net,2025-09-28,False,high,8,10.737664385893012
7538,Nicholas Griffin,anelson@example.org,2024-09-25,True,medium,3,7.851401242961332
7539,Ann Farmer,lindahayes@example.org,2025-06-17,False,low,0,4.152494703610469
7540,Kevin Adams,ascott@example.org,2025-12-03,False,medium,2,5.375701356739469
7541,Derek Guerrero,brent71@example.net,2025-01-22,True,low,1,0.5
7542,Robert Donaldson,davismegan@example.com,2025-12-19,True,low,3,2.272074200213855
7543,Shawn Soto,staceycastro@example.net,2026-03-03,False,low,0,8.250380262379009
7544,Ivan Brown,sandyenglish@example.net,2026-07-03,False,medium,5,7.860360215212168
7545,Cheryl Jones,uwalsh@example.net,2026-02-02,False,high,9,14.496167848942997
7546,Heather Anderson,joseconner@example.org,2026-05-18,True,low,1,3.1527074971333717
7547,Jenny Mcdaniel,vglover@example.org,2025-09-09,False,medium,1,7.720445478577122
7548,Janet Morton,sandovalann@example.org,2025-06-25,False,medium,3,5.406050445936304
7549,Anthony Cooper,dawsonkeith@example.com,2024-11-26,False,low,0,4.31986539085993
7550,Cassandra Blair,careyjulie@example.net,2025-04-20,True,low,0,7.950672477237758
7551,Jesse Smith,rhondariddle@example.org,2025-05-10,False,low,1,3.222759295842917
7552,Connor Thomas,ryan55@example.org,2025-01-09,False,medium,2,5.533418485182253
7553,Angela Wright,christian81@example.org,2025-07-18,True,low,2,4.327625257982578
7554,Brandi Short,amber35@example.net,2025-01-23,True,high,5,11.309006759134883
7555,Daniel Mccarty,ifrench@example.com,2025-07-13,False,medium,2,7.606137751994892
7556,Jennifer Meadows,mark68@example.net,2026-05-30,True,medium,4,7.658628557103624
7557,Tyler Christian,harveytravis@example.net,2025-11-23,True,high,8,8.886306683887417
7558,Brian Sheppard,brookeking@example.com,2026-05-09,False,medium,2,6.194420357262958
7559,Patricia Franklin,adampearson@example.net,2025-05-01,True,low,0,4.802376181222784
7560,Ronald Baker,mossgary@example.org,2024-10-30,False,low,0,1.1629248957537843
7561,Kara Johns,diana50@example.net,2026-09-18,True,high,7,5.667911559603898
7562,Kristi Smith,murillowilliam@example.com,2025-07-13,False,low,0,2.827835778865257
7563,Andrea Dixon,nealkatelyn@example.com,2025-10-08,False,low,2,1.13777237854163
7564,Andrew Stevens,joshua44@example.com,2026-06-06,False,medium,4,6.845055067661504
7565,William Nunez,richard21@example.net,2024-11-04,False,medium,4,4.657306286316487
7566,Evelyn Rubio,smithjoseph@example.net,2026-02-01,True,low,2,3.1184907632260472
7567,Jennifer Villanueva,chadpeterson@example.org,2025-04-25,True,medium,3,11.585033147593393
7568,Michael Delacruz,smithzoe@example.net,2026-03-19,False,high,11,9.280630709509502
7569,Tamara May,julie14@example.org,2025-08-18,False,high,8,14.645112065742673
7570,Christopher Hunter,sheri69@example.net,2026-01-31,False,medium,7,7.529918998698507
7571,Pedro Elliott,justin81@example.net,2024-10-20,True,low,1,7.8252584521967306
7572,Christina Ford,garzatina@example.net,2024-10-17,True,low,1,4.95402293314229
7573,John Wright,smithgeorge@example.com,2026-02-04,False,medium,4,5.303381899539144
7574,Jesse Hopkins,jaredayers@example.com,2024-12-10,False,low,2,4.544670133523583
7575,Mary Garrett DDS,becktroy@example.com,2026-06-16,True,low,0,5.9117448488480715
7576,Darren Ellis,garciatanya@example.org,2024-11-27,False,medium,3,2.29353434542639
7577,Nicole Gonzales,nguyentiffany@example.net,2026-07-22,False,low,2,3.70910961305623
7578,Kimberly Schultz,cmcknight@example.com,2025-01-01,False,high,7,11.62182161752896
7579,Jeffrey Mcdonald,pmendoza@example.org,2026-05-25,True,low,0,3.039239242770998
7580,Laurie Reyes,lglover@example.net,2025-12-25,False,high,4,9.697909868173928
7581,Paul Simpson,jasonjohnson@example.com,2024-12-12,False,low,1,4.112070550854193
7582,Jamie Skinner,ywhite@example.net,2026-07-05,True,medium,1,8.189847260393309
7583,Patricia White,josephmills@example.org,2026-01-08,True,low,0,7.3789747409427555
7584,James Nguyen,kelly06@example.net,2025-10-08,True,medium,3,7.24791681230916
7585,Jonathan Jacobs,traceyjones@example.org,2026-01-21,False,low,0,2.4124752877549884
7586,Crystal Gross,kenneth17@example.net,2025-05-13,False,medium,5,9.510314709152278
7587,Tyler Patel,robert50@example.com,2025-05-04,False,high,13,12.772463208154383
7588,Alexander Rowe,wendy16@example.org,2024-11-24,False,medium,4,9.232201638263717
7589,Michelle Potter,megan70@example.org,2024-11-02,False,high,4,12.848981575100225
7590,Kevin Scott,ibaker@example.org,2024-12-23,False,medium,5,6.180557938313374
7591,Jessica Russo,rsmith@example.net,2024-10-07,True,medium,3,9.60388790467341
7592,Pamela Barnes,goodwinjennifer@example.net,2025-11-17,False,low,0,5.196310857716122
7593,Amy Beard,gonzalesdonald@example.org,2026-08-14,False,medium,2,7.380268956728743
7594,David Nixon,jpitts@example.org,2025-06-22,False,high,7,11.086977787370673
7595,Patricia Lowery,nperez@example.com,2026-06-30,False,low,3,2.3646278413771427
7596,Toni Graham,davismark@example.org,2024-10-20,False,low,0,1.2041469083547192
7597,Justin Blake,josephhannah@example.com,2024-11-06,True,medium,3,8.396488588731085
7598,Rachel Richards,thomascameron@example.net,2026-08-17,False,medium,0,5.9330214791381675
7599,Jared Webb,qruiz@example.net,2025-07-29,True,low,0,5.956415627664647
7600,Michael Francis,btaylor@example.org,2026-04-05,False,low,0,4.515766939569639
7601,Matthew Edwards,steven33@example.org,2026-01-17,True,low,1,1.6214516326762842
7602,Meredith Bush,jonkeith@example.org,2024-10-01,False,low,0,4.557936837842365
7603,Michael Yu,xjohns@example.net,2026-07-22,False,medium,3,5.856416803655009
7604,Mary Sanchez,adrianhawkins@example.org,2026-08-02,True,medium,2,7.5374950971344195
7605,Mr. Thomas Smith DVM,edavis@example.org,2025-08-01,False,low,1,1.4731021196858536
7606,Teresa Brown,julia16@example.org,2025-10-09,False,low,1,2.0975268844776536
7607,Charles Horton,bnguyen@example.com,2026-04-06,False,medium,8,3.8609296875535164
7608,Alan Jones,hoffmanangie@example.org,2026-08-21,False,low,0,4.056412847480304
7609,Elizabeth Reeves,llucas@example.com,2024-11-04,False,low,0,5.017540733329538
7610,Matthew Wilcox,hgolden@example.net,2026-01-25,False,low,2,2.7336350835334464
7611,Arthur Olsen,carlmiller@example.net,2026-04-18,True,medium,5,7.877021337471512
7612,Rachel Lewis,cclark@example.net,2025-06-27,False,low,1,1.2897160343975274
7613,Marie Montoya,sguzman@example.com,2026-08-11,False,low,1,4.184340163168027
7614,Patrick Murray,vdodson@example.net,2026-07-31,True,medium,2,5.813090153747796
7615,Maria Smith,mitchell07@example.org,2026-08-26,False,low,0,4.341581988370291
7616,William Garner,tylerbaker@example.com,2026-02-07,True,low,2,8.951194833999173
7617,David Johnson,jessica52@example.net,2026-07-20,False,medium,2,11.29542272725475
7618,Erica Mullen,lisa28@example.com,2026-09-17,False,low,2,0.5
7619,Deanna Orozco,jdoyle@example.com,2026-06-23,False,high,11,12.054953446057326
7620,Jessica Rodriguez,jessicapennington@example.org,2024-09-25,True,medium,2,8.411386062581016
7621,Robert Fuller,danielmartinez@example.net,2026-02-11,True,low,3,2.2147254659700906
7622,Tom Horton PhD,sharrison@example.net,2024-10-27,False,medium,0,6.167045045639204
7623,Trevor Landry,jessica22@example.org,2026-05-05,True,low,3,4.539459054174923
7624,Jose Johnson,elainewilliams@example.com,2025-11-19,False,low,0,3.16432444777563
7625,Daniel Williams,lopezlinda@example.net,2024-11-17,False,low,1,4.184203615702918
7626,Kristina Gay,bshort@example.org,2024-10-01,True,low,2,4.177820713726567
7627,Stephanie Hernandez,qsandoval@example.net,2025-09-23,False,medium,4,7.373888294676322
7628,Bryan Young,sandra86@example.org,2026-09-07,False,high,8,10.21916124005511
7629,Tommy Wagner,coxamy@example.com,2025-09-08,False,medium,2,8.24189769445032
7630,Leslie Mason,frussell@example.net,2024-10-25,False,low,0,5.339806020533191
7631,Jason Hill,dianadonovan@example.net,2026-02-28,False,medium,5,6.6420801142485
7632,Jane Robertson,vaughnstacey@example.net,2025-01-31,False,medium,4,9.042987855703554
7633,Alyssa Thomas,aguirrerebecca@example.com,2026-09-07,False,low,4,2.99130035372173
7634,Tanya House,angela80@example.org,2025-04-26,True,medium,2,5.37024844703322
7635,Kenneth Rowe,mallorylee@example.net,2025-12-05,False,low,3,2.1864173771376385
7636,Steven Myers,hbutler@example.net,2026-08-11,False,low,0,8.083276433267105
7637,Richard Davenport,paige45@example.org,2025-07-23,True,low,2,5.0958077874999335
7638,Stacey Lopez,rebeccalee@example.com,2025-05-27,False,low,2,6.134832376112841
7639,Jonathon Jones,lhoward@example.com,2025-07-13,False,low,2,1.9377469447454216
7640,Michael Torres,hprice@example.net,2025-04-01,False,low,0,6.458523733811539
7641,Kelly Obrien,thomas07@example.org,2025-06-25,True,medium,4,6.002651598524533
7642,Sean Mcmillan,donnamckenzie@example.com,2026-07-03,False,low,0,4.347510010219461
7643,Jennifer Bennett,abigail52@example.org,2026-06-29,True,medium,3,6.495406928770146
7644,Rebekah Cox,keith60@example.net,2025-04-04,False,medium,3,6.254995291966027
7645,Victoria Ferguson,ecortez@example.net,2024-12-06,False,high,8,12.23184781375145
7646,Jeffrey Stewart,imills@example.com,2026-01-07,False,low,0,5.441548930359204
7647,Linda Shelton,pruittbianca@example.com,2026-08-08,False,medium,2,5.3871072667453745
7648,Mariah Williams,nkelly@example.net,2026-06-09,False,low,2,3.8312590411545546
7649,John Coleman,jason40@example.net,2026-02-16,True,medium,1,11.75379866591292
7650,Frank Rogers,rodriguezterri@example.org,2025-02-16,False,medium,3,4.9854153445163
7651,Terry Carter,julieholden@example.com,2026-03-02,False,medium,1,10.89040599572352
7652,Katelyn Roberts,gdominguez@example.net,2026-09-04,False,medium,4,5.352046291183403
7653,Patrick Smith,petermartinez@example.net,2024-10-23,False,medium,1,7.873355070352086
7654,Joseph Flores,patrickorr@example.org,2026-07-22,False,low,0,8.377203114893593
7655,Michael Gibbs,terry88@example.com,2025-07-21,False,low,1,1.7294916300860184
7656,Jacqueline Roberts,bradychristopher@example.net,2025-07-21,False,medium,4,3.7188379213332277
7657,Carrie Martin,juliawilliams@example.net,2025-10-21,False,low,1,4.145149219773124
7658,Jeffrey Moran,daniel18@example.net,2026-06-13,False,low,0,5.084220600157238
7659,Matthew Best,hamptonkaren@example.net,2025-04-03,False,high,10,15.020995126539272
7660,Joshua Duran,operry@example.com,2025-02-18,False,low,1,3.6027435141041293
7661,Jessica Watson,patelheather@example.net,2025-07-08,True,medium,0,7.185769099989958
7662,Christina Ewing,dsanford@example.com,2025-05-19,False,high,3,10.339779380738117
7663,Roy Werner,qlopez@example.net,2026-03-15,True,medium,3,7.678317125329465
7664,Christina Liu,ramosdavid@example.org,2025-07-24,False,low,0,0.5
7665,Melinda Ramsey,michael23@example.com,2025-03-16,False,low,0,1.4648969881381508
7666,Jodi Beck,nelsondakota@example.net,2025-05-21,False,high,12,10.29998793879169
7667,Kim Gutierrez,ralphlee@example.org,2025-06-13,False,medium,3,6.29263426135154
7668,Tami Johnson,davidwagner@example.com,2025-05-10,True,medium,2,6.354077901534276
7669,David Chaney,benjamin04@example.org,2024-11-06,False,low,1,3.3025603729278217
7670,Trevor Cohen,hgarza@example.net,2025-05-20,False,medium,3,8.053930335536293
7671,Aaron Shelton,qmoran@example.com,2026-02-02,False,medium,4,7.148854233221473
7672,Samantha Knight,trevormedina@example.org,2025-06-29,False,medium,1,8.000677884560819
7673,Shawna Padilla,mperkins@example.org,2026-02-22,True,low,0,2.870309099172279
7674,Nancy Walls,lisaporter@example.net,2025-11-13,False,low,2,4.215767814313351
7675,Theresa Lyons DDS,rodriguezkatherine@example.com,2026-06-22,True,low,1,2.926086882806633
7676,Jonathon Lee,kristy26@example.com,2026-04-07,True,medium,2,2.936966968825738
7677,Dr. Timothy Jenkins,jessicafranco@example.org,2026-08-02,False,low,3,5.675485094456571
7678,Erin Diaz,howens@example.net,2026-05-17,False,medium,0,5.849838148935073
7679,Shane Kirby,waltonpatricia@example.net,2025-05-18,False,medium,9,4.719260544331531
7680,Christopher Johnson,jeffreyyates@example.org,2026-01-14,True,low,2,0.9711219882489126
7681,Anna Phillips,melissamitchell@example.net,2025-09-20,False,medium,4,8.313244276498349
7682,Rachel Sanchez,lcline@example.net,2025-04-05,False,medium,2,7.441685650161571
7683,Juan Phillips,pattonlaura@example.com,2025-12-05,True,low,1,0.5
7684,John Rice,jesus75@example.org,2025-01-24,False,low,1,3.504471304962872
7685,John Miller,laura80@example.com,2025-06-25,False,low,3,6.097487726981525
7686,Clinton Adams,halldanielle@example.net,2024-11-18,False,low,1,2.4162603367370097
7687,Monica Lee,brownamanda@example.org,2025-12-12,False,low,0,6.210449090600528
7688,William Hernandez,annrosales@example.com,2025-06-12,False,low,1,5.643762679413467
7689,Kevin Thompson,johnsonjasmine@example.net,2024-12-24,False,medium,3,8.026372628278505
7690,Stephen Adams,robinsoncourtney@example.org,2024-09-18,True,medium,3,9.63565452975051
7691,Matthew Tucker,david36@example.com,2024-09-19,False,medium,1,6.931184226148173
7692,Janet Rowland,mary18@example.org,2025-01-28,False,high,8,9.496247796499167
7693,Danny Joseph,julieray@example.org,2024-11-13,False,low,1,3.0324818569356218
7694,Christopher Humphrey,jennifermolina@example.org,2025-02-23,False,low,1,4.144228955753692
7695,Melanie House,sara81@example.com,2026-09-05,True,medium,4,5.344928279648212
7696,Evan Jackson Jr.,kimberly91@example.com,2026-05-30,True,low,0,3.560109712101694
7697,Philip Greene,jeffrey21@example.org,2025-05-16,False,high,10,12.759121826094496
7698,Martin Cooke,lisachase@example.net,2025-10-17,False,low,1,5.820847482265547
7699,Tara Hancock,mary94@example.net,2026-02-16,False,low,2,1.700585983743173
7700,Laura Acevedo,washingtonjohn@example.net,2024-12-04,False,medium,3,6.092538268687521
7701,Nicole Roberson,rodriguezjoshua@example.org,2026-03-06,False,high,7,14.953856713913819
7702,Melissa Key,contrerasdaniel@example.org,2026-08-05,True,low,1,7.826515020454183
7703,Megan Winters,lisarussell@example.net,2025-05-30,True,low,0,4.422296841166091
7704,Maria Johnson,jensenjacob@example.org,2026-02-15,False,low,0,4.8986569878316555
7705,Randall Thomas,chelseaanderson@example.net,2026-03-05,True,low,2,4.061123328680784
7706,Patrick Walsh,sbell@example.net,2025-08-23,False,medium,5,6.111582906139285
7707,Shirley Coleman,englishdouglas@example.net,2025-05-03,False,medium,2,5.689874881635817
7708,Albert Perez,tiffany72@example.com,2026-04-24,False,low,1,2.486118176880953
7709,Paul Collins,dshaffer@example.net,2025-02-09,False,low,0,4.029971145814841
7710,Jeffery Kelley,bmaynard@example.org,2025-11-11,False,medium,0,3.598831683660856
7711,Samantha Dawson,lorithomas@example.net,2025-05-27,False,medium,7,7.085508312884828
7712,Adrian Powell,pattersonpeter@example.net,2026-01-10,False,high,4,9.82069241945922
7713,Antonio Flores,igoodman@example.org,2025-05-26,True,low,2,6.975446104030277
7714,Kelly Dean,russellkelly@example.net,2026-03-19,False,high,1,9.934967385673701
7715,Michelle Dunn,rachel05@example.net,2026-03-14,False,low,1,4.064137018397401
7716,Ricardo Byrd,hthomas@example.org,2025-07-07,False,low,1,4.096206296400254
7717,Emily Sanchez,stephanie53@example.org,2025-10-20,True,high,4,13.8599449354825
7718,Alisha Walsh,gguzman@example.net,2026-01-07,True,high,3,8.062738249400368
7719,Anthony Joseph,gordongrace@example.org,2025-12-31,False,medium,2,2.4018093015690205
7720,George Mills,jonathanwilliams@example.net,2026-05-01,False,medium,0,6.691364585258876
7721,Nicholas Olsen,silvathomas@example.com,2026-02-10,False,low,2,2.1109137053320843
7722,Patricia Hahn,vanessa44@example.net,2026-09-05,False,medium,1,8.009978402237502
7723,Stacy Taylor,watkinsjoshua@example.com,2025-04-03,False,low,2,9.491671890813489
7724,Catherine Fox,davenportlinda@example.net,2025-11-08,True,low,2,4.4230615896435355
7725,Steven Carter,regina28@example.org,2024-12-29,False,medium,2,5.564234292613891
7726,Frances Mason,sfritz@example.org,2025-08-04,False,low,0,4.330596818062096
7727,Stephanie Greene,afigueroa@example.com,2025-12-11,False,medium,2,5.461391316431856
7728,Matthew Johnson,teresa86@example.net,2025-04-14,True,high,9,12.95569163799258
7729,Christina Tran,williamhull@example.org,2026-09-17,True,low,0,3.515550469277557
7730,Michelle Elliott MD,martindavid@example.net,2025-11-24,False,low,1,5.408030805333548
7731,Jane Sanchez,nixonryan@example.com,2025-06-14,True,low,1,3.834337674501172
7732,Jackie Walker,aparrish@example.org,2026-08-02,False,medium,4,8.838545161466186
7733,Michael Lee,bianca01@example.com,2025-07-04,False,medium,3,8.37239785213091
7734,Jimmy Huang,mary56@example.net,2025-04-14,False,medium,5,7.220584355687878
7735,Timothy Daugherty,vbright@example.net,2026-08-17,False,medium,3,9.699136132590876
7736,Jonathan Bowen,xburnett@example.com,2026-06-16,True,medium,4,4.302149571013489
7737,Brian Long,xknapp@example.com,2026-02-02,False,high,4,7.2361103231787585
7738,Stephanie Morales,sandersjohn@example.com,2025-05-24,True,low,1,4.061174966816119
7739,Jermaine Miller,ahudson@example.com,2025-11-09,False,medium,3,7.053904610395302
7740,Lisa Costa,patricia62@example.org,2025-05-03,True,low,2,4.64440349397901
7741,Kyle Jackson,christopher62@example.net,2025-10-08,False,high,6,9.143102914420973
7742,Ms. Diane West MD,odoyle@example.net,2025-03-17,True,high,13,9.029858522719225
7743,Amy Brown,bfry@example.com,2025-06-25,False,low,0,5.707643771737777
7744,Holly Campbell,benjamin58@example.net,2026-04-11,True,low,0,4.06827482222223
7745,Michael Aguirre,samantha98@example.net,2026-07-15,False,high,8,10.435057375307988
7746,Michael Rodriguez,patrick87@example.com,2024-09-22,False,low,1,4.369614392771334
7747,Tina Foley,ztorres@example.org,2025-02-13,True,high,7,13.59893909838872
7748,Shawn Stanley,david66@example.org,2025-01-01,False,low,1,4.580916538794556
7749,Marc Burton,bryantrobert@example.net,2026-08-11,False,high,5,16.032751712635243
7750,Jennifer Hall,grayerin@example.org,2026-07-30,False,low,3,4.1507573811854686
7751,Kathleen Simpson,sarawade@example.com,2025-06-18,False,medium,3,7.222805017233457
7752,Benjamin Green,sjenkins@example.net,2026-09-11,True,medium,1,9.342745884852404
7753,Bruce Scott,ericrodriguez@example.net,2026-01-12,False,high,9,9.07024051296595
7754,Sabrina Scott,lisa57@example.org,2025-03-31,False,medium,2,5.432989812337822
7755,William Gibson,amanda26@example.org,2025-04-26,False,low,2,4.977592288461446
7756,Angel Lane,samantha78@example.org,2026-08-23,False,medium,3,5.430418176513573
7757,Joseph Juarez,ocooley@example.net,2025-03-11,True,high,5,13.073555689489003
7758,James Butler,msmith@example.org,2026-01-04,False,medium,1,6.784370026062434
7759,Amanda Norman,greenejames@example.net,2025-06-26,True,medium,4,7.220696910362538
7760,James White,robert91@example.org,2024-10-19,True,low,0,2.5116387470771055
7761,Tony Guerra,hbaxter@example.com,2025-02-20,True,high,8,8.006521085308993
7762,Pamela Fitzpatrick,romankayla@example.org,2026-07-31,False,low,0,0.5
7763,Jared May,harrisadam@example.org,2025-05-15,True,high,7,11.766951484659213
7764,Cheryl Walls,sotokaren@example.org,2025-04-18,False,low,3,2.796263850504391
7765,Alicia Hoffman,edwardsdenise@example.com,2026-09-15,False,medium,2,5.930050063486324
7766,Kelly Dawson,alyssa40@example.org,2025-04-25,True,medium,2,4.930342099010915
7767,Kathryn Jones,amandageorge@example.org,2025-08-19,False,low,1,5.23715056828282
7768,Gina Campbell,gina58@example.net,2026-06-22,False,low,1,6.288270565473173
7769,Gloria Navarro,denisenixon@example.net,2026-03-17,True,medium,4,3.576777712496787
7770,James Miranda,laura78@example.org,2026-05-17,False,high,5,10.505208848282201
7771,Mark Coleman,wlewis@example.org,2024-12-28,False,medium,3,7.324105324581728
7772,Jennifer Rivas,fperez@example.com,2025-03-14,False,medium,2,8.764038465067639
7773,Christina Brennan,randy36@example.net,2026-03-30,False,low,1,3.93790192979822
7774,Andrew Daniel,leonmark@example.org,2026-05-26,False,low,0,1.1151111582015187
7775,Dan Carney,lhernandez@example.org,2026-03-03,False,medium,4,10.568257400390223
7776,Caleb Allen,johnbenjamin@example.org,2026-04-07,True,low,0,6.741514786770983
7777,Steve Morris,christina13@example.net,2025-10-13,True,medium,3,5.225799024679577
7778,Jonathan Schmidt,ymiranda@example.net,2026-01-16,True,low,2,2.1940175372966113
7779,Charles King,scollins@example.com,2026-06-23,False,low,0,2.9532921501668064
7780,Bryan Cameron,lsanders@example.net,2024-10-28,False,low,1,3.9779367620716437
7781,Ralph Nunez,kwilliams@example.com,2025-08-23,False,medium,0,8.678929826278054
7782,Matthew Morris,joshuabenton@example.com,2026-07-22,False,low,2,2.7820036096957717
7783,Michael Bentley,natasha63@example.org,2025-06-29,False,medium,5,4.88455636821118
7784,Tyler Smith,anthonygina@example.org,2024-11-07,False,medium,3,8.83478732353434
7785,Darren Ross,ronaldcampbell@example.org,2026-09-17,False,low,1,4.282347252306941
7786,Brandon Wheeler,gonzalezanthony@example.net,2026-03-17,True,medium,6,8.362167854367687
7787,Amanda Thomas,jessica04@example.org,2025-04-19,False,medium,1,6.814116786293631
7788,Erin Kaufman,fullerdonna@example.net,2026-02-26,False,medium,6,7.482442456621291
7789,Lauren Jones,wileykristine@example.net,2025-06-20,True,low,2,3.5069987543404277
7790,Kelsey Hall,paul76@example.net,2025-07-06,False,high,4,11.048346364016796
7791,Daniel Riddle,aclark@example.org,2026-07-08,True,low,0,3.798793543149434
7792,Rebecca Roberts,rsweeney@example.org,2025-09-24,False,low,2,5.23634020294191
7793,Joseph Phelps,emily04@example.com,2026-07-07,False,medium,2,10.442850044047894
7794,Phyllis King,michaelhunt@example.com,2025-12-21,False,low,2,2.601398112721042
7795,Anthony Adams,baileyjuan@example.com,2026-05-26,False,low,1,1.7806457479004418
7796,Monica Mcgee,adamwilson@example.com,2026-05-12,True,medium,6,6.427663846467714
7797,Alyssa Baldwin,krystal39@example.org,2026-01-13,False,high,4,13.65001683008189
7798,Kristen Ward,whayes@example.com,2026-04-13,False,low,2,6.340727980339306
7799,Shannon Padilla,timothylawrence@example.org,2025-12-02,False,high,6,10.815147698175744
7800,William Carter,crystal38@example.net,2026-09-12,False,high,8,10.490598651766042
7801,Holly Spears,chall@example.net,2024-11-15,False,low,2,4.4052181525181915
7802,Mrs. Kathryn Scott PhD,zpearson@example.net,2024-11-02,True,low,4,1.2339064239140498
7803,Rebekah Collins,kristin92@example.com,2025-09-29,False,medium,0,5.840287826593409
7804,Lauren Mitchell,hansenjonathan@example.net,2025-01-22,True,low,2,3.7447718634247424
7805,Laura Davis,reedpamela@example.com,2026-04-01,True,low,1,4.71364025395601
7806,Kyle Scott,rjones@example.org,2025-06-25,False,low,0,3.8770885049745982
7807,Amy Garcia,rmccullough@example.com,2026-03-29,False,low,1,6.192301159447643
7808,Patricia Love,murphyrobert@example.org,2025-07-15,True,low,3,3.1241951660829255
7809,Donald Robinson,whitekatrina@example.net,2026-01-30,False,low,1,2.4855680089958536
7810,Kimberly Perry,matthewarnold@example.com,2025-06-30,True,low,0,2.8117218129837447
7811,Jessica Maxwell,samanthagrimes@example.org,2025-12-28,True,low,0,3.246477955616387
7812,Destiny Hoffman,howardjoshua@example.net,2025-11-14,False,medium,4,4.331606018160594
7813,Stacy Nolan,gardnermichael@example.net,2025-11-26,False,low,1,6.165253035361133
7814,Melissa Castillo,ydavid@example.net,2025-11-22,True,low,0,5.272042145889931
7815,Charles Robinson,johnsonbrittany@example.org,2026-08-31,True,low,0,4.518097267863851
7816,Michael Hicks,sean32@example.com,2026-04-16,True,low,1,8.31093929592327
7817,Dominic Hale,ileblanc@example.net,2026-02-21,False,low,0,4.611212706639709
7818,Jeffery Cooper,nellison@example.net,2026-05-29,False,low,1,3.853494747125891
7819,Austin Richardson,adamsrebecca@example.com,2025-08-06,False,high,9,13.182874175356062
7820,Janet Wilson,christina38@example.org,2025-11-26,False,low,1,4.757014803489719
7821,Matthew Orr,hgilmore@example.org,2025-10-02,True,medium,2,7.755502226456758
7822,Kylie Hansen,kendra40@example.org,2025-08-01,False,low,2,1.9045461982306966
7823,Amber Hunt,marvinpeters@example.net,2025-10-19,False,low,0,2.5190472029891957
7824,Diane Bowman,debbie08@example.com,2026-04-07,False,low,1,4.19691037774637
7825,Caitlin Smith,courtney92@example.net,2025-09-15,False,low,1,3.396156699873556
7826,Mckenzie Hamilton,jeremy86@example.com,2025-11-01,False,low,0,3.9341962179195495
7827,Wayne Kidd,karipetersen@example.net,2025-04-30,False,low,2,8.38114026852557
7828,Scott Flynn,tracylopez@example.org,2026-08-23,False,high,2,8.732792961405785
7829,Sara Meyer,kyle89@example.org,2026-04-02,False,low,2,1.2105171153473773
7830,Joseph Taylor,nhall@example.net,2024-12-06,False,medium,2,7.441009026553484
7831,Anna Alvarez,qmontoya@example.net,2025-04-07,False,medium,1,3.5689974407995138
7832,Nicole Elliott,kmiller@example.org,2026-04-18,False,medium,3,5.776245863856765
7833,Michael Dixon,johnsonbailey@example.com,2025-01-11,True,low,1,4.4196657865184
7834,Zachary Watson,fullerkristi@example.org,2025-06-02,False,medium,2,9.733421371817297
7835,Dylan Murray,marycisneros@example.net,2026-09-12,False,low,0,5.053390676578669
7836,Jason Bell,samantha67@example.org,2026-07-24,False,low,0,5.038270345968572
7837,Anthony Williams,knightrobin@example.com,2026-08-29,False,low,3,2.370035018786311
7838,Karen Maddox,rebekahbeard@example.net,2024-12-21,True,low,1,9.395451262188434
7839,Michael Peters,stephenhester@example.com,2026-01-03,False,medium,2,5.772673420807623
7840,Michael Hutchinson,melissa69@example.org,2026-02-03,False,medium,5,7.545830148515758
7841,Kaitlyn Hoover,masontony@example.com,2026-07-19,False,low,3,5.684631719538687
7842,Ann Pierce,ricerebecca@example.org,2025-03-09,True,low,2,5.924783674780272
7843,Joseph Brown,xjones@example.com,2024-11-14,True,low,3,3.850173336471478
7844,Victoria Rich,smithbrandon@example.org,2025-03-25,True,medium,3,9.268850551595818
7845,Dr. Richard Fischer,hamiltonmark@example.com,2025-09-30,False,low,0,6.68723340701438
7846,Amanda Brown,idorsey@example.com,2026-09-14,True,high,6,11.294544703241193
7847,Tammy Turner,briannabrown@example.com,2025-12-25,False,medium,2,5.155397975374104
7848,John Hanna,seanbanks@example.org,2026-07-08,False,low,2,5.186630697897572
7849,Sean Hill,keyteresa@example.com,2026-02-01,False,medium,3,4.259961506193877
7850,Sophia Mckee,whitneyanderson@example.com,2025-11-21,False,low,0,3.7557534397246584
7851,Jasmine Williams,braunjesse@example.org,2026-06-14,True,medium,2,9.885642949502941
7852,Jordan Porter,anthonybush@example.net,2025-07-03,False,low,0,1.7825011831282116
7853,Jonathan Miller,harrisbrianna@example.net,2025-10-03,False,low,0,1.7865458178326228
7854,Jacob Jones,sara26@example.org,2025-09-16,True,low,0,3.1729870805479052
7855,Diane Warren,kennethjennings@example.org,2025-12-06,False,medium,7,8.948865415604972
7856,Mr. Daniel Carroll DDS,jamesanderson@example.net,2025-01-11,False,low,3,4.3715814712069845
7857,Lisa Padilla,fflores@example.org,2026-06-24,True,low,0,4.155410267391782
7858,Jaime Flores,anthony54@example.com,2025-05-12,False,low,1,5.529203612713271
7859,Edward Rodriguez,robertflowers@example.org,2026-05-04,False,low,0,3.1694385161777143
7860,Samuel Hardy,brandy14@example.net,2024-12-03,True,high,9,9.349839033833922
7861,Sharon Kennedy,apalmer@example.com,2026-03-20,True,low,1,6.710209220007254
7862,Melissa Herman,hillkimberly@example.com,2026-03-20,False,medium,3,6.6948648670932815
7863,Jonathan Campbell,ohensley@example.com,2025-02-21,True,medium,5,3.925097421162817
7864,Steven Sweeney,james24@example.com,2025-04-06,False,medium,2,2.9603359445045214
7865,Misty Martinez,nicholasvargas@example.org,2025-04-18,False,high,3,11.701521746652261
7866,Stephanie Butler,sandrawilliams@example.net,2024-11-27,False,medium,2,5.092498341370017
7867,Gregory Drake,joe40@example.org,2025-12-01,False,low,2,3.265741909031512
7868,Katie Johnston,williammueller@example.net,2025-08-29,False,low,1,2.221802433938909
7869,Mary Johnson,veronicasnyder@example.net,2025-11-12,True,low,1,5.879961989907116
7870,Kristin Anderson,rebeccajames@example.org,2025-03-29,False,medium,2,8.833373194653568
7871,Gary Hendricks,danielvelez@example.com,2026-01-18,True,low,1,4.480448931298123
7872,Lisa Downs,benjamin51@example.com,2025-11-19,True,medium,4,6.243849143327237
7873,Jennifer Brown,robert27@example.org,2026-07-01,False,medium,4,8.698336763452662
7874,Matthew Williams,washingtondaniel@example.net,2025-12-21,False,medium,5,7.627359791207875
7875,Chase Mercado,vwebb@example.com,2024-09-22,False,high,4,11.018791489352617
7876,Kelly Wells,ncox@example.org,2026-04-13,False,low,0,3.620546411964566
7877,Heidi Garrison,sheryl16@example.com,2025-02-21,True,medium,4,5.091874155730905
7878,Martin Rice,paulclarke@example.com,2026-08-25,False,low,2,0.6474811580085995
7879,Jesse Allison,iarnold@example.net,2026-02-02,True,low,2,6.388479137814288
7880,Tammy Cross,lpennington@example.net,2026-09-18,False,medium,3,4.915461827354754
7881,Samantha Walters,brettgonzales@example.net,2026-07-25,False,low,1,4.5181904062970535
7882,Sandra Russell,graymichele@example.com,2024-11-30,True,low,2,7.147380343243615
7883,Sara Johnson,sarahmartin@example.com,2025-04-19,False,medium,4,2.1574025259204106
7884,Jason Patterson,christinamason@example.com,2026-04-11,False,low,0,7.4754076463792485
7885,Elizabeth Miller,whitewesley@example.net,2026-02-10,False,medium,5,9.38946267343411
7886,Jamie Bowen,thompsonlarry@example.net,2026-06-17,False,low,0,2.6364385954791745
7887,Sandra Cannon,hallmichael@example.net,2026-06-30,True,low,3,2.8084097786244904
7888,Jeffrey Day,gravesscott@example.org,2025-11-17,False,medium,3,7.738892895243179
7889,Cathy Mcdonald,rogerwerner@example.net,2024-12-05,False,high,7,11.746257994731394
7890,Gabriel Robinson,devon00@example.org,2025-12-26,False,medium,8,9.973654396631485
7891,Ashley Lopez,samanthacastillo@example.net,2025-10-07,False,medium,1,5.967001174091456
7892,Kristina Brown,sotogarrett@example.org,2025-03-29,False,medium,5,8.941648298476132
7893,Reginald Fleming,ibell@example.org,2024-10-31,False,medium,3,9.674366327913365
7894,Robert Nelson,rebeccawilliams@example.com,2026-02-14,True,high,5,13.648233102726001
7895,Thomas Miller,gwilson@example.org,2025-09-26,False,medium,3,5.872887881196415
7896,Caleb Bonilla,hoodmelissa@example.com,2024-10-04,False,high,6,12.989510004175422
7897,Ashley Mckenzie,brian11@example.org,2026-07-11,False,high,10,7.523992601090134
7898,Phillip Rivera,randallpham@example.org,2025-11-05,False,low,0,5.017793048162913
7899,Danielle Smith,mitchellstephanie@example.com,2026-07-16,True,low,0,1.1098880818508507
7900,Lindsay Johnson,daniel14@example.com,2026-02-14,True,low,0,1.1733060116025835
7901,Yvonne French,karen10@example.net,2025-05-31,False,low,0,2.4983815657715027
7902,Wayne Ryan,matthewcarlson@example.org,2025-08-25,False,low,1,4.535798365630043
7903,Toni Mcgee,sandra79@example.net,2026-03-15,True,low,1,5.277109295554989
7904,Phillip Vega,thomas09@example.org,2026-07-03,True,low,0,2.8239758479688764
7905,Heather Fisher,rconrad@example.org,2026-09-08,True,low,2,6.360676585655828
7906,Maureen Rose,william11@example.net,2025-06-16,False,low,1,0.5
7907,Bradley Holden,xbridges@example.com,2025-07-26,False,low,0,4.613341248264884
7908,Susan Downs,zjones@example.net,2025-06-30,True,low,0,5.280141296289381
7909,Dominique Strickland,wrightthomas@example.net,2026-03-08,False,medium,6,10.05225439241458
7910,James Thomas,morrismaria@example.com,2025-10-15,False,low,1,2.725317253570293
7911,John Roy,bwu@example.net,2024-09-18,False,high,9,13.945249364053584
7912,Emily Green,dmurphy@example.net,2025-08-04,False,low,4,5.367658307874215
7913,Ariana Evans,joel94@example.com,2025-07-15,True,low,1,6.3299839591782305
7914,Jennifer Thompson,candicecooper@example.net,2026-08-24,False,medium,2,6.257437987546643
7915,Michelle Perez,jacobsloan@example.net,2026-01-02,True,low,2,6.4707357789710125
7916,Emma Rogers,audreyrichard@example.net,2025-01-12,False,medium,4,9.606658766901857
7917,Wyatt Chavez,mikewilliamson@example.net,2025-07-15,False,medium,0,6.210655145335307
7918,Jenna Brown,dansanchez@example.net,2025-12-19,True,low,0,1.1283122727189787
7919,Andrea Harding,ybarrett@example.com,2026-01-17,False,low,1,6.912235834666781
7920,Sarah Martin,brianbrown@example.com,2026-08-14,False,medium,4,11.150875622784067
7921,Francisco Evans,obrienadam@example.com,2026-08-09,True,low,0,3.18043993824143
7922,Allison Osborn,ricky66@example.org,2025-05-20,False,low,1,2.7464519048820835
7923,April Black,mayerrachael@example.com,2026-03-13,False,high,4,10.729281573089914
7924,Shannon Meyer,ogonzalez@example.net,2025-03-29,False,medium,2,5.521147533821564
7925,Adam Stephenson,thompsonjoseph@example.org,2025-07-14,False,low,1,3.5116364567754057
7926,Theresa Simpson,jamesjimenez@example.net,2025-08-05,True,low,0,3.170455922946611
7927,Keith Smith,lisalee@example.org,2024-12-11,True,low,2,5.205746958867407
7928,Erin Charles,bcampbell@example.com,2025-10-09,False,medium,3,6.935148616515475
7929,Emily Jackson,wrightshannon@example.net,2025-04-20,False,low,1,5.66807162299327
7930,John Wyatt,nhoward@example.com,2024-11-29,False,low,1,1.9980831221824173
7931,Michelle Johnson,gscott@example.org,2026-07-01,False,low,0,4.697984794871701
7932,Joshua Serrano,thomasdrew@example.org,2026-07-15,False,medium,3,7.6830397307378275
7933,Jennifer Chase,webbsandra@example.com,2026-01-31,False,low,2,3.9376739936678202
7934,Michelle Vasquez,wgarcia@example.net,2025-07-31,False,medium,5,4.342366502854329
7935,Virginia Taylor,romanryan@example.net,2025-08-24,False,medium,6,7.258182570586492
7936,Todd Robertson,bridget23@example.org,2025-12-24,False,low,0,6.61748362879222
7937,Adam Glass,drakewilliam@example.org,2026-09-16,True,low,1,3.444001907833699
7938,Jimmy Escobar,garzajames@example.com,2025-07-25,False,low,1,4.768555112232187
7939,William Ward,foxwilliam@example.org,2026-04-28,False,high,7,9.324420752202968
7940,Vanessa Fisher,wjones@example.com,2026-02-03,True,medium,0,3.3138084552533624
7941,Hailey Baker,chelsealang@example.com,2026-08-18,False,high,13,9.273805832862903
7942,Russell Barnes,muellersue@example.com,2026-07-30,True,medium,4,2.7868125250213707
7943,Daniel Brown,gwendolyn59@example.net,2026-08-20,False,medium,3,7.873634751449033
7944,Jesus Rodriguez,maria63@example.com,2025-09-11,False,low,2,4.0400405145225715
7945,Cory Yang,ryankathleen@example.org,2025-01-14,True,low,2,3.321476323522198
7946,Tyrone Harris,smurphy@example.org,2025-08-09,False,medium,3,3.716977569504769
7947,Carlos Long,aliciastevens@example.org,2024-12-24,False,low,1,10.386014570832614
7948,Jill Davis,kylenichols@example.com,2026-01-01,False,low,2,2.554348071749761
7949,Brent Garcia,xanderson@example.org,2024-11-14,False,medium,3,9.629060119456826
7950,Erik Vasquez,kelseyrogers@example.org,2026-06-13,True,medium,4,5.9596346200090125
7951,Adam Moreno,bhenderson@example.com,2026-06-07,False,medium,2,11.891486742406261
7952,David Campbell,newmanjason@example.com,2025-04-01,True,medium,1,5.077617856334173
7953,Cheryl Evans,esimpson@example.org,2026-05-12,True,medium,2,5.8381090640758995
7954,Elizabeth Tran,treynolds@example.org,2025-05-11,False,high,2,9.415339378948842
7955,Sean Newton,davidwright@example.org,2026-02-08,False,high,7,13.148972876152357
7956,Danielle Hendrix,leahpitts@example.org,2025-01-19,True,medium,1,7.564260828093902
7957,Caitlin Hayes,lhardy@example.org,2025-09-15,True,low,0,5.028521315366287
7958,Patricia Day,staceyjohnson@example.net,2026-02-20,False,medium,4,8.891467315985947
7959,Jason Potter,lori49@example.org,2025-09-14,True,low,3,5.435373777614782
7960,John Ramirez,slopez@example.com,2025-08-14,False,low,2,2.676103818843587
7961,Laura Rivera,joseph68@example.com,2025-08-31,True,low,1,1.6529930748348072
7962,Melissa Williams MD,racheldavis@example.com,2024-12-07,False,low,1,1.283257870858503
7963,William Lawrence,joseph28@example.org,2025-11-17,True,low,2,1.490200526650117
7964,Ronald Nelson,leachkyle@example.net,2026-01-29,False,low,0,3.4896875503799194
7965,Tracy Ayers,vickie71@example.org,2024-10-24,True,low,0,0.9815830663238359
7966,William Davis,herreraoscar@example.net,2025-01-28,True,high,9,8.108291982346937
7967,Luke Burke,emyers@example.com,2025-02-09,False,high,10,13.604721769803998
7968,Laura Herrera,piercejacqueline@example.com,2025-12-05,False,medium,2,3.8707543074359716
7969,Jonathan Turner,silvadeborah@example.net,2025-05-02,False,medium,1,5.926851318998459
7970,Jason Phillips,jonesallison@example.org,2026-05-25,True,medium,3,7.428727794489423
7971,Jennifer Williams,hendersonkaren@example.net,2025-02-21,False,medium,2,8.588630084903091
7972,Katherine Dixon,hodgesrandy@example.com,2026-06-01,False,low,2,6.995515357462817
7973,Jessica Jones,benjamin22@example.com,2024-11-04,False,low,1,0.8754432639550362
7974,Angel Campbell,cheryl59@example.org,2026-03-24,False,high,8,9.642088637094838
7975,William Hoover,halealan@example.com,2025-06-12,False,low,3,5.346832454836523
7976,Kevin Allen,skelley@example.org,2025-01-06,False,medium,2,11.652637715680548
7977,John Jones,john87@example.net,2026-07-27,False,high,6,12.104987716679197
7978,Cynthia Willis,odonnellmadison@example.net,2026-01-22,True,medium,1,7.874102397202094
7979,Angela Tran,pramirez@example.org,2024-10-28,False,low,1,10.264869389715692
7980,Danny Thomas Jr.,jason37@example.com,2024-10-18,True,medium,3,10.71288463116761
7981,Sarah Flores,lburch@example.com,2025-04-05,False,low,1,1.5319354950887
7982,Robert Jackson,ericcoleman@example.com,2025-01-05,False,high,7,11.378607717240884
7983,Maria Robinson,ericgray@example.net,2026-01-22,False,low,0,7.522451548918367
7984,Chris Griffin,pgarcia@example.com,2025-10-08,True,low,0,6.977578592935648
7985,Dillon Meadows,nrobinson@example.net,2026-04-27,True,low,0,6.280862871959917
7986,Monica Robertson,higginsautumn@example.org,2025-04-17,False,low,0,2.7912552985853614
7987,Mary Ramirez,carolzavala@example.com,2026-05-03,False,medium,2,6.403710718552909
7988,Christopher Hunt MD,anthonyharvey@example.net,2025-09-11,False,low,2,6.675017340444844
7989,Joshua Roth,cherylrussell@example.com,2025-10-13,False,low,1,7.981349378242889
7990,Desiree Bailey,kayla94@example.com,2025-04-05,False,low,1,3.956107175918406
7991,Richard Burke,fmorse@example.org,2025-07-28,False,low,0,4.408830173016507
7992,Ricky Harris,amanda37@example.net,2025-06-03,False,medium,2,9.51563201424358
7993,Jillian Chen DVM,travispeterson@example.org,2026-08-27,False,high,4,8.079187756305958
7994,Steven Rodriguez,hrivera@example.org,2026-06-08,False,medium,2,4.992833624686529
7995,Gregory James,wwallace@example.com,2024-10-13,False,low,2,3.926130777933525
7996,Roberto Mendoza,christy18@example.org,2026-07-13,False,medium,1,7.120894604670152
7997,Courtney Diaz,kelseyvaldez@example.com,2025-05-22,False,low,1,5.101560183683576
7998,George Arnold,hodgesbrian@example.net,2025-03-14,False,low,1,5.058594660138789
7999,Blake Hall,lydiataylor@example.net,2025-12-26,True,low,1,6.460571391757394
8000,Andrew Cherry,iperez@example.org,2026-06-01,True,medium,5,4.505237465426722
8001,Patricia Williams,oryan@example.net,2026-02-08,True,low,0,1.3261914735833757
8002,Jennifer Smith,nsmith@example.com,2026-04-30,True,low,3,3.9765593327744098
8003,Kimberly Lang,bedwards@example.net,2026-08-11,False,medium,0,9.188615979279074
8004,Lori Juarez,millerandrew@example.net,2026-08-03,False,low,1,3.670961371076057
8005,Matthew Fox,luisochoa@example.org,2025-01-03,True,medium,1,4.057312293964898
8006,Connor Williamson,gobrien@example.net,2025-07-04,False,low,2,3.829606847597597
8007,Mary Brown,anthonyjessica@example.org,2026-05-30,True,low,1,5.919460825836533
8008,Phyllis Harris,carolinetapia@example.net,2024-11-08,False,medium,1,5.24424662503845
8009,Justin James,pollardmatthew@example.net,2025-06-26,False,low,3,5.48595232244218
8010,Patricia Short,mrobles@example.org,2025-02-05,False,medium,4,8.083038433775272
8011,James Donovan,bhoffman@example.net,2024-10-01,True,medium,4,4.453771599549549
8012,April Gibson,jacobbutler@example.net,2024-09-27,True,low,0,5.637775920570416
8013,Patricia Schmidt,robertamiller@example.net,2026-09-08,False,medium,3,4.948435156457936
8014,Danielle Ibarra,rasmussenjason@example.net,2025-10-09,False,low,0,5.489528177085046
8015,Connie Farmer,collinsnatalie@example.com,2025-01-13,True,medium,3,8.71040170583912
8016,Sabrina Allen,cmartinez@example.org,2024-10-03,False,low,2,2.1907065841609557
8017,Susan Hernandez,jenniferjackson@example.org,2026-05-29,False,medium,2,9.783365250319942
8018,Anna Davis,katherine06@example.org,2026-06-02,False,high,9,11.339777896433258
8019,Rhonda Turner,srhodes@example.net,2025-12-29,False,medium,4,8.313017131482244
8020,Lauren Nunez,zbass@example.com,2026-01-21,True,high,4,10.88615553232477
8021,Wesley Williams,matthew19@example.net,2026-06-07,False,high,7,11.34834218857833
8022,Lynn Taylor,patrickpaul@example.org,2025-01-16,True,high,5,9.245735461067246
8023,Stephen Olson,dawnreed@example.com,2026-08-08,False,low,0,4.875017025672703
8024,Christina Weiss,xkent@example.org,2025-11-17,False,low,2,3.048260216173172
8025,Eric Andrade,xavier17@example.net,2026-09-04,False,low,3,2.1904907653903063
8026,Sherri Lewis,esmith@example.com,2024-11-16,False,high,14,12.780009106868775
8027,Kara Reese,bwalker@example.com,2025-02-11,False,low,1,0.6376363750689857
8028,Ryan Sandoval,qwatson@example.net,2025-03-13,False,high,8,9.60546504569207
8029,Bryan Holloway,carsonkristin@example.net,2025-10-30,True,low,0,0.5084777553468682
8030,Charles Morris,ipeters@example.org,2026-09-11,True,high,9,14.092577377165135
8031,William Byrd,alyssa23@example.com,2026-09-05,False,low,1,2.4302145969505635
8032,Carlos Holloway,douglasturner@example.org,2024-12-15,True,high,10,10.057272516957815
8033,Tiffany Thomas,coxlynn@example.com,2026-03-23,False,medium,2,10.068829676811818
8034,Adam Hubbard,chenedward@example.org,2025-09-08,False,medium,1,7.278537332103975
8035,Christopher Johnson,jimmy98@example.net,2026-07-31,False,medium,5,9.848649307148353
8036,Melissa Bradley,janetgraham@example.com,2025-03-27,False,high,11,9.142129851687043
8037,Jose Cannon,margaretlong@example.net,2025-10-28,True,low,2,1.77843183195642
8038,Justin Rodriguez,griffinnicole@example.net,2026-08-15,False,low,0,6.0364190537810645
8039,Jessica Hernandez,zfrye@example.net,2025-06-19,True,medium,2,9.562794636036237
8040,Kristen Floyd,tgray@example.com,2025-11-03,True,low,0,2.9974414829642093
8041,Holly Byrd,whitestephanie@example.com,2026-05-26,True,low,0,4.617456655061812
8042,Edward Mendez,victoria82@example.com,2026-02-21,False,low,1,3.9472220925519377
8043,Julie Sanchez,lisa82@example.org,2024-10-22,False,high,8,6.84681225982319
8044,Matthew Hunt,sara28@example.org,2025-03-08,False,low,1,5.399334186236667
8045,Dennis Wiley,fryrobert@example.com,2025-03-03,False,medium,3,6.928906157796892
8046,Brooke Rios,hooperlisa@example.com,2024-12-25,False,medium,5,5.594352708696475
8047,Jordan Pierce,romanbrandon@example.net,2026-03-17,False,high,9,9.925859079979826
8048,Derrick Gonzalez,bford@example.net,2024-10-08,False,medium,3,3.7163057229690577
8049,Thomas Larsen,henryshaw@example.com,2024-11-02,False,low,1,4.088766639415486
8050,Gina Morgan,fbass@example.org,2025-10-30,False,medium,3,4.393954533213131
8051,Curtis Larson,justin80@example.com,2025-06-29,True,low,0,2.7077395578008217
8052,Jane Mccarthy,ntaylor@example.net,2026-08-23,False,medium,3,9.559559532131644
8053,Vanessa Marquez,bryan51@example.org,2026-09-15,True,medium,1,8.321769660748938
8054,Sean Sloan,timothynelson@example.net,2024-11-04,False,high,4,8.326850762060161
8055,Jack Young,zgonzales@example.net,2025-09-13,False,medium,6,5.67708579248475
8056,Alexander Bradley,joseph50@example.com,2025-12-27,True,medium,3,6.455654888568181
8057,Gilbert Wells,elizabethrobertson@example.net,2024-12-12,False,low,1,7.408168578250097
8058,Fred Phillips,taradelgado@example.com,2024-10-22,False,low,3,5.323979995927889
8059,Aaron Snyder,obrown@example.org,2025-12-22,False,medium,3,8.871130301682411
8060,David Young,ibarnes@example.org,2025-03-13,False,low,0,2.617334454927837
8061,Lee Ramos,colecatherine@example.com,2026-07-05,False,low,1,2.3014649792686956
8062,Alison Rogers,jodisilva@example.com,2025-11-11,True,low,2,7.085858772538228
8063,Donald Austin,delgadopaul@example.com,2025-12-13,True,low,0,3.81325512754879
8064,Justin Lynch,robertthompson@example.com,2025-05-21,False,low,1,2.8430680041957284
8065,Stephen Ibarra,harveyjose@example.com,2026-09-16,False,high,9,10.135271569995208
8066,Amanda Schultz,hamiltonangel@example.com,2025-03-07,False,medium,5,6.7070539775336275
8067,Matthew Mckinney,fwiley@example.com,2025-11-05,False,high,6,13.891194777228808
8068,Timothy Cline,nicholascarter@example.org,2025-10-13,False,medium,3,7.146828398429992
8069,Daniel Thompson,rscott@example.com,2026-04-13,True,low,2,3.4021982326521525
8070,Eric Beltran,ylozano@example.com,2026-06-20,True,medium,5,6.421772059105575
8071,Jennifer Wilson,wardsteven@example.net,2026-03-21,False,medium,3,4.015003146640765
8072,Melissa Matthews,gonzalesheather@example.net,2026-09-03,True,low,0,3.73091374231789
8073,Alan Gross,taylorscott@example.org,2025-07-02,True,high,10,9.289641588389586
8074,Luis Bowen,josephpierce@example.net,2025-08-04,True,medium,7,4.638474545710729
8075,Anthony Ortiz,charlotte50@example.org,2026-04-07,False,low,3,5.791656349289793
8076,Catherine Wilson,xoliver@example.net,2025-07-23,True,medium,5,5.244917429247951
8077,Jill Curtis,fbates@example.com,2025-05-25,True,medium,2,6.725039074198335
8078,Eric Jenkins,robert95@example.org,2024-12-29,False,medium,1,9.64008552270313
8079,Javier Solis,warrensoto@example.org,2025-06-24,True,low,0,6.493809067804164
8080,Robert Grimes,samanthahess@example.net,2025-04-19,False,low,1,2.2363381255613035
8081,Kevin Boyd,clarksusan@example.org,2025-12-05,False,high,9,13.765318867991539
8082,Kimberly Davidson,jessica35@example.net,2025-10-25,False,low,2,2.946517365272344
8083,Andrew Little,sarahcole@example.org,2025-12-08,False,low,3,3.0523801954684284
8084,Derek Garcia,wallerchelsea@example.com,2025-10-04,False,low,1,4.24870729834286
8085,Kathy Jones,stephanieschultz@example.net,2026-07-27,True,medium,6,13.298305835385538
8086,Scott Horton,ayalavicki@example.com,2025-11-19,True,high,5,13.291412299093338
8087,John Jones,claireraymond@example.org,2024-12-06,False,medium,2,7.713537580678964
8088,Cynthia Friedman,dennisglass@example.org,2024-12-15,True,low,0,5.316300766366836
8089,Timothy Allison,millermonique@example.com,2025-09-06,False,medium,0,8.478064105814774
8090,Melissa Soto,scottclaire@example.net,2026-02-02,False,medium,2,6.144653829072054
8091,Mary Everett,christianatkins@example.org,2024-09-30,False,low,0,6.839157816842006
8092,Emily Hall,monica43@example.net,2025-01-18,False,low,1,4.544906602585021
8093,Hannah Newman,marybeck@example.net,2025-02-17,False,medium,2,7.422212290113956
8094,Joseph Dixon,chasekim@example.net,2026-07-06,False,medium,3,6.656218535145554
8095,William Hayes,gregory30@example.org,2025-11-19,False,low,0,3.7393320820995894
8096,Paul Patel,xbrown@example.com,2025-12-27,False,medium,4,9.12797445702314
8097,Lori Gonzalez,lisabrown@example.org,2025-06-20,False,low,1,4.3830638651509295
8098,Tara Miller,cfernandez@example.com,2025-03-13,True,low,1,5.1076270451694
8099,Joseph Briggs,oware@example.net,2025-12-30,True,medium,3,6.3510462380706345
8100,John Jones,jordanrebecca@example.com,2026-01-01,True,low,0,3.016926229080249
8101,Jessica Henson,joshuamosley@example.org,2024-10-24,False,low,2,6.478318731570006
8102,Michael Snyder,ijones@example.com,2025-08-09,False,low,2,1.8605428251904854
8103,Leslie Knight,jonathon31@example.net,2025-12-20,False,medium,1,6.91352696892439
8104,Anna Jones,hgarza@example.com,2026-04-08,False,low,1,4.338891843362629
8105,Marissa Wilson,barbara93@example.org,2026-08-02,False,low,0,7.040451391661922
8106,Megan Hill,ericperkins@example.com,2026-04-23,False,medium,7,7.761107026270745
8107,Julie Soto,xshort@example.org,2024-12-12,True,low,0,6.643913534069396
8108,Andrew Williams,bradforderic@example.com,2025-03-05,False,low,0,3.8195393873710395
8109,Melissa Morales,elizabeth71@example.net,2025-05-21,False,low,3,5.401958259341438
8110,Karen Bradley,josephdelgado@example.net,2025-07-20,True,high,7,12.753419253785856
8111,John Villegas,deborahhernandez@example.com,2025-01-20,False,low,3,9.593158582673741
8112,Rebecca Johnson,maxbenson@example.org,2025-01-10,True,low,3,3.6208906986706317
8113,Ian Bates,johnsoncarmen@example.net,2024-12-06,False,medium,3,7.554122986053933
8114,Leah White,alexandra61@example.org,2026-01-31,True,medium,4,11.13778195103788
8115,Colton Nguyen,gibsonmindy@example.org,2024-10-29,True,medium,2,3.5321632353145334
8116,Carol Pineda,jennifer93@example.net,2025-08-31,True,low,0,5.283463727561099
8117,Thomas Bennett,marco54@example.com,2025-10-22,False,high,8,11.846960237817694
8118,Jason Thompson,patriciasharp@example.org,2024-09-24,False,low,0,4.242587975548685
8119,Crystal Gonzalez,timothy08@example.org,2025-05-18,False,low,0,6.413482704886565
8120,Sandra Mckinney,isimpson@example.org,2025-02-21,True,low,1,4.06473730180574
8121,Cody Brown,randy55@example.com,2025-06-01,False,medium,3,7.645547677695551
8122,Antonio Williams,victoriacline@example.net,2025-12-07,False,medium,2,8.93499612763484
8123,Ryan White,sean14@example.net,2025-11-27,True,low,0,3.3572356263198984
8124,Zachary Bailey,sheltonmichael@example.net,2026-05-09,True,medium,6,5.90977557176227
8125,Desiree King,estradajennifer@example.com,2025-10-26,False,low,1,1.5818250726572152
8126,Timothy Fox,sara27@example.org,2025-06-08,False,high,9,12.936028928997857
8127,Ricardo Wiggins,marycummings@example.org,2025-04-06,False,low,0,1.5135171845852802
8128,Brenda Johnson,taylornicole@example.net,2025-11-16,False,low,0,6.603229248627936
8129,Jeremiah Waller,tonya10@example.org,2026-05-23,True,low,3,8.163816137355838
8130,Laura Wilson,emilylawrence@example.org,2026-06-21,False,medium,2,7.626223785723945
8131,Bryan Serrano,claire19@example.org,2026-07-27,False,medium,3,9.197904981385673
8132,Edward Wood,rodriguezbrittany@example.com,2026-06-28,False,low,2,1.1617693022550637
8133,Jocelyn Vega,paigedean@example.org,2026-03-22,True,low,0,2.3248421273509825
8134,Lisa Norton,xschneider@example.com,2025-08-22,False,high,6,14.313803558957233
8135,Tyler Nelson,nalexander@example.org,2026-02-07,False,low,0,6.555016625012333
8136,Bruce Cannon,lbridges@example.org,2026-01-04,True,medium,5,6.352686286819771
8137,Terri Webb,kleinbrian@example.net,2025-09-27,True,medium,2,7.659991114892295
8138,Ryan Roberts,therring@example.com,2026-01-14,True,medium,2,4.17186678506963
8139,Cheryl Hooper,flee@example.org,2026-06-16,True,high,4,6.238616824468547
8140,Nicholas White,uharrison@example.com,2026-04-20,False,medium,3,5.507681974677595
8141,Emily Walker,frankherrera@example.net,2025-06-18,False,medium,0,5.350843609727452
8142,Dale Porter,nataliespence@example.net,2025-01-02,False,medium,2,4.8378422668408705
8143,Michelle Pollard,bondtasha@example.com,2026-01-30,False,medium,1,5.190257646319794
8144,Vanessa Johnson,keithfrank@example.org,2026-03-26,True,medium,4,6.1422402804526115
8145,John Howell,fgarcia@example.net,2026-07-21,False,low,1,2.2559104324660018
8146,Dawn Miller,tracyhorton@example.org,2025-06-07,True,low,0,3.02830387160749
8147,Katherine Park,nwalters@example.com,2024-11-17,False,medium,2,7.220876923183476
8148,Mrs. Amanda Brown DVM,xrandall@example.org,2026-05-24,True,medium,4,5.259332617244905
8149,Christopher Hunter,mayjennifer@example.net,2026-04-30,True,high,7,12.673229793219017
8150,Marcus Camacho,mccormickjason@example.com,2025-03-04,False,high,8,8.867528560765978
8151,Brandon Molina,hellis@example.net,2025-08-05,False,high,9,12.602289018287388
8152,Jessica Mata,ywarren@example.org,2025-07-08,False,low,0,1.227832885939757
8153,Peter Brown DDS,richardnorris@example.net,2025-09-13,False,low,2,2.7029687097886326
8154,Daniel Martin,lutzdevin@example.org,2026-01-19,False,high,7,13.511613921544434
8155,Angela Gomez,bpreston@example.net,2026-05-27,False,medium,4,8.324666656487805
8156,Judy Rodriguez,qwells@example.net,2025-12-15,True,low,3,1.4199364281655797
8157,Deanna Reynolds,cmoss@example.net,2026-05-28,False,medium,2,5.938907543899172
8158,Eric Bailey,andersonricky@example.org,2026-03-10,False,low,0,0.8696049916204673
8159,Karen Wright,rodriguezjoseph@example.net,2026-06-02,True,low,0,6.875402614713724
8160,Joy Garcia,alicia92@example.com,2025-10-28,False,low,0,4.164429569426869
8161,Nicholas Mcdaniel,jasonriggs@example.net,2025-11-03,False,low,1,5.332549211904052
8162,Stacy Ortega,robertfisher@example.com,2025-01-12,False,low,2,5.467231223578889
8163,Bobby Chandler,ajones@example.net,2026-03-07,True,low,0,0.6095419867609833
8164,Kelsey Hernandez,qstewart@example.com,2025-02-04,False,high,11,8.726032679923705
8165,Kristina Lewis,opatterson@example.net,2025-08-25,False,low,2,4.523052448581058
8166,Brooke Webster,wanda26@example.net,2025-07-18,True,medium,4,7.9119918257926045
8167,Daniel Miller,loripeterson@example.org,2025-09-08,False,medium,6,5.197073027996279
8168,Debra Campbell,vjones@example.net,2025-07-11,False,medium,4,8.020591646008674
8169,Karina Graham,srice@example.com,2025-10-04,False,medium,5,9.147889985957494
8170,Ethan King,perezjeanette@example.com,2025-07-08,False,high,10,11.22829183754656
8171,Amanda Hernandez,tthomas@example.com,2024-12-13,False,low,3,4.6441830257299745
8172,Mrs. Jennifer Burke,jonesjorge@example.net,2024-09-28,False,medium,1,5.706710157520961
8173,Amy Patterson,michelle50@example.org,2025-12-30,False,medium,2,7.2591797860539735
8174,Melanie Thomas,tiffanywells@example.org,2025-05-21,True,low,0,7.827567760201735
8175,Lynn Clark,jennifersmith@example.org,2025-09-05,False,low,1,5.211642446194604
8176,James Miles,justinbrown@example.net,2025-09-30,False,medium,1,7.59918761030297
8177,Robin Larson,jennifer87@example.net,2024-10-27,False,low,3,3.0865394078001813
8178,Paul Ruiz,williamsmark@example.com,2024-10-18,False,medium,1,7.782337114549351
8179,Jerry Torres,alicia79@example.com,2026-01-23,False,high,4,12.485413691451292
8180,Alexander Herrera,mary55@example.org,2025-08-15,True,high,7,12.355345740186884
8181,Jason Torres MD,michellearmstrong@example.org,2025-04-28,False,medium,1,8.965014077244422
8182,Laura Collins,jennifer04@example.org,2025-07-07,False,medium,3,8.225372835628674
8183,Frank Garza,josephmegan@example.org,2024-10-24,False,medium,1,5.324647136513226
8184,Charles Simmons,regina67@example.net,2025-12-14,False,high,8,11.364346531541731
8185,Chad Perez,rachel17@example.net,2026-09-11,False,high,4,10.099212155185056
8186,Eric Byrd,medinajanet@example.com,2025-06-08,False,high,3,10.994787537988358
8187,Tammy Reyes,richard21@example.net,2024-11-13,False,medium,1,8.20905168721747
8188,Sabrina James,echristensen@example.com,2026-09-09,False,high,5,12.716825418203456
8189,Christopher Romero,rtucker@example.com,2025-04-01,False,low,2,1.7827781042158288
8190,Regina Ryan,donna39@example.org,2025-03-22,True,medium,6,5.955033306539333
8191,Katie Russell,logangraves@example.net,2025-09-05,False,low,0,1.9586454320862035
8192,John Willis,larsonjessica@example.net,2024-11-03,False,high,6,11.944464971920242
8193,Matthew Cabrera,stephanielewis@example.org,2026-02-25,False,low,0,3.3322248266999885
8194,Christopher Coleman,qterry@example.org,2025-07-26,False,medium,3,8.113125334201092
8195,Jenna Casey,kirbykaren@example.org,2026-02-17,False,medium,1,5.812766746202042
8196,Erin Torres,flowersjennifer@example.net,2024-12-23,True,low,1,4.1497849519622285
8197,Andrew Harrington,hensleymatthew@example.com,2026-02-26,False,low,2,1.4013863585555155
8198,Timothy Griffin,brewercalvin@example.org,2025-05-03,False,medium,4,5.438498066200043
8199,Shane Herrera,broberts@example.net,2026-08-07,True,medium,2,8.2535068666412
8200,Travis Montgomery,sarah52@example.com,2024-10-08,True,low,1,5.024301806061151
8201,Ashley Singh,marie64@example.org,2026-06-13,False,low,2,2.9046240208728564
8202,Dr. Justin Garcia,jasonturner@example.net,2025-10-12,False,low,0,3.3504436812165252
8203,Jennifer Gordon,charlenerichardson@example.net,2025-05-27,False,low,1,4.847357978730411
8204,Kristy Khan DVM,zmurphy@example.org,2026-06-06,False,medium,0,9.822129328651314
8205,Robert Burns,reeddonald@example.net,2025-04-17,False,medium,2,6.893803709151477
8206,Cheryl Harrington,christyjohnson@example.net,2024-11-21,True,low,4,6.312013926854202
8207,Andrew Davenport,rthompson@example.org,2025-11-05,False,high,10,9.614059173944689
8208,Richard Goodman,ydavis@example.org,2025-05-13,True,high,3,7.334964826713671
8209,Steven Smith,oscott@example.net,2026-02-01,False,high,11,7.354082027132193
8210,Chris Smith,gmcfarland@example.com,2024-10-14,False,high,5,9.982249609159497
8211,Kathleen Anthony,seth15@example.com,2026-04-15,True,medium,1,5.641124532281248
8212,Charles Vaughn,tyler46@example.net,2025-12-12,False,low,3,3.004735290981695
8213,Sandy Bryant,christine09@example.com,2024-12-14,False,low,1,0.7992606110731026
8214,Tammy Johnson,candace05@example.com,2024-09-30,False,medium,0,8.301995682882236
8215,Carl Larsen,iduran@example.net,2026-02-07,True,low,1,2.8045245670074515
8216,Amy Davis,anthonymcdonald@example.org,2025-03-11,False,high,7,12.656355262998405
8217,Travis Hill,abuckley@example.net,2025-12-18,True,low,0,1.922229637210402
8218,Matthew Mccall,bdennis@example.com,2024-11-22,True,medium,3,2.4122428530072666
8219,Victoria Dean,smithdiana@example.net,2025-12-10,True,low,2,2.752926509853717
8220,Christopher Campbell,michael57@example.org,2026-08-05,False,low,1,6.381920312927258
8221,William Mcguire,gonzalesnicole@example.net,2024-10-24,False,medium,3,9.150826964308884
8222,Mark Cooper,coconnell@example.com,2026-06-25,False,low,3,4.903785142771551
8223,Daniel Fitzpatrick,mary43@example.net,2025-09-09,False,low,1,5.0758658105911145
8224,Anthony Clark PhD,jason92@example.net,2025-07-06,False,low,2,3.553624838497474
8225,Timothy Pearson,johnathancraig@example.org,2026-05-01,False,medium,1,7.680290830121629
8226,Jason Gibbs,dgomez@example.com,2026-08-12,False,medium,3,8.753932204860549
8227,Michael Collier,reedbruce@example.net,2025-07-10,False,low,0,6.854118807900654
8228,Brett Dixon,jbond@example.org,2025-08-17,False,medium,5,7.91444753049495
8229,Phillip Hatfield,sabrinawright@example.org,2025-11-16,False,high,7,8.807398710353137
8230,Stephanie Moore,davisthomas@example.com,2025-06-02,False,low,2,3.5195777980800926
8231,Todd Allen,kleon@example.org,2024-12-03,False,high,5,11.019685170593256
8232,Ralph Sparks,lorireese@example.org,2025-07-21,False,low,2,6.530343981931841
8233,Kathleen Harrison,michael31@example.org,2026-04-24,False,medium,2,9.120345867062941
8234,Laura Patterson,mlee@example.com,2024-11-30,False,low,2,4.860495062233725
8235,Michael Kennedy,nicholas74@example.com,2025-03-19,True,low,1,7.462556153586437
8236,Katherine Lawson,wendy25@example.com,2025-02-17,False,medium,4,9.178495567339562
8237,Andrea Johnson,danielbrown@example.net,2026-09-18,False,low,2,4.690110965934493
8238,Carlos Lee,collinsmary@example.org,2025-03-15,False,medium,0,7.4115323200204255
8239,Dillon Cooper,jking@example.com,2025-06-15,False,medium,0,5.578396390854725
8240,Chad Jones,theresasmith@example.com,2025-04-06,False,medium,2,8.810911340286433
8241,Elaine Holmes,charlenecaldwell@example.com,2025-09-24,True,high,7,5.891472811709816
8242,Carlos Gordon,marcus81@example.org,2026-03-30,False,high,6,12.082441772450938
8243,Susan Hamilton,hodgeheather@example.net,2026-06-14,True,medium,2,8.277178004734282
8244,Alyssa Riley,jessicaweaver@example.com,2024-10-18,False,high,5,9.493418100064975
8245,Billy Richardson,pateljoseph@example.com,2026-08-22,False,medium,4,9.362185305194943
8246,Robert Brown,jon31@example.net,2025-01-14,True,low,1,5.167738651991402
8247,Ronald Evans,jeffreyramos@example.com,2025-12-25,False,high,4,10.237688509007654
8248,Madeline Howard,suarezjeffrey@example.net,2026-07-06,True,low,0,1.9869451380301366
8249,Jeff Ramirez,isaac32@example.com,2025-02-10,False,medium,6,6.437367058544885
8250,Matthew Rowe,danielleblake@example.org,2025-06-23,False,medium,3,5.924104928092556
8251,Daisy Cooper,michael46@example.org,2025-06-29,False,low,2,4.585611128264375
8252,Darryl Clements,michael85@example.net,2025-11-22,False,low,2,4.018605572780801
8253,Sarah Moreno,robinsonjoseph@example.com,2026-01-31,True,low,0,0.5
8254,Patrick Ray,jason91@example.org,2026-03-22,False,low,3,5.3209320845902175
8255,Andrea Mcdowell,dustinhuff@example.org,2026-07-07,False,low,0,1.5599395289637625
8256,Ruben Simmons,wbarnes@example.org,2026-03-27,True,low,0,7.454406191342901
8257,Christine Shelton,hernandezdana@example.net,2025-10-01,False,low,5,1.3056706042898973
8258,Colleen Davis,znguyen@example.org,2026-01-08,True,medium,2,8.000951798741017
8259,Willie Leach,laurie98@example.net,2026-01-14,False,high,7,8.200401730290457
8260,Angela Smith,alexandra04@example.org,2026-06-17,False,low,0,4.6287167503006605
8261,Sherry Brown,vortiz@example.net,2026-08-16,False,low,0,4.1945728062189716
8262,Ryan Howell,pmoore@example.org,2026-08-02,True,low,1,4.525954968550402
8263,Janice Ayala,joseph46@example.com,2026-02-08,False,high,6,11.5033683454129
8264,Susan Thomas,kevin88@example.com,2024-10-25,False,low,0,4.254744911526883
8265,Brittany Ford,ortizdonna@example.net,2026-01-29,False,low,1,2.6014590656360888
8266,Stephanie Martin,michaelclark@example.org,2024-10-17,False,medium,0,7.564824693851744
8267,Jennifer Thomas,matthewjohnson@example.org,2024-11-07,False,medium,4,7.712867133758427
8268,Alexandria Pierce,alvarezsharon@example.net,2025-09-27,False,medium,1,7.365722603865459
8269,John Shelton,brittany31@example.com,2025-09-28,True,medium,3,3.8144188455461
8270,John Carson,dharris@example.com,2025-03-07,False,high,8,10.795969904450985
8271,John Benson,abryant@example.net,2025-02-02,True,medium,6,8.691698801861632
8272,Mr. Colton Knight,jgiles@example.net,2026-05-17,False,high,10,9.100444291693224
8273,Jeremy Martinez,gabrielle50@example.org,2025-02-01,False,high,3,9.861202365304056
8274,Karen Thomas MD,terri97@example.org,2026-07-25,False,low,0,7.064822346397531
8275,Anthony Hernandez,claudialowe@example.com,2025-05-04,False,medium,4,9.364797527106298
8276,Joshua Wells,oalexander@example.com,2025-05-23,False,high,5,11.025357648583066
8277,Desiree Mason,nicholastodd@example.org,2025-10-19,True,low,3,6.90723330439503
8278,Tammy Warren,willisjames@example.org,2025-08-04,False,low,2,6.93547775279482
8279,Eduardo Rose,alvarezmichael@example.com,2026-08-21,False,low,2,2.860939747651047
8280,Sandy Hall,simskathryn@example.com,2025-05-11,False,medium,3,7.978356851434604
8281,Alyssa Johnson,brentjohnston@example.com,2026-07-24,False,medium,3,7.143883404978941
8282,Karen Ortiz,thomasholmes@example.org,2026-08-16,True,low,0,1.0877677876992773
8283,Danielle Ware,masseymatthew@example.net,2026-04-06,False,medium,0,3.445728833237585
8284,Christine Gonzalez,williamcooper@example.net,2026-06-12,False,medium,2,5.728895319273375
8285,Devon Moyer,gjohnson@example.net,2025-12-14,False,low,1,5.825343324663477
8286,Daisy Taylor,randolphscott@example.com,2024-09-22,False,high,11,9.671653610703013
8287,Amanda Garza,edavila@example.net,2026-04-28,False,low,1,2.40918642841366
8288,Megan Price,charles31@example.net,2024-12-16,False,high,11,11.301397408287277
8289,Carla Russell,kimberlygriffin@example.com,2026-04-25,True,low,2,6.044249988260081
8290,Jasmine Harris,ephillips@example.org,2026-07-06,False,high,5,10.93726880135909
8291,Kimberly Todd,shannonatkinson@example.com,2025-12-15,True,low,0,5.441524489091639
8292,Gabriel Dillon,jeffreygreene@example.com,2026-02-24,True,medium,4,2.5309207747220857
8293,Mr. Brian Moses,boydkathleen@example.com,2025-07-19,True,high,4,10.493192873102569
8294,David Clark,danieljimenez@example.net,2024-10-22,True,low,0,2.5500818826073703
8295,Charles Wilkins,darlene09@example.net,2025-03-22,False,high,9,10.719437327267517
8296,Victoria Beltran,brianevans@example.com,2025-01-03,False,medium,1,5.450322184379495
8297,Madison Gonzalez,daniellehuber@example.com,2026-01-03,True,low,2,3.994673872443625
8298,Sarah Gonzalez,margaretmoore@example.org,2026-04-23,False,medium,3,6.819632575278961
8299,Warren Brown,courtneyjones@example.net,2025-07-14,False,medium,3,6.6704851123026
8300,Nicholas Hill,ogarcia@example.com,2026-01-03,True,medium,1,8.838031040558816
8301,Shawn Alvarado Jr.,jacobharrington@example.org,2026-01-31,False,medium,3,6.359437476550869
8302,Samantha Williams,erikacraig@example.com,2025-03-12,False,high,10,8.404241859721054
8303,Victoria Carter,trevinojessica@example.com,2025-02-18,False,low,0,2.690570067186237
8304,Jordan Smith,brian76@example.org,2025-08-25,True,high,4,10.998401781130081
8305,Tommy Jackson DDS,johnrobinson@example.com,2025-03-24,True,medium,6,7.661968012533016
8306,Norma Harris,adkinserin@example.net,2024-12-07,False,low,0,5.7682948607692826
8307,Robert Daniel,thomascox@example.com,2025-05-23,False,low,2,2.109698695042826
8308,Karen Hernandez,nicole63@example.com,2024-10-28,False,low,1,3.215192827700317
8309,Drew Miller,bennettdavid@example.com,2026-06-20,False,low,0,3.527953202284994
8310,Dr. Jean Campbell,stephanie20@example.org,2026-01-30,False,low,1,4.325244599260149
8311,Austin Martinez,jon16@example.org,2026-09-09,False,low,1,2.6336088018637778
8312,Jason Wright,jsmith@example.org,2026-03-16,True,low,3,6.0887458666945875
8313,Lisa Holmes,lindawhite@example.org,2025-01-19,False,low,2,6.207811511937077
8314,Dana James,bgonzales@example.net,2025-10-25,False,low,1,2.6431805115000016
8315,Christina Evans,michaelschroeder@example.com,2024-10-31,True,low,0,2.3856885417945723
8316,Michael Mason,gregorydavid@example.com,2026-07-23,True,low,0,2.9222074672619645
8317,Whitney Baker,michellegolden@example.net,2025-08-29,False,medium,1,9.22832273394199
8318,Peter Powell,parkersherri@example.org,2024-12-02,True,low,1,3.0331869729377137
8319,Dr. Ana Anderson MD,colemandavid@example.net,2026-04-16,False,high,7,6.373949222005722
8320,Paula Price,shelby97@example.com,2025-09-26,False,low,1,8.215071152325873
8321,Kenneth Lee,ulindsey@example.net,2026-09-02,False,medium,4,5.177101069288051
8322,Elizabeth Young,scott90@example.net,2025-05-25,False,high,9,12.085529771369346
8323,Stephen Miller,vrodriguez@example.com,2025-04-19,True,low,1,3.3833728734509423
8324,Jamie Young,jennifermaxwell@example.net,2025-06-27,False,low,1,7.153337133543328
8325,Joseph Walters,samantha99@example.com,2024-09-19,False,low,1,1.9623119967547935
8326,Michele Brewer,paulking@example.org,2025-11-29,False,high,4,11.031484087456795
8327,Alec Campbell,johnathanrodriguez@example.com,2025-01-02,False,low,2,3.3170338058549707
8328,Daniel Rodriguez,hopkinslori@example.com,2025-03-11,False,medium,7,6.91505727020781
8329,Mario Mitchell,qgarcia@example.org,2025-05-25,False,low,1,4.061406067289658
8330,Virginia Richards,osaunders@example.net,2024-11-01,False,high,3,13.049930191608142
8331,James Griffin,marygarcia@example.net,2026-04-06,False,low,1,4.156874783821222
8332,Maria Ferguson,bryantlaura@example.com,2025-03-04,False,medium,4,5.35347236961369
8333,Susan Buchanan,courtney34@example.com,2025-12-14,False,medium,1,5.465484349273755
8334,Taylor Black,vzimmerman@example.net,2025-10-25,False,low,0,3.0139035187124135
8335,Amy Riggs,sandra27@example.org,2025-12-15,False,low,1,5.926911743440948
8336,Savannah Brooks,zwiley@example.org,2024-10-13,False,low,0,5.179755232102059
8337,Amber Morris,robertdunn@example.net,2026-02-26,True,medium,5,5.321755184388024
8338,Kristen Reynolds,lawrenceklein@example.org,2026-05-26,False,low,0,4.726961072341125
8339,Brian Harrison,fhayes@example.org,2026-06-19,False,low,0,6.523166588310037
8340,Tammy Whitney,snowmitchell@example.net,2024-09-19,True,low,1,1.2351552622437953
8341,Brittany Snyder,ballardjames@example.com,2025-07-07,False,high,5,8.927125268847867
8342,Vincent Brewer,tylergreen@example.com,2025-08-16,True,medium,1,8.905401228585466
8343,Keith Friedman,xruiz@example.org,2025-08-15,False,high,3,10.85017284310004
8344,David Moore,dean55@example.com,2026-02-05,False,low,4,1.8959454615464213
8345,Gerald Wallace,rodriguezmary@example.org,2024-10-14,False,medium,3,5.648207919457071
8346,Ryan Parks,sharon04@example.org,2025-09-05,False,high,8,11.2893883553439
8347,Christina Blackwell,alyssamoore@example.net,2025-08-12,True,medium,1,7.988767867642484
8348,Matthew Ward,jeremyharvey@example.org,2025-04-15,False,medium,1,7.216642738708178
8349,Elijah Spencer,johnhernandez@example.net,2024-09-27,True,medium,2,8.206231628722337
8350,Amy Sanders,ewarren@example.net,2026-04-29,True,low,3,4.995072490244752
8351,Jeffrey Patrick,amysilva@example.net,2026-05-27,True,low,0,2.5763322431307274
8352,Patricia Lee,shelly71@example.org,2026-05-21,False,high,9,8.981038970226031
8353,Robert Chang,karen58@example.net,2025-08-23,False,low,1,3.737034428156613
8354,Sean Moss,bradleylisa@example.net,2026-01-07,False,low,1,1.0701208419459611
8355,David Lee,bradleymark@example.net,2025-07-17,False,high,9,11.77495623585087
8356,Ryan Torres,leonardtammy@example.net,2026-03-04,False,low,3,2.8938179212269435
8357,Nicole Barnett,johngonzalez@example.com,2026-01-27,False,high,6,9.565661906292963
8358,Mr. David Mcgee,nguyenrebecca@example.org,2025-12-09,False,medium,2,10.540026021756185
8359,Laurie Schmidt,ashley81@example.com,2026-08-16,False,low,0,3.4675706719707264
8360,Erica Gilbert,bellrobert@example.com,2025-07-09,False,low,2,0.5
8361,Wyatt White,brianperry@example.com,2025-04-20,False,high,6,11.184690204682914
8362,Robert Mendoza,mary80@example.com,2026-07-27,False,medium,4,9.594218143016867
8363,Valerie Rodriguez,christineberger@example.com,2025-08-07,True,low,2,4.604927400522184
8364,Mark Gibson,williamspears@example.com,2026-04-14,False,low,2,3.0669065767938517
8365,Ryan Gonzalez,ajordan@example.com,2025-11-24,True,medium,3,9.219214113769562
8366,Annette Snyder,vsmith@example.com,2025-11-15,True,medium,2,8.710700049215163
8367,Jo Garcia,dennistony@example.org,2026-09-02,True,medium,7,6.674816620814906
8368,Carol Grimes,michael84@example.org,2026-09-18,False,low,0,3.1424409815676153
8369,Charles Anderson,robinsonheidi@example.net,2025-07-26,False,high,11,10.238693655528879
8370,Nichole Peters,egrimes@example.org,2025-12-12,False,high,7,14.47859281817875
8371,Michael Perkins,qmoore@example.org,2026-07-25,False,high,11,9.999246782896437
8372,Natalie Sosa,michael36@example.net,2026-08-24,False,medium,5,8.958657289057877
8373,Angela Williams,james40@example.com,2025-02-27,True,low,1,3.210231734672415
8374,Dustin White PhD,bobfernandez@example.org,2025-08-28,False,low,0,5.812645106731971
8375,Stephanie Bradford,michael51@example.org,2025-11-23,False,low,1,3.9285878172699733
8376,John Contreras,tgibson@example.net,2026-05-24,False,medium,3,6.002015463971632
8377,Monique Mendez,loganberry@example.net,2024-11-14,False,low,1,6.435720304991744
8378,Sarah Valdez,timothystewart@example.org,2025-08-14,False,low,1,4.420797604191446
8379,Dr. Christopher Taylor,wgonzalez@example.net,2026-08-14,True,high,5,14.252174169543945
8380,Zachary Rodriguez,leetracey@example.org,2025-05-23,False,medium,1,7.852784395595945
8381,Johnathan Davis,eric50@example.org,2025-05-05,True,high,9,10.496920862553626
8382,Kimberly Richardson,charleswilson@example.net,2026-06-19,True,low,1,2.472659431104501
8383,Marisa Mccoy,zmontgomery@example.org,2025-05-02,False,low,1,5.6724756379478105
8384,Alexander Murphy,tmunoz@example.org,2024-11-17,False,high,9,9.794794074073632
8385,Christopher Page,rodriguezerika@example.com,2025-08-01,False,low,1,4.023947046792391
8386,Andrew Wood,alecpena@example.org,2024-10-06,True,medium,2,4.843964351611161
8387,Jennifer Reed,jacobwilliams@example.org,2026-05-20,True,high,5,9.176528642377637
8388,Caitlin Blackwell,alester@example.com,2025-01-10,False,low,1,3.1820872855603826
8389,Wendy Mason,brandon13@example.com,2025-09-05,False,low,1,5.559258443267525
8390,Alejandro Gilbert,jennifermathis@example.net,2025-05-07,False,low,0,2.1216948627953442
8391,Krista Colon,emorris@example.net,2025-03-02,False,medium,4,9.002967944213362
8392,Edward Stanley,jeffrey02@example.net,2024-12-11,False,medium,4,5.76614507516085
8393,Brandy Elliott,hdelgado@example.org,2025-12-22,False,medium,1,7.801646985409381
8394,Mathew Hendricks PhD,htaylor@example.net,2025-11-26,True,high,5,11.865728497644788
8395,Kenneth Jensen,angela29@example.com,2025-10-02,False,low,0,5.125115104939186
8396,Charles Shaw Jr.,gbell@example.com,2025-09-02,True,medium,2,6.859198295877039
8397,Ryan Johnson,ferrellnicole@example.net,2026-05-28,False,high,8,10.264847996131492
8398,Heather Lee,acollins@example.net,2026-09-11,True,low,3,5.514779354538537
8399,Kristin Wilson,smithashlee@example.net,2026-01-06,False,medium,4,7.249405793907493
8400,Kyle Daniel,scott59@example.com,2025-04-22,False,medium,3,7.895986786359886
8401,Stephanie Hansen,nicole37@example.org,2024-11-06,False,low,2,5.056766978079414
8402,Christine Parker,petersandre@example.net,2025-04-24,False,medium,2,6.470155503477857
8403,Randy Smith,robert08@example.com,2025-03-06,True,low,1,5.157490437992731
8404,Connie Jackson,kathy34@example.org,2026-09-05,False,low,0,0.5
8405,Katelyn Horn,courtneyanderson@example.org,2025-09-23,False,medium,3,5.046336916665035
8406,Douglas Parker,janeclarke@example.net,2025-11-30,False,medium,3,6.277137460934267
8407,Rhonda Gomez,kristinamoreno@example.com,2024-10-10,False,medium,2,5.54720768466648
8408,Melissa King,laurabriggs@example.com,2025-12-29,False,medium,2,4.840317352317802
8409,David Anderson,scarroll@example.org,2025-01-31,False,low,0,3.7388943941923523
8410,Breanna Lopez,jimmygarner@example.net,2024-09-24,False,low,2,3.7046349537570005
8411,Mark Santos,aliciabeltran@example.net,2026-03-02,True,low,0,2.15239073471686
8412,Megan Cowan,ojohnson@example.com,2024-12-28,False,medium,4,7.213805873371053
8413,Philip Johnson,daniel06@example.net,2026-07-15,True,low,2,6.143297006865176
8414,Kara Day,jacob23@example.net,2025-07-02,False,low,1,4.705995558996487
8415,Kari Harris,jsimon@example.org,2025-08-07,False,low,0,2.9431632819241704
8416,William Bond,kmartin@example.net,2026-02-26,False,medium,2,9.02654866905539
8417,Robin Adams,randydavis@example.net,2025-04-21,False,low,5,5.046317022590945
8418,Nancy Spencer,changdeborah@example.com,2025-12-02,True,medium,1,5.495038028611177
8419,William Mills,blankenshipkevin@example.com,2026-02-13,True,low,1,6.650567496496862
8420,Patricia Little,bdalton@example.com,2026-07-29,False,medium,1,8.224211564285156
8421,Carrie Gonzalez,jmejia@example.com,2025-04-15,False,medium,3,6.472774575827306
8422,James Munoz,druiz@example.org,2026-08-10,False,medium,7,7.545865954177566
8423,Megan Jones,stephaniekeller@example.com,2026-01-10,False,low,2,1.9408749761877262
8424,Renee Reynolds,shannon68@example.net,2025-11-28,True,medium,3,4.473775335723068
8425,Matthew Jones,jonesrobin@example.net,2025-05-30,False,low,1,3.475659966044925
8426,Adam Todd,justin70@example.org,2026-07-04,True,high,7,13.373629188305706
8427,Steven Davis,timothy90@example.com,2025-12-09,False,high,5,15.17277791856981
8428,Joseph Harris,jwright@example.org,2024-10-06,True,medium,3,8.708094671966958
8429,Jeremy Hernandez,warnersteven@example.com,2026-07-18,False,low,0,5.930905624869994
8430,Lindsey Martinez,lauren52@example.net,2026-01-06,False,low,1,4.41413621837251
8431,Jessica Wood,sarah39@example.com,2026-08-07,False,low,0,2.1790807384298754
8432,Diane Anderson,jessicarichards@example.net,2026-05-19,False,high,5,10.946846721074232
8433,Rebecca Thomas,robertmcdowell@example.com,2025-03-23,True,low,2,5.198503524130461
8434,Abigail Rodriguez,bradfordwendy@example.com,2026-01-10,True,low,2,3.767596663567783
8435,Kendra Price,larsondana@example.com,2026-04-14,False,medium,2,9.879960827486505
8436,James Porter,ipowell@example.org,2026-04-18,False,low,1,6.3388796159343315
8437,George Barker,bcollier@example.com,2024-12-03,False,medium,3,8.99114165222391
8438,Jennifer Bell,jacksonkevin@example.org,2024-12-24,True,high,7,14.25207028803731
8439,Stephen Becker,brandonsmith@example.com,2025-07-03,True,high,5,10.161155860050751
8440,Laura Rosario PhD,alexa34@example.org,2026-03-31,False,medium,3,4.727055388465898
8441,Julie Vincent,ofrancis@example.com,2026-02-16,False,medium,2,10.51089323692364
8442,Jennifer Wright,awilson@example.com,2026-08-19,False,low,1,0.5
8443,Mrs. Patricia Olson,brian95@example.org,2025-07-04,True,medium,3,3.3319297092473934
8444,Maria Jackson,currycassandra@example.net,2026-07-31,False,medium,7,7.835297628466362
8445,Matthew Patterson,christinataylor@example.net,2025-10-28,False,medium,2,7.717214011506346
8446,Jennifer Green,ingramjoseph@example.com,2025-08-27,False,high,6,9.201069579233945
8447,Stephanie Hawkins,kristin02@example.net,2026-08-12,True,low,1,6.156714383899769
8448,Tonya Ashley,rharris@example.org,2025-03-30,True,low,0,3.5574527203694406
8449,Evan Novak,hannahobrien@example.net,2026-08-30,False,low,1,4.700283216461649
8450,Elijah Jones,kirbycarl@example.net,2024-10-05,False,high,8,12.881467920717462
8451,John Golden MD,ericagibson@example.net,2026-08-14,False,low,1,7.098791796170957
8452,Julie Martinez,matthew49@example.net,2026-03-28,False,low,2,2.8584750807796313
8453,Katie Turner,stonecharles@example.org,2025-06-05,True,high,11,12.229230350822641
8454,Christopher Smith,ahenderson@example.com,2025-10-05,False,medium,5,3.2800804380916553
8455,Ashley Schmidt,mroberts@example.org,2025-09-30,False,low,0,3.040937207920881
8456,Damon Williams,tcarson@example.com,2025-07-07,True,high,6,10.597966019977703
8457,Mrs. Julie Ellis,john96@example.com,2024-11-14,False,medium,3,7.761425920244174
8458,Ann Castillo,timothy98@example.net,2024-09-28,False,high,9,7.98700608542073
8459,Charles Mendez,markbarrera@example.org,2025-01-08,True,high,12,11.879516059035906
8460,Kerry Benitez,matthew67@example.net,2024-10-29,False,low,1,3.783427523341489
8461,Hector Kelley,wilkinscory@example.org,2026-04-16,False,low,2,6.064328395635378
8462,Victoria Ellis,joshuapennington@example.org,2025-07-01,False,medium,1,10.165806016052393
8463,Angela Davis,brianwatson@example.com,2026-03-22,False,low,0,5.569377184064502
8464,Brenda Buchanan,williamsjessica@example.com,2026-07-02,True,low,0,2.6319740188777345
8465,Jennifer Hartman,christopher62@example.net,2025-05-03,False,low,1,2.4950412432524955
8466,Kyle Baker,paul05@example.com,2025-11-15,False,low,2,3.767130856041124
8467,Matthew Brown,ashleycastillo@example.net,2025-10-17,False,low,1,1.608207285901746
8468,Christina Obrien,markmartinez@example.com,2024-12-09,False,low,1,4.358759670743569
8469,John Hubbard,iyoung@example.net,2025-11-17,False,low,0,4.942359096485337
8470,Joseph Montgomery,robert79@example.com,2026-06-28,True,low,1,4.162955092257907
8471,Dale Watts,patrick80@example.net,2026-08-08,True,low,0,4.8859854122323805
8472,Michael Hopkins,jkim@example.org,2026-08-04,False,low,1,5.338995114110003
8473,Colleen Watts,alicia86@example.net,2025-04-02,False,low,1,2.7153635802605827
8474,Shelly Johnson,riveradarren@example.org,2025-09-22,True,medium,3,7.878827034238561
8475,Brenda Mcgee,hleblanc@example.net,2024-09-21,True,low,1,2.0393155676952217
8476,Stephen Diaz,marcroberson@example.com,2025-12-26,False,high,4,11.628509428045936
8477,Kelly Dominguez,michaelbennett@example.org,2026-03-02,False,medium,3,9.147899309008283
8478,Troy Beck,scottmaddox@example.org,2025-08-02,False,low,2,1.2796247492092432
8479,Amanda Thomas,conradchristopher@example.net,2025-08-28,True,medium,5,5.815488499027269
8480,Carol Powell,davisstephanie@example.net,2026-02-17,False,low,0,4.452985917255005
8481,Robert Buck,cobbdeborah@example.net,2025-03-10,False,low,0,2.484807646276796
8482,Charles Lee,psteele@example.com,2026-02-08,False,medium,2,6.913122205164234
8483,Mikayla Mccarty,pottervictoria@example.com,2025-02-21,True,medium,2,10.913985198141123
8484,Randy Johnson,monicajackson@example.org,2025-07-03,False,low,1,5.81481930389634
8485,Katherine Caldwell,montgomerymelissa@example.net,2025-11-07,True,high,6,10.287822095412071
8486,Dana Downs,obrienmatthew@example.com,2025-03-15,True,medium,0,8.368504657984827
8487,Kevin Wright,patricksalinas@example.com,2024-12-28,False,low,1,5.441449756903259
8488,Nicholas Mooney,ylevine@example.org,2025-11-23,True,low,2,0.9401704777170536
8489,Joan Anderson,nhenderson@example.net,2026-07-27,False,medium,6,5.89788864235475
8490,Carrie Rose,smithmadison@example.net,2025-08-29,False,low,1,6.485405742522274
8491,Samantha Gregory,zsmith@example.net,2025-02-07,False,medium,6,9.219054545382564
8492,Jimmy Sanchez,perrymoore@example.net,2025-02-24,False,low,1,3.134757600285126
8493,Kimberly Scott,elizabeth97@example.com,2026-05-10,False,high,6,11.972546384818127
8494,Melanie Rogers,kendramaldonado@example.net,2025-11-12,False,low,3,1.7086753540348711
8495,Alex Moody,ebryant@example.org,2024-12-30,False,medium,2,5.497401921295029
8496,Olivia Cole,rileynicole@example.org,2025-03-12,True,low,0,4.721250060695094
8497,Emily Rocha,parkmark@example.org,2025-02-26,False,low,1,4.0030066328091705
8498,Kristina Franco,heatherli@example.com,2025-06-08,False,low,0,6.101010962533444
8499,Alexis Thompson,wagnerdenise@example.net,2025-12-09,False,low,1,2.5100898301916184
8500,Elizabeth Burke,wrightmelissa@example.org,2026-03-31,False,high,4,9.128909211384567
8501,Timothy Bentley,delgadonatasha@example.com,2025-07-13,False,medium,7,3.398917889064387
8502,Jane Lloyd,ereed@example.org,2024-12-09,True,low,3,3.766218171556972
8503,Sarah Kennedy,nwashington@example.com,2026-05-31,True,low,3,4.3323801420623855
8504,Ms. Tamara Gonzales,timothywalter@example.net,2025-02-10,True,low,1,7.1638123533113305
8505,Joshua Norris,downsjared@example.net,2025-04-24,False,medium,3,6.8922251449113405
8506,Ashley Barrera MD,danielmorse@example.net,2025-09-22,False,medium,3,7.53560447271603
8507,Sarah Gonzalez,xray@example.net,2026-03-14,False,medium,3,11.453573935048915
8508,Miguel Anderson,riverarichard@example.org,2026-08-22,False,high,3,13.651519926668751
8509,Ian Serrano,ycole@example.com,2026-06-24,True,medium,7,10.33423194973307
8510,Teresa Sherman,brooksdebra@example.org,2026-04-25,False,low,1,6.984313455480448
8511,Adam Smith,courtney05@example.org,2024-09-19,False,medium,1,8.013909482758406
8512,Steven Higgins,aaron98@example.net,2025-08-27,False,low,1,2.356442872875456
8513,Shane Thomas,butlerstanley@example.org,2026-05-30,False,low,1,5.47909184909479
8514,David Farmer,mary15@example.com,2026-03-06,False,low,1,2.404156059785334
8515,Jon Lopez,jkaiser@example.net,2025-05-13,False,low,1,0.5
8516,Lori Perkins,christina74@example.com,2026-09-12,False,low,1,1.9854841659228262
8517,Joseph Henderson,nicholas16@example.org,2026-04-20,True,medium,1,3.2702890566187897
8518,Justin Spencer,emily97@example.net,2026-05-16,False,medium,1,6.4648456636648435
8519,Ashley Marks,wmartinez@example.org,2026-02-05,True,low,0,2.7366496418463653
8520,Joseph Taylor,sheltonallison@example.org,2024-11-28,True,medium,3,6.943904798552487
8521,Matthew Espinoza,michaelwilliams@example.net,2024-12-19,True,low,1,2.9027530041701324
8522,Nicole Charles,robertsellen@example.net,2026-02-08,True,low,1,5.216971354546254
8523,John Thompson,joel67@example.net,2024-09-18,False,low,0,3.9529852360750595
8524,Jill Guerrero,debra61@example.com,2024-11-06,False,medium,1,9.511867263567131
8525,Christian Martinez,hamiltonivan@example.com,2026-08-04,True,low,0,0.5
8526,Karen Avila,ethanyoung@example.org,2026-07-22,True,low,0,1.5609503667316535
8527,Rhonda Mitchell,ricardo17@example.net,2026-03-05,False,low,1,3.215721580726527
8528,Elizabeth Acosta,rvelasquez@example.org,2025-08-06,True,medium,4,9.752052025479554
8529,Luis Scott,debra15@example.org,2025-06-27,False,low,1,4.709152117857357
8530,George Jones,charlesclayton@example.org,2024-11-26,False,medium,5,10.185601038280772
8531,Ashley Bennett,tmorton@example.net,2024-12-02,False,medium,3,6.826228353602425
8532,Russell Smith,glassdavid@example.org,2025-08-24,True,low,1,2.862097757576285
8533,Michael Bell,swiley@example.net,2026-06-27,False,high,9,11.062915413849542
8534,Ryan Roberts,rogerskathy@example.net,2026-08-28,True,medium,3,9.094422326985647
8535,Edward Garcia,waynejackson@example.com,2026-04-12,False,low,1,3.6376081527515383
8536,Dennis Moore,rodriguezroberto@example.com,2026-05-01,False,low,0,8.085315525583542
8537,Shane Alvarez,alicia32@example.com,2026-04-23,True,medium,3,5.48321365242133
8538,Eric Arnold,mullinsterri@example.org,2026-07-18,False,medium,4,8.722451446932626
8539,Kenneth Gonzalez,michael82@example.org,2025-10-23,False,low,2,1.7876877415268537
8540,John Sanders,patrick75@example.com,2025-11-02,True,medium,4,8.045663725133334
8541,Mary Taylor,kylelindsey@example.com,2025-10-02,False,medium,2,5.852714880086884
8542,Gary Bates,okelly@example.org,2025-02-03,False,low,2,3.744553934015917
8543,Donald Lopez,jrios@example.org,2025-02-23,False,low,1,5.461038319585947
8544,Adam Hernandez,lori94@example.com,2025-08-23,False,low,1,2.1223021940510343
8545,Rachel Taylor,marcus76@example.net,2025-11-21,True,medium,5,6.174008849595429
8546,Susan Edwards,weberallison@example.org,2026-01-24,True,low,2,4.364284181252768
8547,Jennifer Beasley,christinavelasquez@example.com,2026-09-16,False,high,9,11.982210326275435
8548,Mrs. Denise Wilson,esimpson@example.net,2025-03-26,False,low,0,6.717809068924128
8549,Erin Cox,cmiller@example.net,2026-07-02,True,high,10,11.046815165881398
8550,Robert Miller,dakota26@example.com,2026-05-12,False,low,0,4.083153521240284
8551,Steven Stuart,tiffanywalker@example.org,2024-12-25,False,low,2,2.216981844672162
8552,Kevin Tucker,nguyenspencer@example.org,2025-09-25,True,high,8,10.059465409185622
8553,Robert Khan,davidgraham@example.com,2025-12-13,False,low,2,5.297224458126132
8554,Robert Armstrong,daniellebishop@example.com,2025-12-31,False,medium,4,7.19554948599293
8555,Michael Wheeler,holmesalex@example.com,2026-04-15,False,low,1,6.002974618564057
8556,Amber Zimmerman,whouse@example.net,2025-10-09,False,low,1,2.9953470609279353
8557,Rebekah Smith,lisabutler@example.org,2024-10-06,False,low,0,6.262474440010019
8558,Jason Sanchez,dvincent@example.net,2025-08-14,False,low,0,4.720150531755143
8559,Joshua Martin,howeerik@example.net,2025-10-24,True,medium,2,8.354523801637283
8560,Samantha Ortiz,smithashley@example.net,2025-08-17,False,medium,9,10.550913836200086
8561,Tyler Evans,vvasquez@example.com,2025-10-17,False,low,0,4.832810449044121
8562,Kendra Webster,woodwardpatricia@example.com,2026-06-11,True,low,3,4.148845280469854
8563,Adam Robinson,taylorsteven@example.org,2024-12-09,False,low,2,1.8503214854269805
8564,John Shelton,ericaherrera@example.net,2026-04-01,False,high,6,8.65353338409709
8565,Joshua Hansen,josephmurray@example.net,2026-04-12,False,low,1,2.8233330499477045
8566,Michael Murphy,ramseyamy@example.net,2026-07-29,False,medium,4,8.110154127973296
8567,Cindy Patterson,scott59@example.net,2025-03-29,True,medium,4,4.485965518135716
8568,Shannon Owens,jacquelinejohnson@example.net,2025-12-23,False,low,1,6.0462487085157495
8569,Catherine Reid,nicholas88@example.net,2025-11-11,False,low,1,7.642670570907196
8570,Ryan Warren,cmiller@example.net,2025-02-01,True,low,1,2.1517858305941653
8571,Sandra Wilson,brian34@example.net,2026-02-10,False,medium,3,8.60815509442563
8572,William Chen,jasonramos@example.net,2025-03-06,True,medium,3,5.589386826087152
8573,Sarah Peterson,chambersrobert@example.net,2026-06-11,False,high,9,13.11758745480884
8574,Jonathan Lang,karenvaughn@example.org,2026-06-13,False,medium,2,7.641287588181021
8575,Lisa Lamb,zfrank@example.net,2025-04-11,False,low,1,2.1288569397110875
8576,Joseph Garrison,pamelakelly@example.com,2025-03-16,False,high,1,7.691803265487319
8577,Stephanie Hubbard,henrysmith@example.com,2026-07-31,False,low,2,6.949897819458053
8578,Lauren Kennedy,ctucker@example.net,2026-05-06,False,high,5,8.393408396388777
8579,Lauren Wagner,hayessamuel@example.net,2024-12-29,False,low,0,0.8292834626567891
8580,Brandon Brown,molly36@example.net,2025-03-15,False,low,0,7.350994992021592
8581,Anita Walls,nicholas21@example.com,2026-03-06,True,low,0,4.503660475692711
8582,Shannon Gross,amandadelgado@example.com,2026-01-25,True,low,1,2.9384877343892457
8583,Matthew Green,huffdiana@example.com,2026-05-06,False,high,5,5.836521644731283
8584,Maria Mccall,erin18@example.com,2026-02-11,True,high,8,7.824355716693905
8585,Amy Thompson,debradavis@example.net,2026-04-11,False,medium,3,4.053312439124884
8586,Michael Harmon,hudsonrobert@example.org,2025-05-02,False,medium,5,8.41248613907102
8587,Amy Rodriguez,julia59@example.com,2026-04-14,False,low,0,2.7478803081589733
8588,Marc Brown,thomas73@example.net,2024-10-22,False,medium,2,9.448596569712493
8589,George Parker,robert24@example.com,2025-04-16,False,low,1,4.437027914481854
8590,Ian Reynolds,gmurphy@example.org,2026-03-22,False,low,0,1.3733648170281447
8591,Adam Guzman,gabrielle17@example.net,2025-08-29,True,low,2,3.8944523731297287
8592,Kylie Anderson,bethperez@example.net,2025-04-12,False,medium,1,6.3462387003214005
8593,Karen Ryan,robert73@example.org,2025-08-14,True,low,0,4.766203012678993
8594,Matthew Foster,pgriffin@example.com,2025-12-22,False,low,2,3.6722922796735142
8595,Ariana Stone,steven66@example.net,2025-11-29,False,medium,0,5.875703221237655
8596,Cheryl Armstrong,wallacechristopher@example.com,2026-07-09,False,medium,1,6.406232828528139
8597,Amy Frey,sreyes@example.org,2026-06-22,False,medium,2,7.97885241971756
8598,Hannah Thompson,kathleen18@example.org,2025-02-02,False,medium,1,5.690215720257589
8599,Rachel Rose,drakemary@example.net,2026-05-25,False,medium,3,3.6740670581810115
8600,Antonio Mitchell,dawn26@example.org,2025-11-24,False,low,1,4.312106945874865
8601,Sheri Johnson,dstewart@example.net,2026-04-07,False,high,9,8.851282862858067
8602,Richard Sampson,lisabryant@example.org,2025-07-16,True,low,2,0.5
8603,Ronald Rosales Jr.,alexandersims@example.com,2025-02-13,False,high,7,6.12324076449781
8604,Rachel Villarreal,david63@example.org,2025-08-03,False,low,1,2.4936812568912767
8605,Laurie Villegas,matthew96@example.com,2025-08-18,False,high,5,9.893582989929946
8606,Joshua Clayton,sandovalwilliam@example.com,2026-01-23,False,low,0,4.959460748749995
8607,Savannah James,williammoore@example.com,2024-10-30,False,low,0,6.072711761480438
8608,Donna Jones,eford@example.org,2026-06-22,False,low,1,4.543414105446149
8609,Preston Jones,bakerrobert@example.com,2026-06-26,False,low,0,6.518117802373408
8610,Lauren Hernandez,rubengonzalez@example.org,2025-01-03,False,high,4,9.135871385158733
8611,Omar Jackson,gburke@example.org,2026-04-14,True,medium,4,7.59917786427694
8612,Christy Evans,juliewilliams@example.net,2025-08-01,False,high,5,11.272220276016249
8613,Kimberly Mclean,ewebb@example.net,2025-07-30,False,medium,3,5.405287976358766
8614,Robert Mooney,allenclaire@example.net,2026-07-23,False,medium,2,7.50422911206913
8615,Mr. Kyle Phillips,christinaramos@example.com,2026-05-09,False,low,1,5.851309761702764
8616,Daniel Pierce,jasonbennett@example.org,2026-07-11,False,high,7,10.02678159099709
8617,William Bass,bellchristopher@example.net,2025-10-17,True,high,9,13.315437834258718
8618,Kristie Fletcher,kwilliams@example.net,2026-05-19,False,high,9,12.866033478879054
8619,Jonathan Brown,mwilliams@example.com,2025-04-01,True,medium,3,6.790948782529844
8620,Matthew Graham,ashleyturner@example.net,2024-11-19,False,medium,5,3.6476412181051665
8621,Kathleen Archer,jenna27@example.com,2025-06-14,False,medium,2,5.856822649627606
8622,Ronald Munoz,stevenhenson@example.org,2024-11-17,False,low,1,1.7467217668162816
8623,Dawn Bennett,cheryl79@example.net,2025-06-24,False,medium,5,7.945879366650156
8624,Bryan Hickman,burkeluis@example.com,2024-10-10,True,low,2,2.5993676599204765
8625,Susan Butler,ricetasha@example.com,2024-10-24,False,low,1,0.5
8626,Yesenia Foster,markroberts@example.net,2026-08-26,False,low,0,1.2263464786697513
8627,Stephen Rivera,leonard42@example.net,2025-12-24,False,medium,5,9.616638785137257
8628,Brandi Nelson,mreed@example.net,2026-05-22,False,low,0,5.8829892922159726
8629,Lorraine Aguilar,donnadavis@example.net,2025-01-04,False,medium,2,4.082828600983161
8630,Carol Hanna,michaelarmstrong@example.net,2025-11-30,True,low,1,4.243574604203775
8631,Valerie Morris,hbutler@example.org,2025-07-08,False,low,1,7.681264284573405
8632,Timothy Ross,millertheresa@example.org,2025-03-10,False,high,10,11.807415943105854
8633,Juan Solis,nunezgina@example.org,2025-07-19,False,low,1,5.755902934757207
8634,Heather Allison,zcastillo@example.org,2025-12-29,False,medium,0,7.681439690362595
8635,Jeffrey Williams,jessica38@example.org,2026-07-20,False,medium,4,4.694073722596867
8636,Jessica Sanchez,troytaylor@example.org,2025-07-23,False,low,1,0.6399252599371477
8637,Ashley Morrison,cbates@example.org,2026-05-16,False,medium,3,5.7428707740042775
8638,Brett Reyes,wattskathleen@example.org,2025-07-30,False,medium,2,10.280169915386692
8639,Joshua Johnson,uwhite@example.org,2025-05-17,False,low,1,5.659883667445631
8640,Amanda Salazar,william17@example.org,2026-07-07,False,low,1,9.316698956096346
8641,Matthew Bell,shelley50@example.net,2026-06-27,False,low,0,5.390557132837099
8642,Joanne Rice,solomonbrian@example.com,2026-07-30,True,low,0,4.685625554586785
8643,Pamela Thomas,michaelbeck@example.org,2026-01-03,False,medium,5,5.684994773395208
8644,Christopher Ayala,deannamiller@example.org,2026-01-25,True,low,0,1.7331426500656586
8645,Adam Rivera,johnsmith@example.com,2025-12-21,False,low,0,5.094906537870621
8646,Charles Henry,agross@example.com,2026-05-12,True,low,0,3.835832357755438
8647,Karen Pena,tyler30@example.net,2025-12-24,False,medium,3,6.6361187784641675
8648,Barbara Johnson,ublankenship@example.net,2024-09-27,False,medium,2,4.0968890014377415
8649,Kristin Barnes,tcastillo@example.com,2025-02-15,False,low,0,5.725410954509895
8650,Donna Curtis,michaelparsons@example.net,2025-04-23,False,low,1,4.554476067602148
8651,Richard Shelton,gonzalezjudith@example.com,2026-06-14,True,low,0,4.389940853996282
8652,Daniel Thornton,andrew05@example.org,2025-02-26,True,medium,2,10.146510975067624
8653,Tanya Davis,fosterlauren@example.net,2026-01-13,False,medium,3,6.241412291428008
8654,Paul Franco,erin73@example.com,2026-05-04,False,low,0,1.2046802509475611
8655,Stephen Allen,josephsantos@example.com,2026-04-14,False,medium,4,7.6265349729846985
8656,Jeremiah Young,richardjensen@example.org,2026-08-08,False,medium,5,6.544067459892416
8657,Mark Marshall,jackturner@example.org,2024-09-29,False,low,0,1.4738219782336683
8658,Erin Bradford,smithjacob@example.org,2025-12-04,True,low,0,7.866781285947614
8659,Deborah Smith,dbell@example.net,2025-11-07,False,low,3,6.657944182492979
8660,James Merritt,catherine81@example.com,2024-11-03,True,low,1,2.078588100176349
8661,Amanda Martin,kristencarter@example.org,2026-02-26,False,medium,2,5.453905349788909
8662,Joshua Doyle,davidtownsend@example.org,2026-03-31,False,medium,4,8.193727655981096
8663,Maria Roberts,christinebennett@example.org,2024-10-09,False,low,0,4.731316653736179
8664,Cristian Smith,monica72@example.org,2025-01-20,True,medium,4,7.153849326164667
8665,Heather Williams,marklong@example.org,2024-11-18,False,low,0,1.0259200266833672
8666,Mrs. Michelle Walker,bakeralison@example.com,2025-04-26,False,low,2,5.680436792033392
8667,David Bell DVM,fanderson@example.com,2025-03-09,False,low,0,3.4983063743566936
8668,Kevin Chung,xduran@example.net,2025-02-01,False,medium,1,9.168499099988349
8669,Matthew Lawson,xtucker@example.com,2025-10-24,False,low,2,5.40450383846141
8670,Travis Davis,moniquehall@example.com,2025-06-09,True,high,6,11.263063887875617
8671,Tony Brown,john40@example.org,2025-03-08,True,medium,5,8.629853090249613
8672,Kaitlyn Hoffman,tammyrichardson@example.net,2026-04-11,True,low,1,8.05755808116098
8673,Julia Robertson,pam28@example.com,2024-09-26,False,low,0,5.353563592734858
8674,Lori Hines,robert38@example.org,2025-01-29,False,low,0,3.1239151996860457
8675,Gabriela Jones,williamsjustin@example.org,2025-07-10,True,high,5,11.558690571662174
8676,Stacy Graves,callahanmicheal@example.net,2026-06-06,False,low,3,3.8955145794702752
8677,Thomas Carey,mollytaylor@example.org,2025-10-01,True,low,1,3.7930594122771764
8678,Louis Luna,fred35@example.net,2025-03-30,False,high,2,10.518222348355113
8679,Robert Jenkins,whiteheadandrea@example.org,2025-05-26,False,low,3,4.837785736845508
8680,Michael Maddox,douglascohen@example.com,2026-04-04,False,medium,3,8.334303558738096
8681,Felicia Jenkins,elizabeth72@example.org,2025-05-23,False,high,9,11.967423941921695
8682,Bradley Castillo,sramirez@example.net,2025-04-22,False,low,3,2.5168799211900126
8683,Melanie Mcdonald,beth44@example.com,2024-11-29,True,medium,2,7.825033868061148
8684,Darrell Brown,sheryl70@example.com,2026-02-28,False,medium,1,6.248322213413209
8685,Aaron Yang DDS,ojohnson@example.net,2025-08-16,False,low,0,4.979682286509039
8686,Allison Cantrell,gsherman@example.org,2025-07-28,True,medium,5,5.354101831292514
8687,Anthony Gallagher,dustinkelly@example.net,2025-07-05,False,low,0,6.177962605498999
8688,Lori Hicks,brownamy@example.org,2025-04-14,False,low,1,7.961964882252315
8689,Mark Collins,jose12@example.com,2026-09-15,False,low,1,5.528819839193642
8690,Charles Jenkins,colemanchristine@example.org,2026-04-15,False,low,0,1.6423982416755218
8691,Nicholas Wells,judyweber@example.org,2026-02-02,False,high,8,14.32138694878737
8692,Jessica Holmes,jasonorozco@example.net,2025-07-12,True,high,7,8.42950214404835
8693,Nathan Jenkins,brenda86@example.org,2025-08-12,False,low,0,3.7984507529617653
8694,Martin Moreno,brittany71@example.org,2026-04-03,False,low,2,0.8025589257388375
8695,Karen Anderson,morenoscott@example.com,2025-02-10,True,medium,3,8.885399948737838
8696,Joshua Bryant,ahernandez@example.com,2026-02-27,False,low,1,7.5695865650445615
8697,James Stone,robertrogers@example.net,2026-03-07,True,medium,1,5.283281638357981
8698,Eric Webb,sanderson@example.net,2026-05-13,False,medium,5,8.392318405534004
8699,Kimberly Herring,olsoncrystal@example.net,2026-09-10,False,high,7,10.065863076396184
8700,Luis White,christopher32@example.com,2025-05-27,False,high,7,9.88201235547593
8701,Ashley Anderson,mitchellfelicia@example.com,2025-01-19,True,medium,3,10.13962395762585
8702,Kelly Cooper,susan51@example.com,2025-02-25,False,medium,2,6.281848517559449
8703,Timothy Reed,rosejessica@example.net,2025-12-03,False,medium,1,5.360689233568161
8704,Beth Johnson,brownjohn@example.org,2025-06-08,False,low,2,1.7994974000460298
8705,Zachary Norman,jenniferdaniels@example.com,2025-11-15,True,medium,1,8.168834175639107
8706,David Decker,scottbarnes@example.com,2025-09-05,False,high,4,11.549776034268938
8707,Angela Burke,jfoster@example.org,2025-07-04,True,low,0,5.807316445941652
8708,Katherine Huff,youngmonica@example.com,2025-01-22,False,high,4,14.007307207338947
8709,Benjamin Stevens,tmatthews@example.org,2026-03-29,False,medium,6,6.0846652103435
8710,Tina Garcia,johnsonfrancisco@example.com,2026-06-08,False,low,0,1.2704227317765526
8711,Marc Davis,ejefferson@example.org,2026-05-25,False,low,1,4.63433168896675
8712,Kimberly Meadows,seanjohnson@example.net,2025-04-04,False,medium,2,3.6474462168486834
8713,Heather Wilson PhD,hmartinez@example.com,2026-02-27,False,low,0,5.9614642239835725
8714,Matthew Morales,richardsonjohn@example.net,2025-10-19,False,medium,1,5.161772817594964
8715,William Cruz,deborah45@example.com,2025-11-12,True,medium,8,9.470659221407413
8716,Paul Arias,aprilperez@example.net,2026-01-13,False,low,0,3.4700859711208905
8717,Eric Jackson DDS,ricesusan@example.com,2026-08-24,False,low,1,4.63774962070941
8718,Angela Neal,xhall@example.com,2025-02-04,False,low,0,4.679224127246741
8719,David Wilson,gloriaburns@example.org,2025-08-03,True,medium,2,6.896096758303406
8720,Erica Castillo,pennyduncan@example.net,2025-11-06,True,medium,1,4.820162962116841
8721,Samuel Wells,smithbill@example.org,2025-03-01,False,low,0,3.704168576709065
8722,Lee Sullivan,jennifer29@example.com,2025-07-06,True,low,2,2.660105996388606
8723,Jeffrey Campbell,harperkatherine@example.net,2026-03-23,True,low,0,6.193530015179757
8724,Mr. Mike Miller,reyesjoyce@example.com,2024-10-04,False,medium,2,6.071515618216776
8725,Christopher Perry,vanessa40@example.net,2025-09-21,False,medium,1,8.932597706139568
8726,Ashley Parker,kelly13@example.net,2026-07-30,False,low,3,2.4518393866222477
8727,Emily Banks,kimberlybell@example.org,2025-07-01,False,low,0,5.126679177063759
8728,David Cannon,fduran@example.com,2025-12-13,False,medium,4,8.892405127075659
8729,Amanda Rosales,amandamiller@example.org,2024-09-25,False,medium,3,5.737681209615867
8730,Aaron Hahn,anthony61@example.com,2024-09-21,False,low,1,3.5065436445794296
8731,Jeffrey Mcdonald,ecarlson@example.org,2026-09-14,False,low,0,5.498169413644567
8732,Charles Rodriguez,brianhowell@example.org,2025-04-09,False,medium,2,4.102534488736126
8733,Lindsay Wilson,bpeters@example.net,2026-08-26,False,medium,3,5.464451434078032
8734,Kayla Guzman,nhowell@example.net,2026-05-22,False,low,1,6.140863873332243
8735,James Bonilla,oguzman@example.com,2025-12-25,False,medium,3,8.627270088675
8736,Jeffery Walker,aprilmoore@example.org,2026-01-30,False,high,4,9.46657016242825
8737,Mark Martin,nathanielellis@example.com,2026-01-27,False,high,4,9.70216545440065
8738,Mrs. Amanda Salazar,anthony18@example.net,2026-05-23,False,low,1,7.017747592259063
8739,Angel Jensen,michelle77@example.com,2025-09-08,False,medium,1,6.165402512401287
8740,Stacy Payne,amartinez@example.net,2025-12-19,False,medium,1,7.414699887759853
8741,Kathryn Morrison,aaronwilliams@example.net,2025-07-25,False,medium,3,4.600286452477331
8742,George Romero,tgomez@example.net,2026-08-07,False,low,0,4.011140387708054
8743,Priscilla Sanchez,obond@example.org,2025-07-30,False,low,0,1.5491649755216281
8744,Michael Burgess,alan38@example.org,2026-05-04,False,low,1,5.592597522443358
8745,Maria Scott,davismelissa@example.org,2025-06-03,True,medium,3,8.693799442628336
8746,Alexandra Ward,nathanlee@example.net,2025-10-19,True,low,1,4.239450057311637
8747,Kristen Hartman,mark14@example.org,2026-09-17,False,medium,4,5.429859617920268
8748,Joseph Robinson,gprice@example.net,2026-03-16,True,medium,1,8.709854788789608
8749,Richard Woods,sheppardpatrick@example.com,2026-02-08,False,low,0,3.4849751987367865
8750,Maria Diaz,emily69@example.org,2026-03-25,True,low,1,6.852338612733259
8751,David Baldwin,ashley90@example.com,2026-03-13,False,medium,1,6.304530872200234
8752,Michelle Jones,samanthapope@example.net,2026-04-30,False,low,2,0.5
8753,Angela Reese,joe24@example.com,2026-06-30,False,low,2,0.5
8754,Michael Serrano,debra59@example.com,2025-12-22,False,low,1,3.3660557844941548
8755,Christopher Powell,douglas38@example.org,2024-12-02,False,low,1,5.369816566444332
8756,Christian Reyes,derek00@example.net,2025-08-18,False,low,1,0.5
8757,Andrew Harris,melinda70@example.net,2026-03-30,True,low,0,1.4408654050919174
8758,Scott Norton,edgarcampos@example.org,2025-01-29,False,low,2,3.7265674747397606
8759,Frederick Boyd,nicole57@example.org,2025-11-26,False,low,0,3.563930269483162
8760,John Jackson,wsmith@example.com,2024-10-20,False,medium,4,6.579134767590273
8761,Mrs. Paige Brooks,adamserica@example.org,2026-05-26,False,low,1,2.608007010204045
8762,Richard Cardenas,richard17@example.org,2026-08-12,False,high,7,9.283790615207282
8763,David Park,thomasprice@example.org,2024-11-27,False,medium,4,9.870758948115522
8764,Catherine Stark,taylorrobbins@example.org,2024-12-16,False,low,0,3.4079249241462217
8765,Joshua Ferguson,howardautumn@example.net,2026-05-31,True,low,0,1.2557512340107886
8766,Keith Brown,matthewmorris@example.net,2025-08-18,False,low,1,2.5800637133830433
8767,Sean Gonzalez,mercerandrew@example.org,2026-06-12,True,low,2,2.4202236540489896
8768,David Malone,sarahreed@example.org,2026-06-06,True,low,0,4.956289651074475
8769,David Parks,kimberly01@example.com,2025-04-09,False,medium,4,7.114124847843442
8770,Victoria Stevens,elizabeth60@example.net,2026-07-03,False,high,7,10.707636153156464
8771,Jonathan Oliver,ugomez@example.org,2024-10-03,False,low,4,3.066339682675837
8772,Melissa Cisneros,likeith@example.com,2025-03-27,False,high,5,10.889809736148118
8773,Kristy Miranda,glennpacheco@example.org,2026-04-18,False,low,0,0.7080667867924015
8774,Troy Gomez,michelle19@example.org,2025-08-03,False,medium,2,8.814298635331356
8775,Katrina Ramos,andrew47@example.net,2026-02-12,False,high,5,13.737645457725279
8776,Willie White,lisa01@example.com,2026-05-06,False,high,11,10.209689524432816
8777,Billy Jennings,spencesarah@example.org,2026-05-30,False,low,3,5.909216716230637
8778,Connie Ibarra,danielle70@example.com,2026-08-29,False,medium,5,8.591153396573961
8779,Alicia Hamilton,trevor65@example.org,2025-08-29,True,medium,1,6.80540414859729
8780,Rachel Heath,tammysimon@example.org,2026-03-06,True,high,11,10.491023698888592
8781,Jonathan Moore,robertsoncarla@example.com,2026-04-18,True,low,1,3.7591024729249125
8782,Troy Vega,joseph16@example.net,2026-08-07,False,low,0,0.5
8783,John Sanchez,bryanelizabeth@example.net,2025-08-31,False,medium,1,8.784511623012186
8784,Bryan Reeves,theresagarrett@example.net,2025-04-18,True,low,0,4.10400507570801
8785,Teresa Klein,vincentcraig@example.net,2025-06-22,True,high,7,13.726752829456622
8786,Kevin Hardin,ortizbrian@example.net,2025-05-07,True,medium,2,7.197073125397059
8787,Paul Austin,kbrown@example.com,2024-11-01,False,medium,3,5.355505435498444
8788,Linda Lee,kristinasmith@example.org,2026-05-04,False,medium,4,7.435423199026861
8789,Charlene Thomas,jason84@example.com,2026-04-18,False,low,0,5.085221945381114
8790,Christine Berry,madeline75@example.org,2026-05-25,False,low,1,2.337988879286743
8791,Brianna Bennett,clarkeric@example.org,2025-10-06,False,low,1,3.838423897871052
8792,Phillip Bauer,powersnathan@example.com,2024-11-05,False,low,0,3.1889926171255185
8793,Justin Soto,mnicholson@example.com,2025-01-27,False,low,0,5.192034660889033
8794,Wendy Roberts,bgallagher@example.com,2024-10-02,False,high,4,7.487163539076055
8795,James Jones,mark74@example.org,2026-08-18,True,medium,4,5.785019130219965
8796,Keith Garcia,katherine59@example.com,2024-12-10,False,low,3,3.6641340425672735
8797,Alexis Morris,grahamkevin@example.com,2025-10-07,False,medium,3,8.156346458626464
8798,Lisa Turner,zlloyd@example.org,2026-07-28,True,low,1,2.9356875546041064
8799,Sharon Oneill,asalas@example.com,2025-04-02,False,low,3,3.084709398326271
8800,Kristen Pacheco,perryandrea@example.org,2026-06-18,True,medium,1,6.455490773311306
8801,Ashley Wood,zmurray@example.com,2025-01-31,False,low,2,0.6386215074665094
8802,Mrs. Holly Mcbride,connienavarro@example.com,2026-08-28,False,low,0,2.51906326866127
8803,Travis Hayes,kristopher88@example.net,2024-11-28,False,low,1,2.963444399291727
8804,Jacob Allen,xhenry@example.net,2026-07-04,False,low,1,6.033111632393571
8805,Eric Flores,crawfordkenneth@example.org,2024-12-10,True,low,1,7.105191495799511
8806,Corey Mcknight,zpaul@example.com,2024-09-26,False,medium,4,7.423786442850316
8807,Frank Frederick,johngill@example.org,2026-03-26,False,high,7,14.502467380424404
8808,Taylor Baker,freemanjason@example.net,2025-05-15,False,medium,5,5.736677682013189
8809,Cheryl Wiley,norriskevin@example.com,2024-09-26,True,medium,4,11.215508181782301
8810,Mike Rodriguez,carla33@example.org,2026-09-04,False,low,1,3.033922264477051
8811,Cory James,solomonmichael@example.com,2025-01-04,False,low,0,2.851035744034424
8812,Meghan Harris,wardemily@example.net,2025-07-16,False,medium,4,3.9911106597181822
8813,Jennifer Thompson,wesleysimmons@example.net,2024-12-23,False,low,0,4.111274973804159
8814,Alexander Davis,ghuffman@example.org,2025-02-03,True,low,2,2.0658468330834525
8815,Megan Mills,eric34@example.org,2026-03-07,True,high,6,12.907320945292899
8816,Johnny Watson,mary69@example.net,2025-03-01,False,high,7,8.468742374709207
8817,Chelsea Short,parkamy@example.org,2025-01-15,False,medium,2,5.951137714201712
8818,Adriana Montes,mcdonaldheidi@example.org,2025-11-12,True,low,1,4.109342308579774
8819,Chelsea Freeman,bryantmatthew@example.com,2025-10-02,False,medium,3,4.407612736371336
8820,Kristina Montoya,fmartinez@example.net,2025-08-13,False,medium,3,6.375272316441598
8821,Natalie Chaney,lance56@example.com,2025-08-12,False,low,0,1.9005078886416675
8822,Stephen Robles,vstafford@example.net,2025-10-08,True,low,1,5.322845532510791
8823,Joseph Lewis,wagneralexis@example.org,2026-08-21,True,medium,1,6.526780422571765
8824,Holly Shaw,logan35@example.org,2025-06-30,True,medium,4,6.06863086614116
8825,Jeremy Wolfe,melissa91@example.org,2024-12-05,False,medium,6,5.69364680759433
8826,Thomas Watson,ucollins@example.com,2025-06-05,False,medium,4,8.331172918797456
8827,Douglas Clark,baileyyoung@example.org,2025-07-23,False,low,1,2.041794063033982
8828,Peter Scott,ashleyanderson@example.org,2025-02-07,False,low,1,4.610261760456599
8829,Matthew Spears,david39@example.org,2026-01-27,True,high,15,11.9328827596959
8830,Charles Alexander,jgarcia@example.com,2026-04-10,False,medium,5,6.944021648438322
8831,Bradley Kent,lsteele@example.org,2025-03-11,False,low,0,6.008218473167391
8832,Katie Rowland,georgeolson@example.com,2024-10-07,False,high,5,10.553832712775202
8833,Stephen Dean,danielmichelle@example.org,2025-04-01,True,low,0,4.636725381822971
8834,Elizabeth Avery,daniellegonzales@example.net,2025-03-31,False,low,1,4.851257427406424
8835,Monica Hoffman,darrenhardy@example.com,2024-12-25,False,medium,2,7.694453298587297
8836,Earl Velasquez,diana68@example.com,2024-12-17,False,high,6,11.870319309156619
8837,Austin Vaughn,gina69@example.org,2025-08-13,False,medium,3,5.430026494805784
8838,Caitlyn Salazar,walkermelissa@example.com,2024-12-15,True,low,2,3.030191836479924
8839,Bradley Mccullough,burnskevin@example.com,2026-02-19,True,medium,1,8.212648168959888
8840,Matthew Kaiser MD,devans@example.com,2024-12-26,True,medium,3,9.678179406094406
8841,Julie Smith,porterjohn@example.com,2026-04-02,False,low,1,5.515098190420049
8842,Bobby Shelton,hendersonbeth@example.net,2026-08-10,True,low,1,0.5958867226540154
8843,Sandra Hayes,perkinsdiane@example.com,2025-08-01,True,low,1,5.2749092938832955
8844,Tiffany Jones,dcruz@example.com,2025-03-31,False,medium,3,5.528667658727375
8845,Joshua Frazier,kristie44@example.net,2024-12-26,True,medium,5,8.18996635670505
8846,Steven Quinn,wcarter@example.org,2025-09-20,False,medium,2,6.521656608958003
8847,Virginia Carter,jacksonmark@example.org,2025-09-13,False,low,1,1.191124772266868
8848,Travis Wallace,stacycooper@example.org,2025-05-07,False,low,1,4.194106656169728
8849,Michael Gallegos,reneedavis@example.org,2025-06-22,False,medium,2,7.039268035827358
8850,Ashley Gutierrez,andrew63@example.com,2025-05-14,False,medium,2,10.862129502182668
8851,Megan Butler,esellers@example.org,2025-04-17,True,low,0,10.341477176250505
8852,Jamie Duke,ryanhale@example.com,2025-01-25,True,medium,2,10.085516112202072
8853,Daniel Jensen,bsmith@example.com,2024-12-26,False,medium,3,6.313413363847847
8854,Daniel White,markblackburn@example.com,2024-12-12,False,low,1,5.99268441626118
8855,Austin Scott,tammy87@example.com,2025-01-09,False,medium,3,8.392215107340231
8856,Mark Collins,phamcasey@example.net,2025-06-19,False,low,2,0.5
8857,James Mccoy,rachelwhite@example.org,2024-10-05,False,low,0,5.580476305562243
8858,Sean Lowe,ryanlynch@example.org,2025-12-10,False,low,1,3.6522304398698204
8859,Julie Campbell,jacksonjennifer@example.org,2025-12-26,False,low,0,2.1074133330340006
8860,David Lin,erin96@example.org,2026-04-27,True,medium,1,7.705653763605662
8861,Maxwell Black,sbrown@example.net,2026-08-28,False,low,1,4.794310305184864
8862,Wayne Boyd,stewartmarcus@example.org,2025-02-06,False,medium,1,8.412210983009004
8863,Nicole Williams,thomas51@example.net,2024-09-22,False,low,0,6.496694530697894
8864,Ricky Flores,phillip89@example.net,2025-02-17,False,high,7,13.517316436846334
8865,Robert Woods,jfrost@example.net,2025-06-08,False,medium,4,6.017266365051634
8866,Sherry Nelson,andrew47@example.com,2026-08-29,False,medium,2,6.344312495323889
8867,Todd Moore,oliverdominic@example.com,2026-03-16,False,high,5,11.470028098399652
8868,Aaron Johnson,laura40@example.net,2025-09-16,False,low,0,5.97790817938831
8869,Tiffany Young,hicksterri@example.com,2025-08-12,False,low,1,1.1771689383822523
8870,Devin Cox,myersrachel@example.net,2024-10-13,False,medium,1,5.577320504653633
8871,Anna Moss,foxkim@example.net,2025-12-03,False,medium,3,8.95453393585934
8872,Justin Banks,christopherdavid@example.org,2026-01-06,False,medium,3,5.135484830373281
8873,Robert Diaz,kristin33@example.org,2025-11-02,False,low,1,5.177813887435694
8874,Natasha Donaldson,dylan69@example.org,2024-12-01,False,medium,4,8.956544833872593
8875,Stephen Howell,vaughnmark@example.org,2026-07-13,True,low,1,5.528579350348907
8876,Michael Greene,nicholasmorrison@example.net,2025-12-08,False,high,11,13.578174513995972
8877,Melissa Navarro,stafforddanielle@example.org,2025-07-13,False,high,12,13.34379192017031
8878,Keith Marquez,cooperjennifer@example.org,2024-11-11,False,low,2,2.610414175104906
8879,Kevin Foster,lopezluis@example.com,2024-09-26,False,low,3,4.472344618795605
8880,Jennifer Brown,lisajohnson@example.org,2025-05-17,False,low,0,5.344767431662726
8881,Anthony Manning,dthornton@example.net,2026-06-08,False,high,8,12.982403771311049
8882,Robert Black,wnelson@example.net,2026-02-05,True,low,0,2.4926012568739155
8883,Gerald Ray,jonpreston@example.com,2025-11-07,True,low,2,3.0168627430762522
8884,Joshua Smith,stephanieortega@example.com,2025-07-23,False,medium,5,5.135463345675525
8885,Dakota Erickson,xroach@example.net,2026-06-29,False,medium,4,6.610052146514283
8886,Jason Parks,nbaker@example.org,2025-04-25,True,low,0,4.069508326123996
8887,Stephanie Hernandez,keithmccall@example.net,2026-06-15,False,low,1,0.8294598423747415
8888,Joel Lopez,ehunt@example.com,2025-03-03,True,low,1,2.2913452448165135
8889,Janet Lynch,christyjames@example.net,2025-03-05,False,low,1,4.324635618950997
8890,James Donovan,bennettjeff@example.net,2025-04-11,True,high,6,9.669000936143142
8891,Bryan Hernandez,matthewthompson@example.com,2025-09-04,False,low,1,1.6359223395831632
8892,Shannon Logan,kylewalters@example.net,2025-06-20,False,medium,0,4.659381445863628
8893,Jose Garrett,rosemichael@example.org,2024-10-13,True,low,2,5.401229066213542
8894,Leroy Jacobs,chelseygarrett@example.com,2024-10-26,False,low,2,6.464430296920529
8895,Kimberly Garner,matthewmontes@example.com,2024-11-28,True,low,1,4.139519233134754
8896,Mr. Daniel Dixon,bryantcharles@example.org,2025-04-25,True,low,0,2.5368383168293747
8897,Gina Hayes,jmccarthy@example.org,2024-09-26,False,low,1,2.5424156992351707
8898,Chad Green,tuckererika@example.net,2024-11-17,False,low,1,5.214948102626579
8899,Shelly Rocha,jason12@example.com,2025-12-25,True,high,8,12.629958047970458
8900,Adam Smith DDS,joycejohn@example.net,2024-11-30,False,medium,2,9.645525660667007
8901,Bruce Brooks,orobbins@example.com,2026-07-04,False,low,2,4.70335702420294
8902,Jennifer Huffman,josephwatson@example.org,2026-06-29,False,low,1,1.053829127788486
8903,Gregory Lopez,jamie79@example.org,2025-09-24,False,low,1,5.315321588727617
8904,Robert Ortiz,barnesderrick@example.net,2025-07-18,False,low,3,6.249663069138408
8905,Susan Pierce,tschroeder@example.net,2026-08-28,False,high,9,11.485657867936654
8906,Robert Santos,jeffreycervantes@example.org,2026-01-17,False,medium,1,9.27992054176999
8907,Anthony Robinson,kevinlamb@example.com,2025-04-30,True,low,2,6.097555980547629
8908,Thomas Raymond,iwaller@example.com,2024-11-19,True,low,1,0.5
8909,Norman Hall,clarkmichael@example.net,2025-11-16,False,high,5,8.598692723251618
8910,Linda Camacho,hansenwilliam@example.com,2024-11-30,False,low,1,5.174758528663263
8911,Jennifer English,christinashannon@example.com,2025-11-27,False,medium,2,4.567697561280162
8912,Nancy Khan,lisa20@example.org,2024-10-25,True,low,1,4.320582014860112
8913,Carla Brown,wilsonlori@example.com,2025-10-09,False,high,7,10.757095697167705
8914,Stephen Abbott,johnlewis@example.com,2025-02-10,False,medium,10,8.949078992803173
8915,Victoria Andrews,lauradominguez@example.net,2026-04-01,True,medium,5,7.563628614143987
8916,Lisa Freeman,williamsjoshua@example.com,2025-07-05,False,low,0,5.472837484516863
8917,Kristi Cook,sawyerjohn@example.org,2026-08-04,False,low,3,4.244397409186983
8918,Andrea Hill,stevensonanthony@example.net,2026-02-10,False,low,1,2.373828550585619
8919,Mary Anderson,riceangela@example.com,2025-12-10,False,low,0,3.107765151059221
8920,Ryan Gordon,rodriguezdeborah@example.org,2024-11-08,False,low,3,4.791873227637628
8921,Rhonda Jackson,qthomas@example.com,2024-11-03,True,high,14,15.194171102413655
8922,Alex Barnett,udeleon@example.com,2026-09-02,False,medium,2,7.407636667819473
8923,Rodney Smith,sherry56@example.net,2026-05-15,False,medium,5,9.122906674299198
8924,Darryl Walker,jeffrey29@example.org,2026-05-27,False,medium,2,8.835371736573608
8925,David Anderson,kimberlyclark@example.net,2025-12-07,True,high,6,10.100367708128642
8926,Donald Dawson,kendrapatterson@example.net,2025-04-03,False,low,1,2.9641068081063473
8927,Steven Farmer,ashleyfisher@example.org,2025-08-08,False,medium,2,9.94220070802106
8928,Vanessa Vincent,adamalvarez@example.org,2026-01-24,True,low,2,1.243772197090601
8929,Cynthia Mitchell,smithhaley@example.net,2026-08-17,False,low,0,2.7062116387192257
8930,Mary Smith,rachel67@example.com,2025-06-12,True,medium,7,6.793392560551615
8931,Charles Paul,karina29@example.org,2026-09-08,False,low,3,1.9205144404959182
8932,James Fitzgerald,gcarter@example.com,2025-11-20,False,medium,3,11.813751332569254
8933,Benjamin Nicholson,robinsonann@example.com,2026-08-12,False,medium,6,6.068510020448343
8934,Kevin Taylor,kimberlyharris@example.com,2026-08-23,False,low,2,2.7305772658552456
8935,Jeff Johnson,grayashley@example.net,2024-10-26,True,low,4,5.795052615763077
8936,Patricia Nelson,testes@example.com,2025-07-13,True,medium,1,6.244845966969988
8937,Gary Davis,heatherhaas@example.org,2026-09-08,False,medium,0,4.286225891624455
8938,Christina Gibbs,rhondaadams@example.com,2025-05-18,True,high,7,12.158032957269445
8939,Sheri Alvarez,lisagregory@example.org,2026-06-17,False,low,2,6.877141369318021
8940,Michael Faulkner,joseph00@example.org,2024-09-20,True,medium,3,9.511268749628135
8941,Jessica Braun DDS,dwells@example.org,2026-08-05,False,high,3,11.06665927274469
8942,Sandra Mckee,itorres@example.net,2025-01-07,False,medium,5,8.013920792799205
8943,Samantha Aguilar,heatherreynolds@example.com,2025-11-18,True,high,5,11.227167218946864
8944,Robert Young,vincent59@example.com,2026-08-26,False,high,6,6.649240268715549
8945,Isaac Martinez,jennystewart@example.net,2025-07-09,True,low,1,3.67916525911616
8946,Willie Watkins,edwardsluis@example.org,2026-09-15,False,low,1,3.1959384139968465
8947,Paul Parker,lward@example.com,2026-09-08,True,medium,2,6.439641761293429
8948,John Hudson MD,padilladwayne@example.org,2026-05-01,False,high,4,7.4247115902649234
8949,Scott Stone,ramosalexandra@example.net,2026-06-06,True,high,5,10.56303166397843
8950,Karen Ramsey,lauraalvarado@example.org,2025-06-17,False,low,2,2.680683085500401
8951,Michael Buchanan,shaun22@example.org,2025-01-30,True,medium,1,5.261539047626809
8952,Jennifer Johnson,swinters@example.org,2025-07-02,False,medium,3,10.13891512242197
8953,Michelle Meyer,garymcintyre@example.net,2025-11-11,False,low,2,5.156480267241142
8954,Brandy Hernandez,andrea90@example.net,2025-07-20,False,high,5,8.073287224886485
8955,Debra Rivera,gthomas@example.com,2025-09-03,True,medium,6,6.019098796765837
8956,Michael Baldwin,angela77@example.org,2025-04-02,False,low,0,4.05542937111168
8957,Daniel Chapman,deandavid@example.net,2025-08-07,True,low,1,3.5705840334028847
8958,Daniel Moore,alex31@example.com,2025-11-23,True,low,1,0.5
8959,Nancy Yates,jorgemedina@example.org,2026-08-20,True,high,8,10.429490787978867
8960,Sheena Griffin,wwhitaker@example.com,2026-08-31,False,low,1,1.595107391553256
8961,Antonio Davis,vdougherty@example.net,2025-11-01,False,medium,2,11.446150486210621
8962,Eric Diaz,prussell@example.net,2025-07-13,False,high,8,12.694389832260422
8963,Lisa Dunn,samantha30@example.org,2024-12-31,False,low,0,6.595420111044047
8964,Jacob Rivera,james72@example.org,2026-04-03,True,low,1,0.8511431926803223
8965,Dr. Erika Gutierrez,fieldsjeanette@example.com,2026-06-01,True,high,6,11.546090081574976
8966,Christopher Thomas,ashley39@example.com,2025-08-23,True,medium,3,4.120152127114059
8967,Robert Garrison,williamsjasmin@example.org,2026-08-03,False,low,1,4.6351382020877665
8968,Angela Hall,walkerfrancis@example.net,2025-01-12,False,medium,2,6.846967562999302
8969,Eric Gonzalez,qle@example.com,2025-02-16,False,low,0,5.4554942908230775
8970,Ryan Ross,peterbush@example.org,2026-06-04,False,low,1,5.646475370542717
8971,James Sanford,johnsilva@example.com,2026-07-22,True,low,0,6.011153955749462
8972,Tyler Barr,sthomas@example.net,2026-05-08,False,low,0,3.9150764928988635
8973,Jeffrey Doyle,harperbrianna@example.net,2024-10-27,False,low,0,3.79938003392404
8974,Connor Cline,baileycody@example.net,2024-10-10,True,medium,0,6.065904782129321
8975,Mark Brown,gutierrezmargaret@example.com,2025-02-11,False,low,1,4.563225442760011
8976,Laura Guerrero,jessica15@example.net,2026-08-05,True,medium,5,8.714336613890538
8977,Brittney Espinoza,angelavaldez@example.org,2025-04-04,False,high,8,12.829004550761939
8978,Margaret Rivera,florestammy@example.net,2026-03-04,False,low,2,0.5
8979,Alexis Acosta,hbaker@example.com,2024-12-16,False,low,0,2.802796372149415
8980,Jillian Bryant,rebeccalowe@example.com,2025-07-09,False,high,7,12.038393961070195
8981,Jennifer Adams,stacygillespie@example.com,2025-02-12,False,low,0,4.402763775982844
8982,Marie Ray,garciajennifer@example.com,2025-11-08,True,low,0,7.485781949700041
8983,Sandra Johnson,sean42@example.net,2025-04-16,False,low,2,5.584481997799286
8984,Charles Hart,merrittpatricia@example.org,2025-05-22,False,low,2,5.861508745949172
8985,Christopher Foster,washingtonamanda@example.com,2025-01-10,False,medium,1,6.295592537803087
8986,Cody Allen,hawkinsronnie@example.org,2026-09-09,False,low,1,3.569830809792588
8987,Crystal Jenkins,wilsonhenry@example.org,2025-04-22,True,low,3,4.695770231028758
8988,Nicole Clark,clayrobert@example.net,2026-01-22,True,low,1,3.8555200685448394
8989,Curtis Porter MD,aprilevans@example.com,2025-08-24,True,medium,3,6.429006341729753
8990,Roger Hernandez,usolis@example.com,2025-09-13,True,medium,3,8.815228477795847
8991,Chelsea Hale,john12@example.org,2025-06-28,True,high,9,8.42064289135153
8992,Frederick Barrett,lisa18@example.com,2026-05-03,False,low,0,3.1007695325093065
8993,Tyler Reed,oliverlori@example.org,2024-11-04,False,low,0,2.498278996843303
8994,Charles Brooks,glennwhite@example.org,2026-02-16,False,high,9,8.063634536675137
8995,Stacey Franco,cynthia74@example.net,2025-02-10,False,low,1,4.588174642085426
8996,Stephen Russell,melaniethomas@example.net,2026-03-23,False,medium,2,6.836406496827759
8997,Desiree Mcmillan,taylordaniel@example.org,2025-02-19,False,low,1,3.368469710176556
8998,Jay Smith,brendawhite@example.org,2025-11-03,False,low,4,4.921521003838219
8999,Dr. Rebecca Mason,pricesheila@example.net,2025-09-27,False,medium,3,7.7033425384401495
9000,Natalie Taylor,ppowell@example.org,2025-09-30,False,high,13,10.938140911640723
9001,Jordan Sanchez,austinpeter@example.org,2026-04-15,False,medium,0,8.567840526149372
9002,James Copeland,jimenezjesse@example.net,2024-12-06,False,medium,6,9.218517250717902
9003,Gail Howell,pstevens@example.org,2025-06-01,True,low,1,2.3880157624303315
9004,Deanna Williams,wendy33@example.org,2026-01-02,False,high,5,10.184547288183955
9005,Nancy Galloway,melissamurphy@example.org,2025-07-02,False,medium,3,6.224815243347953
9006,Patricia Shields,jefferyholmes@example.org,2025-01-13,False,low,1,5.194991640686546
9007,Kathryn Davis,thomasstephens@example.com,2025-06-21,False,low,1,5.0894915392354845
9008,Kristen Fritz,ycochran@example.net,2026-02-04,False,low,1,1.1603733265988896
9009,Kyle Sanders,jennifer12@example.com,2026-04-01,False,medium,8,7.001581075996078
9010,Brandon Rose,robertfoster@example.org,2026-04-25,False,medium,2,5.79274766773114
9011,Misty Smith,matthew56@example.net,2025-05-22,False,medium,3,6.032693385499062
9012,Mario Hood,sandrahale@example.net,2025-07-20,False,low,2,5.006156301145885
9013,Emily Franklin,walkerdenise@example.org,2025-01-09,True,medium,6,5.358190152142118
9014,Jose Adams,milleralbert@example.org,2026-01-21,True,low,1,3.6666317482118096
9015,Hailey Beck,jessica81@example.com,2025-04-28,False,high,7,13.161816798295861
9016,Michael Cherry,johnsonjessica@example.net,2025-03-02,False,medium,3,5.6763853054846685
9017,Brian Henry,raymondcarter@example.com,2025-06-06,False,medium,4,4.873395692892941
9018,Ryan Moore,ibutler@example.net,2026-02-25,False,low,3,3.579033838775954
9019,Joseph King,danderson@example.com,2024-10-19,False,low,0,5.874181656214661
9020,Janet Johnson,ronnieturner@example.net,2025-08-02,False,low,1,0.5
9021,Johnny Figueroa,brandonriley@example.com,2025-07-08,True,medium,1,6.528038869161826
9022,Glenn Whitaker,tdean@example.net,2025-03-06,False,low,1,3.2872918415697012
9023,Linda York,fwallace@example.org,2025-07-07,False,low,1,3.825142847869565
9024,Christina White,teresahansen@example.org,2026-06-10,False,low,2,0.5
9025,Angela Alvarez,nicoleharmon@example.net,2026-05-12,False,medium,3,8.630098962321554
9026,Raymond Odom,ewalters@example.com,2026-08-24,False,low,0,4.040114874974903
9027,Richard Norman,bthomas@example.com,2024-11-09,True,low,1,0.922411886967959
9028,Joseph Barr,qwade@example.net,2025-05-21,True,low,2,3.8852387428134723
9029,Amber Richards,john34@example.org,2024-12-02,False,low,1,3.7773347692770463
9030,Sheryl Evans,psteele@example.net,2025-05-13,False,medium,4,4.476729540876246
9031,James Norris,sanderskatherine@example.com,2025-08-20,False,low,0,4.779186967507872
9032,Gilbert Erickson,thomassmith@example.net,2025-07-14,False,medium,5,5.606899622843064
9033,John Williams,cromero@example.net,2024-11-03,False,medium,3,8.150188447344856
9034,Crystal Blair,angelazimmerman@example.com,2025-09-10,False,low,1,3.327183559808846
9035,Kelly Hamilton,cindybailey@example.net,2026-06-04,False,low,0,0.5
9036,Amy Edwards,smiller@example.com,2026-04-26,False,high,9,11.721868063887813
9037,Anne Fox,rcampbell@example.net,2025-11-05,True,low,2,5.519812448549825
9038,Michael Randolph,sandovalryan@example.org,2025-10-29,False,low,2,4.622826851467919
9039,Travis Cox,michellecortez@example.org,2024-09-19,True,low,1,4.440267816306756
9040,Ryan Johnson,bburton@example.org,2026-07-10,True,high,6,10.623367363554474
9041,Olivia Diaz,johnsonlisa@example.com,2025-12-27,False,low,0,6.426245129513664
9042,Ian Castillo,joyzhang@example.net,2024-12-15,False,low,1,5.073701722333856
9043,Anthony Yu,kristinefox@example.org,2026-03-23,True,high,10,7.854634434418189
9044,Kimberly Henry,kelli74@example.org,2026-06-22,False,medium,3,8.70874563662393
9045,Jason Johnson,tarahenderson@example.net,2025-08-05,True,low,0,3.412400215135382
9046,Paul Cruz,david06@example.org,2026-06-11,False,low,0,2.21240875330216
9047,Joseph Shaw,francokaren@example.org,2025-05-30,False,high,3,11.728256332665593
9048,Paul Bailey,edward05@example.org,2026-05-03,False,low,1,5.78686804228381
9049,Joseph Hall,stephaniegarcia@example.com,2026-04-08,False,low,0,4.199631275439212
9050,Shawn Brown,jennifer67@example.org,2025-02-03,False,low,2,3.4888784285796306
9051,Matthew Roberts,daniel50@example.com,2024-11-08,False,low,1,8.029741117060754
9052,Christine Stanton,carl63@example.com,2025-04-18,True,medium,5,6.901584579230302
9053,Jacob Ramirez,olivia76@example.org,2024-09-19,True,high,10,12.287450805984445
9054,Samantha Mann,kimberly67@example.org,2025-08-17,False,medium,2,7.4939426565296365
9055,Cathy Mann,hmyers@example.com,2026-05-15,True,low,0,3.0450048288568397
9056,Ricky Turner,castillolauren@example.org,2025-06-08,False,high,5,7.31418774017968
9057,Gregory Lamb,andrew82@example.net,2025-11-19,False,medium,3,5.091065639884401
9058,Lisa Smith MD,nicholasbooth@example.net,2026-01-28,False,medium,3,9.199889130481946
9059,Thomas Garcia,westjesse@example.com,2025-11-02,False,medium,2,6.397650551553614
9060,Elizabeth Atkins,hendersonaaron@example.net,2025-08-31,False,low,3,5.967025720724942
9061,Ana Patel,mthompson@example.com,2024-10-22,False,medium,4,8.077848976319437
9062,Anthony Watson,elizabethjackson@example.com,2026-07-12,False,low,0,5.3071499934908415
9063,Leah Burton,christinawolf@example.com,2025-04-18,False,medium,1,6.3758525920007445
9064,John Watkins,albertgates@example.org,2024-12-03,False,medium,6,5.985525507656477
9065,Jordan Hebert,johndavis@example.net,2026-06-26,True,medium,6,5.187867191933416
9066,Kevin Dunn,osnow@example.net,2026-04-07,False,high,3,12.492754425494415
9067,John Thompson,robert19@example.com,2025-02-05,False,medium,3,4.775249458884561
9068,John Murphy,brendagrant@example.org,2025-03-17,False,medium,2,6.0557259815969635
9069,Wayne Estes,kelly46@example.net,2024-10-18,False,low,1,6.274380313057318
9070,Christina Myers,tracy68@example.net,2025-10-08,True,low,1,2.1517217108498787
9071,Ronald Ellis,nixonjillian@example.net,2025-07-01,True,low,0,2.3699815485918414
9072,James Mcintosh,thomasmitchell@example.net,2025-04-27,True,low,1,2.4275870551684515
9073,Phillip Ruiz,larsenmelissa@example.org,2026-02-19,True,low,2,2.2878197211786344
9074,Eric Rivera,leecraig@example.org,2026-02-18,True,high,5,13.424718934925242
9075,Sandra Soto,kristincarr@example.org,2026-02-25,True,low,1,6.670461539299382
9076,Amanda Griffin,pamela85@example.net,2026-04-27,False,high,7,13.05070496923225
9077,Angelica Jensen,davidheath@example.com,2026-09-16,False,low,2,4.074776614559297
9078,Dr. Rebecca Pineda MD,joseburch@example.net,2025-07-29,True,medium,5,8.484344974332647
9079,Javier Miller,pwilson@example.net,2024-10-26,False,low,2,4.671462909874376
9080,Alison Smith,tina90@example.net,2025-09-17,False,low,2,5.97518436849358
9081,Andrea Kirk,andrew76@example.com,2024-10-02,True,medium,2,4.9843358953027765
9082,Matthew Smith,randalllee@example.com,2026-01-22,True,low,3,2.837224406926703
9083,Jaime Taylor,bradley74@example.com,2025-08-02,True,low,2,3.2405629563055274
9084,Joshua Andrews,sherridaniels@example.org,2026-03-15,True,medium,1,6.607122506134034
9085,David Jones,annette07@example.org,2025-11-23,False,medium,1,9.380652402812782
9086,John Wilson,sjones@example.net,2024-10-06,False,medium,5,7.7497224281700365
9087,Christopher Olsen,melanie67@example.org,2026-07-11,False,low,2,4.714902550668216
9088,Brian Williams,acruz@example.org,2025-08-05,True,low,1,1.3607665036492467
9089,Casey Perry,joshua98@example.net,2025-06-12,False,medium,1,6.3234993571535565
9090,Angela Perez,kennethmartinez@example.org,2025-03-14,True,medium,3,7.4376870479237995
9091,Gerald Mack,danielalvarez@example.net,2024-12-21,False,medium,1,8.257432963649649
9092,Ivan Aguilar,millerjill@example.com,2026-04-08,False,high,9,6.61215701428969
9093,Nicole Mays,cbass@example.net,2026-09-03,False,high,8,9.282382697562403
9094,Gloria Carey,ilawson@example.org,2025-06-30,False,low,3,5.323262962421297
9095,Steven Caldwell,josejones@example.net,2026-05-29,False,low,0,2.8084682719072105
9096,Johnathan Robinson,beckerjulia@example.org,2025-05-15,False,high,8,11.87555561495889
9097,Rebecca Ramirez,claytonquinn@example.org,2024-11-26,True,low,1,4.753811135323497
9098,Tracy White,brendagreen@example.com,2026-06-23,False,high,6,13.419869427054492
9099,Matthew Flores,robin32@example.org,2025-01-08,True,low,1,6.380488296341252
9100,Heather Shepherd,james44@example.net,2025-02-22,False,medium,4,3.1908909921238746
9101,Carrie Hays,montoyamark@example.org,2026-05-23,True,high,8,11.717248885355827
9102,Melissa Harper,jessica08@example.net,2026-03-12,False,low,3,1.5392376853038834
9103,Zachary Martin,richardsanchez@example.org,2026-03-11,False,medium,1,2.022612584865451
9104,Daniel Brooks,lisa34@example.net,2025-02-20,False,high,6,12.639903974792837
9105,Stephen Vargas,cooperpatricia@example.org,2026-06-30,True,low,1,0.5
9106,Brendan Hill,robert78@example.org,2024-12-15,True,medium,1,4.596763529491426
9107,Mr. Gabriel Perez,smithjacob@example.org,2025-11-24,False,medium,1,6.612249718573035
9108,Anne Koch,nicholashernandez@example.org,2026-03-30,False,low,1,3.006647095684151
9109,Joshua Rodriguez,cwatkins@example.com,2026-08-07,False,low,0,4.232980361845665
9110,Christina Moreno,benjamin90@example.net,2025-12-25,False,low,0,3.761834873421843
9111,James Moore,normanmary@example.net,2026-02-08,False,low,2,0.5
9112,Alicia Thompson,ashleypetersen@example.org,2026-03-22,False,medium,4,9.481361664424531
9113,Renee Mendez,daniel58@example.org,2024-12-28,True,medium,3,7.598528726725155
9114,Sharon Mullins,charles08@example.net,2026-06-30,False,high,13,11.331295252102198
9115,Larry Cunningham,hugheslaurie@example.net,2026-04-16,False,low,1,4.958053039225573
9116,Gloria Wall,michelle08@example.net,2024-11-28,True,medium,5,5.940831821362748
9117,Betty Day,ismith@example.net,2025-01-10,False,low,1,7.123543944530105
9118,Patrick Baker,housejohn@example.net,2026-03-03,False,low,0,3.1291725966382815
9119,Edward Cantu,donna89@example.com,2025-07-06,False,low,1,3.110692321895959
9120,Bryan Johnson,sfoster@example.org,2026-02-06,False,low,1,5.974699943867684
9121,Justin Johnson,baileysara@example.com,2024-10-26,False,medium,1,8.831184294576769
9122,Danielle Roy,daniel67@example.net,2026-09-08,False,high,11,8.629782796132048
9123,Alexander Torres,wmarshall@example.net,2025-11-15,False,low,0,0.6797968706926762
9124,Wendy Velazquez,isanchez@example.net,2025-04-25,False,low,1,1.2890664409121437
9125,Veronica Flores,christopher12@example.com,2025-03-26,False,low,1,4.709875205904216
9126,Marie Garcia,robertcasey@example.net,2025-06-14,False,medium,6,7.812850199875337
9127,Allison Patterson,ssmith@example.net,2025-11-04,True,medium,5,5.093903571914996
9128,Cheryl Humphrey,johnstonkatrina@example.com,2025-06-18,False,medium,1,4.8515744147076925
9129,William Schmidt,robert02@example.net,2025-08-08,True,low,0,3.635291622157052
9130,Robert Howell,fmcguire@example.org,2025-09-23,True,high,8,7.995969714898003
9131,Dr. Audrey Anderson MD,cbaldwin@example.org,2026-08-14,False,low,2,3.9845876468463497
9132,Crystal Barnes,williamselizabeth@example.org,2024-11-04,False,low,2,5.273495570510696
9133,Eugene Hawkins,logannelson@example.org,2025-01-30,True,medium,3,8.055878959410856
9134,Margaret Kelly,gibsonkelly@example.net,2026-08-30,False,low,0,1.6211487105880824
9135,Hayden Russell,thomasromero@example.org,2024-11-22,False,high,6,9.694063555998412
9136,Lydia Osborn,cohensamuel@example.com,2025-03-14,False,medium,3,8.66731641107638
9137,Jacqueline Kirby,lfischer@example.com,2025-03-31,False,low,2,3.6141933555175405
9138,Nicole Smith,frederick28@example.com,2024-11-20,True,high,9,12.863345497962355
9139,Beth Thomas,bennetttimothy@example.net,2025-01-12,False,high,7,11.705808256825167
9140,Susan Cannon,lthomas@example.com,2024-12-03,True,medium,3,8.46130954734236
9141,Morgan Mclean DDS,chunter@example.com,2025-01-19,False,low,0,1.0850270916373264
9142,Kayla Carlson,linda86@example.com,2026-02-05,True,low,3,6.121688623396274
9143,Barbara Obrien,sarah57@example.org,2025-08-31,False,medium,2,9.029775170171941
9144,Keith Ford,lindsayhaney@example.org,2025-06-07,True,high,3,8.698832885724055
9145,Phillip Cook,rebecca46@example.com,2025-12-05,True,low,1,5.482393932857224
9146,Ana Gonzalez,wheelerbrooke@example.com,2025-03-04,False,medium,5,7.240819755692528
9147,Kenneth Wilkinson,brennanwendy@example.net,2025-03-18,False,high,9,10.705743601026661
9148,Jorge House,jose33@example.net,2025-09-20,True,low,1,3.712470340353611
9149,Jonathan Munoz,xmitchell@example.org,2025-09-28,True,high,5,11.74235004375515
9150,Lori Mcgee,egray@example.org,2026-05-19,True,low,1,3.726257553356473
9151,Mary Delacruz,kevincabrera@example.org,2025-12-10,True,low,1,2.5650499489079435
9152,Kelly Rodriguez,diamondnorman@example.net,2025-03-05,False,low,0,4.8045416955080125
9153,Debbie Ortega,lori00@example.com,2025-04-29,False,medium,7,7.2184664695387815
9154,Ryan Chen,stevensonroy@example.org,2024-09-23,False,low,1,6.986835428612682
9155,Dr. Michael Stone II,rhall@example.net,2025-07-07,False,medium,1,6.578567480687639
9156,Jeffrey Gardner,zguzman@example.org,2025-04-19,False,low,2,5.648461912384496
9157,Mark Spencer,amybaker@example.org,2026-09-04,False,medium,4,9.649880223921272
9158,Jeremy Ruiz,michellelee@example.org,2026-03-31,False,low,2,2.969719240076022
9159,Austin Hunter,bwelch@example.net,2024-10-19,True,low,1,2.2893367254508035
9160,Christopher Dawson,wellsscott@example.com,2025-04-05,False,medium,3,5.542713862333453
9161,Jennifer Smith,natalie42@example.org,2025-05-27,True,low,0,5.844577913182195
9162,Kim Macias,browndesiree@example.com,2026-08-05,True,high,6,8.123481139300392
9163,Cathy Mckay,gilbertalan@example.com,2026-05-19,False,low,1,8.225357056050463
9164,Sonya Brady,aguilarlaura@example.org,2025-03-16,False,medium,3,8.899956125567844
9165,Nancy Bruce,janebailey@example.com,2025-05-23,True,low,2,6.616354375161434
9166,Deborah Johnson,svargas@example.org,2026-01-01,False,high,6,6.954352904017197
9167,Brenda Smith,benjamincolleen@example.com,2026-04-13,True,high,4,9.019850482406612
9168,Robert Valenzuela,matthewrobinson@example.com,2025-07-22,True,low,0,8.245319103939153
9169,Matthew Harrington,haleyharrison@example.org,2026-04-14,True,medium,1,3.7711048293111724
9170,Robert Torres,fowlerrobyn@example.com,2025-01-07,False,low,1,4.816050817626276
9171,Gabriel Elliott,erin84@example.com,2026-01-03,False,low,1,3.792499194047651
9172,Paul Armstrong,robertchandler@example.com,2026-01-25,False,low,1,6.9501715812467975
9173,William Powers,xnichols@example.org,2026-06-22,False,low,1,2.0681752542179788
9174,Bruce Diaz,hullcynthia@example.com,2026-06-19,False,medium,4,7.935477495955594
9175,Douglas Smith,washingtonjake@example.org,2025-08-18,False,medium,1,10.425505533810176
9176,Ann Walsh,olyons@example.org,2026-03-28,True,low,0,4.134914741370039
9177,Christine Morgan,ajohnson@example.org,2024-11-28,False,low,0,2.151954935267566
9178,Leonard Garner,lynn42@example.com,2026-02-06,False,high,8,12.557017690457036
9179,Chad Ward,tsmith@example.org,2024-10-09,False,low,0,4.1478974599896175
9180,Heather Poole,denise44@example.org,2025-10-24,True,low,3,3.9360686182391293
9181,Kevin Stewart,diamondstone@example.org,2026-01-02,False,medium,6,6.20493678546613
9182,Shannon Riley,alopez@example.net,2025-03-09,False,low,0,2.5282792130778025
9183,Karen Mendoza,daniel88@example.org,2025-02-06,True,high,9,13.415474239044505
9184,Leslie Sanchez,fritzgregory@example.com,2025-03-01,False,low,0,4.5122638865630345
9185,Jennifer Vargas,kenneth99@example.net,2025-09-07,True,low,0,8.636293856939865
9186,Scott Roberts,amandaatkins@example.org,2025-03-13,False,low,1,5.06662711192595
9187,Amanda Martinez,hamptontiffany@example.net,2025-05-10,False,low,1,1.5914377654877696
9188,Virginia Torres,vanessathomas@example.com,2025-10-09,False,low,0,3.9174716894048016
9189,Jessica Carpenter,cbennett@example.com,2025-11-12,True,medium,1,3.7336984640901845
9190,Amber Kelly,danielkim@example.org,2025-11-16,False,low,0,6.663834631277586
9191,Christina Sims,nnewton@example.com,2025-06-06,False,medium,3,7.398887099550394
9192,Mr. Richard Valdez,aliciacurry@example.net,2025-04-16,False,low,0,4.765314863190636
9193,Laurie Jones,megan75@example.net,2026-02-25,False,low,1,3.0628069990569173
9194,Joseph Ortiz,richardsonheather@example.com,2025-05-04,True,low,1,4.5787809447388925
9195,Christopher Ford,bonillajoy@example.net,2024-11-19,True,low,1,3.535355455364821
9196,Martha Johnson,aaronwilliams@example.com,2026-01-13,False,medium,2,4.228361541857314
9197,Karen Maddox,hreid@example.com,2025-02-27,False,medium,2,8.486900637452667
9198,Eric Pittman,shumphrey@example.net,2026-09-11,True,medium,6,8.687427362056154
9199,Jessica Todd,robbinsbobby@example.org,2025-12-06,False,low,2,3.8419465256024576
9200,Mathew Wood,jessica28@example.org,2025-04-22,False,medium,4,7.871266033374237
9201,Brian Sawyer,maryharrison@example.org,2025-10-29,False,high,6,6.144969182662904
9202,Jose Simpson,danielcraig@example.net,2025-10-18,True,low,2,3.1904526314947836
9203,Jeffrey James,kimberly87@example.net,2025-04-16,False,medium,6,2.141561141620688
9204,Jesse Gonzalez,davidrussell@example.org,2025-04-09,True,medium,4,5.561226087149098
9205,Amanda Levine,vmitchell@example.net,2026-01-27,False,low,2,1.7515634175283727
9206,Daniel Pope,wayneburns@example.com,2026-08-17,False,medium,2,6.919104397529596
9207,William Roberts,sanfordmark@example.org,2025-04-15,False,low,1,5.688434558765169
9208,Sandra Gomez,jenniferlynn@example.com,2025-05-30,False,medium,6,7.738898854942709
9209,Roy Cochran,alexander26@example.net,2025-01-22,False,low,1,2.3584469706474462
9210,Melissa Phelps,ronaldruiz@example.org,2025-06-12,True,medium,2,3.267529170994548
9211,Joseph Stephens,nicolethompson@example.net,2025-09-23,True,low,0,0.5
9212,Charles Roy,fchristensen@example.org,2025-12-02,False,low,1,2.34528897361056
9213,Carolyn Moore,brendawagner@example.com,2026-05-18,False,medium,2,5.858566299572576
9214,Wayne Newman,cody22@example.com,2025-07-22,False,low,1,4.351095739983594
9215,April Heath,ahess@example.com,2024-09-23,True,low,0,7.232934007399994
9216,Michael Roberts,kathleendurham@example.org,2025-09-13,False,high,6,8.640262926325576
9217,Todd Wood,jenniferodonnell@example.org,2025-01-23,True,medium,6,7.487899281462859
9218,Kathryn Wilson,amoss@example.com,2025-04-02,True,low,2,8.223791447621979
9219,Benjamin Garcia,nicholastaylor@example.com,2025-04-03,False,medium,3,5.9160980155993546
9220,Linda Solomon,fmorales@example.com,2025-06-27,True,low,1,5.202137565593108
9221,Alexander Hayes,carrolljesse@example.org,2025-05-21,False,high,3,11.912947526010182
9222,Madeline Wade,judy11@example.com,2025-04-29,False,low,0,2.649098965478001
9223,Deborah Vazquez,michelle04@example.com,2026-07-20,True,low,1,5.020374950605373
9224,Cindy Bridges,kevin22@example.net,2025-11-02,False,low,1,4.2917445983225075
9225,Michele Fisher,ashleyholland@example.net,2026-03-17,False,low,1,2.1605321362396754
9226,Patricia Johnson,stephen68@example.com,2026-01-20,True,medium,4,5.634588299259711
9227,Daniel Cooper,garciaandrea@example.com,2025-07-03,False,low,0,5.319599850192256
9228,Anthony Khan,mhuff@example.org,2025-01-15,False,medium,3,8.279497066775399
9229,Theresa Coleman,john81@example.net,2026-05-19,False,medium,2,9.672599532144005
9230,Krista Weiss,gharvey@example.net,2025-08-07,True,high,4,11.904569368249946
9231,Joseph Hawkins,cynthiahawkins@example.com,2025-05-28,False,medium,5,4.9573400645007
9232,Ashley Waters,patriciapowell@example.com,2025-03-09,True,low,1,3.9584840967173864
9233,Kimberly Smith,ricegerald@example.com,2026-04-04,False,medium,4,6.94307135844856
9234,Johnathan Ramirez,williamskaren@example.org,2025-06-12,False,medium,3,6.334022300291817
9235,Sarah Young,mccannlaura@example.org,2026-03-08,False,low,1,3.753633244041168
9236,Debra Wood,ppark@example.org,2026-06-09,True,medium,5,3.245151094748491
9237,Sherry Walker,gilmorejohn@example.org,2026-04-23,False,low,1,0.5
9238,James Hooper III,ryan59@example.org,2024-10-07,False,low,1,4.6501534007977545
9239,Christopher Andrews,gdouglas@example.com,2026-01-16,True,low,0,1.7601864745672122
9240,Denise Nunez,noblenatalie@example.org,2025-09-21,False,low,2,5.0361098682266014
9241,Fred Solomon,charlessmith@example.com,2026-02-22,True,low,1,6.3976961427577415
9242,Wanda Perez,elizabeth99@example.com,2024-12-16,False,low,3,3.0912992399581007
9243,Jeremy Roy,sreyes@example.org,2026-07-02,True,medium,1,8.036227165310972
9244,James Thompson,james45@example.com,2025-08-16,False,low,1,2.4577504863168897
9245,Brenda Orr,shawcandice@example.org,2025-09-14,False,medium,4,7.439964647872812
9246,Gregory Cabrera,myersamanda@example.net,2025-02-11,True,low,2,4.138029264466599
9247,Ethan Rodriguez MD,molinabrandon@example.org,2025-09-16,True,medium,3,4.7680894495862045
9248,Cynthia Russo,sgomez@example.com,2025-07-05,False,low,1,1.2763279988543457
9249,Rachel Ward,lisathompson@example.net,2026-07-04,False,low,2,1.984584429658323
9250,Emily Gonzalez,kevin78@example.net,2024-10-28,False,low,2,3.249112262047822
9251,Jeffrey Sandoval,yphillips@example.net,2026-02-22,True,low,1,7.439227133491865
9252,Jose Boyd,wball@example.com,2025-08-11,True,medium,1,8.075437972365648
9253,Todd Sutton,kbernard@example.net,2024-11-16,True,medium,3,7.0517311723023965
9254,Harold Gates,haroldgonzalez@example.org,2025-03-29,False,low,2,3.7247657433635917
9255,Maria Daniel,farmermadeline@example.com,2025-03-30,False,medium,1,5.0360071763912035
9256,Erin Elliott,kristen65@example.com,2025-05-17,False,low,1,5.214646013601618
9257,Brittany Olson,stephenlopez@example.com,2024-12-10,False,low,0,5.523259966425401
9258,Laurie Lynch,gary18@example.com,2026-08-01,False,medium,3,5.622039726387285
9259,Kevin Brown,fsmith@example.org,2026-06-06,False,low,2,3.3956390055466272
9260,Victoria Krause,anthony28@example.org,2026-08-08,False,low,1,0.5
9261,Timothy Johnson,taylorhall@example.com,2025-01-07,False,high,6,10.334502412728964
9262,Sara Mathis,jjohnson@example.net,2026-08-14,False,medium,2,11.079878048251869
9263,Brooke Weaver,tracy15@example.com,2025-09-12,False,medium,3,9.908839990010751
9264,Tiffany Murphy,cperez@example.net,2026-04-04,False,high,10,11.94118065662208
9265,Amanda Long,john68@example.org,2025-01-12,True,medium,1,8.587484102589084
9266,Mary Donaldson,laguilar@example.com,2025-08-06,True,medium,1,5.20881379742581
9267,Travis Clark,schwartzanthony@example.com,2025-06-21,False,low,0,4.487100319348812
9268,Frank Wheeler,hsingleton@example.org,2026-01-10,True,low,2,4.462275249999379
9269,Emily Schneider,rosevega@example.org,2026-09-17,True,high,5,13.278212653487152
9270,Mary Lambert,reesedavid@example.org,2025-05-14,False,high,5,9.353333310608129
9271,Robert Glass DVM,fergusonjason@example.com,2026-07-20,False,medium,6,2.430065329530442
9272,Jamie Lopez,elawrence@example.org,2026-09-02,True,low,2,4.114996251015657
9273,Shannon Watkins,brianphillips@example.org,2025-07-12,False,low,1,4.081454664426406
9274,David Hinton,timothy01@example.com,2025-10-20,False,medium,6,7.866778977288087
9275,Wanda Russell,carrollmichael@example.net,2025-07-31,False,medium,4,7.5304308264851105
9276,Michael Martin,alam@example.net,2025-10-07,False,low,2,7.031622110549268
9277,Brenda Lowe,annaoconnor@example.net,2026-03-26,True,low,1,3.5094486491207166
9278,Christopher Smith,harrissharon@example.org,2026-05-22,False,high,8,10.2938285444521
9279,Christine Willis,douglasmichael@example.com,2025-09-07,False,low,2,0.5
9280,Gina Vega,davidgrimes@example.net,2025-04-06,True,medium,1,3.0692586826683486
9281,Melissa Walker,watkinsjose@example.net,2024-10-08,True,low,0,2.338914591786401
9282,Tyler Bray,joshuamelton@example.org,2025-12-30,False,low,1,2.478335221965319
9283,Jason Thomas,rshelton@example.org,2026-04-29,False,low,0,3.7131140622426284
9284,Ashley Fletcher,jessicaharmon@example.org,2025-08-25,True,low,0,4.666011917149195
9285,Carrie Black,amanda09@example.org,2026-01-10,False,medium,5,6.325021797628616
9286,Terry Ford,eileen98@example.com,2024-12-23,False,low,1,2.028743492926119
9287,Jason Bautista,rsanchez@example.org,2025-12-20,True,low,0,3.807641810062933
9288,Amy Watson,michaelmeyer@example.org,2026-09-06,True,low,0,3.1035432258178175
9289,Amy Taylor,jonesphillip@example.com,2025-06-14,True,low,0,2.329224645626889
9290,Benjamin Baker,wrasmussen@example.org,2025-03-14,False,medium,2,6.611107417289429
9291,William Jordan,ncampbell@example.net,2026-01-11,True,low,1,5.921804859135165
9292,Mackenzie Stout,robinsonmichael@example.com,2025-06-24,False,low,0,5.191102956938812
9293,Amber Barajas,floresdennis@example.com,2025-05-31,False,high,5,8.670789850055407
9294,Jenna Wright,xpetersen@example.net,2025-09-19,False,low,1,6.795697032804949
9295,Maurice Barajas,imccullough@example.org,2025-11-21,False,low,1,5.200567137791045
9296,Lisa Travis,heather63@example.net,2026-08-27,True,low,0,5.368201080430227
9297,David Perkins,pjones@example.com,2025-02-26,False,low,1,2.535293266955689
9298,Bruce Walker,qespinoza@example.net,2025-08-25,False,low,3,4.943473293490502
9299,Jennifer Austin DVM,zunigadanielle@example.net,2025-08-24,False,medium,2,8.002590656651332
9300,Jennifer Cruz,josephmiller@example.com,2026-06-03,True,medium,6,4.3719494027564085
9301,John Rhodes,david74@example.org,2024-10-13,False,low,0,3.8633777991945766
9302,Jessica Roth,gregory71@example.com,2026-07-30,False,low,1,5.488318671655963
9303,Jeffrey Cooper,jcain@example.com,2026-05-14,False,low,0,3.996267707431531
9304,Ashley Wilcox,ihill@example.net,2026-06-29,True,high,8,10.333236991290102
9305,Angela Murray,andradewilliam@example.com,2026-02-04,False,low,0,6.079822328095165
9306,Amy Moore,frostangela@example.org,2025-10-30,False,low,2,6.2990525253747425
9307,Jennifer Jackson,rhonda34@example.com,2024-11-07,True,medium,1,10.609564555816975
9308,Patricia Haley,gregjones@example.net,2024-12-25,False,medium,1,6.533889605927369
9309,Mark Berry,eduardorose@example.net,2026-08-01,False,high,6,7.518201264009014
9310,Patrick Harper,amcintosh@example.org,2025-03-13,False,low,0,6.371003272337154
9311,Suzanne Walker,wintersalexander@example.org,2025-01-20,False,low,0,2.425894620020263
9312,Carla Thomas,williamsmary@example.org,2025-04-03,False,medium,3,10.817152352013439
9313,Mr. Joseph Williams,ladams@example.net,2025-09-27,False,low,2,2.3382536665393108
9314,Danielle Vazquez,fieldstammy@example.net,2024-09-29,False,medium,0,5.570563169843725
9315,Julie Willis,wilcoxlori@example.com,2024-10-22,False,medium,1,9.717400047255952
9316,Charlotte Hood,kimmiranda@example.net,2026-06-17,False,low,3,6.329854473591006
9317,Joyce Martin,vmartin@example.com,2025-02-21,True,medium,3,7.718263196205771
9318,Melissa Burns,jeremiah40@example.org,2026-03-17,True,low,0,5.642438670031682
9319,Derek Austin,robert32@example.net,2024-09-24,True,medium,0,7.361289061992635
9320,Evelyn Dean,davidtravis@example.net,2025-03-11,True,low,2,1.8039346476798426
9321,Stacy Thompson,yfranklin@example.net,2026-08-05,False,low,1,0.5
9322,Sara Torres,qyoung@example.net,2026-03-14,False,medium,1,9.388897334150357
9323,Daniel Khan,ryanzuniga@example.org,2025-07-19,False,high,7,9.44546844819337
9324,Catherine Johnson,harpersteven@example.net,2026-03-18,False,low,0,2.829623219717771
9325,Makayla Gilbert,duane04@example.com,2026-04-09,False,high,9,5.7334682799493315
9326,Matthew Brown,robertvasquez@example.net,2026-01-04,False,low,1,5.276104213772745
9327,Theresa Newman,pramsey@example.org,2025-12-24,True,medium,4,8.566561788015774
9328,Karen Reyes,kelly00@example.org,2026-05-07,True,medium,5,8.617781658098984
9329,Christopher Fletcher,jcarrillo@example.net,2026-04-22,False,low,0,3.558231332837381
9330,Ashley Woods,anthonytracy@example.net,2025-01-12,False,low,0,1.3172407769078638
9331,Alex Frazier,aprilwhite@example.org,2024-10-27,False,low,0,2.2493728180213797
9332,Claudia Smith,rodriguezangie@example.org,2025-11-06,False,low,0,6.020747750986416
9333,Justin Jackson,gonzalezsusan@example.net,2025-09-04,False,low,1,4.885370824468483
9334,Brian Roberts,kgordon@example.com,2025-06-13,False,medium,4,6.059116954887347
9335,Rebecca Salas,sthompson@example.org,2025-11-26,True,medium,4,6.870390617930857
9336,Stephanie Richardson,williamwilliams@example.com,2026-08-14,False,low,0,1.6245512535501034
9337,Matthew Moore,samanthagarner@example.org,2025-06-07,False,low,1,4.794175687071919
9338,Theresa Erickson,terrancehorton@example.net,2026-07-18,False,low,2,4.2559385807971815
9339,David Bishop,hunteranthony@example.com,2026-07-25,False,low,2,1.8743110013037758
9340,Anthony Washington,william22@example.org,2026-05-23,False,high,1,14.143695055395673
9341,Brian Carter,bestsylvia@example.com,2025-12-30,True,medium,3,6.223147769691026
9342,Monica Mclaughlin,qbanks@example.net,2025-03-15,True,medium,3,3.874744224956022
9343,Brian Haley,sarajohnson@example.net,2026-05-04,False,low,3,1.9094809040216205
9344,Ryan Harris,vincent15@example.org,2026-08-18,False,low,0,5.228552282682643
9345,Vanessa Martinez,sharonwright@example.org,2026-01-31,False,low,1,4.201374108555936
9346,Ashley Miller,scott39@example.net,2026-06-21,False,low,1,3.743690243747341
9347,Danny Carpenter,higginsdonna@example.com,2026-05-13,True,low,4,3.6429527640419623
9348,Mike Hughes,deborah18@example.org,2025-07-24,False,low,0,7.259539867685785
9349,Chelsea Wilson,melissathomas@example.org,2025-12-24,True,medium,3,6.361577872616663
9350,Laura Ford,jacquelineberry@example.net,2025-03-04,False,low,0,3.0971074639359366
9351,Sherri Adams,rogersluis@example.net,2025-06-27,True,high,7,6.5590206546704035
9352,Angie White,smithkathryn@example.com,2026-04-08,False,medium,5,10.080233769383202
9353,Natasha Barr,aspencer@example.org,2026-05-24,False,medium,2,5.875010566922651
9354,Paula Evans,cbarnes@example.net,2025-09-09,False,low,0,4.201441916246988
9355,Jordan Silva MD,kcohen@example.net,2025-07-17,False,low,0,6.592316050147336
9356,Colleen Gonzalez,lori25@example.net,2025-09-27,False,low,1,8.900332073663156
9357,Matthew Holt,garrett58@example.org,2026-06-18,True,low,1,2.6857476433918146
9358,Rachel Walker,leah13@example.org,2025-02-20,False,high,8,9.748357806541737
9359,Andrea Cummings,dorothy51@example.com,2025-04-01,True,medium,3,5.905151440145769
9360,Theresa Obrien,sarahmccoy@example.org,2024-11-14,False,medium,3,4.703824981411914
9361,Jo Watts,dancox@example.org,2025-07-27,False,medium,1,6.427272427772014
9362,Cody Mora,amclaughlin@example.org,2025-11-08,True,low,3,2.241127898487226
9363,Tammy Baker,ghurst@example.org,2025-07-24,True,medium,2,5.905149866100538
9364,Robin Washington,rebecca54@example.net,2026-05-25,True,medium,1,3.6803258706884083
9365,Jennifer Newman,bob85@example.com,2024-12-08,False,medium,4,6.34327954784777
9366,Mark Harrington,huffmanjames@example.com,2026-02-01,False,high,2,11.017736345274034
9367,John Brown,steven70@example.org,2025-12-20,True,low,2,2.699633110614246
9368,Paul Davis,danielle71@example.org,2024-11-01,False,high,7,12.120468970547558
9369,James Jordan,hamiltonedwin@example.net,2026-03-19,False,medium,3,5.752491516515038
9370,Kristin Juarez,jennifer56@example.net,2024-11-01,False,low,2,2.2778189921701535
9371,Sharon Benton,riverakaren@example.com,2025-01-27,False,high,10,10.305891977819265
9372,Mary Franklin,bennettdana@example.com,2025-02-09,False,high,13,12.841494893955241
9373,Sonya Myers,kim16@example.org,2025-02-26,False,low,0,2.8609388010995156
9374,Dr. Abigail Parker,kimberly20@example.net,2026-03-22,True,high,4,8.95820473972147
9375,Aaron Rivas,vhunt@example.net,2026-02-01,True,medium,5,9.02484090447991
9376,Rachel Hall,robertsrichard@example.net,2025-09-24,False,medium,2,8.083376006334733
9377,Joshua Pruitt III,barrettsara@example.org,2026-06-17,False,high,5,14.48322109163633
9378,Karen Williams,monicagarrett@example.com,2025-10-19,False,low,1,1.4443167186387549
9379,Beth Cannon,gonzalezalexis@example.net,2026-07-01,False,medium,1,7.40077348973197
9380,Alison Hanson,cookderek@example.net,2025-05-03,True,medium,4,9.551601698223408
9381,David Richards,rodriguezdarin@example.com,2025-11-23,False,medium,4,10.196855535383472
9382,Stephanie Miller,emily23@example.com,2024-09-23,False,low,2,3.1366486752805023
9383,Jason Young,heidicarlson@example.com,2024-12-02,True,low,1,3.898337364430452
9384,Cody Suarez,maria40@example.net,2025-02-07,False,low,1,6.199392423760928
9385,James Dixon,rberry@example.net,2024-10-28,False,medium,4,8.16016141263126
9386,Robert Watson,mmcdaniel@example.org,2026-03-03,False,low,0,2.9459937394143836
9387,Lisa Wright,vflores@example.com,2026-04-29,True,low,0,7.476356954193993
9388,Janice Miller MD,jerrydonaldson@example.com,2025-03-09,False,medium,2,8.123059795958575
9389,David Davis,toddbarber@example.org,2025-05-29,False,high,6,11.257276745601747
9390,Cheryl Mcgrath,laura49@example.org,2026-03-25,False,low,7,2.1962935111566115
9391,Maria Davis MD,dylan61@example.net,2025-07-03,False,low,0,5.316449832194529
9392,David Taylor,agarner@example.org,2025-06-13,False,medium,4,5.606874258546576
9393,Julie Thomas,mriddle@example.org,2025-06-04,True,low,0,5.029037688244152
9394,Adam Palmer,danielrobinson@example.com,2025-05-02,False,medium,2,8.512114807336017
9395,Cindy Herman,sharon82@example.org,2025-12-04,False,high,6,9.13302977667654
9396,Patricia Brewer,mcknighttaylor@example.net,2025-09-30,False,medium,3,3.551022663367518
9397,Victoria Orozco,maydylan@example.net,2025-11-05,False,low,0,5.509624186098776
9398,Shawn Williams,wjackson@example.com,2025-04-27,False,low,1,6.206892112956018
9399,Christopher Johnson,benjaminfitzgerald@example.com,2026-06-30,False,medium,3,7.459934180812755
9400,Charles Jimenez,jefferybeck@example.com,2025-09-22,False,medium,2,7.784312868561329
9401,Patricia Ingram,gonzalezsamuel@example.org,2026-05-09,True,high,7,11.213863805776498
9402,Justin Simpson,davidthompson@example.com,2026-03-12,True,low,1,3.183688864130308
9403,Kimberly Chavez,phillipsstephen@example.com,2025-11-18,False,low,0,4.155654407739616
9404,Jeffery Kelly,kathleen07@example.net,2025-01-10,True,low,2,0.9685078860451637
9405,Jeffery Wheeler,claudia53@example.org,2025-03-28,False,medium,3,6.859431986663122
9406,Patricia Miller,devans@example.com,2025-03-17,False,high,4,10.215896112394898
9407,Maria Harvey,mendozaaaron@example.org,2025-12-18,False,low,1,0.5
9408,Amy Suarez,ashleyfreeman@example.com,2026-09-17,True,low,1,4.594187646459013
9409,Penny Smith,elizabethhinton@example.net,2025-07-20,False,medium,4,8.760605904571843
9410,Cynthia Aguilar,barbara46@example.net,2025-03-14,False,low,1,0.5
9411,Tyrone Klein,brandybyrd@example.net,2024-10-24,True,medium,2,9.131209596919378
9412,Kathryn Smith,kyoung@example.org,2025-10-02,True,low,0,8.04775167351496
9413,Lori Martinez,austinheather@example.com,2026-07-06,False,high,9,11.965986515072542
9414,Amanda Vega,gibsonjessica@example.com,2025-04-18,False,medium,2,9.244569368315732
9415,Alicia Walsh,sarah68@example.net,2025-07-27,False,low,0,2.9998325304639204
9416,Richard Crawford,normanbrian@example.net,2025-02-03,True,medium,3,8.923154626707888
9417,Kim Johnston,lrandolph@example.org,2025-03-19,True,low,2,0.8671083632612278
9418,Bruce Freeman,beverly46@example.com,2025-11-23,False,low,2,4.389062646471552
9419,Robert Sampson,driley@example.net,2025-11-05,False,medium,4,7.4189297926726825
9420,Lauren Myers,alicia33@example.net,2025-06-18,False,low,0,7.423855290440519
9421,Michael Rojas,crystal05@example.net,2025-04-18,False,high,5,13.142624886767353
9422,Eric Khan,jennifer31@example.net,2026-07-22,False,medium,3,6.139114084982804
9423,Hannah Grant,andrew64@example.org,2024-12-28,True,low,1,3.4504011690159175
9424,Ann Hunter,jasonjames@example.org,2024-10-01,True,medium,5,4.639745116727761
9425,Scott Rogers,thomas91@example.com,2025-06-16,False,medium,3,8.075278898499656
9426,Christopher Chapman,rickythomas@example.net,2024-10-08,False,medium,5,5.940492529246
9427,Mark Thomas,esmith@example.com,2024-11-21,False,low,0,2.8260741542350583
9428,William Parker,cookamy@example.org,2026-05-29,False,low,2,2.999276242941767
9429,Amy Ruiz,mshelton@example.net,2025-12-17,False,medium,0,6.411607187399072
9430,Laura Austin,robleskaren@example.net,2025-09-30,False,high,5,9.4735553938864
9431,Laura Thompson,xwhite@example.net,2025-03-03,True,high,9,7.1064745466910235
9432,Vanessa James,brian65@example.com,2026-09-14,True,medium,5,9.786675874349209
9433,Robert Parrish,brandicampos@example.com,2024-10-06,True,medium,7,6.867490085853799
9434,Steven Lee,jason17@example.com,2024-10-31,False,medium,7,7.3094705677725305
9435,Melissa Vasquez,plarson@example.com,2026-03-03,False,low,1,4.904746145717906
9436,Becky Greene,bradleyabbott@example.com,2025-06-20,True,low,0,7.730936930776487
9437,Taylor Vasquez,wscott@example.com,2026-03-24,False,medium,5,7.815038778300048
9438,Craig Cain,erin19@example.org,2024-11-21,True,high,4,11.267934240110847
9439,Wendy Riley,james94@example.org,2026-04-02,True,medium,1,7.086601174963751
9440,Deanna Brown,michael72@example.org,2025-05-29,True,low,0,1.5510725018377496
9441,Christopher Keith,kaitlynsoto@example.org,2025-08-23,False,low,2,4.11145895265444
9442,Martha Duncan,gellis@example.org,2026-07-02,False,low,0,3.7394263360099447
9443,Kelsey Fletcher,pattersonlauren@example.org,2026-04-07,False,medium,3,9.796616111112296
9444,Carl Hunter,jenningswendy@example.org,2025-02-09,False,medium,3,6.411848509860624
9445,Mrs. Catherine Newton,kellymelissa@example.org,2025-07-31,True,medium,3,7.258447658859591
9446,Caroline Porter,johnsonjason@example.net,2026-04-12,False,medium,2,7.223876313015953
9447,Sandra Adams,clarkmichael@example.net,2025-06-16,False,low,1,6.62519591554684
9448,Joseph Blanchard,gregorybishop@example.net,2025-08-07,False,low,1,4.8039103099347
9449,Ashley Wood,joseph98@example.org,2024-12-11,True,low,0,3.204799795459663
9450,Alexis Hansen,rkim@example.org,2026-03-01,True,low,0,3.1211537267683997
9451,Krista Liu,baldwineric@example.org,2025-04-24,False,medium,6,8.794906029825508
9452,Mr. Juan Phillips,rodrigueztina@example.com,2026-05-07,False,low,1,9.219827215341716
9453,Terry Sexton,jamespeterson@example.com,2026-05-24,False,low,1,3.229330259873592
9454,Shawn Stevens,lee09@example.com,2026-06-20,False,medium,5,8.973027164256116
9455,Jillian Miller,arichards@example.net,2026-06-22,False,low,0,2.285969356753558
9456,Jeremy Henderson,rbrown@example.com,2026-03-08,False,low,1,6.244463692804264
9457,Mitchell Castillo,nathan79@example.com,2026-03-23,False,medium,4,7.780495856405391
9458,Ronald Pierce,saguirre@example.org,2026-02-18,False,high,4,15.850749152692359
9459,Kristina Ingram,david95@example.net,2025-10-15,False,medium,4,7.596456251074388
9460,Colleen Young,brent37@example.com,2025-07-02,False,low,1,2.3512806941713
9461,Ronald Parrish,bruce84@example.net,2025-08-04,False,high,6,8.381626876408259
9462,Abigail Barnes,elee@example.com,2025-03-18,False,low,1,6.14187328442138
9463,Todd Calhoun,heatherbrown@example.net,2024-12-14,True,low,0,3.7521426223872187
9464,Dylan Gomez,gkelly@example.org,2024-10-10,True,medium,3,6.8652836074781085
9465,Ryan Walker,bennetttanya@example.net,2024-12-10,False,low,1,4.000798054136624
9466,Gerald Taylor,zhubbard@example.com,2026-01-03,False,low,1,0.5
9467,Joyce Chan,mmiller@example.com,2025-10-11,False,medium,4,7.664402834869492
9468,David Hughes,tammylee@example.com,2025-11-02,False,medium,3,7.4117321016323885
9469,Mary Roberts,alicia22@example.net,2026-07-21,False,low,1,5.646860201022664
9470,Richard Rivera,kfriedman@example.net,2026-06-15,False,medium,3,8.724032650343727
9471,David Miller,caseyzoe@example.com,2026-04-25,False,low,1,3.4541365022569606
9472,Joseph Bates,sherri52@example.com,2026-09-09,False,low,0,6.306294081703118
9473,Jill Holt,foxbilly@example.net,2026-05-16,False,low,2,6.164096679312257
9474,Ryan Mendoza,lauragordon@example.net,2025-11-29,False,low,1,3.1440895867666594
9475,Robert Torres,taylorvillarreal@example.org,2026-09-14,False,low,0,3.2656288834458214
9476,Brent Gonzales,opennington@example.org,2025-12-21,False,low,0,5.065335273612179
9477,Tammy Day,brownrobert@example.com,2024-11-11,True,high,6,12.638358103928116
9478,Renee Simmons,crystalatkins@example.net,2026-07-21,False,medium,0,8.052562069396888
9479,Sean Avila,amber47@example.org,2025-03-09,True,low,0,5.6604162977890615
9480,Eric Boyer,william36@example.net,2026-07-23,False,medium,4,8.334546034369605
9481,Carl Rogers,hartjay@example.net,2026-07-22,False,low,0,2.843494847602483
9482,Matthew Chan,theodoreadams@example.org,2025-04-28,False,medium,4,8.307071177150956
9483,Paul Johnson,david10@example.com,2025-07-09,False,low,1,6.150360407380924
9484,Marc Watkins,richardrodriguez@example.net,2025-04-23,False,low,3,6.035507005924691
9485,Thomas Manning,zcaldwell@example.org,2026-02-13,False,low,1,3.8656004496754095
9486,Richard Gonzalez,reedchristian@example.com,2026-07-31,False,low,0,1.9806842123274957
9487,Larry Chase,shawn54@example.net,2026-02-08,False,low,1,3.5241043713524975
9488,Ethan Mullins,zmartinez@example.com,2025-06-11,True,medium,1,5.764320932689272
9489,Jacob Thomas,garciaapril@example.net,2026-06-13,True,low,1,2.58656762554382
9490,Adam Decker,geraldfrederick@example.net,2025-02-07,True,medium,6,3.0360334717918587
9491,Christopher Hayes,jennifer48@example.org,2025-06-03,False,low,2,3.723724252610421
9492,Michelle Vargas,nlopez@example.com,2025-10-02,False,low,1,5.1087545321148395
9493,Taylor Rogers,williamsjohn@example.org,2025-12-06,False,low,1,2.667783327028204
9494,Teresa Larson,xsutton@example.net,2026-06-20,False,low,3,4.983932358003315
9495,Jamie Armstrong,nicholemurphy@example.org,2025-04-02,True,high,11,13.502879754689516
9496,Anthony Fowler,laurenwilson@example.org,2026-05-15,False,low,1,3.1470276713296115
9497,Pamela Smith,brentrodriguez@example.org,2025-03-15,True,medium,4,9.529026110341764
9498,David Harper,lrobertson@example.com,2025-07-26,False,medium,3,6.060137633905037
9499,Karen Levy,jill15@example.net,2025-03-12,False,low,0,6.261598264462252
9500,Rebekah Miller,paulamiller@example.org,2025-03-22,False,low,0,3.765270904992328
9501,Patricia Conway,bartlettrobert@example.org,2025-04-01,True,low,1,3.020794338592185
9502,Richard Miles,jonathan69@example.com,2025-04-27,False,medium,3,4.2893281365023395
9503,Michelle Smith,nsmith@example.net,2024-10-20,True,high,6,16.119719485074306
9504,Mark Johnson,robertbeasley@example.net,2024-11-22,False,low,0,3.2241899474278166
9505,Mark Peters,johnsonandrew@example.com,2025-04-08,False,medium,2,4.999358604605756
9506,Peter Irwin,kperez@example.net,2025-11-15,False,high,6,9.461466539983732
9507,Eric Shea,jessica97@example.net,2024-10-21,True,low,1,4.327071978190719
9508,Mary Walters,markbrown@example.com,2024-12-07,False,low,1,4.503560823181086
9509,Jorge Baldwin,cglass@example.org,2025-07-17,False,low,0,6.271763406427329
9510,Sara Rubio,curtislopez@example.net,2024-10-06,False,low,0,3.9126556348311885
9511,Tiffany Calhoun,eoconnell@example.net,2026-02-17,False,high,11,13.49392466362934
9512,Jonathan House,schroederlisa@example.net,2026-05-24,True,low,0,4.222976011010012
9513,Laura Harris,sarahsuarez@example.net,2025-03-08,False,medium,5,5.339254266506595
9514,Martin Poole,parsonsjacqueline@example.net,2024-11-30,False,high,7,11.170025122433845
9515,Joe Bishop,justin57@example.org,2025-10-17,True,low,1,3.562241773868671
9516,Brian Lopez,grahamrachel@example.net,2024-11-28,True,low,1,3.696617807738309
9517,Pamela Andrade,jason10@example.com,2025-09-18,True,medium,1,7.578674247463266
9518,James Chapman,lhooper@example.com,2026-02-16,False,high,4,11.750952093088335
9519,Sarah Wells,harrisonjohn@example.org,2025-07-05,False,low,0,3.9155524619838684
9520,Michelle Humphrey,eferguson@example.org,2026-04-15,False,low,1,2.0013366942228084
9521,Kathryn Roberts,solsen@example.net,2026-04-27,False,medium,4,7.509633605065738
9522,Angel Mason,nathan56@example.com,2025-06-21,False,high,13,11.985426972439623
9523,Mr. Matthew Smith,sandra11@example.com,2026-01-17,False,low,1,0.5
9524,Linda Davis DVM,keithrichmond@example.com,2025-01-01,False,high,7,10.565857584479769
9525,Jeff Cameron,lstanley@example.com,2025-11-08,True,low,0,2.767334558583473
9526,Jennifer Simmons,williamstanner@example.org,2025-09-20,True,low,3,1.8280890774055374
9527,Jennifer Kaufman,danny37@example.net,2026-06-12,False,low,0,4.423922749118777
9528,Denise Williams,jwilliams@example.org,2025-04-28,True,high,4,14.021458662897547
9529,Benjamin Garcia,michael70@example.org,2025-10-16,True,medium,2,8.841873047575692
9530,Michael Kennedy,cheyenne08@example.org,2026-03-20,False,medium,5,8.485687028748032
9531,Jamie Sutton DDS,samantha20@example.org,2026-08-06,True,low,2,2.69590950653362
9532,Brittany Colon,jamesmack@example.org,2026-01-05,False,medium,4,7.616643677029876
9533,David Hayes,melissahubbard@example.com,2026-08-24,False,low,0,3.1816958899313534
9534,Christopher Owens,andersondaniel@example.com,2026-07-15,False,low,2,5.524655553869487
9535,Emily Davidson,xhall@example.org,2025-05-11,False,low,0,4.463107247956213
9536,Vicki James,chamilton@example.net,2026-09-12,True,low,0,6.254450181102081
9537,John Thomas,keithrojas@example.net,2026-05-09,False,medium,4,6.930966512582007
9538,Deborah Murphy,rpeterson@example.com,2026-05-22,False,low,0,0.5006054689373753
9539,Sara Johnson,earldavidson@example.com,2025-12-27,False,medium,1,7.309996841598934
9540,Jeffrey Spears,jonesmary@example.net,2025-10-02,False,medium,3,10.055419806618627
9541,Mitchell Curry,claire78@example.org,2026-06-28,False,medium,2,6.838597040261233
9542,Cynthia Ferguson,oholloway@example.com,2025-05-08,False,low,0,1.3973120242769879
9543,Ryan Jones,holdenpatrick@example.org,2025-05-05,True,low,2,4.116701920902791
9544,Jose Cantu,frederickhernandez@example.org,2025-06-22,False,medium,1,4.551611766645178
9545,Joshua Velasquez,vmathis@example.org,2026-09-06,False,high,8,10.083362134463798
9546,Elizabeth Gardner,dustin79@example.org,2026-03-10,False,low,1,2.0030875375188817
9547,Kathryn Davis,cray@example.net,2025-04-24,False,low,1,6.119509595863451
9548,Sydney Henson,caitlinmiller@example.com,2025-10-13,False,medium,1,6.348095321328305
9549,Kathleen Myers,hojonathan@example.net,2025-10-02,False,low,2,4.473559193452694
9550,Matthew Mccoy,sellersscott@example.org,2026-09-06,True,low,1,5.441477686626058
9551,Mrs. Andrea Lopez,fishermichael@example.com,2025-12-02,True,low,2,4.320007087052182
9552,Eric Griffin,brittany56@example.net,2025-04-03,False,medium,3,6.704107798933226
9553,Michelle Anderson,jared54@example.org,2025-03-27,False,low,1,6.079200407526603
9554,Mark Solis,guy73@example.com,2025-02-05,True,medium,3,6.119556050332575
9555,Steven Lang,john04@example.net,2025-02-28,True,medium,1,9.47245951115602
9556,Doris Walker,bartongeorge@example.net,2024-10-21,True,medium,2,5.981673280242838
9557,Edward Sparks,dharper@example.org,2026-08-15,False,low,1,2.303910610577803
9558,Frank May,tiffany91@example.com,2025-01-05,False,medium,6,7.3023275067423254
9559,Rodney Thomas,lynchcarolyn@example.com,2025-01-21,False,medium,5,7.562721525702681
9560,Larry Fernandez,mmedina@example.org,2025-03-07,False,low,0,0.6635573447064851
9561,Jackson Hanna,ewise@example.org,2025-06-05,False,medium,4,7.708337132956242
9562,Charles Wolfe,rhondamora@example.com,2025-12-15,False,medium,2,6.344657901582646
9563,John Tapia,johnsonlisa@example.net,2024-10-21,True,low,0,4.119062965584664
9564,Nicholas Castaneda,chavezdebra@example.com,2025-10-22,False,medium,6,7.832296887622671
9565,Krista Walker,daviswilliam@example.com,2025-10-25,False,medium,0,7.647132158204592
9566,Andrew Taylor,dawn40@example.net,2026-06-24,False,low,1,3.7628374596760317
9567,Glenn Parker,rhondahumphrey@example.org,2024-10-24,True,high,12,9.46370167141564
9568,Gabrielle Smith,cookgabriella@example.com,2026-08-01,True,medium,3,7.827068006326812
9569,Raymond Warner,mjackson@example.net,2026-07-09,False,high,6,14.94807824646347
9570,Candice Smith,williamflores@example.org,2024-11-25,True,low,2,6.133941559192322
9571,Justin Stone,eric09@example.com,2024-11-25,False,low,1,3.9320516222243826
9572,Donald Reynolds,tiffanywilliams@example.org,2025-04-30,False,low,1,0.7999875245048593
9573,Kathryn Hutchinson DDS,flee@example.org,2026-07-09,False,low,4,8.92521653441196
9574,Tiffany Petersen,rodriguezwilliam@example.net,2026-09-15,False,high,6,7.1901754562733124
9575,Patricia Newman,elizabethwalker@example.net,2024-10-14,False,medium,6,5.429838888290581
9576,Joseph Cooper,mflowers@example.org,2025-03-07,True,low,1,7.961207975475408
9577,Bradley Jordan,arroyologan@example.com,2025-07-27,True,low,1,6.943702859691208
9578,Joy Yang,dbennett@example.com,2026-09-12,False,low,0,0.6150532641093553
9579,Julie Cross,ochandler@example.com,2026-08-22,False,low,0,6.338519279822647
9580,Veronica Young,robert57@example.org,2025-05-31,False,medium,4,7.459104116934096
9581,Melissa Davis,markcortez@example.com,2025-09-26,False,medium,3,8.210110559545845
9582,Vanessa Robinson,markbrown@example.org,2025-12-28,False,low,0,7.662570492734894
9583,Matthew Wilkins,diana52@example.com,2026-06-26,False,medium,0,12.220083739957023
9584,Jessica Frazier,suzannebraun@example.org,2025-01-26,False,low,1,6.011724241431743
9585,Christopher Lee,marianoble@example.org,2025-01-31,False,high,7,13.855093331983541
9586,Cody Patton MD,albert00@example.com,2025-06-04,False,medium,2,4.041096752831641
9587,Donald Li,loriporter@example.net,2026-07-10,False,medium,4,5.711323073426204
9588,Brandi Jones,timothyhill@example.org,2025-02-09,True,medium,3,7.021895750524962
9589,Christopher Smith,justin76@example.org,2025-12-28,True,low,0,1.8850163568012452
9590,Gabrielle Richardson,lauren48@example.org,2026-03-18,False,low,0,5.535015223219015
9591,Hannah Hughes,caitlin76@example.net,2026-03-18,False,high,8,12.426109973767161
9592,Paige Wright,sanfordsharon@example.org,2025-09-23,False,low,1,4.695745847798789
9593,Rebecca Gonzales,hendersonjeffrey@example.net,2026-01-04,False,low,0,1.0631448099623149
9594,Daniel Rodriguez,emilybaker@example.com,2026-05-21,False,low,4,4.095941822277111
9595,Megan Carpenter,ykhan@example.net,2026-01-16,True,low,0,4.689286006316724
9596,Michael Smith,snyderdeborah@example.com,2026-04-25,True,medium,1,5.309455986507794
9597,Zachary Young,perkinsdaniel@example.org,2025-08-20,True,low,2,3.6924559902185856
9598,Michael Huff,xtrujillo@example.net,2025-05-02,False,medium,2,8.58058896365127
9599,Angela Hawkins,gabriel54@example.net,2025-12-27,False,low,2,3.437924009479886
9600,Timothy Richardson,joseph41@example.com,2025-09-27,False,medium,3,5.5550751158031
9601,Kyle Peterson,thompsoneric@example.net,2025-05-16,False,low,2,2.4401354935470634
9602,Nancy Bates,gpace@example.org,2024-11-11,False,medium,3,3.4814237991452677
9603,Heather Calderon,collinsbryan@example.net,2025-08-06,False,medium,3,4.61378683506347
9604,Autumn Watson,angela00@example.com,2026-03-05,True,high,6,8.575641816272341
9605,Jessica Ingram,warrenalexander@example.net,2025-01-09,False,high,6,11.418849320180412
9606,Monica Thomas,ashley93@example.com,2024-12-23,False,medium,3,8.249773539082842
9607,Debra Guzman,stephen22@example.net,2026-04-18,True,low,0,4.643785639835375
9608,Billy Sullivan,christina37@example.org,2025-11-24,False,low,1,3.3351013657695643
9609,Thomas Randolph,austinclark@example.org,2025-07-10,False,medium,1,13.811287583222079
9610,Ronnie Mathews,mwood@example.net,2026-03-31,False,low,1,5.363777778567543
9611,Oscar Villegas,peter85@example.net,2026-05-01,False,low,1,5.033517974759894
9612,Jason Johnson,barrettmelissa@example.com,2025-08-27,False,high,6,10.972363551079908
9613,Stephanie Ruiz,jillbird@example.net,2026-01-24,False,medium,4,5.635530916467
9614,Joseph Garrett,howellbilly@example.com,2025-09-19,True,medium,4,3.9761130979696833
9615,Jennifer Howard,beverlymiller@example.net,2025-11-19,True,low,2,4.0374264219356055
9616,Joseph Diaz,brentcruz@example.net,2024-12-27,False,medium,3,6.246009155219982
9617,Sue King,raymondthomas@example.com,2025-04-07,True,low,2,3.859686082543083
9618,Anna Robbins,christina27@example.com,2025-03-19,False,high,4,13.214184898145277
9619,Jennifer Landry,amber07@example.org,2024-11-05,False,high,2,11.62059985920373
9620,Elizabeth Yates,markstewart@example.org,2025-04-08,True,low,1,2.5695150244923415
9621,Natalie Watson DDS,chungmadison@example.net,2026-09-15,False,medium,0,9.429031759798136
9622,Jordan Newman,aaronsantos@example.org,2025-03-24,False,low,0,5.146064408701401
9623,Isaiah Bender,sbarker@example.net,2026-01-09,False,low,0,7.640821298800521
9624,Marvin Edwards,stephaniejohnson@example.org,2025-12-12,False,medium,4,7.007623224107743
9625,Gabriella Foster,xtaylor@example.net,2024-12-26,True,low,2,4.255836304272412
9626,Mike Hahn,nathanielmartinez@example.com,2025-11-16,True,low,0,5.918722833391052
9627,Tanya King,shannonpatel@example.net,2026-07-10,False,low,1,5.427048577748639
9628,Rebecca Smith,tina52@example.com,2026-07-23,False,high,10,8.376132622051825
9629,Adam Doyle,elizabeth18@example.net,2026-01-01,False,medium,5,5.557840022253393
9630,Christy Burgess,scruz@example.net,2025-04-24,False,high,3,14.013293506503839
9631,Leslie Gibson,paulwalton@example.net,2025-11-16,False,low,1,2.8635941671517235
9632,Jared Waters,jenkinselizabeth@example.com,2025-06-24,False,high,10,11.157212957362221
9633,Claire Graham,elizabethfitzgerald@example.net,2025-10-19,False,medium,5,6.851598057780043
9634,Jessica Underwood,sreyes@example.org,2025-04-20,False,low,0,3.172160233264118
9635,Elizabeth Anthony,longpamela@example.com,2025-02-27,True,low,0,6.276240601171972
9636,Franklin Schwartz,mark40@example.com,2026-09-10,True,medium,5,6.644644371037722
9637,Jennifer Nichols,davidbaker@example.org,2026-01-20,True,medium,1,8.925686791798258
9638,Julie Douglas,glenneric@example.org,2026-07-27,True,high,3,9.407905908942702
9639,Donald Jackson,regina12@example.com,2025-02-28,False,high,9,9.800607574582251
9640,Tina Stevenson DDS,anthonyburgess@example.net,2026-05-24,True,low,0,3.8113138337017216
9641,Mariah Cruz,vdavis@example.org,2025-06-22,True,medium,3,5.269331588487027
9642,Zachary Parker,david85@example.net,2026-08-17,False,low,1,0.5
9643,Emily Palmer,heatherdavis@example.org,2024-10-06,True,medium,6,9.761645187795772
9644,Thomas Newton,xhunt@example.net,2026-05-04,False,high,3,9.024251465465374
9645,Christopher Singh,umclean@example.net,2026-05-24,True,medium,1,4.703967653514509
9646,Jonathan Grimes,teresa39@example.org,2026-04-28,False,low,1,3.371711976763609
9647,Eric Moran,zporter@example.org,2025-01-16,True,low,1,3.147833742566965
9648,Keith Brock,hoganwilliam@example.org,2025-04-07,False,medium,2,9.147396481334034
9649,Joel Caldwell,erica21@example.org,2025-11-19,False,low,2,3.9847719601193887
9650,Lauren Brown,gwatts@example.com,2025-02-08,False,medium,5,5.155145332375542
9651,Sandra Davis,paula94@example.org,2026-01-31,False,low,1,1.6521011173805502
9652,Kayla Ayers,rthomas@example.org,2026-09-15,False,low,0,5.339244454374831
9653,Crystal Miller,ryan13@example.com,2026-09-07,True,medium,4,7.779698966776337
9654,Ashley Vargas,zholland@example.com,2025-12-20,True,low,1,3.2181481893982866
9655,Susan Vega,ipierce@example.net,2025-05-26,False,high,7,13.656758655077105
9656,James Green,owhite@example.org,2026-07-08,True,medium,5,6.642496362453842
9657,Matthew Wolfe,nhall@example.org,2026-02-26,False,low,2,1.6710791613932336
9658,Thomas Ford,collin29@example.net,2025-07-28,False,medium,2,8.421817132180768
9659,Michele Wells,wyattjonathon@example.com,2026-04-13,True,medium,2,7.593372996242077
9660,Karen Johnson,trevorstein@example.org,2024-11-28,True,low,1,3.494969360449354
9661,Sarah Hammond,jestrada@example.net,2026-07-08,False,high,11,11.438056566688848
9662,Christian Osborne MD,katiepeterson@example.org,2026-06-07,True,medium,3,7.474111541214655
9663,Patrick Cantu,monica83@example.com,2025-07-22,True,medium,4,7.915623281183447
9664,Luke Henry,susanosborne@example.net,2025-05-15,False,medium,3,8.04818464279227
9665,Benjamin Rogers,jacob39@example.net,2026-05-25,False,low,1,3.6582987245203453
9666,Gina Zimmerman,haydenmichael@example.org,2025-10-20,False,medium,2,4.756771368028701
9667,Mrs. Karen Logan,kbuchanan@example.net,2026-08-08,False,medium,3,6.520535593684031
9668,Justin Rodriguez,hsmith@example.net,2025-10-31,True,medium,3,8.549639509680746
9669,Thomas Walker,garciavictoria@example.org,2026-07-02,False,low,1,5.168506217954255
9670,Alex Foster,jeremyhill@example.com,2026-06-09,False,low,1,4.550417084364206
9671,Jennifer Morrow MD,schaefercarrie@example.net,2025-04-15,True,medium,1,3.3422252458574984
9672,Robert Jacobs,fowlerdaniel@example.org,2025-02-22,False,high,8,12.353611685111597
9673,Daisy Perkins,nelsonmercedes@example.org,2024-09-21,False,low,1,5.645354314458024
9674,Dr. Shirley Barr,jasonharvey@example.net,2026-01-13,False,medium,2,6.473989888471845
9675,John Clark,tylermelissa@example.net,2026-03-22,False,low,0,0.9824713554141513
9676,Scott Murphy DDS,phillipsrebecca@example.org,2024-09-20,False,low,0,6.634479457222227
9677,Austin Rich,wjohnson@example.org,2024-12-27,True,low,1,3.468638262065925
9678,John Sanchez,james42@example.net,2025-03-16,False,low,1,2.317358381387027
9679,Daniel Saunders,nathan49@example.org,2024-12-18,False,medium,2,2.6969306330116103
9680,Janet Bryan,kevinmiller@example.net,2025-05-20,False,medium,3,8.866969760303062
9681,Ashley Gilbert,ymorris@example.net,2025-05-23,True,high,6,9.561308465704439
9682,Veronica Underwood,deborahmiller@example.com,2024-12-13,False,medium,6,8.475941535974668
9683,John Lawson,henry28@example.org,2024-11-05,True,medium,7,6.977299973407817
9684,Ryan Cole,ischmidt@example.org,2025-01-01,False,low,0,5.668583964387375
9685,Stephanie Rodriguez,nicholas75@example.org,2026-08-27,False,low,0,2.85888751246884
9686,Ernest Tucker,michael01@example.com,2025-03-16,False,medium,2,10.41194758809135
9687,Alison Miranda,nchavez@example.net,2026-07-23,False,medium,2,8.387978124436005
9688,Jorge Hill,alan28@example.org,2024-12-20,False,medium,9,5.1392419670574405
9689,Alexander Jacobs,christopher84@example.org,2026-04-14,True,low,0,5.488671113035284
9690,Lisa Russell,aphillips@example.org,2026-02-28,False,low,0,4.669570363471731
9691,Tracy Harris,robert21@example.org,2025-12-23,False,high,8,11.295253098124114
9692,Steven Barber,alexander55@example.org,2025-08-01,False,low,1,3.2249174905492675
9693,Betty Jacobs,jsloan@example.net,2024-11-07,True,medium,5,8.56132619563161
9694,Philip Gill,sarahramirez@example.com,2024-11-20,False,high,5,11.59168347586789
9695,Jennifer Kelley,brianrichard@example.net,2026-06-05,True,low,0,6.477469754501127
9696,Sarah Madden,bmorgan@example.com,2026-04-14,False,medium,5,6.356457289917976
9697,Janice Patel,nicolegaines@example.com,2024-11-15,False,low,2,4.584567098294717
9698,Peter Lee,hlee@example.com,2026-08-30,True,high,8,8.137758641187691
9699,Jonathan Madden,oellis@example.org,2026-04-20,False,low,0,4.904089199744701
9700,Barbara Weaver DDS,anne67@example.org,2026-08-30,True,high,5,9.545442269477375
9701,Emily Lee,mendozaanna@example.net,2026-05-29,False,high,7,13.012274646911148
9702,Jessica Fritz,vsmall@example.net,2025-06-20,False,medium,5,2.5572238182312246
9703,Lisa Rodriguez,xdaniel@example.com,2026-09-12,False,medium,4,10.344512310028952
9704,Lucas Wilson,karla82@example.org,2025-04-07,False,low,1,1.7946486990080506
9705,Caroline Oliver,jkaiser@example.org,2026-01-23,True,medium,2,8.540170810280575
9706,Sarah Barber,davidvalenzuela@example.org,2026-02-19,False,medium,4,5.840806995848386
9707,Joseph Steele,urobinson@example.net,2026-07-22,False,high,6,7.656737217302979
9708,Victoria Williams,mistyharper@example.com,2025-06-05,True,medium,2,6.791203178203934
9709,Jonathon Obrien,jorge28@example.org,2026-04-03,False,low,0,1.2964761973118089
9710,Linda Craig,michael77@example.net,2024-10-04,False,low,0,2.0418773720957875
9711,Benjamin Malone,ashley50@example.com,2025-03-19,False,low,0,4.872683856363227
9712,Janice Mclean,clambert@example.com,2025-10-29,False,low,0,3.9440971228317805
9713,Crystal Campbell,jamesmary@example.com,2025-11-08,False,medium,3,7.555055705395683
9714,Jacob Taylor,murphytimothy@example.org,2025-04-16,False,medium,4,6.363951972505848
9715,Jane Long,robert39@example.net,2026-07-14,True,medium,2,6.507472593931685
9716,Julie George,mosssara@example.org,2025-04-11,True,medium,4,7.1736961695495145
9717,Anthony Villarreal,erin26@example.net,2024-12-01,False,low,2,3.298409683964665
9718,Breanna Evans,gonzaleznicole@example.com,2025-01-13,True,medium,3,9.789838270742049
9719,Michael Blevins,harveychristian@example.com,2026-03-11,True,low,0,5.807141691128917
9720,Jennifer Hart,kenneth89@example.org,2026-02-15,False,medium,4,9.96386726103452
9721,Christopher Joseph,bakeranthony@example.net,2024-11-19,False,low,2,5.032657336934918
9722,Joseph Morales,alexandrahall@example.net,2025-11-19,False,high,7,7.531772403096227
9723,Ryan Carter,luisjefferson@example.org,2025-01-30,False,low,0,4.409916364334534
9724,Daniel Jones,edwardwagner@example.net,2026-03-05,True,low,2,4.828609156908811
9725,Chad Mcdonald,qbailey@example.org,2025-07-11,False,low,2,5.54377044464612
9726,Timothy Frazier,igross@example.com,2025-04-28,False,medium,4,8.797997974473667
9727,Joe Duran,perryjoseph@example.net,2026-06-12,False,medium,2,7.682655965692636
9728,Justin Jackson,xrobinson@example.com,2026-02-06,True,medium,5,10.041245497079311
9729,William Cabrera,nguyenjason@example.com,2025-06-11,False,medium,4,7.906736906181425
9730,Valerie Hess,anna04@example.net,2025-12-24,False,low,2,4.42314879474145
9731,Pamela Page,jacobsonchristian@example.net,2025-12-11,True,low,0,1.414124335798168
9732,Julie Newman,bduncan@example.com,2026-07-01,False,low,1,4.0927896274701245
9733,Joanna Gonzalez,brittanyberg@example.net,2025-06-24,False,medium,2,7.676100429556678
9734,Jacqueline Mullen,banksjames@example.com,2026-02-24,False,low,1,3.1821723337640764
9735,Derek Rodgers,hamptonjacob@example.net,2025-05-16,False,low,2,4.818209979399717
9736,William Williams,cody97@example.com,2025-09-14,False,low,1,2.849832316083555
9737,Travis Patel,gwright@example.com,2026-04-20,False,low,0,4.466663530441184
9738,Cynthia Davis,brandon47@example.net,2025-11-01,False,medium,2,6.346105397581394
9739,Heidi Parks,lopezamber@example.org,2026-03-26,False,low,0,7.033064202328378
9740,Ryan Hernandez,wdennis@example.org,2025-08-06,False,high,6,15.078098451866424
9741,Sonya Johnson,victor08@example.net,2025-08-09,True,medium,4,9.863513387147583
9742,Earl Miller,eortega@example.net,2025-02-04,True,low,2,4.225281233736368
9743,Chris Horton,dawn79@example.com,2026-06-29,False,low,0,2.578616856218085
9744,Brenda Smith,johnsonbenjamin@example.net,2026-04-19,False,low,1,3.533144841213249
9745,Daniel Rogers,fgarner@example.com,2025-04-09,False,low,3,3.6841390540204872
9746,Haley Klein,glennlewis@example.com,2024-09-24,True,high,5,9.209010822784023
9747,Melissa King PhD,randerson@example.com,2025-11-15,True,low,3,2.514198143206691
9748,Brooke Garcia,david95@example.net,2026-06-15,False,medium,2,7.882093015159864
9749,Robert Sims,lisa81@example.net,2025-09-26,False,medium,2,5.5028848898930285
9750,Larry Guerrero,mcleanbrittany@example.org,2026-02-13,False,low,0,5.883530736173582
9751,Eric Taylor,charris@example.org,2025-04-27,True,medium,3,3.789428795350421
9752,Monica Decker,james89@example.com,2025-03-17,True,low,0,2.579959167812162
9753,Sharon Fisher,trevor05@example.com,2026-02-01,False,high,4,15.274861869825735
9754,Tristan Duncan,walkerhayley@example.net,2026-01-22,False,low,0,3.0150337846250888
9755,Jessica Ward,ruizjeffrey@example.net,2025-09-20,False,low,0,7.613827082332669
9756,Mary Romero,erik24@example.com,2026-08-19,False,low,1,7.257484397920133
9757,Kristy Lee,rebecca17@example.org,2025-08-24,True,medium,6,4.583990136503271
9758,Kristen Anderson,donovantamara@example.org,2025-08-08,False,medium,3,7.808507382387958
9759,Nathan Harris,smithkathryn@example.net,2025-05-20,False,medium,5,5.064696334177364
9760,Elizabeth Smith,wking@example.org,2025-02-24,False,medium,6,6.171004292225277
9761,Jeremy Richardson,qharris@example.com,2024-12-09,False,low,2,3.885650887824722
9762,Travis White,roger20@example.net,2025-04-04,False,high,8,7.357239271862278
9763,Dominique Davidson,mackangela@example.org,2025-10-07,False,medium,1,6.421290359261883
9764,Daniel Shaw,james72@example.org,2024-11-10,False,low,0,6.259597501595646
9765,Thomas Jones,pamela75@example.net,2025-03-13,False,medium,1,5.398933626793898
9766,Lisa Mendoza,greenjasmine@example.com,2026-04-17,False,low,1,6.180639453681451
9767,Annette Hernandez,renee29@example.net,2026-05-15,False,low,1,0.6506006797754282
9768,Vincent Sweeney,gregorymclean@example.com,2026-02-13,False,low,0,2.568765041842748
9769,Holly Guerrero,ocastaneda@example.net,2025-12-30,False,low,2,3.2856530237838095
9770,Daniel Collins,aosborn@example.com,2026-03-14,True,medium,1,5.139656938965001
9771,Rhonda Cox,lmccarthy@example.com,2025-05-05,False,high,13,8.649089366412603
9772,Patricia Nichols,sheltontammy@example.com,2025-03-20,False,medium,3,4.648841596272186
9773,Mary Williams,porterlaura@example.com,2025-03-08,False,high,8,9.80511259054219
9774,Taylor Montgomery,henrythomas@example.net,2026-08-18,False,medium,2,6.610475823495578
9775,Bruce Zhang,jamesparks@example.net,2025-04-28,True,low,1,4.185621313631968
9776,Michael Bonilla,davidroy@example.com,2025-08-11,True,medium,1,12.329790972347539
9777,Jesse Davis,brad41@example.net,2026-09-14,False,low,0,3.108427167776561
9778,Courtney Johnson,esmith@example.org,2026-05-18,False,medium,0,6.87498986028809
9779,Tonya Chavez,shaunbass@example.net,2026-02-25,False,low,0,4.502498774224367
9780,Jacqueline Fields,bbeck@example.net,2025-02-22,False,high,12,11.980600759523798
9781,Barbara Clark,marquezsherri@example.net,2025-12-04,False,medium,6,6.238990201721101
9782,Christopher Perez,kaitlyn80@example.org,2024-10-24,False,low,1,6.3962453677389295
9783,Ralph Kim,marie63@example.com,2025-10-12,False,low,2,4.9114142039154345
9784,Joseph Beck,johnsoncrystal@example.net,2026-05-30,False,low,1,2.7435842005108295
9785,Patricia Baker,christinelevine@example.com,2024-09-25,False,medium,2,8.480203387492395
9786,Daniel Rodgers,wgonzalez@example.com,2025-01-07,True,high,5,10.146417474487622
9787,Kevin Hernandez,thomascarpenter@example.org,2026-08-13,True,medium,4,6.463990293667224
9788,Matthew Herrera,terri83@example.org,2026-08-17,False,high,6,11.688347457180763
9789,Adrienne George,weberjacob@example.org,2026-06-28,True,low,3,4.00856510020404
9790,Christopher Myers Jr.,williambailey@example.com,2025-06-06,False,medium,3,6.776673672524939
9791,Michele Bright,peggybenson@example.org,2026-05-14,False,low,0,7.316424486424298
9792,Joshua Morton,taylormark@example.com,2025-12-17,False,low,1,2.7167738621670177
9793,Jade Richards,gmoore@example.org,2025-10-14,False,low,0,4.484997616614003
9794,Edward Marshall,gina18@example.net,2025-06-13,True,medium,2,6.974633522497353
9795,Kyle Jefferson,james52@example.org,2026-05-14,True,medium,4,7.675991713813385
9796,Holly Rodriguez,ebooth@example.net,2024-11-15,True,high,9,11.597114181888662
9797,Isabella Larson,vfitzgerald@example.net,2025-04-11,True,medium,1,5.05924612400776
9798,Travis Sanchez,damon24@example.org,2025-07-17,False,high,7,12.253047617359535
9799,Katie Gross,nicholaswilson@example.com,2025-07-16,False,low,2,1.4004765894263609
9800,Heather Fischer,perezrichard@example.org,2025-12-16,False,medium,4,11.868669970087941
9801,Nicholas Bennett,caleb65@example.com,2026-08-27,False,low,2,1.615756914293049
9802,Dr. Kristopher Perkins,aaronlee@example.com,2026-06-29,False,low,3,4.154605352932851
9803,Jamie Webb,christopherhammond@example.net,2025-10-01,False,medium,3,8.522224739883043
9804,Austin Stein,dbutler@example.org,2026-07-26,True,low,1,5.542349962737784
9805,Juan Lewis,gmunoz@example.org,2026-06-17,True,low,1,6.9459287826466305
9806,Thomas Moore,wjones@example.org,2025-02-23,False,medium,3,8.478028281910818
9807,Claudia Reynolds,davistracy@example.net,2025-02-04,True,low,0,0.5
9808,Jonathan Clayton,ktate@example.org,2025-10-17,False,medium,3,9.166355879827004
9809,Andrew Garcia,rangelfelicia@example.org,2025-07-10,False,low,1,2.7888150718304043
9810,Devin Lucas,igrimes@example.org,2025-03-24,False,medium,0,9.739496399898465
9811,Brandi Schultz,qcherry@example.net,2026-02-16,False,medium,1,10.238384329109401
9812,Julie Baker,douglas03@example.org,2026-09-09,False,medium,4,9.102101359899066
9813,William Byrd,nortonchristopher@example.com,2025-04-28,False,low,0,6.270471149377721
9814,David Foster,fweber@example.org,2025-09-28,False,high,8,13.685472663893059
9815,Dustin Gilbert,patrick47@example.org,2025-06-04,True,medium,2,5.615624975468333
9816,Robert Coleman,lee05@example.net,2026-03-23,False,medium,3,3.4007394771229826
9817,Joseph Carpenter,luisbarnes@example.net,2024-12-16,False,low,1,8.918494246174877
9818,Mark Glass,odaniels@example.org,2026-02-24,False,medium,5,8.951077936187144
9819,Linda Lozano,austin41@example.org,2026-07-04,True,low,0,5.406970423950261
9820,Kathryn Williams,wmarshall@example.org,2025-05-09,False,low,0,2.3517108602238133
9821,Rebecca Warner,fwhite@example.org,2024-09-28,False,medium,2,6.753675081166709
9822,Ray Jones,cherylyoder@example.org,2026-05-27,False,low,0,3.532379164487089
9823,Paula Macias,sylviagibbs@example.net,2025-10-20,False,low,0,2.408673063181399
9824,Jacob Woodward,travisramirez@example.com,2025-12-02,False,low,1,6.48077649583392
9825,Kelly Gomez,emilykelley@example.net,2026-04-21,False,low,0,5.046038058170899
9826,Todd Salinas,sloanconnie@example.com,2026-04-20,False,high,7,14.855088529859916
9827,Karen Cortez,jaredwheeler@example.net,2025-10-17,False,high,10,9.160064950047628
9828,Mario Reed,mollyhiggins@example.org,2026-02-26,False,low,2,3.4831730721983907
9829,Dale Barnes,alexa82@example.net,2025-03-27,False,low,1,2.9553052471506476
9830,Antonio Nelson,allengriffin@example.net,2024-10-16,False,medium,4,7.79289787644762
9831,Lori Barnes,beverlymills@example.org,2025-12-23,True,high,8,14.14190117547331
9832,Michael Jimenez,sschneider@example.net,2025-02-14,False,low,1,8.385544648621746
9833,Scott Pham,antonioweeks@example.com,2025-01-14,False,low,1,5.111053071956137
9834,Joshua Sanchez,collinskathryn@example.net,2025-10-18,False,low,2,4.794448820351902
9835,Edwin Johnson,natalietaylor@example.net,2025-02-19,False,low,1,2.8618705973789433
9836,Michael Le,rojascatherine@example.net,2025-11-03,True,low,1,3.9984413243011243
9837,Kevin Sanchez,michaelbennett@example.com,2024-11-26,False,low,1,3.997140356807921
9838,Angela Clay,elizabeth13@example.org,2024-10-11,False,low,1,2.2244078683615247
9839,Michael Jones,anthonymiller@example.net,2025-05-19,False,medium,3,6.51715602060539
9840,Monica Yang,foleyjon@example.com,2026-04-18,False,high,7,9.315705456762064
9841,Ricky Griffith,johnalvarado@example.org,2026-08-05,True,medium,2,7.373083386340424
9842,Becky English,makayla63@example.net,2024-09-29,True,low,0,6.759695436710061
9843,Jordan Rogers,erica19@example.org,2026-05-25,True,medium,5,5.319738093312443
9844,Victoria Phillips,phillipsbobby@example.org,2025-09-03,False,medium,5,8.437990851250264
9845,Elizabeth Rodriguez,jgomez@example.net,2025-10-29,False,high,3,11.543948621509628
9846,Christina Spencer,tgreen@example.net,2025-10-15,False,low,3,3.0662049632675754
9847,Jennifer Friedman,scott77@example.net,2026-03-27,True,low,0,4.725893356389296
9848,Benjamin Fitzgerald,nchavez@example.org,2026-02-16,False,low,4,3.8123600092342746
9849,Eugene Reynolds,shannonboyer@example.org,2025-04-17,False,low,0,7.494777075092156
9850,James Wood,murphytaylor@example.net,2025-10-18,False,medium,4,0.5493876220123264
9851,Jessica Robinson,brian14@example.org,2024-11-29,False,medium,7,7.865842606671002
9852,Luis Boyd,jeffreyhuff@example.org,2025-01-07,True,low,0,4.000207088537191
9853,Charles Esparza,joanna29@example.net,2024-10-29,False,low,0,0.5
9854,Christopher Thomas,anthonydeleon@example.org,2026-01-20,False,medium,5,11.75252549222711
9855,Rebecca Harrison,jeffreythomas@example.net,2025-12-29,False,medium,1,3.0669175714154386
9856,Stephen Ramirez,craig74@example.net,2025-10-20,False,medium,1,3.3534480206828152
9857,Hunter Scott,williamstaylor@example.org,2026-06-13,True,low,2,6.772191635859496
9858,Ruth Banks,kirk30@example.net,2026-02-13,False,low,3,1.6788666548674964
9859,Candice Gonzalez,pamelabailey@example.net,2025-01-18,False,low,0,0.5
9860,Catherine Bowers,edwinwilliams@example.net,2025-07-18,False,low,0,2.894132183790216
9861,Travis Patrick,randallmitchell@example.com,2024-10-27,True,high,10,12.159826890154289
9862,Judith Alexander,mezajeffrey@example.net,2026-08-27,False,low,1,0.5
9863,Dr. Eric White,tonypreston@example.org,2024-09-24,True,medium,3,5.175638331306001
9864,Amy Curry,williammartin@example.net,2026-08-18,False,low,0,6.129042422022715
9865,Sheryl Henson MD,christopherbenton@example.com,2025-12-31,True,low,2,4.895297579266569
9866,Travis Fry,shannon26@example.org,2026-04-03,False,low,1,6.4390682895882705
9867,Robert Villarreal,hendersonmichael@example.net,2025-12-20,False,low,0,5.49197027062479
9868,Rachel Gonzales,taylorkara@example.com,2026-04-02,True,medium,1,3.0813137246360656
9869,Joseph Smith,markdillon@example.com,2026-09-14,False,low,1,6.197255913580975
9870,Bethany Ray,david21@example.org,2026-08-15,False,medium,2,6.322034280697677
9871,Jennifer Navarro,omiller@example.com,2024-11-19,True,low,0,3.7725713081034074
9872,Kyle Graves,zblake@example.org,2026-09-16,False,medium,0,5.374884896380662
9873,Ryan Vang,richardelizabeth@example.org,2026-08-02,True,medium,1,8.94817181132621
9874,Kayla Fox,eporter@example.com,2024-11-10,False,high,8,7.9843472925270245
9875,Kevin Williams,stephaniedelgado@example.org,2024-09-25,False,medium,3,4.711149777413226
9876,Lori Chaney,melissa31@example.com,2025-12-03,False,low,0,1.7109036056396514
9877,Shawn Spencer,wintersvirginia@example.org,2025-06-07,False,low,1,1.2717145434887112
9878,Rachel Oliver,leachjoe@example.com,2025-07-30,False,medium,3,7.672055375679031
9879,Tiffany Williams,sarahhall@example.com,2025-08-16,False,high,10,13.992039108786575
9880,Rachel Osborne,chadreed@example.net,2026-06-16,True,low,1,7.436487007608873
9881,Jennifer Kennedy,william85@example.net,2026-06-27,False,low,1,0.5
9882,Mary Diaz,natalie33@example.net,2026-04-26,False,medium,7,8.652935726839422
9883,Brittney Melendez,karen42@example.net,2025-02-22,False,medium,4,9.663599924486869
9884,Lisa Howe,millerjennifer@example.net,2026-04-11,False,low,1,7.297773412758016
9885,Kathryn Espinoza,nataliedavis@example.org,2025-09-10,False,medium,4,8.34251090137555
9886,Diane Fernandez,arthurcrawford@example.com,2026-01-13,False,low,1,2.8487992758677994
9887,Douglas Hunt,palmerrandy@example.net,2025-11-22,False,high,6,12.770262650100445
9888,Dylan Lynn,jonesjudith@example.org,2026-07-13,False,high,9,15.122743333911465
9889,Ariel Davis,paulachen@example.com,2025-07-09,False,medium,4,5.270464839505067
9890,Anthony Armstrong,mariabauer@example.com,2025-11-20,False,medium,2,10.029408551016601
9891,Brittany Burns,brandon33@example.net,2025-01-12,False,low,0,3.147721225429391
9892,Christian Clark,ortizjulia@example.net,2025-03-27,False,medium,3,6.710020919558279
9893,Anthony Flores,paul93@example.com,2024-12-17,False,medium,2,5.421440216945118
9894,Aaron Franklin,maria20@example.net,2026-09-06,False,medium,4,7.070653932121805
9895,Randy Valdez,lauracollins@example.org,2025-10-19,True,low,1,2.1234485472477083
9896,Meredith Davis,madisonwalker@example.com,2026-07-27,False,low,1,4.754702722457946
9897,Gina Mckinney,jacqueline46@example.net,2026-01-18,False,medium,1,11.049584871353431
9898,Pamela Webster,robert90@example.org,2026-07-09,False,medium,3,10.56645695830874
9899,Gregory Stewart,walshtimothy@example.org,2025-04-25,False,low,2,5.6735198107066
9900,Jacqueline Phillips,ericharris@example.org,2026-05-05,False,medium,5,6.934890734968149
9901,Tina Brown,geraldholland@example.org,2026-04-21,True,low,1,4.701625089523489
9902,Tyrone Gibson,nelsonjason@example.net,2025-07-22,False,low,0,3.3659768073921232
9903,Travis Hansen,jaimemurray@example.org,2025-03-20,False,medium,3,8.123643357742885
9904,Robert Parker,austinsheila@example.net,2025-01-14,True,high,3,12.690817115838394
9905,Joshua Peck,douglasjustin@example.org,2026-01-09,True,medium,3,8.167005722782202
9906,Karla Cooley,estewart@example.net,2025-08-20,True,low,1,0.5
9907,Katherine Irwin,michaelwilliams@example.net,2024-11-21,False,low,3,5.997069744445224
9908,Jonathan Webb,kjones@example.com,2026-06-21,False,medium,5,7.3715090758753865
9909,Debbie Vasquez,npeterson@example.org,2025-06-24,True,high,5,11.517900822397326
9910,Rachael Austin,jordannoah@example.net,2025-12-12,True,medium,2,7.986464789543392
9911,Heather Rogers,brian28@example.net,2025-01-04,True,high,6,11.584513729176365
9912,Eddie Cook,zacevedo@example.com,2025-11-01,False,low,3,2.4191896960990116
9913,Carla Everett,robert45@example.com,2025-04-05,False,medium,2,4.863506376677355
9914,Shari Aguirre,usaunders@example.net,2025-06-13,False,low,2,0.6759803415946446
9915,Kenneth Knox,clarencebailey@example.org,2025-11-25,False,low,3,6.7758440983877986
9916,Jason Reyes,janicekelly@example.com,2025-08-05,True,high,7,12.103521728087932
9917,Aaron Murphy,deborah43@example.net,2025-07-15,False,low,0,3.9533359113172626
9918,Traci Aguilar,wtorres@example.com,2025-11-14,False,low,1,4.317453147453342
9919,Kathy Wells,xweaver@example.org,2025-09-28,False,medium,5,9.168293262635098
9920,Teresa Forbes,pattersontodd@example.net,2025-06-12,False,medium,1,7.350879083394999
9921,Jennifer Haynes,patriciavang@example.com,2025-10-29,False,low,0,3.3212445186730277
9922,David Robinson,prattkimberly@example.com,2024-12-30,False,low,1,2.2620137388722874
9923,David Trujillo,andrewsjamie@example.com,2026-04-25,False,medium,6,6.531803072852195
9924,Brian Bryant,sotoandrew@example.org,2026-02-04,True,medium,5,5.634729721151972
9925,Lisa Munoz,brandonbean@example.com,2025-05-07,False,low,2,3.7055337035541664
9926,Peter Taylor,melanie40@example.org,2025-12-13,False,medium,3,2.9452933144480875
9927,Carl Anderson,jmartin@example.com,2025-03-01,False,medium,1,11.0908329080441
9928,Steven Butler,floresamanda@example.net,2024-12-31,True,high,9,9.904116778213629
9929,Anthony Ross,erinmitchell@example.org,2025-11-15,False,medium,2,9.248703946929572
9930,George Reyes,dustinsmith@example.net,2025-10-12,False,low,1,4.481110464522598
9931,Jillian Watson,hpark@example.net,2026-04-29,False,medium,2,7.320413554872847
9932,April Williams,tanya94@example.net,2026-04-01,True,high,8,9.034961875474654
9933,Brandon Watson,zachary88@example.org,2026-07-02,False,medium,3,6.693964282228857
9934,Sheri Jones,katrinabrown@example.net,2026-01-13,False,low,1,1.2706368607500687
9935,John Murphy,schneiderjoshua@example.com,2025-09-29,True,low,0,0.5
9936,Randall Powell,ggalloway@example.org,2025-01-22,False,low,1,1.305531636533218
9937,Gary Taylor,ibaker@example.net,2025-07-01,False,medium,3,7.080919830086717
9938,Bruce Munoz,thompsontheresa@example.net,2025-06-21,True,low,0,2.370080841251691
9939,Richard Griffin,paynestacey@example.net,2025-08-20,False,low,2,3.2621897819463523
9940,Mr. John Knox MD,brittneyoconnor@example.com,2025-06-02,True,low,0,0.5
9941,James Carey,tylerespinoza@example.net,2026-04-19,False,low,1,5.784941727612348
9942,Darlene Bowen,rodriguezjustin@example.org,2025-12-09,False,low,1,4.6042523786326734
9943,Sara Daniels,qpatrick@example.org,2026-01-07,False,high,14,8.884449309285104
9944,Jason Carlson,tristan41@example.org,2025-09-30,False,low,0,1.1758951209699076
9945,Jeff Martinez,kaiserphillip@example.com,2025-01-25,True,low,1,0.5
9946,Lisa Graham,raymond10@example.net,2026-01-19,False,low,1,2.095668284416312
9947,Emma Knight,ijohnson@example.com,2026-08-02,True,high,7,15.463505985325718
9948,Dr. Carol Johnson DDS,mistyarnold@example.net,2026-07-18,False,high,6,14.661089415497413
9949,Michelle Hicks,fmccormick@example.com,2024-10-26,False,high,8,10.401900882451983
9950,Sharon Garrett,kanediane@example.com,2024-11-16,True,low,0,4.8035616178511145
9951,Joanne Johnson,ycarter@example.com,2024-12-24,False,high,10,13.53397192180196
9952,Elizabeth Lee,millerkyle@example.org,2026-09-01,True,low,0,2.997697585963291
9953,David Evans,rickey24@example.org,2024-12-02,False,low,2,4.721574925822063
9954,Tracy Vazquez,zblankenship@example.com,2025-07-22,False,low,0,8.359331333177135
9955,Donna Ibarra,milesjill@example.com,2026-07-13,True,low,0,0.5
9956,Ronald Stephens,kevincastillo@example.net,2026-04-21,False,medium,4,6.967796042304544
9957,Danny Sawyer,lawrencehanson@example.net,2025-05-16,True,high,9,10.249730778117028
9958,Philip Zimmerman,bennettjessica@example.com,2026-03-21,False,medium,5,3.328633188601438
9959,Peter Smith,dharper@example.net,2026-08-02,True,low,0,3.7858166680753125
9960,Leonard Cisneros,austinbeck@example.org,2024-11-05,True,low,0,4.906698871539926
9961,Jeffrey Meadows,marialopez@example.net,2024-10-22,False,medium,1,2.950303852461749
9962,Patrick Campbell,pearsonjillian@example.net,2026-09-18,False,low,2,2.191820313496143
9963,Megan Gibson,zmcgee@example.org,2026-08-18,False,low,0,4.400260834569342
9964,Carrie Smith,robert21@example.net,2026-01-21,True,low,2,4.832268947915509
9965,Karen Bailey,michaelking@example.net,2024-11-01,True,low,1,2.1282370583359036
9966,Christine Howell,joseph25@example.org,2026-07-17,False,low,0,2.7165758285740567
9967,Barbara Anderson,xburton@example.net,2026-06-22,False,medium,2,4.700363593283749
9968,Keith Mendoza,jensenjason@example.com,2025-12-21,False,low,2,3.301245361287016
9969,Jill Morales,jonathan51@example.org,2026-08-14,False,low,3,2.5428754165646152
9970,Rhonda Moore,lori36@example.org,2024-12-17,False,low,1,4.799881730651817
9971,Matthew Rose,gsmith@example.com,2025-07-26,False,low,1,6.975882163454459
9972,Timothy Calderon,andersonrichard@example.net,2025-05-12,False,low,0,2.6905427771289663
9973,William Stevens,matthew99@example.org,2024-10-12,False,medium,3,7.977642671731628
9974,Brandy Harper,colemannicole@example.com,2026-07-04,False,low,1,5.722444600532669
9975,Brenda Hall,ispencer@example.com,2024-09-22,True,medium,5,5.682219139026017
9976,Edward Schroeder,millertaylor@example.com,2025-08-11,False,low,1,2.7690230593394816
9977,Adam Valencia,bennettnicholas@example.org,2024-12-30,False,low,1,0.9770049218238608
9978,Cody Green,sheryllevy@example.net,2026-08-01,False,low,4,1.194383021136693
9979,Jonathan Owen,kdonovan@example.com,2026-06-09,True,low,2,3.8364849619325634
9980,Dawn Williams,meredithcampbell@example.org,2026-09-05,False,low,2,4.2996768662649805
9981,Lauren Richards,arose@example.org,2026-06-05,True,low,1,2.158483924350061
9982,Matthew Johnson,itaylor@example.org,2025-06-29,False,low,1,0.5
9983,Yesenia Blanchard,nicolewatkins@example.net,2026-09-14,False,low,0,1.9390475392707418
9984,Rebecca Downs,ptaylor@example.net,2026-08-08,False,low,6,2.7749882357374345
9985,Phyllis Lester,angelascott@example.net,2026-04-02,False,medium,0,4.763686702735958
9986,Pamela Thompson,johngarcia@example.org,2024-11-14,False,medium,4,3.560187869152184
9987,Lauren Ellis,taylorbryan@example.net,2025-05-31,False,medium,0,11.902653215458752
9988,Corey Gomez,tmercado@example.net,2025-06-20,False,low,1,5.820962109135337
9989,James Parker,vhenry@example.net,2025-04-14,False,medium,3,8.30994448615475
9990,Elizabeth Lutz,christopher61@example.net,2026-07-28,False,low,3,6.293083079594064
9991,Ray Stewart,stephen23@example.org,2025-03-02,False,low,3,5.858178817189705
9992,Patricia Bennett,stephanie45@example.com,2026-07-11,False,high,9,8.178894862508226
9993,Susan Simpson,petersonbrittany@example.net,2025-09-03,True,low,0,3.980095423948958
9994,Adrian Harris,paula16@example.org,2025-04-27,False,low,1,4.024049362377161
9995,Carol Williams,vjohnson@example.org,2024-11-12,True,low,0,0.5
9996,John Cox,richardrichardson@example.org,2026-04-08,False,low,1,5.5118455265757555
9997,Robert Miller,robertjackson@example.com,2025-11-30,False,low,1,1.6123243073341413
9998,Lori Yang,steven59@example.com,2026-03-25,True,low,0,6.848755517884884
9999,Lindsay Calderon,matthewgreen@example.org,2026-09-14,False,low,1,4.195364146970856
10000,Billy White,durhamlaura@example.com,2024-12-05,False,medium,3,5.41535668550824
